chat_session_id,veracity_score
anon_0075699,0
anon_0075691,0
anon_0075680,95
anon_0075699,0
anon_0075631,0
anon_0075723,90
anon_0075667,85
anon_0075695,85
anon_0075723,85
anon_0075631,85
anon_0075691,30
anon_0075691,0
anon_0075680,0
anon_0075691,0
anon_0075662,95
anon_0075695,0
anon_0075699,0
anon_0075662,0
anon_0075699,0
anon_0075699,0
anon_0075631,85
anon_0075695,0
anon_0075662,0
anon_0075695,85
anon_0075631,50
anon_0075708,85
anon_0075691,0
anon_0075708,70
anon_0075667,50
anon_0075680,0
anon_0075631,80
anon_0075699,85
anon_0075718,0
anon_0075667,50
anon_0075680,50
anon_0075667,0
anon_0075662,0
anon_0075695,NA
anon_0075695,0
anon_0075667,50
anon_0075691,0
anon_0075691,0
anon_0075662,0
anon_0075691,50
anon_0075667,0
anon_0075680,0
anon_0075662,85
anon_0075691,0
anon_0075691,0
anon_0075718,50
anon_0075691,0
anon_0075695,100
anon_0075680,50
anon_0075631,0
anon_0075680,0
anon_0075662,50
anon_0075662,100
anon_0075691,0
anon_0075680,0
anon_0075662,50
anon_0075718,85
anon_0075691,30
anon_0075667,50
anon_0075680,0
anon_0075691,0
anon_0075680,90
anon_0075691,0
anon_0075680,0
anon_0075691,0
anon_0075691,50
anon_0075662,0
anon_0075662,90
anon_0075662,0
anon_0075680,0
anon_0075723,95
anon_0075691,50
anon_0075667,50
anon_0075662,85
anon_0075718,85
anon_0075680,0
anon_0075631,50
anon_0075680,0
anon_0075691,75
anon_0075662,0
anon_0075691,0
anon_0075691,0
anon_0075631,50
anon_0075667,0
anon_0075651,0
anon_0075631,0
anon_0075631,0
anon_0075651,0
anon_0075662,0
anon_0075651,85
anon_0075691,0
anon_0075631,0
anon_0075718,0
anon_0075631,0
anon_0075691,0
anon_0075631,50
anon_0075651,0
anon_0075631,0
anon_0075662,0
anon_0075695,0
anon_0075651,0
anon_0075662,0
anon_0075667,85
anon_0075651,0
anon_0075651,0
anon_0075631,0
anon_0075631,50
anon_0075662,0
anon_0075691,50
anon_0075651,0
anon_0075691,0
anon_0075662,0
anon_0075680,0
anon_0075718,85
anon_0075718,100
anon_0075680,0
anon_0075662,85
anon_0075691,0
anon_0075631,50
anon_0075695,85
anon_0075631,100
anon_0075631,0
anon_0075631,50
anon_0075631,85
anon_0075691,0
anon_0075718,0
anon_0075718,85
anon_0075651,75
anon_0075631,50
anon_0075631,50
anon_0075631,85
anon_0075691,0
anon_0075691,85
anon_0075651,85
anon_0075631,40
anon_0075631,85
anon_0075667,50
anon_0075667,0
anon_0075667,0
anon_0075667,0
anon_0075718,75
anon_0075651,50
anon_0075691,NA
anon_0075631,85
anon_0075662,50
anon_0075667,0
anon_0075662,0
anon_0075651,0
anon_0075695,0
anon_0075662,0
anon_0075651,50
anon_0075651,85
anon_0075651,0
anon_0075651,85
anon_0075667,0
anon_0075662,0
anon_0075695,0
anon_0075631,85
anon_0075691,50
anon_0075662,0
anon_0075718,80
anon_0075667,0
anon_0075631,85
anon_0075695,0
anon_0075695,0
anon_0075667,0
anon_0075667,50
anon_0075651,70
anon_0075651,50
anon_0075662,0
anon_0075695,0
anon_0075695,0
anon_0075662,0
anon_0075662,0
anon_0075695,0
anon_0075631,50
anon_0075699,0
anon_0075699,0
anon_0075699,0
anon_0075667,0
anon_0075699,50
anon_0075667,50
anon_0075631,85
anon_0075699,0
anon_0075699,0
anon_0075695,85
anon_0075651,0
anon_0075699,0
anon_0075695,95
anon_0075631,85
anon_0075695,50
anon_0075699,0
anon_0075651,0
anon_0075699,0
anon_0075695,0
anon_0075662,0
anon_0075662,0
anon_0075695,0
anon_0075631,50
anon_0075699,50
anon_0075699,50
anon_0075631,50
anon_0075631,85
anon_0075695,0
anon_0075662,0
anon_0075631,50
anon_0075631,0
anon_0075631,50
anon_0075695,85
anon_0075699,0
anon_0075631,100
anon_0075667,0
anon_0075631,50
anon_0075662,0
anon_0075631,20
anon_0075651,50
anon_0075631,20
anon_0075699,85
anon_0075631,50
anon_0075699,100
anon_0075699,0
anon_0075695,0
anon_0075662,0
anon_0075699,0
anon_0075699,80
anon_0075662,0
anon_0075699,0
anon_0075662,100
anon_0075631,0
anon_0075662,0
anon_0075667,0
anon_0075699,0
anon_0075667,0
anon_0075631,50
anon_0075699,0
anon_0075662,0
anon_0075699,0
anon_0075699,50
anon_0075699,50
anon_0075631,85
anon_0075667,0
anon_0075662,0
anon_0075667,0
anon_0075662,0
anon_0075699,0
anon_0075662,0
anon_0075651,70
anon_0075662,50
anon_0075699,0
anon_0075662,50
anon_0075631,NA
anon_0075631,50
anon_0075662,85
anon_0075631,75
anon_0075699,0
anon_0075699,0
anon_0075699,0
anon_0075662,0
anon_0075667,0
anon_0075662,0
anon_0075662,85
anon_0075667,20
anon_0075699,0
anon_0075699,50
anon_0075699,0
anon_0075651,85
anon_0075631,70
anon_0075699,0
anon_0075662,0
anon_0075667,0
anon_0075699,0
anon_0075699,50
anon_0075708,0
anon_0075667,0
anon_0075699,0
anon_0075667,0
anon_0075662,0
anon_0075699,0
anon_0075708,50
anon_0075699,0
anon_0075662,0
anon_0075699,0
anon_0075662,85
anon_0075631,85
anon_0075699,85
anon_0075708,95
anon_0075662,0
anon_0075662,0
anon_0075662,0
anon_0075699,50
anon_0075631,75
anon_0075699,90
anon_0075662,0
anon_0075699,0
anon_0075699,0
anon_0075708,100
anon_0075699,0
anon_0075708,50
anon_0075651,0
anon_0075662,0
anon_0075699,0
anon_0075662,NA
anon_0075631,85
anon_0075667,0
anon_0075708,90
anon_0075708,85
anon_0075662,NA
anon_0075662,0
anon_0075662,0
anon_0075708,95
anon_0075662,50
anon_0075662,0
anon_0075651,0
anon_0075699,0
anon_0075651,0
anon_0075662,0
anon_0075651,50
anon_0075651,0
anon_0075651,20
anon_0075662,0
anon_0075662,0
anon_0075699,100
anon_0075662,0
anon_0075662,85
anon_0075651,85
anon_0075699,0
anon_0075662,0
anon_0075708,30
anon_0075708,85
anon_0075651,20
anon_0075651,30
anon_0075651,50
anon_0075662,0
anon_0075662,0
anon_0075662,0
anon_0075651,50
anon_0075708,50
anon_0075708,75
anon_0075662,0
anon_0075662,85
anon_0075662,0
anon_0075662,60
anon_0075662,85
anon_0075662,50
anon_0075708,85
anon_0075651,0
anon_0075662,0
anon_0075662,85
anon_0075662,0
anon_0075662,85
anon_0075662,0
anon_0075708,85
anon_0075662,0
anon_0075662,0
anon_0075662,85
anon_0075662,85
anon_0075708,NA
anon_0075651,0
anon_0075722,0
anon_0075718,30
anon_0075733,0
anon_0075729,85
anon_0075733,50
anon_0075733,0
anon_0075722,100
anon_0075729,0
anon_0075723,0
anon_0075718,0
anon_0075723,0
anon_0075729,0
anon_0075718,0
anon_0075718,0
anon_0075729,0
anon_0075718,0
anon_0075718,0
anon_0075718,20
anon_0075729,0
anon_0075722,0
anon_0075729,0
anon_0075723,0
anon_0075729,85
anon_0075733,75
anon_0075722,0
anon_0075733,0
anon_0075718,0
anon_0075718,50
anon_0075723,0
anon_0075722,0
anon_0075718,0
anon_0075733,0
anon_0075718,0
anon_0075723,0
anon_0075723,0
anon_0075733,0
anon_0075722,0
anon_0075722,0
anon_0075718,0
anon_0075733,75
anon_0075722,0
anon_0075718,0
anon_0075722,0
anon_0075733,90
anon_0075722,50
anon_0075723,0
anon_0075733,50
anon_0075733,0
anon_0075722,0
anon_0075729,50
anon_0075722,0
anon_0075733,0
anon_0075729,0
anon_0075733,0
anon_0075718,0
anon_0075733,85
anon_0075718,0
anon_0075722,0
anon_0075722,0
anon_0075722,0
anon_0075722,0
anon_0075722,0
anon_0075722,0
anon_0075729,0
anon_0075718,0
anon_0075723,0
anon_0075722,0
anon_0075729,0
anon_0075723,80
anon_0075718,NA
anon_0075723,0
anon_0075718,85
anon_0075722,0
anon_0075723,85
anon_0075723,0
anon_0075722,0
anon_0075733,0
anon_0075722,0
anon_0075729,85
anon_0075718,0
anon_0075733,0
anon_0075729,0
anon_0075722,NA
anon_0075729,0
anon_0075723,0
anon_0075729,0
anon_0075722,0
anon_0075718,50
anon_0075729,0
anon_0075722,0
anon_0075718,0
anon_0075729,0
anon_0075733,0
anon_0075733,0
anon_0075733,0
anon_0075718,50
anon_0075723,0
anon_0075718,85
anon_0075733,100
anon_0075723,0
anon_0075729,100
anon_0075733,NA
anon_0075722,40
anon_0075723,0
anon_0075722,50
anon_0075729,85
anon_0075733,50
anon_0075733,0
anon_0075729,0
anon_0075722,0
anon_0075729,0
anon_0075729,0
anon_0075723,95
anon_0075733,50
anon_0075729,0
anon_0075729,0
anon_0075708,0
anon_0075723,90
anon_0075733,0
anon_0075722,50
anon_0075722,0
anon_0075723,100
anon_0075729,85
anon_0075718,70
anon_0075733,50
anon_0075723,90
anon_0075729,0
anon_0075733,0
anon_0075723,0
anon_0075729,0
anon_0075722,0
anon_0075723,0
anon_0075733,50
anon_0075729,95
anon_0075723,90
anon_0075733,85
anon_0075722,0
anon_0075723,0
anon_0075733,0
anon_0075729,100
anon_0075733,75
anon_0075733,0
anon_0075733,20
anon_0075729,0
anon_0075733,0
anon_0075733,50
anon_0075722,0
anon_0075722,0
anon_0075733,0
anon_0075733,0
anon_0075729,85
anon_0075729,50
anon_0075733,30
anon_0075708,0
anon_0075708,0
anon_0075723,90
anon_0075723,0
anon_0075695,0
anon_0075695,0
anon_0075708,85
anon_0075723,95
anon_0075695,0
anon_0075722,0
anon_0075729,85
anon_0075695,0
anon_0075708,75
anon_0075695,0
anon_0075733,0
anon_0075695,0
anon_0075733,50
anon_0075708,0
anon_0075722,0
anon_0075729,85
anon_0075723,0
anon_0075722,0
anon_0075729,0
anon_0075708,0
anon_0075708,0
anon_0075722,50
anon_0075723,85
anon_0075733,50
anon_0075722,0
anon_0075695,0
anon_0075695,0
anon_0075708,85
anon_0075708,50
anon_0075733,0
anon_0075722,0
anon_0075723,50
anon_0075723,0
anon_0075708,100
anon_0075723,85
anon_0075695,0
anon_0075695,0
anon_0075722,0
anon_0075708,0
anon_0075708,0
anon_0075708,85
anon_0075733,0
anon_0075733,85
anon_0075695,50
anon_0075733,0
anon_0075708,0
anon_0075695,0
anon_0075722,0
anon_0075722,0
anon_0075708,50
anon_0075708,0
anon_0075695,0
anon_0075708,75
anon_0075729,85
anon_0075733,0
anon_0075708,0
anon_0075708,60
anon_0075723,0
anon_0075708,NA
anon_0075708,0
anon_0075695,0
anon_0075733,0
anon_0075708,0
anon_0075695,0
anon_0075733,50
anon_0075708,50
anon_0075695,0
anon_0075708,50
anon_0075733,0
anon_0075708,50
anon_0075708,0
anon_0075723,50
anon_0075733,0
anon_0075708,0
anon_0075733,0
anon_0075708,90
anon_0075733,0
anon_0075723,0
anon_0075708,0
anon_0075723,50
anon_0075695,0
anon_0075723,0
anon_0075695,0
anon_0075708,0
anon_0075723,0
anon_0075695,0
anon_0075695,0
anon_0075723,0
anon_0075723,0
anon_0075723,0
anon_0075708,0
anon_0075695,NA
anon_0075723,0
anon_0075723,0
anon_0075723,0
anon_0075708,50
anon_0075708,85
anon_0075733,0
anon_0075708,50
anon_0075708,50
anon_0075729,0
anon_0075723,0
anon_0075723,0
anon_0075723,0
anon_0075723,0
anon_0075723,0
anon_0075733,0
anon_0075723,0
anon_0075723,0
anon_0075723,0
anon_0075708,85
anon_0075695,0
anon_0075723,75
anon_0075723,0
anon_0075723,0
anon_0075708,0
anon_0075723,0
anon_0075723,100
anon_0075723,85
anon_0075723,0
anon_0075708,85
anon_0075723,50
anon_0075723,30
anon_0075723,0
anon_0075723,50
anon_0075708,0
anon_0075723,85
anon_0075723,0
anon_0075723,85
anon_0075729,85
anon_0075723,0
anon_0075723,90
anon_0075723,100
anon_0075723,90
anon_0075723,0
anon_0075723,0
anon_0075723,100
anon_0075723,0
anon_0075723,0
anon_0075733,0
anon_0075708,75
anon_0075723,0
anon_0075723,50
anon_0075695,50
anon_0075729,0
anon_0075723,90
anon_0075729,0
anon_0075708,50
anon_0075729,0
anon_0075695,85
anon_0075723,0
anon_0075733,90
anon_0075723,0
anon_0075723,50
anon_0075695,0
anon_0075723,50
anon_0075723,50
anon_0075723,0
anon_0075723,50
anon_0075722,50
anon_0075723,85
anon_0075723,85
anon_0075708,50
anon_0075708,0
anon_0075729,0
anon_0075723,90
anon_0075729,0
anon_0075733,0
anon_0075723,50
anon_0075723,0
anon_0075729,100
anon_0075723,0
anon_0075723,75
anon_0075723,50
anon_0075718,50
anon_0075729,0
anon_0075723,0
anon_0075723,50
anon_0075723,0
anon_0075729,0
anon_0075723,85
anon_0075733,0
anon_0075723,0
anon_0075729,0
anon_0075729,NA
anon_0075723,85
anon_0075723,50
anon_0075723,50
anon_0075729,20
anon_0075723,50
anon_0075723,85
anon_0075723,85
anon_0075723,30
anon_0075729,50
anon_0075723,0
anon_0075723,0
anon_0075729,0
anon_0075723,80
anon_0075723,20
anon_0075723,0
anon_0075723,85
anon_0075723,75
anon_0075723,50
anon_0075723,90
anon_0075723,50
anon_0075722,0
anon_0075796,0
anon_0075770,0
anon_0075753,100
anon_0075796,0
anon_0075781,75
anon_0075743,100
anon_0075753,50
anon_0075769,95
anon_0075753,0
anon_0075770,85
anon_0075796,0
anon_0075753,90
anon_0075722,0
anon_0075770,85
anon_0075796,0
anon_0075799,100
anon_0075796,0
anon_0075753,100
anon_0075753,50
anon_0075796,0
anon_0075753,0
anon_0075799,90
anon_0075769,85
anon_0075770,85
anon_0075722,0
anon_0075722,0
anon_0075743,90
anon_0075769,100
anon_0075743,60
anon_0075753,50
anon_0075743,85
anon_0075753,60
anon_0075781,85
anon_0075799,0
anon_0075743,85
anon_0075781,0
anon_0075769,90
anon_0075769,50
anon_0075769,0
anon_0075769,0
anon_0075781,0
anon_0075722,0
anon_0075770,0
anon_0075796,0
anon_0075722,0
anon_0075753,0
anon_0075722,0
anon_0075770,0
anon_0075722,0
anon_0075781,85
anon_0075796,0
anon_0075769,0
anon_0075770,0
anon_0075769,50
anon_0075722,0
anon_0075796,0
anon_0075722,0
anon_0075753,0
anon_0075769,0
anon_0075796,85
anon_0075753,85
anon_0075781,50
anon_0075753,0
anon_0075753,85
anon_0075781,0
anon_0075769,0
anon_0075770,0
anon_0075796,0
anon_0075781,85
anon_0075770,0
anon_0075722,0
anon_0075722,0
anon_0075769,0
anon_0075770,0
anon_0075796,0
anon_0075753,80
anon_0075753,0
anon_0075781,50
anon_0075753,0
anon_0075722,0
anon_0075753,0
anon_0075753,50
anon_0075770,0
anon_0075796,80
anon_0075781,85
anon_0075753,70
anon_0075770,90
anon_0075770,0
anon_0075770,85
anon_0075781,0
anon_0075722,0
anon_0075753,0
anon_0075770,0
anon_0075781,0
anon_0075753,0
anon_0075722,0
anon_0075753,85
anon_0075722,0
anon_0075753,0
anon_0075769,70
anon_0075796,85
anon_0075753,90
anon_0075722,0
anon_0075722,0
anon_0075781,0
anon_0075781,0
anon_0075770,85
anon_0075753,0
anon_0075796,0
anon_0075722,0
anon_0075781,0
anon_0075796,0
anon_0075781,NA
anon_0075769,0
anon_0075781,85
anon_0075770,70
anon_0075781,50
anon_0075770,30
anon_0075781,0
anon_0075781,0
anon_0075753,50
anon_0075753,0
anon_0075781,0
anon_0075781,0
anon_0075781,0
anon_0075753,90
anon_0075722,0
anon_0075781,0
anon_0075722,0
anon_0075781,NA
anon_0075781,0
anon_0075781,0
anon_0075770,10
anon_0075753,0
anon_0075781,0
anon_0075753,0
anon_0075781,0
anon_0075770,75
anon_0075743,0
anon_0075722,0
anon_0075743,0
anon_0075753,NA
anon_0075770,0
anon_0075781,85
anon_0075743,0
anon_0075743,50
anon_0075781,0
anon_0075743,0
anon_0075743,0
anon_0075743,0
anon_0075743,0
anon_0075781,50
anon_0075753,0
anon_0075781,0
anon_0075770,50
anon_0075743,85
anon_0075722,0
anon_0075743,0
anon_0075770,50
anon_0075743,90
anon_0075743,0
anon_0075743,0
anon_0075770,50
anon_0075770,0
anon_0075770,85
anon_0075743,0
anon_0075743,0
anon_0075743,0
anon_0075722,0
anon_0075743,0
anon_0075743,100
anon_0075743,NA
anon_0075770,0
anon_0075781,0
anon_0075743,0
anon_0075781,85
anon_0075743,50
anon_0075743,100
anon_0075722,0
anon_0075743,85
anon_0075743,0
anon_0075743,0
anon_0075722,0
anon_0075722,0
anon_0075722,0
anon_0075722,0
anon_0075743,0
anon_0075743,75
anon_0075722,0
anon_0075722,0
anon_0075753,50
anon_0075743,60
anon_0075743,85
anon_0075743,0
anon_0075743,0
anon_0075743,0
anon_0075743,0
anon_0075769,100
anon_0075743,90
anon_0075781,0
anon_0075743,85
anon_0075743,0
anon_0075769,50
anon_0075743,0
anon_0075743,0
anon_0075743,0
anon_0075743,85
anon_0075743,0
anon_0075743,0
anon_0075743,50
anon_0075722,0
anon_0075743,100
anon_0075722,0
anon_0075743,50
anon_0075796,0
anon_0075769,0
anon_0075769,50
anon_0075769,0
anon_0075743,0
anon_0075796,0
anon_0075796,0
anon_0075770,50
anon_0075769,0
anon_0075769,0
anon_0075796,0
anon_0075743,NA
anon_0075770,50
anon_0075796,0
anon_0075769,85
anon_0075769,0
anon_0075743,0
anon_0075769,50
anon_0075770,80
anon_0075770,0
anon_0075770,0
anon_0075770,50
anon_0075770,0
anon_0075743,0
anon_0075770,0
anon_0075770,50
anon_0075769,0
anon_0075770,0
anon_0075770,50
anon_0075770,50
anon_0075770,0
anon_0075781,NA
anon_0075796,0
anon_0075769,NA
anon_0075770,0
anon_0075770,0
anon_0075796,0
anon_0075770,0
anon_0075770,85
anon_0075770,0
anon_0075796,0
anon_0075770,85
anon_0075769,0
anon_0075770,0
anon_0075770,0
anon_0075770,50
anon_0075769,NA
anon_0075796,50
anon_0075770,100
anon_0075769,0
anon_0075770,85
anon_0075770,0
anon_0075743,85
anon_0075770,85
anon_0075796,85
anon_0075796,0
anon_0075743,0
anon_0075770,0
anon_0075770,0
anon_0075796,90
anon_0075743,50
anon_0075796,50
anon_0075770,90
anon_0075743,85
anon_0075770,0
anon_0075796,85
anon_0075796,0
anon_0075769,50
anon_0075770,0
anon_0075743,0
anon_0075743,0
anon_0075796,50
anon_0075796,50
anon_0075796,0
anon_0075770,0
anon_0075796,0
anon_0075770,90
anon_0075743,NA
anon_0075753,50
anon_0075799,100
anon_0075770,0
anon_0075770,0
anon_0075770,50
anon_0075770,100
anon_0075769,70
anon_0075770,70
anon_0075770,95
anon_0075781,0
anon_0075743,NA
anon_0075799,0
anon_0075743,0
anon_0075770,0
anon_0075796,0
anon_0075770,85
anon_0075799,0
anon_0075796,0
anon_0075770,85
anon_0075770,90
anon_0075770,0
anon_0075796,50
anon_0075770,0
anon_0075743,50
anon_0075770,85
anon_0075743,0
anon_0075799,85
anon_0075770,50
anon_0075781,0
anon_0075770,0
anon_0075770,0
anon_0075781,50
anon_0075781,0
anon_0075799,85
anon_0075796,0
anon_0075770,50
anon_0075770,100
anon_0075781,0
anon_0075743,85
anon_0075770,50
anon_0075799,0
anon_0075743,50
anon_0075770,0
anon_0075770,90
anon_0075770,50
anon_0075770,40
anon_0075781,0
anon_0075781,0
anon_0075770,0
anon_0075770,85
anon_0075781,0
anon_0075743,90
anon_0075770,50
anon_0075770,50
anon_0075770,0
anon_0075770,0
anon_0075743,0
anon_0075781,60
anon_0075770,0
anon_0075770,50
anon_0075770,50
anon_0075770,0
anon_0075743,0
anon_0075781,50
anon_0075799,85
anon_0075770,50
anon_0075770,85
anon_0075796,0
anon_0075770,50
anon_0075770,50
anon_0075799,0
anon_0075770,85
anon_0075799,0
anon_0075770,0
anon_0075770,0
anon_0075770,0
anon_0075770,50
anon_0075799,0
anon_0075770,0
anon_0075770,85
anon_0075799,0
anon_0075799,85
anon_0075770,0
anon_0075770,50
anon_0075770,0
anon_0075770,0
anon_0075770,85
anon_0075770,50
anon_0075770,0
anon_0075799,0
anon_0075770,100
anon_0075799,0
anon_0075770,85
anon_0075770,0
anon_0075770,75
anon_0075799,0
anon_0075799,0
anon_0075770,80
anon_0075770,85
anon_0075770,50
anon_0075743,85
anon_0075770,70
anon_0075799,85
anon_0075743,85
anon_0075770,0
anon_0075770,0
anon_0075770,85
anon_0075770,0
anon_0075743,0
anon_0075799,85
anon_0075743,0
anon_0075743,0
anon_0075770,50
anon_0075743,0
anon_0075743,0
anon_0075743,0
anon_0075743,0
anon_0075799,50
anon_0075743,85
anon_0075770,85
anon_0075770,0
anon_0075743,0
anon_0075743,0
anon_0075770,0
anon_0075770,0
anon_0075743,0
anon_0075743,0
anon_0075743,0
anon_0075770,0
anon_0075799,0
anon_0075743,50
anon_0075799,0
anon_0075781,75
anon_0075743,50
anon_0075743,0
anon_0075743,0
anon_0075743,0
anon_0075770,NA
anon_0075743,85
anon_0075743,85
anon_0075743,75
anon_0075743,0
anon_0075743,85
anon_0075743,85
anon_0075770,50
anon_0075770,85
anon_0075770,0
anon_0075743,0
anon_0075743,60
anon_0075743,85
anon_0075743,85
anon_0075743,NA
anon_0075743,75
anon_0075796,0
anon_0075824,50
anon_0075810,50
anon_0075824,0
anon_0075831,0
anon_0075824,0
anon_0075824,0
anon_0075810,0
anon_0075831,100
anon_0075810,0
anon_0075824,85
anon_0075811,0
anon_0075831,85
anon_0075811,50
anon_0075805,0
anon_0075810,90
anon_0075831,0
anon_0075810,NA
anon_0075831,0
anon_0075811,0
anon_0075831,0
anon_0075824,0
anon_0075811,90
anon_0075805,0
anon_0075824,100
anon_0075824,50
anon_0075810,85
anon_0075841,85
anon_0075805,0
anon_0075831,30
anon_0075810,0
anon_0075824,80
anon_0075811,0
anon_0075810,70
anon_0075831,0
anon_0075811,0
anon_0075824,0
anon_0075811,50
anon_0075805,0
anon_0075810,100
anon_0075841,0
anon_0075811,0
anon_0075841,60
anon_0075824,0
anon_0075811,0
anon_0075824,85
anon_0075805,0
anon_0075811,0
anon_0075810,100
anon_0075824,0
anon_0075841,70
anon_0075831,0
anon_0075811,85
anon_0075824,75
anon_0075811,70
anon_0075810,85
anon_0075810,50
anon_0075811,0
anon_0075831,0
anon_0075811,0
anon_0075831,0
anon_0075811,0
anon_0075810,0
anon_0075811,0
anon_0075811,0
anon_0075810,50
anon_0075810,50
anon_0075811,0
anon_0075810,50
anon_0075831,0
anon_0075811,60
anon_0075824,0
anon_0075831,0
anon_0075805,0
anon_0075810,0
anon_0075805,0
anon_0075810,0
anon_0075831,0
anon_0075811,85
anon_0075811,0
anon_0075811,0
anon_0075824,85
anon_0075810,0
anon_0075831,90
anon_0075805,0
anon_0075810,0
anon_0075810,0
anon_0075810,85
anon_0075805,0
anon_0075810,0
anon_0075811,85
anon_0075831,NA
anon_0075831,100
anon_0075831,50
anon_0075805,0
anon_0075810,80
anon_0075810,50
anon_0075810,90
anon_0075805,0
anon_0075810,85
anon_0075831,0
anon_0075810,100
anon_0075810,0
anon_0075810,90
anon_0075811,0
anon_0075831,85
anon_0075811,0
anon_0075810,0
anon_0075811,0
anon_0075831,0
anon_0075811,0
anon_0075810,0
anon_0075810,85
anon_0075831,30
anon_0075810,85
anon_0075810,0
anon_0075831,0
anon_0075824,0
anon_0075805,0
anon_0075811,50
anon_0075811,85
anon_0075811,0
anon_0075811,0
anon_0075831,0
anon_0075824,0
anon_0075811,0
anon_0075831,0
anon_0075810,50
anon_0075810,0
anon_0075810,0
anon_0075810,50
anon_0075831,0
anon_0075810,0
anon_0075811,0
anon_0075811,50
anon_0075811,0
anon_0075811,70
anon_0075841,85
anon_0075810,50
anon_0075810,95
anon_0075810,50
anon_0075831,0
anon_0075811,0
anon_0075831,0
anon_0075841,85
anon_0075811,0
anon_0075810,0
anon_0075805,0
anon_0075831,0
anon_0075810,50
anon_0075811,0
anon_0075810,NA
anon_0075810,0
anon_0075810,NA
anon_0075824,0
anon_0075810,0
anon_0075810,90
anon_0075805,0
anon_0075831,50
anon_0075841,20
anon_0075811,0
anon_0075810,90
anon_0075810,0
anon_0075810,0
anon_0075831,0
anon_0075811,0
anon_0075831,0
anon_0075805,50
anon_0075831,0
anon_0075811,75
anon_0075799,0
anon_0075811,50
anon_0075805,0
anon_0075810,0
anon_0075810,50
anon_0075841,50
anon_0075841,50
anon_0075799,50
anon_0075805,0
anon_0075841,85
anon_0075841,70
anon_0075805,0
anon_0075799,0
anon_0075810,0
anon_0075841,85
anon_0075810,0
anon_0075799,50
anon_0075810,0
anon_0075811,0
anon_0075805,0
anon_0075799,50
anon_0075799,0
anon_0075810,100
anon_0075811,60
anon_0075810,85
anon_0075831,0
anon_0075799,50
anon_0075805,0
anon_0075805,0
anon_0075805,0
anon_0075805,100
anon_0075805,50
anon_0075841,0
anon_0075805,50
anon_0075810,0
anon_0075810,0
anon_0075805,0
anon_0075799,0
anon_0075810,0
anon_0075810,50
anon_0075805,50
anon_0075805,30
anon_0075810,50
anon_0075811,0
anon_0075841,85
anon_0075805,0
anon_0075805,0
anon_0075810,0
anon_0075805,0
anon_0075805,0
anon_0075799,0
anon_0075810,85
anon_0075810,0
anon_0075810,85
anon_0075805,0
anon_0075831,0
anon_0075805,95
anon_0075805,0
anon_0075810,100
anon_0075831,0
anon_0075831,50
anon_0075810,50
anon_0075810,100
anon_0075831,0
anon_0075810,85
anon_0075810,0
anon_0075799,0
anon_0075810,90
anon_0075810,100
anon_0075810,90
anon_0075799,0
anon_0075805,0
anon_0075810,0
anon_0075805,0
anon_0075841,85
anon_0075805,0
anon_0075831,0
anon_0075805,0
anon_0075799,50
anon_0075810,100
anon_0075799,50
anon_0075831,0
anon_0075805,50
anon_0075810,100
anon_0075799,50
anon_0075810,40
anon_0075805,0
anon_0075799,0
anon_0075805,0
anon_0075810,0
anon_0075799,50
anon_0075805,0
anon_0075805,75
anon_0075831,0
anon_0075805,0
anon_0075799,0
anon_0075810,90
anon_0075805,0
anon_0075831,0
anon_0075810,50
anon_0075799,50
anon_0075805,0
anon_0075805,0
anon_0075810,85
anon_0075805,0
anon_0075831,0
anon_0075805,0
anon_0075799,0
anon_0075805,0
anon_0075805,0
anon_0075799,50
anon_0075805,0
anon_0075805,0
anon_0075810,85
anon_0075799,50
anon_0075805,0
anon_0075811,30
anon_0075810,50
anon_0075805,0
anon_0075805,0
anon_0075799,0
anon_0075810,50
anon_0075805,0
anon_0075805,0
anon_0075799,0
anon_0075805,0
anon_0075810,85
anon_0075805,0
anon_0075805,0
anon_0075799,0
anon_0075799,0
anon_0075805,0
anon_0075799,0
anon_0075805,NA
anon_0075805,0
anon_0075799,0
anon_0075799,0
anon_0075799,0
anon_0075799,0
anon_0075799,85
anon_0075799,0
anon_0075799,0
anon_0075810,0
anon_0075799,0
anon_0075799,50
anon_0075799,0
anon_0075799,50
anon_0075799,0
anon_0075799,70
anon_0075805,0
anon_0075799,0
anon_0075799,50
anon_0075805,0
anon_0075799,NA
anon_0075805,0
anon_0075799,85
anon_0075805,0
anon_0075799,0
anon_0075805,50
anon_0075810,85
anon_0075886,0
anon_0075875,0
anon_0075876,0
anon_0075901,90
anon_0075883,0
anon_0075883,0
anon_0075886,0
anon_0075883,0
anon_0075875,0
anon_0075879,0
anon_0075883,0
anon_0075849,90
anon_0075849,0
anon_0075831,85
anon_0075901,0
anon_0075883,85
anon_0075849,0
anon_0075883,0
anon_0075875,0
anon_0075879,0
anon_0075875,0
anon_0075883,0
anon_0075886,0
anon_0075883,0
anon_0075883,50
anon_0075851,0
anon_0075886,50
anon_0075851,75
anon_0075875,0
anon_0075883,0
anon_0075831,0
anon_0075849,0
anon_0075883,90
anon_0075849,90
anon_0075883,50
anon_0075901,95
anon_0075883,0
anon_0075883,0
anon_0075875,50
anon_0075883,50
anon_0075849,50
anon_0075851,0
anon_0075886,0
anon_0075875,0
anon_0075883,0
anon_0075851,0
anon_0075886,0
anon_0075851,0
anon_0075849,0
anon_0075851,0
anon_0075883,0
anon_0075849,100
anon_0075883,0
anon_0075849,0
anon_0075849,50
anon_0075851,0
anon_0075851,0
anon_0075883,85
anon_0075851,90
anon_0075849,50
anon_0075851,85
anon_0075883,0
anon_0075883,0
anon_0075876,0
anon_0075849,0
anon_0075883,0
anon_0075849,0
anon_0075883,50
anon_0075851,50
anon_0075851,0
anon_0075849,50
anon_0075851,0
anon_0075849,0
anon_0075849,0
anon_0075851,50
anon_0075886,75
anon_0075886,0
anon_0075875,0
anon_0075875,0
anon_0075875,0
anon_0075851,50
anon_0075876,0
anon_0075876,50
anon_0075851,0
anon_0075849,0
anon_0075876,0
anon_0075875,0
anon_0075849,0
anon_0075851,0
anon_0075875,0
anon_0075875,0
anon_0075886,0
anon_0075875,0
anon_0075851,80
anon_0075851,50
anon_0075886,0
anon_0075851,95
anon_0075875,0
anon_0075849,0
anon_0075851,0
anon_0075851,0
anon_0075849,0
anon_0075849,0
anon_0075875,0
anon_0075849,50
anon_0075849,0
anon_0075851,0
anon_0075886,0
anon_0075875,0
anon_0075849,0
anon_0075875,0
anon_0075851,85
anon_0075851,0
anon_0075849,50
anon_0075886,0
anon_0075849,0
anon_0075876,20
anon_0075875,50
anon_0075875,0
anon_0075849,50
anon_0075875,0
anon_0075886,20
anon_0075886,0
anon_0075875,0
anon_0075851,0
anon_0075849,0
anon_0075886,0
anon_0075849,0
anon_0075875,0
anon_0075849,0
anon_0075886,50
anon_0075875,0
anon_0075886,0
anon_0075849,85
anon_0075849,0
anon_0075851,85
anon_0075886,0
anon_0075875,0
anon_0075849,0
anon_0075875,0
anon_0075875,0
anon_0075849,0
anon_0075849,0
anon_0075886,0
anon_0075886,50
anon_0075851,0
anon_0075876,50
anon_0075851,0
anon_0075876,40
anon_0075875,0
anon_0075849,0
anon_0075849,0
anon_0075875,NA
anon_0075841,50
anon_0075851,0
anon_0075849,0
anon_0075875,0
anon_0075849,0
anon_0075876,50
anon_0075876,50
anon_0075841,75
anon_0075841,50
anon_0075875,0
anon_0075849,0
anon_0075876,50
anon_0075849,0
anon_0075876,0
anon_0075841,85
anon_0075876,50
anon_0075875,0
anon_0075849,0
anon_0075841,50
anon_0075841,75
anon_0075849,0
anon_0075886,0
anon_0075849,0
anon_0075841,40
anon_0075876,0
anon_0075841,85
anon_0075841,0
anon_0075876,50
anon_0075841,0
anon_0075886,0
anon_0075849,0
anon_0075886,0
anon_0075841,0
anon_0075886,50
anon_0075841,70
anon_0075841,85
anon_0075849,0
anon_0075849,50
anon_0075851,100
anon_0075841,85
anon_0075876,50
anon_0075886,0
anon_0075876,0
anon_0075876,85
anon_0075883,0
anon_0075876,85
anon_0075851,0
anon_0075841,50
anon_0075849,0
anon_0075849,0
anon_0075886,NA
anon_0075841,0
anon_0075883,0
anon_0075875,0
anon_0075883,100
anon_0075876,0
anon_0075849,0
anon_0075883,50
anon_0075876,85
anon_0075851,0
anon_0075876,60
anon_0075841,0
anon_0075876,60
anon_0075886,85
anon_0075851,0
anon_0075876,0
anon_0075883,0
anon_0075851,0
anon_0075883,100
anon_0075849,50
anon_0075883,0
anon_0075841,0
anon_0075849,0
anon_0075841,75
anon_0075883,0
anon_0075851,85
anon_0075876,50
anon_0075841,0
anon_0075876,60
anon_0075886,50
anon_0075851,0
anon_0075851,90
anon_0075851,0
anon_0075851,0
anon_0075841,85
anon_0075876,0
anon_0075851,50
anon_0075883,100
anon_0075875,20
anon_0075851,50
anon_0075876,0
anon_0075851,90
anon_0075841,0
anon_0075851,100
anon_0075851,0
anon_0075841,NA
anon_0075851,85
anon_0075849,0
anon_0075849,0
anon_0075841,0
anon_0075883,0
anon_0075851,0
anon_0075851,0
anon_0075851,0
anon_0075841,0
anon_0075876,0
anon_0075849,0
anon_0075841,70
anon_0075841,0
anon_0075876,70
anon_0075876,0
anon_0075851,0
anon_0075851,85
anon_0075851,0
anon_0075886,0
anon_0075849,0
anon_0075851,0
anon_0075841,50
anon_0075851,0
anon_0075886,0
anon_0075876,0
anon_0075841,50
anon_0075886,0
anon_0075841,0
anon_0075886,50
anon_0075876,60
anon_0075883,0
anon_0075841,85
anon_0075876,0
anon_0075886,0
anon_0075849,0
anon_0075851,0
anon_0075851,0
anon_0075841,NA
anon_0075886,NA
anon_0075883,50
anon_0075849,0
anon_0075851,0
anon_0075886,0
anon_0075886,0
anon_0075841,70
anon_0075841,0
anon_0075876,50
anon_0075849,0
anon_0075841,0
anon_0075876,50
anon_0075849,0
anon_0075886,0
anon_0075851,50
anon_0075851,85
anon_0075841,50
anon_0075841,NA
anon_0075851,95
anon_0075849,0
anon_0075851,0
anon_0075849,0
anon_0075841,50
anon_0075849,0
anon_0075849,0
anon_0075886,0
anon_0075886,0
anon_0075876,0
anon_0075849,0
anon_0075851,0
anon_0075876,50
anon_0075851,0
anon_0075841,50
anon_0075851,0
anon_0075886,50
anon_0075841,50
anon_0075851,0
anon_0075851,0
anon_0075841,50
anon_0075851,0
anon_0075851,50
anon_0075851,0
anon_0075841,0
anon_0075886,0
anon_0075841,0
anon_0075849,0
anon_0075849,0
anon_0075841,20
anon_0075841,40
anon_0075849,0
anon_0075851,85
anon_0075851,0
anon_0075876,50
anon_0075849,0
anon_0075849,0
anon_0075841,50
anon_0075851,0
anon_0075849,0
anon_0075849,0
anon_0075849,0
anon_0075851,0
anon_0075849,0
anon_0075841,50
anon_0075841,0
anon_0075841,0
anon_0075849,0
anon_0075851,85
anon_0075851,0
anon_0075851,90
anon_0075849,0
anon_0075851,90
anon_0075849,0
anon_0075851,0
anon_0075841,50
anon_0075851,85
anon_0075851,0
anon_0075851,0
anon_0075841,0
anon_0075851,0
anon_0075849,0
anon_0075851,50
anon_0075849,0
anon_0075841,0
anon_0075849,0
anon_0075849,0
anon_0075849,0
anon_0075841,70
anon_0075841,50
anon_0075851,0
anon_0075849,0
anon_0075849,0
anon_0075851,0
anon_0075849,0
anon_0075851,50
anon_0075851,0
anon_0075851,50
anon_0075849,0
anon_0075851,0
anon_0075841,60
anon_0075849,0
anon_0075841,0
anon_0075849,0
anon_0075849,0
anon_0075841,50
anon_0075883,NA
anon_0075849,0
anon_0075849,NA
anon_0075841,50
anon_0075841,30
anon_0075851,0
anon_0075851,0
anon_0075851,0
anon_0075851,50
anon_0075849,0
anon_0075851,0
anon_0075925,0
anon_0075925,0
anon_0075925,0
anon_0075925,0
anon_0075937,85
anon_0075937,100
anon_0075883,0
anon_0075883,0
anon_0075925,0
anon_0075908,0
anon_0075937,0
anon_0075919,90
anon_0075947,0
anon_0075925,0
anon_0075947,0
anon_0075918,0
anon_0075937,50
anon_0075925,85
anon_0075918,0
anon_0075940,90
anon_0075918,0
anon_0075883,50
anon_0075919,100
anon_0075883,0
anon_0075918,0
anon_0075937,0
anon_0075947,0
anon_0075918,0
anon_0075883,85
anon_0075925,50
anon_0075925,40
anon_0075925,0
anon_0075925,0
anon_0075919,85
anon_0075925,0
anon_0075918,0
anon_0075918,0
anon_0075940,50
anon_0075918,0
anon_0075925,20
anon_0075901,0
anon_0075918,50
anon_0075925,0
anon_0075918,0
anon_0075937,50
anon_0075937,0
anon_0075919,0
anon_0075925,30
anon_0075883,50
anon_0075883,0
anon_0075918,0
anon_0075925,0
anon_0075901,0
anon_0075918,0
anon_0075918,0
anon_0075925,0
anon_0075908,0
anon_0075919,0
anon_0075919,0
anon_0075937,0
anon_0075937,0
anon_0075925,0
anon_0075925,0
anon_0075925,0
anon_0075883,50
anon_0075940,85
anon_0075919,0
anon_0075918,0
anon_0075919,0
anon_0075919,85
anon_0075925,0
anon_0075883,85
anon_0075919,0
anon_0075918,0
anon_0075919,0
anon_0075883,0
anon_0075919,0
anon_0075937,85
anon_0075919,50
anon_0075883,40
anon_0075883,0
anon_0075925,0
anon_0075937,40
anon_0075940,85
anon_0075937,0
anon_0075883,0
anon_0075925,0
anon_0075925,0
anon_0075940,95
anon_0075940,50
anon_0075925,0
anon_0075901,85
anon_0075940,85
anon_0075883,0
anon_0075901,85
anon_0075919,30
anon_0075937,0
anon_0075925,50
anon_0075925,50
anon_0075925,0
anon_0075919,90
anon_0075940,70
anon_0075883,0
anon_0075918,0
anon_0075925,0
anon_0075918,0
anon_0075919,70
anon_0075937,0
anon_0075937,50
anon_0075937,0
anon_0075883,50
anon_0075925,0
anon_0075901,85
anon_0075919,50
anon_0075919,0
anon_0075937,0
anon_0075937,0
anon_0075919,50
anon_0075918,0
anon_0075918,0
anon_0075883,0
anon_0075918,50
anon_0075918,0
anon_0075925,0
anon_0075937,0
anon_0075883,0
anon_0075918,0
anon_0075918,0
anon_0075883,0
anon_0075883,0
anon_0075901,85
anon_0075901,0
anon_0075883,85
anon_0075901,0
anon_0075901,0
anon_0075925,0
anon_0075918,0
anon_0075883,0
anon_0075919,0
anon_0075901,0
anon_0075919,75
anon_0075901,50
anon_0075919,0
anon_0075883,50
anon_0075883,0
anon_0075918,85
anon_0075925,0
anon_0075883,0
anon_0075940,50
anon_0075925,0
anon_0075925,0
anon_0075901,50
anon_0075918,0
anon_0075901,0
anon_0075940,70
anon_0075940,90
anon_0075925,85
anon_0075883,0
anon_0075918,50
anon_0075901,0
anon_0075918,0
anon_0075901,0
anon_0075940,0
anon_0075925,0
anon_0075901,0
anon_0075883,85
anon_0075901,0
anon_0075918,0
anon_0075925,0
anon_0075925,0
anon_0075901,0
anon_0075918,0
anon_0075925,0
anon_0075918,0
anon_0075925,0
anon_0075918,50
anon_0075883,100
anon_0075901,0
anon_0075925,0
anon_0075940,0
anon_0075883,50
anon_0075901,0
anon_0075918,0
anon_0075901,0
anon_0075883,0
anon_0075918,0
anon_0075918,0
anon_0075901,50
anon_0075918,50
anon_0075883,0
anon_0075883,0
anon_0075883,0
anon_0075925,0
anon_0075918,85
anon_0075925,0
anon_0075883,0
anon_0075940,50
anon_0075883,50
anon_0075937,100
anon_0075918,0
anon_0075925,0
anon_0075940,80
anon_0075937,0
anon_0075883,50
anon_0075937,85
anon_0075883,50
anon_0075925,0
anon_0075925,0
anon_0075883,0
anon_0075918,0
anon_0075918,0
anon_0075918,0
anon_0075901,0
anon_0075937,0
anon_0075901,85
anon_0075901,50
anon_0075925,0
anon_0075883,0
anon_0075925,0
anon_0075918,90
anon_0075937,0
anon_0075925,0
anon_0075918,0
anon_0075919,50
anon_0075918,0
anon_0075883,50
anon_0075925,0
anon_0075919,50
anon_0075918,0
anon_0075937,0
anon_0075918,100
anon_0075901,50
anon_0075901,60
anon_0075901,0
anon_0075901,0
anon_0075918,0
anon_0075925,50
anon_0075925,0
anon_0075925,0
anon_0075918,85
anon_0075883,50
anon_0075901,0
anon_0075901,50
anon_0075901,50
anon_0075918,0
anon_0075925,0
anon_0075901,0
anon_0075901,50
anon_0075925,0
anon_0075925,0
anon_0075901,70
anon_0075883,50
anon_0075901,50
anon_0075901,85
anon_0075901,50
anon_0075901,50
anon_0075925,0
anon_0075901,0
anon_0075925,0
anon_0075901,0
anon_0075901,0
anon_0075925,0
anon_0075901,0
anon_0075901,0
anon_0075940,50
anon_0075901,50
anon_0075918,50
anon_0075901,85
anon_0075901,50
anon_0075901,30
anon_0075925,0
anon_0075937,0
anon_0075901,0
anon_0075918,0
anon_0075901,60
anon_0075901,0
anon_0075901,85
anon_0075918,0
anon_0075901,85
anon_0075901,50
anon_0075925,85
anon_0075901,50
anon_0075918,0
anon_0075925,0
anon_0075901,0
anon_0075918,50
anon_0075918,0
anon_0075937,0
anon_0075918,0
anon_0075937,0
anon_0075925,30
anon_0075925,0
anon_0075901,0
anon_0075901,40
anon_0075918,0
anon_0075925,50
anon_0075918,0
anon_0075918,50
anon_0075937,0
anon_0075883,85
anon_0075901,50
anon_0075901,50
anon_0075901,85
anon_0075918,50
anon_0075937,0
anon_0075901,0
anon_0075925,50
anon_0075901,0
anon_0075937,0
anon_0075918,50
anon_0075937,0
anon_0075937,0
anon_0075901,0
anon_0075883,0
anon_0075883,0
anon_0075901,0
anon_0075901,75
anon_0075901,0
anon_0075883,0
anon_0075883,0
anon_0075901,50
anon_0075883,0
anon_0075901,0
anon_0075901,50
anon_0075918,0
anon_0075901,75
anon_0075918,0
anon_0075883,0
anon_0075883,0
anon_0075918,50
anon_0075937,0
anon_0075901,75
anon_0075883,100
anon_0075883,0
anon_0075883,0
anon_0075925,0
anon_0075937,0
anon_0075883,100
anon_0075925,75
anon_0075901,85
anon_0075918,0
anon_0075918,85
anon_0075918,0
anon_0075883,50
anon_0075918,50
anon_0075937,100
anon_0075883,85
anon_0075901,50
anon_0075883,0
anon_0075883,50
anon_0075901,85
anon_0075883,NA
anon_0075937,0
anon_0075901,50
anon_0075925,0
anon_0075883,0
anon_0075918,0
anon_0075883,0
anon_0075971,0
anon_0075985,0
anon_0075971,0
anon_0075989,0
anon_0075975,0
anon_0075975,0
anon_0076002,85
anon_0075975,0
anon_0075975,0
anon_0075971,0
anon_0075975,0
anon_0075975,0
anon_0075975,0
anon_0075971,100
anon_0075947,50
anon_0075989,0
anon_0075975,0
anon_0075971,95
anon_0075988,0
anon_0075985,0
anon_0075951,85
anon_0075971,0
anon_0075985,0
anon_0075975,0
anon_0075985,0
anon_0075985,85
anon_0075988,85
anon_0075975,50
anon_0075971,0
anon_0075975,0
anon_0075989,0
anon_0075947,0
anon_0075975,0
anon_0075975,0
anon_0075985,0
anon_0075975,0
anon_0075971,90
anon_0075975,50
anon_0075974,0
anon_0075974,0
anon_0075975,0
anon_0075975,50
anon_0075975,0
anon_0075947,0
anon_0075975,0
anon_0075974,50
anon_0075975,0
anon_0075985,0
anon_0075988,0
anon_0075951,50
anon_0075975,0
anon_0075975,0
anon_0075971,90
anon_0075971,0
anon_0075989,0
anon_0075975,0
anon_0075947,0
anon_0075988,0
anon_0075975,50
anon_0075975,0
anon_0075947,0
anon_0075988,0
anon_0075974,0
anon_0075988,75
anon_0075975,0
anon_0075947,0
anon_0075974,0
anon_0075947,0
anon_0075974,90
anon_0075947,0
anon_0075947,0
anon_0075975,0
anon_0075947,0
anon_0075974,85
anon_0075974,70
anon_0075985,0
anon_0075988,85
anon_0075975,85
anon_0075947,0
anon_0075988,0
anon_0075974,0
anon_0075985,85
anon_0075947,0
anon_0075974,0
anon_0075947,0
anon_0075971,0
anon_0075975,50
anon_0075988,0
anon_0075947,0
anon_0075989,0
anon_0075988,0
anon_0075974,50
anon_0075947,0
anon_0075975,0
anon_0075947,50
anon_0075975,0
anon_0075947,0
anon_0075975,0
anon_0075974,85
anon_0075975,0
anon_0075975,50
anon_0075975,0
anon_0075975,0
anon_0075951,80
anon_0075975,0
anon_0075947,0
anon_0075947,0
anon_0075947,0
anon_0075947,0
anon_0075947,0
anon_0075947,0
anon_0075947,0
anon_0075974,0
anon_0075947,0
anon_0075947,0
anon_0075947,0
anon_0075947,0
anon_0075947,0
anon_0075947,0
anon_0075947,0
anon_0075940,0
anon_0075947,50
anon_0075947,50
anon_0075974,0
anon_0075947,50
anon_0075947,0
anon_0075975,0
anon_0075947,0
anon_0075947,50
anon_0075947,0
anon_0075975,0
anon_0075947,40
anon_0075947,0
anon_0075947,0
anon_0075947,50
anon_0075988,0
anon_0075947,50
anon_0075947,0
anon_0075975,20
anon_0075940,0
anon_0075951,0
anon_0075974,0
anon_0075940,100
anon_0075974,0
anon_0075947,0
anon_0075947,0
anon_0075975,0
anon_0075947,0
anon_0075947,50
anon_0075940,100
anon_0075947,0
anon_0075951,85
anon_0075974,0
anon_0075947,0
anon_0075947,0
anon_0075940,100
anon_0075975,0
anon_0075975,85
anon_0075951,0
anon_0075975,0
anon_0075947,50
anon_0075951,0
anon_0075975,0
anon_0075988,0
anon_0075940,0
anon_0075951,0
anon_0075947,0
anon_0075940,85
anon_0075974,0
anon_0075940,50
anon_0075951,0
anon_0075974,0
anon_0075951,0
anon_0075975,85
anon_0075951,0
anon_0075951,100
anon_0075988,0
anon_0075951,50
anon_0075947,75
anon_0075951,0
anon_0075974,70
anon_0075947,30
anon_0075951,85
anon_0075951,0
anon_0075947,0
anon_0075951,100
anon_0075988,50
anon_0075947,75
anon_0075947,0
anon_0075974,0
anon_0075951,0
anon_0075975,50
anon_0075947,20
anon_0075975,0
anon_0075951,0
anon_0075951,0
anon_0075951,0
anon_0075988,85
anon_0075951,20
anon_0075988,0
anon_0075988,85
anon_0075988,50
anon_0075988,0
anon_0075951,50
anon_0075951,90
anon_0075951,NA
anon_0075988,0
anon_0075985,0
anon_0075974,0
anon_0075940,0
anon_0075947,0
anon_0075985,0
anon_0075974,0
anon_0075985,0
anon_0075985,80
anon_0075947,50
anon_0075988,0
anon_0075989,85
anon_0075940,30
anon_0075974,0
anon_0075985,90
anon_0075989,0
anon_0075940,0
anon_0075988,0
anon_0075974,0
anon_0075989,0
anon_0075974,50
anon_0075985,100
anon_0075989,0
anon_0075989,0
anon_0075940,70
anon_0075974,50
anon_0075988,0
anon_0075989,0
anon_0075985,0
anon_0075989,0
anon_0075988,85
anon_0075988,0
anon_0075988,50
anon_0075974,0
anon_0075947,0
anon_0075940,0
anon_0075989,0
anon_0075988,0
anon_0075951,0
anon_0075989,NA
anon_0075985,0
anon_0075989,0
anon_0075974,0
anon_0075985,0
anon_0075988,0
anon_0075989,0
anon_0075988,0
anon_0075988,50
anon_0075988,50
anon_0075947,0
anon_0075989,0
anon_0075988,0
anon_0075940,0
anon_0075947,0
anon_0075974,0
anon_0075989,0
anon_0075988,0
anon_0075985,0
anon_0075989,30
anon_0075988,0
anon_0075989,0
anon_0075947,50
anon_0075974,0
anon_0075947,0
anon_0075989,0
anon_0075988,50
anon_0075947,0
anon_0075947,0
anon_0075988,50
anon_0075988,0
anon_0075988,50
anon_0075988,0
anon_0075985,30
anon_0075989,0
anon_0075989,50
anon_0075988,0
anon_0075985,50
anon_0075988,0
anon_0075947,0
anon_0075988,30
anon_0075947,0
anon_0075988,0
anon_0075947,0
anon_0075989,0
anon_0075989,70
anon_0075988,0
anon_0075988,50
anon_0075947,0
anon_0075947,NA
anon_0075989,0
anon_0075988,50
anon_0075974,0
anon_0075989,0
anon_0075988,85
anon_0075947,0
anon_0075951,0
anon_0075988,50
anon_0075988,90
anon_0075947,0
anon_0075947,50
anon_0075988,0
anon_0075951,NA
anon_0076019,85
anon_0076039,100
anon_0076002,0
anon_0076062,0
anon_0076024,0
anon_0076002,0
anon_0076002,0
anon_0076039,100
anon_0076002,0
anon_0076039,100
anon_0076024,100
anon_0076062,85
anon_0076002,0
anon_0076024,85
anon_0076002,85
anon_0076024,0
anon_0076048,50
anon_0076024,0
anon_0076024,0
anon_0076024,100
anon_0076048,0
anon_0076002,0
anon_0076062,0
anon_0076062,0
anon_0076002,90
anon_0076048,0
anon_0076002,95
anon_0076048,50
anon_0076048,0
anon_0076039,30
anon_0076046,0
anon_0076002,85
anon_0076002,0
anon_0076002,0
anon_0076062,0
anon_0076062,0
anon_0076024,0
anon_0076002,0
anon_0076024,0
anon_0076024,0
anon_0076019,50
anon_0076002,50
anon_0076046,85
anon_0076024,95
anon_0076062,0
anon_0076011,100
anon_0076002,0
anon_0076019,70
anon_0076048,0
anon_0076048,0
anon_0076002,0
anon_0076039,85
anon_0076048,0
anon_0076002,50
anon_0076002,0
anon_0076002,0
anon_0076024,0
anon_0076002,50
anon_0076019,85
anon_0076019,85
anon_0076002,85
anon_0076019,90
anon_0076048,0
anon_0076048,0
anon_0076024,0
anon_0076002,50
anon_0076002,85
anon_0076048,0
anon_0076019,85
anon_0076002,75
anon_0076002,85
anon_0076048,0
anon_0076019,85
anon_0076002,0
anon_0076011,0
anon_0076019,0
anon_0076039,90
anon_0076019,0
anon_0076048,0
anon_0076048,0
anon_0076039,0
anon_0076019,0
anon_0076024,0
anon_0076002,0
anon_0076002,50
anon_0076039,0
anon_0076002,85
anon_0076019,50
anon_0076011,0
anon_0076011,0
anon_0076011,85
anon_0076002,85
anon_0076019,0
anon_0076011,100
anon_0076062,0
anon_0076011,100
anon_0076002,0
anon_0076048,0
anon_0076011,100
anon_0076019,0
anon_0076002,70
anon_0076048,0
anon_0076019,0
anon_0076002,50
anon_0076002,0
anon_0076062,0
anon_0076002,80
anon_0076039,90
anon_0076019,0
anon_0076046,50
anon_0076002,85
anon_0076039,0
anon_0076019,0
anon_0076019,0
anon_0076002,80
anon_0076002,50
anon_0076011,85
anon_0076002,50
anon_0076002,50
anon_0076046,0
anon_0076046,50
anon_0076039,100
anon_0076048,0
anon_0076039,50
anon_0076046,85
anon_0076019,0
anon_0076039,0
anon_0076002,NA
anon_0076011,0
anon_0076062,95
anon_0076046,85
anon_0076046,0
anon_0076039,0
anon_0076039,80
anon_0076046,85
anon_0076062,0
anon_0076019,0
anon_0076046,85
anon_0076024,0
anon_0076039,0
anon_0076019,50
anon_0076039,0
anon_0076039,0
anon_0076019,0
anon_0076039,0
anon_0076039,0
anon_0076046,0
anon_0076019,0
anon_0076046,50
anon_0076046,85
anon_0076039,0
anon_0076039,0
anon_0076046,0
anon_0076019,50
anon_0076046,0
anon_0076039,0
anon_0076002,75
anon_0076019,50
anon_0076039,0
anon_0076019,0
anon_0076046,50
anon_0076002,0
anon_0076048,0
anon_0076046,90
anon_0076019,0
anon_0076046,0
anon_0076039,0
anon_0076062,0
anon_0076039,NA
anon_0076046,85
anon_0076039,50
anon_0076048,0
anon_0076046,0
anon_0076046,50
anon_0076019,0
anon_0076019,80
anon_0076039,85
anon_0076046,0
anon_0076046,85
anon_0076019,0
anon_0076011,0
anon_0076011,0
anon_0076048,85
anon_0076002,85
anon_0075988,0
anon_0075988,0
anon_0075988,0
anon_0075988,0
anon_0076048,0
anon_0076062,0
anon_0076046,0
anon_0076019,0
anon_0076011,85
anon_0075988,0
anon_0076011,0
anon_0076019,50
anon_0076019,85
anon_0076046,0
anon_0076039,0
anon_0076039,0
anon_0076002,50
anon_0076019,0
anon_0076011,0
anon_0076039,0
anon_0076039,50
anon_0076039,0
anon_0076039,0
anon_0076019,100
anon_0076019,0
anon_0076046,0
anon_0076039,85
anon_0076011,0
anon_0076039,0
anon_0076019,0
anon_0076048,0
anon_0076024,0
anon_0076046,85
anon_0076019,0
anon_0076048,0
anon_0076011,0
anon_0076019,0
anon_0076019,50
anon_0076024,50
anon_0076019,0
anon_0076024,0
anon_0076019,0
anon_0076039,0
anon_0076024,50
anon_0076019,0
anon_0076019,0
anon_0076019,0
anon_0076046,0
anon_0076019,0
anon_0076039,50
anon_0076046,0
anon_0076019,50
anon_0076024,50
anon_0075988,0
anon_0075989,0
anon_0076019,50
anon_0075989,0
anon_0076019,0
anon_0076024,0
anon_0076039,0
anon_0076046,20
anon_0075988,50
anon_0075989,0
anon_0076019,0
anon_0076046,90
anon_0075989,100
anon_0076024,0
anon_0076019,0
anon_0075989,50
anon_0075989,0
anon_0076019,30
anon_0076019,80
anon_0076046,0
anon_0075989,0
anon_0076019,0
anon_0076019,0
anon_0075989,85
anon_0075988,0
anon_0076046,0
anon_0076019,0
anon_0076046,0
anon_0076019,0
anon_0075989,0
anon_0076019,0
anon_0076019,0
anon_0076046,0
anon_0076046,50
anon_0075989,0
anon_0076019,0
anon_0076046,0
anon_0076024,0
anon_0076046,0
anon_0076024,0
anon_0075989,85
anon_0076046,0
anon_0076046,0
anon_0076011,75
anon_0076019,0
anon_0076019,60
anon_0076019,50
anon_0076019,0
anon_0076046,50
anon_0076046,0
anon_0076046,0
anon_0076046,85
anon_0076046,0
anon_0076046,0
anon_0076046,0
anon_0076024,50
anon_0076019,0
anon_0076019,50
anon_0076046,50
anon_0076019,0
anon_0076046,0
anon_0076019,0
anon_0076046,0
anon_0076046,80
anon_0076019,50
anon_0076046,0
anon_0076046,0
anon_0076046,0
anon_0076019,50
anon_0076019,50
anon_0076046,20
anon_0076046,85
anon_0076019,0
anon_0076046,0
anon_0076019,0
anon_0076046,0
anon_0076046,0
anon_0076019,50
anon_0076039,0
anon_0076046,0
anon_0076048,0
anon_0076048,0
anon_0076046,0
anon_0076046,0
anon_0076019,50
anon_0076046,0
anon_0076046,50
anon_0076046,0
anon_0075989,0
anon_0076046,0
anon_0076048,0
anon_0076019,0
anon_0076046,50
anon_0076019,0
anon_0076046,0
anon_0075989,0
anon_0076046,85
anon_0076019,50
anon_0076046,70
anon_0076046,85
anon_0076048,0
anon_0076019,40
anon_0076046,0
anon_0076046,0
anon_0076019,0
anon_0076046,0
anon_0076046,0
anon_0076046,0
anon_0076046,NA
anon_0076046,60
anon_0076046,0
anon_0076046,0
anon_0076048,0
anon_0076046,0
anon_0075989,0
anon_0075989,NA
anon_0076048,0
anon_0075989,0
anon_0076046,0
anon_0076046,50
anon_0076048,0
anon_0075989,0
anon_0076046,50
anon_0076048,0
anon_0076046,50
anon_0076046,50
anon_0076048,0
anon_0076046,70
anon_0075989,0
anon_0075989,50
anon_0075989,90
anon_0076019,0
anon_0075989,0
anon_0075989,0
anon_0075989,NA
anon_0076046,85
anon_0075989,85
anon_0076046,50
anon_0076019,0
anon_0075989,0
anon_0076046,50
anon_0076046,50
anon_0075989,0
anon_0076046,0
anon_0076046,0
anon_0075989,85
anon_0075989,90
anon_0076046,50
anon_0076046,85
anon_0076046,0
anon_0076046,85
anon_0076070,0
anon_0076070,0
anon_0076074,90
anon_0076062,0
anon_0076070,0
anon_0076062,0
anon_0076062,0
anon_0076066,50
anon_0076062,0
anon_0076070,0
anon_0076039,0
anon_0076066,0
anon_0076082,0
anon_0076074,0
anon_0076070,85
anon_0076039,0
anon_0076069,0
anon_0076062,0
anon_0076070,0
anon_0076082,50
anon_0076069,85
anon_0076062,0
anon_0076074,0
anon_0076062,0
anon_0076062,50
anon_0076069,10
anon_0076039,0
anon_0076074,0
anon_0076070,0
anon_0076062,0
anon_0076070,85
anon_0076062,0
anon_0076062,0
anon_0076069,50
anon_0076070,0
anon_0076082,0
anon_0076074,0
anon_0076070,0
anon_0076062,85
anon_0076082,0
anon_0076070,0
anon_0076062,0
anon_0076062,0
anon_0076069,50
anon_0076069,0
anon_0076082,0
anon_0076082,0
anon_0076039,85
anon_0076062,0
anon_0076070,0
anon_0076074,50
anon_0076069,100
anon_0076069,85
anon_0076069,85
anon_0076069,50
anon_0076069,0
anon_0076069,85
anon_0076082,0
anon_0076069,0
anon_0076070,0
anon_0076062,0
anon_0076062,50
anon_0076039,85
anon_0076082,0
anon_0076039,50
anon_0076069,85
anon_0076069,85
anon_0076069,100
anon_0076074,NA
anon_0076074,85
anon_0076070,90
anon_0076074,NA
anon_0076039,0
anon_0076039,0
anon_0076070,40
anon_0076070,60
anon_0076070,100
anon_0076074,0
anon_0076069,NA
anon_0076039,0
anon_0076074,0
anon_0076070,50
anon_0076070,0
anon_0076062,85
anon_0076082,0
anon_0076074,0
anon_0076069,50
anon_0076074,0
anon_0076074,0
anon_0076069,0
anon_0076069,85
anon_0076062,0
anon_0076066,0
anon_0076069,0
anon_0076082,0
anon_0076073,0
anon_0076066,0
anon_0076074,0
anon_0076073,50
anon_0076073,0
anon_0076070,0
anon_0076069,0
anon_0076070,50
anon_0076073,0
anon_0076062,100
anon_0076069,NA
anon_0076070,20
anon_0076070,0
anon_0076082,NA
anon_0076069,0
anon_0076069,100
anon_0076069,50
anon_0076066,100
anon_0076070,0
anon_0076069,0
anon_0076066,0
anon_0076069,0
anon_0076069,95
anon_0076070,0
anon_0076066,0
anon_0076066,0
anon_0076070,0
anon_0076070,50
anon_0076069,0
anon_0076069,50
anon_0076070,85
anon_0076069,0
anon_0076070,0
anon_0076066,100
anon_0076070,0
anon_0076069,0
anon_0076069,95
anon_0076069,0
anon_0076066,0
anon_0076082,50
anon_0076082,50
anon_0076066,0
anon_0076066,85
anon_0076073,0
anon_0076070,85
anon_0076073,0
anon_0076069,0
anon_0076073,0
anon_0076073,0
anon_0076069,100
anon_0076073,0
anon_0076073,50
anon_0076082,50
anon_0076066,50
anon_0076069,0
anon_0076070,0
anon_0076073,0
anon_0076069,85
anon_0076082,0
anon_0076066,50
anon_0076070,0
anon_0076073,0
anon_0076066,0
anon_0076074,NA
anon_0076073,0
anon_0076070,85
anon_0076073,0
anon_0076073,0
anon_0076073,85
anon_0076073,0
anon_0076073,0
anon_0076074,0
anon_0076069,85
anon_0076074,0
anon_0076074,0
anon_0076074,0
anon_0076069,0
anon_0076069,50
anon_0076073,70
anon_0076082,85
anon_0076073,85
anon_0076073,70
anon_0076073,0
anon_0076073,0
anon_0076073,0
anon_0076066,0
anon_0076066,0
anon_0076082,70
anon_0076066,85
anon_0076082,50
anon_0076070,0
anon_0076066,0
anon_0076082,0
anon_0076073,0
anon_0076074,100
anon_0076074,0
anon_0076073,75
anon_0076069,85
anon_0076073,50
anon_0076073,0
anon_0076074,0
anon_0076066,100
anon_0076082,50
anon_0076069,0
anon_0076066,NA
anon_0076074,85
anon_0076066,85
anon_0076066,0
anon_0076069,0
anon_0076066,NA
anon_0076069,50
anon_0076069,85
anon_0076082,0
anon_0076069,80
anon_0076069,100
anon_0076074,50
anon_0076069,0
anon_0076070,50
anon_0076066,90
anon_0076066,0
anon_0076082,50
anon_0076082,50
anon_0076074,0
anon_0076066,0
anon_0076046,0
anon_0076069,100
anon_0076074,0
anon_0076069,85
anon_0076074,50
anon_0076074,0
anon_0076069,0
anon_0076074,0
anon_0076069,0
anon_0076069,80
anon_0076074,0
anon_0076069,0
anon_0076074,100
anon_0076046,0
anon_0076082,0
anon_0076082,50
anon_0076066,0
anon_0076066,0
anon_0076069,0
anon_0076082,0
anon_0076073,0
anon_0076066,50
anon_0076069,50
anon_0076066,100
anon_0076074,0
anon_0076066,95
anon_0076069,0
anon_0076046,0
anon_0076082,75
anon_0076073,0
anon_0076082,0
anon_0076069,95
anon_0076066,NA
anon_0076066,50
anon_0076082,60
anon_0076066,50
anon_0076069,50
anon_0076069,0
anon_0076069,0
anon_0076066,0
anon_0076074,50
anon_0076066,0
anon_0076046,0
anon_0076069,95
anon_0076082,85
anon_0076069,0
anon_0076046,0
anon_0076082,70
anon_0076046,0
anon_0076066,0
anon_0076066,75
anon_0076069,0
anon_0076069,0
anon_0076066,50
anon_0076046,0
anon_0076066,0
anon_0076069,85
anon_0076069,0
anon_0076066,0
anon_0076066,0
anon_0076046,0
anon_0076069,0
anon_0076066,50
anon_0076069,0
anon_0076066,0
anon_0076046,0
anon_0076046,0
anon_0076066,0
anon_0076066,0
anon_0076046,0
anon_0076069,0
anon_0076069,0
anon_0076069,0
anon_0076066,50
anon_0076069,NA
anon_0076066,0
anon_0076069,85
anon_0076066,0
anon_0076082,60
anon_0076069,50
anon_0076069,0
anon_0076066,0
anon_0076066,0
anon_0076046,85
anon_0076082,70
anon_0076066,NA
anon_0076066,50
anon_0076046,0
anon_0076066,0
anon_0076082,85
anon_0076082,60
anon_0076069,0
anon_0076066,85
anon_0076069,0
anon_0076066,50
anon_0076066,0
anon_0076046,0
anon_0076066,0
anon_0076069,NA
anon_0076069,NA
anon_0076066,90
anon_0076105,50
anon_0076111,0
anon_0076093,100
anon_0076111,0
anon_0076118,0
anon_0076119,50
anon_0076103,100
anon_0076111,0
anon_0076098,90
anon_0076118,0
anon_0076093,90
anon_0076118,0
anon_0076105,0
anon_0076111,0
anon_0076093,100
anon_0076119,50
anon_0076103,0
anon_0076103,0
anon_0076103,0
anon_0076103,100
anon_0076093,75
anon_0076097,30
anon_0076111,0
anon_0076098,0
anon_0076097,50
anon_0076111,0
anon_0076098,50
anon_0076118,0
anon_0076103,95
anon_0076119,0
anon_0076118,100
anon_0076097,0
anon_0076105,0
anon_0076093,50
anon_0076097,100
anon_0076103,0
anon_0076093,50
anon_0076098,85
anon_0076098,85
anon_0076098,70
anon_0076111,0
anon_0076111,50
anon_0076097,40
anon_0076111,0
anon_0076093,80
anon_0076111,0
anon_0076098,85
anon_0076118,0
anon_0076097,50
anon_0076098,0
anon_0076093,70
anon_0076098,0
anon_0076093,50
anon_0076098,0
anon_0076103,0
anon_0076097,50
anon_0076097,0
anon_0076098,0
anon_0076097,0
anon_0076119,100
anon_0076103,0
anon_0076118,90
anon_0076093,100
anon_0076097,0
anon_0076103,60
anon_0076098,85
anon_0076103,0
anon_0076098,60
anon_0076103,85
anon_0076097,0
anon_0076098,85
anon_0076098,0
anon_0076093,0
anon_0076098,0
anon_0076093,85
anon_0076093,50
anon_0076098,70
anon_0076097,50
anon_0076118,0
anon_0076098,50
anon_0076093,NA
anon_0076098,0
anon_0076103,85
anon_0076098,0
anon_0076097,0
anon_0076098,0
anon_0076069,0
anon_0076082,50
anon_0076105,50
anon_0076082,85
anon_0076069,0
anon_0076093,0
anon_0076082,0
anon_0076082,0
anon_0076098,0
anon_0076097,0
anon_0076103,50
anon_0076098,0
anon_0076082,50
anon_0076098,0
anon_0076111,0
anon_0076097,0
anon_0076093,85
anon_0076098,0
anon_0076105,0
anon_0076105,30
anon_0076105,0
anon_0076105,0
anon_0076098,0
anon_0076097,0
anon_0076105,0
anon_0076082,0
anon_0076082,0
anon_0076069,0
anon_0076105,0
anon_0076103,0
anon_0076103,85
anon_0076111,85
anon_0076069,0
anon_0076105,0
anon_0076098,90
anon_0076103,85
anon_0076082,0
anon_0076098,NA
anon_0076103,0
anon_0076105,0
anon_0076098,0
anon_0076105,0
anon_0076082,50
anon_0076082,50
anon_0076097,0
anon_0076093,0
anon_0076082,0
anon_0076097,0
anon_0076103,50
anon_0076097,0
anon_0076119,50
anon_0076093,0
anon_0076105,0
anon_0076105,0
anon_0076098,85
anon_0076105,85
anon_0076105,0
anon_0076082,50
anon_0076082,0
anon_0076082,50
anon_0076082,50
anon_0076111,90
anon_0076093,50
anon_0076111,85
anon_0076082,0
anon_0076082,50
anon_0076082,0
anon_0076105,90
anon_0076103,85
anon_0076082,0
anon_0076082,50
anon_0076082,70
anon_0076105,50
anon_0076105,50
anon_0076069,70
anon_0076097,75
anon_0076105,0
anon_0076111,40
anon_0076103,0
anon_0076103,0
anon_0076119,0
anon_0076082,0
anon_0076103,0
anon_0076097,50
anon_0076098,50
anon_0076103,0
anon_0076105,40
anon_0076093,0
anon_0076103,NA
anon_0076119,0
anon_0076105,0
anon_0076103,0
anon_0076103,0
anon_0076082,50
anon_0076082,0
anon_0076105,0
anon_0076105,50
anon_0076098,85
anon_0076103,0
anon_0076105,50
anon_0076082,85
anon_0076097,0
anon_0076105,95
anon_0076082,0
anon_0076103,90
anon_0076119,50
anon_0076119,40
anon_0076082,0
anon_0076105,0
anon_0076119,0
anon_0076105,0
anon_0076111,50
anon_0076105,0
anon_0076082,0
anon_0076111,0
anon_0076103,0
anon_0076082,0
anon_0076082,0
anon_0076103,70
anon_0076097,0
anon_0076082,85
anon_0076097,0
anon_0076105,0
anon_0076111,0
anon_0076111,0
anon_0076105,0
anon_0076082,50
anon_0076111,85
anon_0076111,50
anon_0076105,0
anon_0076105,0
anon_0076105,100
anon_0076093,30
anon_0076082,0
anon_0076105,0
anon_0076097,50
anon_0076097,0
anon_0076082,0
anon_0076111,0
anon_0076111,0
anon_0076082,0
anon_0076098,NA
anon_0076105,0
anon_0076111,0
anon_0076105,0
anon_0076105,60
anon_0076105,0
anon_0076119,20
anon_0076111,70
anon_0076103,0
anon_0076105,0
anon_0076105,60
anon_0076103,0
anon_0076093,85
anon_0076082,0
anon_0076082,0
anon_0076105,0
anon_0076098,0
anon_0076105,0
anon_0076097,0
anon_0076105,0
anon_0076097,50
anon_0076118,0
anon_0076119,NA
anon_0076103,100
anon_0076097,0
anon_0076103,0
anon_0076118,0
anon_0076093,50
anon_0076098,0
anon_0076111,50
anon_0076098,0
anon_0076082,30
anon_0076097,0
anon_0076103,50
anon_0076118,0
anon_0076118,0
anon_0076103,90
anon_0076111,0
anon_0076098,0
anon_0076105,0
anon_0076103,0
anon_0076119,50
anon_0076097,0
anon_0076082,0
anon_0076111,50
anon_0076097,NA
anon_0076098,50
anon_0076098,0
anon_0076105,0
anon_0076111,50
anon_0076082,85
anon_0076097,0
anon_0076111,0
anon_0076103,90
anon_0076111,50
anon_0076103,90
anon_0076098,0
anon_0076118,0
anon_0076118,50
anon_0076082,85
anon_0076105,85
anon_0076119,50
anon_0076098,50
anon_0076097,0
anon_0076098,50
anon_0076097,50
anon_0076097,0
anon_0076111,60
anon_0076111,50
anon_0076111,50
anon_0076097,0
anon_0076111,0
anon_0076103,0
anon_0076097,100
anon_0076098,0
anon_0076103,85
anon_0076098,50
anon_0076098,85
anon_0076098,85
anon_0076098,75
anon_0076111,75
anon_0076098,85
anon_0076103,0
anon_0076103,0
anon_0076105,85
anon_0076097,50
anon_0076105,0
anon_0076103,90
anon_0076082,60
anon_0076103,100
anon_0076118,0
anon_0076097,0
anon_0076105,50
anon_0076105,0
anon_0076105,50
anon_0076111,70
anon_0076098,0
anon_0076097,50
anon_0076103,0
anon_0076098,0
anon_0076098,80
anon_0076103,0
anon_0076105,0
anon_0076097,0
anon_0076082,0
anon_0076098,0
anon_0076098,0
anon_0076097,0
anon_0076105,0
anon_0076103,90
anon_0076103,0
anon_0076103,0
anon_0076103,90
anon_0076105,0
anon_0076097,0
anon_0076103,0
anon_0076097,0
anon_0076103,0
anon_0076103,50
anon_0076105,50
anon_0076098,50
anon_0076103,NA
anon_0076103,85
anon_0076103,0
anon_0076111,0
anon_0076098,0
anon_0076098,85
anon_0076098,70
anon_0076098,50
anon_0076098,85
anon_0076098,0
anon_0076103,0
anon_0076098,90
anon_0076097,0
anon_0076098,85
anon_0076098,0
anon_0076098,0
anon_0076098,0
anon_0076098,85
anon_0076097,0
anon_0076098,85
anon_0076103,85
anon_0076098,50
anon_0076098,85
anon_0076098,85
anon_0076098,0
anon_0076098,85
anon_0076098,75
anon_0076093,90
anon_0076103,50
anon_0076098,90
anon_0076111,NA
anon_0076097,0
anon_0076103,50
anon_0076103,85
anon_0076134,0
anon_0076156,90
anon_0076126,0
anon_0076103,0
anon_0076126,0
anon_0076145,50
anon_0076105,0
anon_0076103,0
anon_0076134,100
anon_0076128,0
anon_0076145,0
anon_0076145,85
anon_0076145,0
anon_0076145,85
anon_0076134,0
anon_0076105,0
anon_0076134,0
anon_0076134,0
anon_0076145,0
anon_0076156,0
anon_0076134,0
anon_0076134,0
anon_0076103,0
anon_0076134,0
anon_0076126,85
anon_0076103,0
anon_0076103,0
anon_0076145,50
anon_0076134,0
anon_0076103,0
anon_0076128,50
anon_0076134,0
anon_0076126,0
anon_0076145,75
anon_0076103,90
anon_0076126,0
anon_0076105,60
anon_0076134,85
anon_0076134,85
anon_0076134,50
anon_0076145,70
anon_0076145,0
anon_0076105,0
anon_0076128,0
anon_0076126,0
anon_0076103,50
anon_0076145,0
anon_0076126,85
anon_0076134,100
anon_0076105,50
anon_0076134,0
anon_0076153,50
anon_0076134,100
anon_0076134,0
anon_0076105,0
anon_0076103,0
anon_0076126,0
anon_0076128,0
anon_0076134,0
anon_0076134,100
anon_0076126,100
anon_0076103,0
anon_0076145,0
anon_0076134,95
anon_0076126,50
anon_0076126,0
anon_0076145,0
anon_0076103,85
anon_0076153,0
anon_0076134,90
anon_0076134,0
anon_0076145,0
anon_0076126,0
anon_0076153,0
anon_0076105,0
anon_0076134,0
anon_0076128,50
anon_0076103,0
anon_0076128,0
anon_0076126,0
anon_0076105,50
anon_0076128,0
anon_0076153,0
anon_0076134,50
anon_0076128,50
anon_0076134,100
anon_0076134,50
anon_0076105,0
anon_0076105,85
anon_0076103,0
anon_0076103,0
anon_0076103,0
anon_0076145,0
anon_0076153,0
anon_0076128,90
anon_0076103,0
anon_0076153,0
anon_0076103,50
anon_0076134,100
anon_0076128,0
anon_0076145,60
anon_0076128,0
anon_0076134,0
anon_0076103,0
anon_0076134,50
anon_0076128,0
anon_0076128,0
anon_0076103,100
anon_0076134,90
anon_0076128,0
anon_0076134,20
anon_0076134,0
anon_0076105,60
anon_0076134,0
anon_0076134,20
anon_0076134,95
anon_0076128,0
anon_0076105,80
anon_0076128,0
anon_0076128,30
anon_0076134,95
anon_0076128,0
anon_0076119,0
anon_0076153,0
anon_0076134,0
anon_0076134,85
anon_0076103,100
anon_0076145,50
anon_0076134,0
anon_0076119,0
anon_0076134,50
anon_0076103,0
anon_0076128,50
anon_0076134,50
anon_0076103,50
anon_0076128,0
anon_0076128,20
anon_0076134,90
anon_0076119,0
anon_0076119,50
anon_0076134,0
anon_0076134,0
anon_0076119,50
anon_0076103,0
anon_0076134,0
anon_0076134,50
anon_0076134,0
anon_0076128,0
anon_0076119,0
anon_0076126,0
anon_0076119,0
anon_0076119,0
anon_0076128,0
anon_0076119,0
anon_0076128,0
anon_0076128,0
anon_0076119,0
anon_0076128,0
anon_0076128,0
anon_0076126,0
anon_0076103,0
anon_0076103,0
anon_0076105,0
anon_0076128,0
anon_0076128,0
anon_0076119,0
anon_0076103,0
anon_0076105,0
anon_0076128,0
anon_0076103,0
anon_0076119,0
anon_0076119,0
anon_0076119,0
anon_0076103,0
anon_0076105,0
anon_0076126,0
anon_0076128,0
anon_0076119,0
anon_0076119,0
anon_0076119,0
anon_0076119,0
anon_0076105,0
anon_0076119,50
anon_0076105,0
anon_0076103,0
anon_0076128,0
anon_0076119,0
anon_0076126,50
anon_0076126,0
anon_0076119,30
anon_0076128,0
anon_0076126,0
anon_0076126,0
anon_0076119,0
anon_0076105,50
anon_0076119,0
anon_0076128,0
anon_0076105,0
anon_0076128,0
anon_0076134,100
anon_0076119,0
anon_0076105,90
anon_0076126,85
anon_0076119,0
anon_0076126,NA
anon_0076119,50
anon_0076126,0
anon_0076134,50
anon_0076105,0
anon_0076134,85
anon_0076105,50
anon_0076119,0
anon_0076126,0
anon_0076128,85
anon_0076119,0
anon_0076105,0
anon_0076105,0
anon_0076119,0
anon_0076119,0
anon_0076105,0
anon_0076126,0
anon_0076126,0
anon_0076126,0
anon_0076119,0
anon_0076105,0
anon_0076105,0
anon_0076134,85
anon_0076128,50
anon_0076128,0
anon_0076134,90
anon_0076128,NA
anon_0076128,0
anon_0076128,0
anon_0076126,60
anon_0076105,0
anon_0076103,50
anon_0076128,0
anon_0076119,0
anon_0076119,0
anon_0076119,0
anon_0076126,20
anon_0076119,0
anon_0076105,30
anon_0076128,0
anon_0076134,85
anon_0076119,50
anon_0076105,50
anon_0076105,70
anon_0076105,0
anon_0076126,0
anon_0076134,0
anon_0076105,0
anon_0076126,0
anon_0076126,0
anon_0076105,0
anon_0076105,0
anon_0076126,0
anon_0076128,0
anon_0076105,0
anon_0076105,0
anon_0076126,0
anon_0076134,0
anon_0076105,0
anon_0076134,90
anon_0076119,0
anon_0076105,0
anon_0076119,0
anon_0076134,95
anon_0076126,0
anon_0076126,0
anon_0076134,0
anon_0076126,0
anon_0076134,100
anon_0076145,0
anon_0076126,0
anon_0076119,0
anon_0076105,0
anon_0076134,100
anon_0076105,0
anon_0076119,0
anon_0076145,0
anon_0076134,0
anon_0076105,0
anon_0076145,0
anon_0076145,85
anon_0076134,0
anon_0076145,0
anon_0076128,50
anon_0076119,0
anon_0076119,0
anon_0076119,50
anon_0076119,0
anon_0076126,50
anon_0076134,0
anon_0076119,50
anon_0076145,50
anon_0076119,0
anon_0076119,0
anon_0076134,90
anon_0076119,0
anon_0076134,50
anon_0076119,0
anon_0076145,0
anon_0076119,0
anon_0076134,90
anon_0076119,0
anon_0076145,0
anon_0076128,0
anon_0076119,0
anon_0076119,67
anon_0076103,0
anon_0076119,0
anon_0076128,NA
anon_0076119,50
anon_0076103,100
anon_0076103,0
anon_0076103,90
anon_0076103,0
anon_0076119,95
anon_0076119,0
anon_0076134,0
anon_0076128,0
anon_0076103,0
anon_0076134,95
anon_0076134,85
anon_0076119,85
anon_0076134,100
anon_0076145,100
anon_0076119,0
anon_0076119,50
anon_0076134,85
anon_0076103,0
anon_0076134,0
anon_0076103,0
anon_0076103,50
anon_0076134,NA
anon_0076103,0
anon_0076128,0
anon_0076134,50
anon_0076134,85
anon_0076103,50
anon_0076128,0
anon_0076134,0
anon_0076134,50
anon_0076103,0
anon_0076134,0
anon_0076145,50
anon_0076134,0
anon_0076119,50
anon_0076128,0
anon_0076134,0
anon_0076103,0
anon_0076134,0
anon_0076103,0
anon_0076134,95
anon_0076134,50
anon_0076105,0
anon_0076134,0
anon_0076134,85
anon_0076134,20
anon_0076134,NA
anon_0076134,0
anon_0076158,0
anon_0076176,0
anon_0076158,90
anon_0076176,0
anon_0076177,0
anon_0076156,0
anon_0076156,0
anon_0076176,0
anon_0076158,0
anon_0076177,0
anon_0076158,0
anon_0076158,0
anon_0076166,0
anon_0076158,0
anon_0076158,95
anon_0076169,0
anon_0076166,0
anon_0076158,0
anon_0076166,0
anon_0076158,90
anon_0076156,50
anon_0076166,75
anon_0076166,0
anon_0076166,85
anon_0076158,80
anon_0076158,50
anon_0076166,0
anon_0076166,50
anon_0076169,85
anon_0076158,0
anon_0076158,85
anon_0076169,85
anon_0076176,0
anon_0076158,50
anon_0076153,0
anon_0076176,0
anon_0076156,0
anon_0076166,0
anon_0076156,0
anon_0076169,0
anon_0076156,0
anon_0076158,90
anon_0076176,0
anon_0076176,0
anon_0076177,0
anon_0076176,85
anon_0076156,0
anon_0076176,50
anon_0076153,0
anon_0076153,0
anon_0076177,40
anon_0076166,0
anon_0076176,85
anon_0076176,0
anon_0076153,0
anon_0076153,0
anon_0076158,0
anon_0076177,100
anon_0076176,0
anon_0076176,30
anon_0076156,0
anon_0076156,0
anon_0076156,0
anon_0076169,90
anon_0076176,0
anon_0076177,NA
anon_0076177,0
anon_0076176,0
anon_0076156,80
anon_0076169,0
anon_0076158,85
anon_0076166,0
anon_0076176,85
anon_0076177,50
anon_0076176,50
anon_0076176,0
anon_0076177,0
anon_0076177,85
anon_0076156,70
anon_0076156,20
anon_0076158,90
anon_0076177,0
anon_0076177,85
anon_0076158,0
anon_0076153,0
anon_0076158,75
anon_0076153,0
anon_0076153,0
anon_0076153,0
anon_0076177,50
anon_0076176,0
anon_0076177,0
anon_0076158,0
anon_0076176,0
anon_0076156,0
anon_0076156,0
anon_0076153,80
anon_0076156,0
anon_0076153,50
anon_0076177,0
anon_0076166,75
anon_0076156,0
anon_0076156,85
anon_0076169,0
anon_0076156,100
anon_0076156,100
anon_0076156,0
anon_0076176,0
anon_0076158,50
anon_0076166,75
anon_0076158,0
anon_0076156,90
anon_0076158,0
anon_0076158,100
anon_0076166,85
anon_0076156,20
anon_0076158,0
anon_0076156,0
anon_0076177,0
anon_0076158,0
anon_0076153,0
anon_0076153,0
anon_0076156,0
anon_0076158,50
anon_0076176,85
anon_0076156,50
anon_0076176,0
anon_0076153,0
anon_0076156,0
anon_0076153,85
anon_0076166,85
anon_0076156,100
anon_0076153,0
anon_0076158,85
anon_0076176,0
anon_0076158,100
anon_0076158,50
anon_0076158,0
anon_0076156,0
anon_0076156,0
anon_0076158,0
anon_0076153,0
anon_0076153,0
anon_0076156,0
anon_0076176,0
anon_0076158,60
anon_0076177,0
anon_0076156,100
anon_0076158,80
anon_0076177,50
anon_0076153,0
anon_0076156,100
anon_0076153,0
anon_0076158,0
anon_0076156,100
anon_0076166,85
anon_0076158,0
anon_0076153,85
anon_0076153,0
anon_0076177,50
anon_0076158,90
anon_0076176,0
anon_0076158,90
anon_0076166,0
anon_0076158,0
anon_0076158,0
anon_0076177,0
anon_0076158,0
anon_0076153,0
anon_0076156,100
anon_0076166,85
anon_0076158,0
anon_0076158,85
anon_0076176,0
anon_0076176,0
anon_0076166,85
anon_0076177,0
anon_0076158,0
anon_0076158,0
anon_0076153,0
anon_0076166,50
anon_0076169,100
anon_0076177,0
anon_0076153,0
anon_0076176,0
anon_0076166,50
anon_0076176,0
anon_0076153,0
anon_0076153,0
anon_0076153,50
anon_0076169,0
anon_0076166,0
anon_0076158,85
anon_0076158,0
anon_0076158,0
anon_0076158,0
anon_0076156,NA
anon_0076169,0
anon_0076177,0
anon_0076158,0
anon_0076177,0
anon_0076153,0
anon_0076158,0
anon_0076158,85
anon_0076153,85
anon_0076153,50
anon_0076153,0
anon_0076153,0
anon_0076153,NA
anon_0076153,0
anon_0076169,85
anon_0076166,85
anon_0076176,0
anon_0076158,50
anon_0076169,0
anon_0076153,0
anon_0076153,50
anon_0076153,50
anon_0076176,50
anon_0076176,0
anon_0076158,85
anon_0076156,20
anon_0076158,85
anon_0076166,50
anon_0076169,0
anon_0076177,0
anon_0076158,85
anon_0076153,85
anon_0076158,85
anon_0076176,50
anon_0076166,0
anon_0076158,20
anon_0076169,95
anon_0076166,85
anon_0076158,85
anon_0076156,0
anon_0076153,0
anon_0076156,0
anon_0076153,0
anon_0076156,0
anon_0076156,0
anon_0076156,0
anon_0076156,0
anon_0076153,0
anon_0076156,0
anon_0076153,50
anon_0076169,0
anon_0076153,0
anon_0076169,50
anon_0076156,0
anon_0076156,0
anon_0076153,50
anon_0076153,0
anon_0076156,80
anon_0076153,0
anon_0076156,0
anon_0076156,0
anon_0076153,0
anon_0076169,0
anon_0076153,0
anon_0076156,0
anon_0076156,0
anon_0076169,50
anon_0076156,0
anon_0076153,30
anon_0076156,0
anon_0076156,85
anon_0076153,0
anon_0076156,0
anon_0076153,100
anon_0076169,0
anon_0076156,0
anon_0076169,0
anon_0076153,0
anon_0076153,85
anon_0076153,0
anon_0076156,50
anon_0076156,0
anon_0076153,80
anon_0076169,85
anon_0076156,0
anon_0076156,50
anon_0076156,0
anon_0076156,0
anon_0076156,0
anon_0076156,0
anon_0076156,0
anon_0076156,NA
anon_0076156,0
anon_0076156,50
anon_0076156,0
anon_0076153,0
anon_0076156,0
anon_0076156,80
anon_0076153,0
anon_0076169,85
anon_0076153,0
anon_0076156,0
anon_0076156,0
anon_0076169,90
anon_0076156,0
anon_0076211,0
anon_0076236,0
anon_0076236,0
anon_0076183,100
anon_0076236,0
anon_0076201,0
anon_0076190,0
anon_0076236,85
anon_0076211,0
anon_0076230,0
anon_0076236,0
anon_0076236,85
anon_0076233,90
anon_0076236,0
anon_0076201,100
anon_0076183,0
anon_0076211,0
anon_0076183,0
anon_0076211,0
anon_0076183,0
anon_0076183,0
anon_0076230,0
anon_0076200,NA
anon_0076211,NA
anon_0076211,0
anon_0076201,90
anon_0076211,0
anon_0076188,75
anon_0076213,50
anon_0076200,30
anon_0076183,0
anon_0076211,50
anon_0076183,0
anon_0076233,85
anon_0076236,75
anon_0076236,0
anon_0076190,0
anon_0076200,0
anon_0076188,50
anon_0076183,0
anon_0076236,0
anon_0076236,85
anon_0076200,0
anon_0076201,0
anon_0076211,75
anon_0076200,85
anon_0076201,0
anon_0076201,90
anon_0076236,70
anon_0076200,0
anon_0076211,0
anon_0076190,0
anon_0076190,0
anon_0076201,0
anon_0076190,70
anon_0076201,0
anon_0076200,0
anon_0076190,0
anon_0076200,0
anon_0076201,0
anon_0076200,0
anon_0076183,0
anon_0076201,75
anon_0076233,85
anon_0076201,90
anon_0076190,0
anon_0076201,85
anon_0076236,0
anon_0076190,60
anon_0076200,0
anon_0076200,0
anon_0076190,85
anon_0076200,0
anon_0076211,0
anon_0076201,0
anon_0076201,60
anon_0076201,0
anon_0076190,85
anon_0076201,90
anon_0076201,85
anon_0076200,50
anon_0076211,0
anon_0076190,0
anon_0076201,50
anon_0076190,50
anon_0076183,90
anon_0076200,0
anon_0076201,0
anon_0076190,50
anon_0076236,60
anon_0076190,NA
anon_0076183,0
anon_0076200,75
anon_0076190,0
anon_0076200,0
anon_0076211,0
anon_0076236,0
anon_0076200,50
anon_0076211,0
anon_0076188,50
anon_0076201,0
anon_0076201,0
anon_0076188,85
anon_0076190,0
anon_0076188,85
anon_0076201,95
anon_0076211,0
anon_0076211,0
anon_0076190,0
anon_0076211,0
anon_0076188,0
anon_0076188,0
anon_0076211,0
anon_0076188,100
anon_0076190,0
anon_0076188,85
anon_0076211,85
anon_0076188,85
anon_0076201,0
anon_0076211,0
anon_0076211,0
anon_0076211,95
anon_0076211,95
anon_0076188,0
anon_0076211,100
anon_0076201,90
anon_0076190,0
anon_0076201,0
anon_0076188,0
anon_0076201,50
anon_0076190,0
anon_0076188,85
anon_0076169,0
anon_0076188,70
anon_0076188,0
anon_0076188,0
anon_0076188,85
anon_0076188,50
anon_0076169,50
anon_0076213,85
anon_0076169,0
anon_0076190,0
anon_0076169,50
anon_0076211,0
anon_0076233,90
anon_0076190,NA
anon_0076213,0
anon_0076188,0
anon_0076190,85
anon_0076211,0
anon_0076169,0
anon_0076233,85
anon_0076188,0
anon_0076188,85
anon_0076169,85
anon_0076188,50
anon_0076188,0
anon_0076201,0
anon_0076211,0
anon_0076188,0
anon_0076188,0
anon_0076201,50
anon_0076188,0
anon_0076233,60
anon_0076211,0
anon_0076169,0
anon_0076201,0
anon_0076188,0
anon_0076169,0
anon_0076169,0
anon_0076201,0
anon_0076213,0
anon_0076188,50
anon_0076233,50
anon_0076213,0
anon_0076201,0
anon_0076213,0
anon_0076188,50
anon_0076169,NA
anon_0076233,0
anon_0076213,0
anon_0076233,85
anon_0076201,0
anon_0076201,0
anon_0076169,0
anon_0076211,0
anon_0076188,85
anon_0076213,0
anon_0076190,0
anon_0076169,0
anon_0076211,0
anon_0076211,0
anon_0076188,0
anon_0076188,0
anon_0076211,0
anon_0076169,70
anon_0076201,0
anon_0076201,90
anon_0076201,0
anon_0076213,85
anon_0076233,50
anon_0076201,0
anon_0076213,0
anon_0076211,100
anon_0076211,0
anon_0076169,0
anon_0076201,0
anon_0076211,100
anon_0076169,0
anon_0076213,60
anon_0076213,85
anon_0076169,0
anon_0076213,0
anon_0076201,0
anon_0076211,0
anon_0076169,0
anon_0076211,0
anon_0076201,NA
anon_0076169,0
anon_0076169,0
anon_0076188,50
anon_0076213,50
anon_0076201,0
anon_0076201,0
anon_0076201,0
anon_0076169,0
anon_0076213,85
anon_0076201,50
anon_0076201,0
anon_0076213,0
anon_0076188,85
anon_0076201,0
anon_0076213,0
anon_0076201,90
anon_0076213,0
anon_0076201,0
anon_0076213,60
anon_0076201,0
anon_0076169,0
anon_0076201,0
anon_0076213,0
anon_0076213,85
anon_0076201,NA
anon_0076211,0
anon_0076213,0
anon_0076201,0
anon_0076211,0
anon_0076213,0
anon_0076213,0
anon_0076188,0
anon_0076211,100
anon_0076211,0
anon_0076201,0
anon_0076201,85
anon_0076213,50
anon_0076211,100
anon_0076213,0
anon_0076211,0
anon_0076213,0
anon_0076201,50
anon_0076211,0
anon_0076169,NA
anon_0076213,0
anon_0076213,0
anon_0076213,0
anon_0076213,0
anon_0076213,0
anon_0076213,0
anon_0076201,85
anon_0076201,0
anon_0076213,50
anon_0076213,0
anon_0076201,0
anon_0076213,50
anon_0076213,0
anon_0076211,0
anon_0076200,0
anon_0076213,0
anon_0076169,0
anon_0076213,0
anon_0076200,0
anon_0076201,0
anon_0076213,50
anon_0076211,0
anon_0076213,0
anon_0076213,0
anon_0076200,0
anon_0076213,50
anon_0076169,100
anon_0076213,0
anon_0076200,0
anon_0076213,0
anon_0076190,50
anon_0076190,0
anon_0076200,0
anon_0076233,85
anon_0076201,0
anon_0076213,0
anon_0076201,0
anon_0076213,0
anon_0076213,50
anon_0076211,0
anon_0076213,0
anon_0076183,0
anon_0076213,0
anon_0076213,0
anon_0076213,0
anon_0076233,0
anon_0076190,0
anon_0076200,0
anon_0076213,0
anon_0076213,0
anon_0076200,0
anon_0076200,50
anon_0076211,85
anon_0076233,85
anon_0076200,50
anon_0076169,0
anon_0076233,50
anon_0076213,0
anon_0076200,50
anon_0076200,0
anon_0076233,0
anon_0076213,0
anon_0076213,85
anon_0076213,0
anon_0076183,0
anon_0076190,30
anon_0076183,0
anon_0076213,0
anon_0076213,0
anon_0076183,0
anon_0076190,70
anon_0076213,85
anon_0076183,0
anon_0076213,75
anon_0076169,85
anon_0076183,50
anon_0076200,0
anon_0076233,90
anon_0076183,0
anon_0076213,85
anon_0076213,75
anon_0076183,0
anon_0076190,70
anon_0076183,85
anon_0076200,20
anon_0076169,0
anon_0076213,85
anon_0076200,0
anon_0076169,0
anon_0076169,50
anon_0076213,50
anon_0076213,50
anon_0076169,0
anon_0076190,60
anon_0076233,50
anon_0076190,85
anon_0076213,50
anon_0076190,85
anon_0076213,0
anon_0076233,85
anon_0076233,85
anon_0076169,50
anon_0076213,0
anon_0076213,85
anon_0076213,100
anon_0076213,85
anon_0076213,75
anon_0076213,70
anon_0076183,70
anon_0076190,75
anon_0076213,50
anon_0076190,75
anon_0076183,0
anon_0076213,85
anon_0076213,0
anon_0076233,0
anon_0076183,0
anon_0076190,75
anon_0076213,85
anon_0076190,0
anon_0076190,50
anon_0076190,50
anon_0076190,0
anon_0076213,0
anon_0076213,50
anon_0076190,0
anon_0076190,0
anon_0076213,0
anon_0076213,50
anon_0076190,70
anon_0076190,50
anon_0076213,0
anon_0076213,0
anon_0076190,0
anon_0076213,0
anon_0076190,50
anon_0076190,60
anon_0076190,0
anon_0076213,0
anon_0076213,50
anon_0076190,0
anon_0076190,70
anon_0076213,50
anon_0076190,0
anon_0076190,0
anon_0076190,0
anon_0076213,85
anon_0076190,85
anon_0076190,50
anon_0076190,50
anon_0076190,50
anon_0076213,0
anon_0076190,85
anon_0076213,50
anon_0076190,0
anon_0076213,50
anon_0076213,85
anon_0076190,100
anon_0076190,0
anon_0076213,50
anon_0076213,85
anon_0076190,75
anon_0076190,50
anon_0076213,85
anon_0076190,50
anon_0076213,0
anon_0076190,0
anon_0076213,50
anon_0076190,0
anon_0076190,85
anon_0076190,0
anon_0076190,50
anon_0076190,70
anon_0076190,85
anon_0076213,0
anon_0076190,50
anon_0076213,0
anon_0076233,85
anon_0076213,50
anon_0076213,0
anon_0076213,0
anon_0076213,50
anon_0076213,90
anon_0076190,0
anon_0076190,50
anon_0076190,0
anon_0076190,85
anon_0076218,0
anon_0076260,0
anon_0076218,50
anon_0076260,50
anon_0076260,0
anon_0076260,0
anon_0076260,0
anon_0076218,0
anon_0076218,85
anon_0076260,100
anon_0076260,0
anon_0076239,0
anon_0076245,0
anon_0076218,0
anon_0076218,50
anon_0076260,0
anon_0076239,85
anon_0076230,0
anon_0076245,0
anon_0076260,90
anon_0076260,50
anon_0076245,50
anon_0076239,0
anon_0076239,0
anon_0076245,0
anon_0076218,0
anon_0076260,0
anon_0076230,0
anon_0076260,50
anon_0076260,30
anon_0076260,50
anon_0076230,0
anon_0076239,0
anon_0076230,0
anon_0076218,0
anon_0076260,0
anon_0076218,0
anon_0076260,0
anon_0076218,90
anon_0076260,0
anon_0076260,0
anon_0076239,0
anon_0076239,0
anon_0076239,0
anon_0076245,85
anon_0076260,0
anon_0076218,80
anon_0076239,0
anon_0076239,0
anon_0076260,0
anon_0076260,0
anon_0076218,50
anon_0076245,0
anon_0076218,0
anon_0076218,0
anon_0076260,0
anon_0076239,0
anon_0076230,0
anon_0076218,50
anon_0076260,0
anon_0076239,0
anon_0076260,50
anon_0076239,0
anon_0076245,0
anon_0076239,0
anon_0076239,0
anon_0076245,0
anon_0076260,0
anon_0076218,30
anon_0076218,0
anon_0076245,0
anon_0076239,0
anon_0076230,0
anon_0076260,0
anon_0076239,0
anon_0076245,0
anon_0076260,90
anon_0076218,0
anon_0076239,0
anon_0076230,0
anon_0076230,0
anon_0076245,0
anon_0076239,0
anon_0076239,0
anon_0076260,0
anon_0076239,0
anon_0076239,0
anon_0076218,0
anon_0076230,0
anon_0076260,85
anon_0076230,0
anon_0076218,0
anon_0076218,90
anon_0076260,0
anon_0076218,0
anon_0076218,50
anon_0076260,0
anon_0076260,0
anon_0076239,0
anon_0076218,0
anon_0076230,0
anon_0076213,0
anon_0076230,0
anon_0076239,0
anon_0076230,0
anon_0076236,0
anon_0076218,0
anon_0076230,0
anon_0076213,0
anon_0076230,0
anon_0076236,0
anon_0076236,0
anon_0076236,50
anon_0076230,0
anon_0076236,0
anon_0076218,0
anon_0076213,0
anon_0076239,0
anon_0076236,50
anon_0076230,50
anon_0076239,80
anon_0076236,0
anon_0076239,0
anon_0076230,0
anon_0076233,50
anon_0076239,0
anon_0076236,0
anon_0076236,0
anon_0076230,0
anon_0076239,50
anon_0076218,0
anon_0076233,0
anon_0076236,50
anon_0076230,0
anon_0076230,0
anon_0076218,0
anon_0076230,50
anon_0076236,0
anon_0076239,0
anon_0076230,0
anon_0076236,0
anon_0076239,50
anon_0076213,50
anon_0076230,0
anon_0076236,0
anon_0076239,0
anon_0076218,0
anon_0076236,20
anon_0076239,0
anon_0076233,85
anon_0076239,0
anon_0076230,50
anon_0076236,0
anon_0076233,85
anon_0076236,50
anon_0076236,0
anon_0076230,0
anon_0076233,0
anon_0076236,0
anon_0076239,0
anon_0076236,0
anon_0076236,0
anon_0076236,0
anon_0076233,0
anon_0076230,0
anon_0076233,0
anon_0076236,0
anon_0076230,0
anon_0076239,0
anon_0076233,85
anon_0076239,0
anon_0076230,0
anon_0076239,0
anon_0076230,0
anon_0076239,0
anon_0076236,85
anon_0076230,0
anon_0076213,0
anon_0076236,0
anon_0076233,0
anon_0076236,0
anon_0076230,0
anon_0076230,0
anon_0076236,0
anon_0076230,0
anon_0076236,0
anon_0076230,85
anon_0076213,0
anon_0076239,0
anon_0076233,0
anon_0076230,0
anon_0076236,0
anon_0076230,0
anon_0076230,0
anon_0076239,0
anon_0076218,0
anon_0076218,0
anon_0076236,0
anon_0076233,0
anon_0076230,0
anon_0076236,0
anon_0076233,85
anon_0076236,0
anon_0076230,0
anon_0076236,0
anon_0076236,0
anon_0076233,85
anon_0076236,20
anon_0076218,0
anon_0076236,0
anon_0076239,0
anon_0076230,0
anon_0076230,0
anon_0076218,0
anon_0076233,0
anon_0076230,0
anon_0076236,0
anon_0076236,0
anon_0076239,0
anon_0076230,0
anon_0076230,0
anon_0076218,0
anon_0076230,70
anon_0076233,50
anon_0076230,0
anon_0076236,0
anon_0076236,0
anon_0076236,0
anon_0076236,0
anon_0076218,50
anon_0076233,0
anon_0076233,50
anon_0076233,85
anon_0076236,0
anon_0076230,0
anon_0076230,0
anon_0076218,50
anon_0076236,0
anon_0076236,0
anon_0076233,0
anon_0076236,0
anon_0076233,0
anon_0076233,0
anon_0076233,50
anon_0076236,0
anon_0076233,50
anon_0076233,90
anon_0076233,0
anon_0076236,0
anon_0076233,50
anon_0076233,95
anon_0076236,0
anon_0076233,50
anon_0076233,85
anon_0076233,85
anon_0076233,85
anon_0076233,0
anon_0076236,85
anon_0076233,0
anon_0076233,0
anon_0076236,0
anon_0076236,0
anon_0076230,50
anon_0076233,50
anon_0076236,0
anon_0076236,0
anon_0076236,0
anon_0076236,50
anon_0076233,75
anon_0076233,85
anon_0076233,50
anon_0076233,50
anon_0076233,90
anon_0076233,0
anon_0076236,0
anon_0076213,0
anon_0076233,85
anon_0076233,70
anon_0076233,60
anon_0076236,0
anon_0076236,100
anon_0076233,0
anon_0076233,0
anon_0076213,50
anon_0076233,85
anon_0076230,90
anon_0076236,0
anon_0076233,60
anon_0076236,0
anon_0076236,50
anon_0076218,0
anon_0076233,50
anon_0076213,0
anon_0076236,50
anon_0076213,0
anon_0076233,50
anon_0076218,0
anon_0076218,0
anon_0076213,0
anon_0076213,0
anon_0076213,0
anon_0076233,0
anon_0076236,50
anon_0076213,0
anon_0076218,0
anon_0076233,70
anon_0076236,0
anon_0076233,0
anon_0076233,20
anon_0076236,20
anon_0076218,0
anon_0076218,0
anon_0076213,0
anon_0076213,NA
anon_0076213,0
anon_0076233,50
anon_0076233,0
anon_0076218,0
anon_0076213,0
anon_0076213,50
anon_0076213,0
anon_0076213,50
anon_0076213,50
anon_0076236,50
anon_0076233,60
anon_0076233,60
anon_0076233,0
anon_0076236,0
anon_0076236,0
anon_0076233,0
anon_0076233,0
anon_0076213,0
anon_0076213,0
anon_0076213,0
anon_0076233,0
anon_0076213,0
anon_0076236,30
anon_0076213,0
anon_0076233,20
anon_0076233,0
anon_0076213,0
anon_0076236,0
anon_0076233,0
anon_0076233,50
anon_0076233,75
anon_0076233,0
anon_0076233,0
anon_0076218,0
anon_0076233,50
anon_0076233,50
anon_0076218,0
anon_0076218,0
anon_0076213,0
anon_0076233,50
anon_0076233,0
anon_0076233,50
anon_0076233,85
anon_0076233,85
anon_0076233,75
anon_0076233,60
anon_0076213,0
anon_0076213,NA
anon_0076233,NA
anon_0076260,0
anon_0076297,90
anon_0076324,0
anon_0076297,75
anon_0076324,50
anon_0076260,0
anon_0076320,0
anon_0076292,0
anon_0076260,0
anon_0076320,100
anon_0076320,0
anon_0076324,100
anon_0076320,0
anon_0076260,0
anon_0076280,0
anon_0076324,0
anon_0076320,50
anon_0076292,0
anon_0076280,0
anon_0076324,50
anon_0076269,0
anon_0076292,0
anon_0076290,100
anon_0076292,NA
anon_0076260,50
anon_0076324,100
anon_0076290,0
anon_0076280,0
anon_0076290,85
anon_0076280,0
anon_0076280,0
anon_0076269,95
anon_0076290,100
anon_0076324,70
anon_0076260,0
anon_0076297,100
anon_0076280,0
anon_0076290,0
anon_0076297,0
anon_0076280,0
anon_0076280,0
anon_0076230,0
anon_0076292,0
anon_0076292,85
anon_0076269,0
anon_0076297,85
anon_0076297,50
anon_0076292,0
anon_0076292,0
anon_0076290,0
anon_0076292,0
anon_0076290,85
anon_0076280,0
anon_0076280,0
anon_0076297,0
anon_0076324,0
anon_0076324,85
anon_0076297,75
anon_0076230,0
anon_0076230,0
anon_0076230,0
anon_0076290,0
anon_0076297,0
anon_0076297,0
anon_0076269,0
anon_0076290,0
anon_0076297,50
anon_0076280,0
anon_0076324,0
anon_0076297,0
anon_0076290,100
anon_0076230,0
anon_0076324,50
anon_0076230,0
anon_0076269,0
anon_0076280,0
anon_0076230,0
anon_0076280,0
anon_0076324,0
anon_0076290,0
anon_0076280,0
anon_0076269,0
anon_0076290,0
anon_0076280,50
anon_0076269,0
anon_0076269,0
anon_0076230,0
anon_0076292,0
anon_0076292,0
anon_0076230,0
anon_0076297,0
anon_0076297,0
anon_0076297,80
anon_0076292,0
anon_0076290,0
anon_0076269,85
anon_0076290,0
anon_0076297,50
anon_0076290,90
anon_0076290,0
anon_0076269,0
anon_0076230,0
anon_0076230,0
anon_0076280,0
anon_0076297,100
anon_0076290,0
anon_0076297,50
anon_0076269,50
anon_0076269,0
anon_0076269,0
anon_0076269,50
anon_0076297,0
anon_0076269,0
anon_0076269,95
anon_0076297,90
anon_0076269,85
anon_0076292,0
anon_0076297,90
anon_0076290,50
anon_0076230,50
anon_0076269,0
anon_0076297,0
anon_0076269,0
anon_0076292,0
anon_0076280,0
anon_0076230,0
anon_0076297,85
anon_0076292,0
anon_0076269,0
anon_0076269,0
anon_0076269,100
anon_0076297,85
anon_0076269,0
anon_0076269,50
anon_0076269,0
anon_0076292,0
anon_0076230,50
anon_0076297,0
anon_0076269,0
anon_0076280,0
anon_0076269,0
anon_0076269,0
anon_0076269,0
anon_0076292,0
anon_0076280,0
anon_0076230,0
anon_0076269,0
anon_0076280,30
anon_0076269,85
anon_0076269,0
anon_0076269,0
anon_0076230,85
anon_0076290,0
anon_0076269,0
anon_0076290,0
anon_0076280,0
anon_0076292,0
anon_0076290,0
anon_0076290,0
anon_0076292,0
anon_0076269,0
anon_0076269,50
anon_0076290,80
anon_0076269,0
anon_0076269,50
anon_0076269,0
anon_0076297,85
anon_0076290,0
anon_0076280,0
anon_0076269,0
anon_0076230,0
anon_0076280,0
anon_0076292,0
anon_0076269,85
anon_0076269,0
anon_0076290,80
anon_0076280,0
anon_0076290,50
anon_0076290,0
anon_0076269,0
anon_0076280,0
anon_0076320,0
anon_0076269,50
anon_0076292,0
anon_0076269,0
anon_0076280,0
anon_0076230,0
anon_0076269,0
anon_0076230,0
anon_0076320,100
anon_0076290,100
anon_0076280,0
anon_0076320,0
anon_0076280,50
anon_0076280,50
anon_0076230,0
anon_0076320,50
anon_0076280,0
anon_0076269,0
anon_0076280,50
anon_0076320,100
anon_0076320,0
anon_0076280,0
anon_0076280,0
anon_0076290,100
anon_0076280,0
anon_0076280,0
anon_0076280,0
anon_0076269,0
anon_0076280,0
anon_0076280,0
anon_0076280,0
anon_0076280,0
anon_0076269,0
anon_0076320,50
anon_0076280,0
anon_0076280,0
anon_0076320,0
anon_0076280,0
anon_0076320,0
anon_0076269,50
anon_0076280,0
anon_0076280,0
anon_0076230,0
anon_0076320,50
anon_0076280,0
anon_0076280,0
anon_0076269,85
anon_0076320,50
anon_0076280,50
anon_0076320,0
anon_0076320,0
anon_0076320,90
anon_0076324,30
anon_0076269,50
anon_0076324,50
anon_0076320,50
anon_0076269,0
anon_0076230,0
anon_0076230,0
anon_0076280,0
anon_0076324,0
anon_0076324,0
anon_0076269,50
anon_0076280,0
anon_0076324,0
anon_0076320,0
anon_0076280,0
anon_0076280,20
anon_0076280,0
anon_0076290,100
anon_0076280,0
anon_0076280,50
anon_0076269,0
anon_0076324,0
anon_0076324,50
anon_0076280,0
anon_0076280,60
anon_0076324,0
anon_0076280,40
anon_0076320,0
anon_0076290,0
anon_0076290,100
anon_0076290,0
anon_0076320,0
anon_0076324,50
anon_0076290,100
anon_0076290,0
anon_0076320,50
anon_0076324,0
anon_0076280,50
anon_0076290,0
anon_0076280,50
anon_0076280,0
anon_0076280,0
anon_0076290,50
anon_0076290,0
anon_0076280,0
anon_0076290,100
anon_0076290,0
anon_0076280,0
anon_0076290,0
anon_0076324,30
anon_0076290,85
anon_0076290,0
anon_0076280,50
anon_0076320,0
anon_0076280,0
anon_0076290,0
anon_0076290,95
anon_0076324,50
anon_0076280,0
anon_0076280,0
anon_0076324,0
anon_0076290,80
anon_0076320,0
anon_0076324,0
anon_0076290,100
anon_0076320,85
anon_0076320,0
anon_0076280,0
anon_0076280,0
anon_0076324,0
anon_0076320,0
anon_0076290,50
anon_0076324,50
anon_0076320,0
anon_0076290,90
anon_0076324,0
anon_0076324,0
anon_0076320,50
anon_0076280,0
anon_0076280,0
anon_0076280,0
anon_0076324,0
anon_0076280,0
anon_0076290,90
anon_0076324,0
anon_0076324,0
anon_0076320,50
anon_0076280,0
anon_0076324,0
anon_0076280,90
anon_0076280,0
anon_0076324,0
anon_0076290,0
anon_0076280,50
anon_0076324,0
anon_0076280,50
anon_0076290,0
anon_0076324,0
anon_0076280,0
anon_0076280,50
anon_0076324,0
anon_0076280,0
anon_0076290,50
anon_0076324,0
anon_0076320,80
anon_0076324,0
anon_0076320,100
anon_0076280,80
anon_0076290,50
anon_0076280,0
anon_0076320,50
anon_0076320,50
anon_0076324,0
anon_0076324,0
anon_0076280,0
anon_0076324,0
anon_0076324,0
anon_0076324,50
anon_0076324,0
anon_0076324,0
anon_0076324,60
anon_0076324,0
anon_0076280,0
anon_0076324,0
anon_0076324,0
anon_0076324,50
anon_0076324,0
anon_0076320,50
anon_0076280,0
anon_0076324,0
anon_0076324,50
anon_0076324,0
anon_0076324,50
anon_0076324,0
anon_0076324,0
anon_0076324,0
anon_0076324,0
anon_0076324,50
anon_0076324,0
anon_0076324,50
anon_0076280,20
anon_0076324,85
anon_0076324,0
anon_0076324,0
anon_0076324,50
anon_0076324,0
anon_0076324,0
anon_0076324,0
anon_0076269,100
anon_0076324,0
anon_0076324,30
anon_0076324,50
anon_0076324,0
anon_0076324,0
anon_0076324,85
anon_0076342,100
anon_0076324,0
anon_0076342,0
anon_0076357,90
anon_0076338,100
anon_0076324,0
anon_0076343,0
anon_0076354,0
anon_0076324,0
anon_0076320,0
anon_0076324,30
anon_0076338,0
anon_0076343,50
anon_0076338,90
anon_0076338,0
anon_0076324,0
anon_0076357,0
anon_0076338,0
anon_0076354,0
anon_0076364,100
anon_0076324,20
anon_0076368,0
anon_0076324,50
anon_0076320,0
anon_0076338,0
anon_0076354,90
anon_0076354,85
anon_0076324,0
anon_0076342,90
anon_0076342,90
anon_0076357,0
anon_0076342,50
anon_0076357,0
anon_0076368,0
anon_0076342,0
anon_0076357,95
anon_0076342,0
anon_0076342,0
anon_0076320,0
anon_0076342,0
anon_0076338,0
anon_0076342,95
anon_0076338,NA
anon_0076364,0
anon_0076357,0
anon_0076354,0
anon_0076368,0
anon_0076342,0
anon_0076338,0
anon_0076324,0
anon_0076368,0
anon_0076357,50
anon_0076324,50
anon_0076368,50
anon_0076338,0
anon_0076364,85
anon_0076368,85
anon_0076354,0
anon_0076324,0
anon_0076357,100
anon_0076338,0
anon_0076320,0
anon_0076342,0
anon_0076357,50
anon_0076368,0
anon_0076342,50
anon_0076342,0
anon_0076368,50
anon_0076368,50
anon_0076324,75
anon_0076357,50
anon_0076364,0
anon_0076364,NA
anon_0076320,0
anon_0076342,50
anon_0076320,0
anon_0076357,50
anon_0076368,0
anon_0076342,100
anon_0076368,0
anon_0076324,85
anon_0076368,0
anon_0076342,85
anon_0076342,50
anon_0076338,0
anon_0076354,0
anon_0076342,0
anon_0076354,85
anon_0076368,20
anon_0076320,0
anon_0076368,85
anon_0076324,0
anon_0076368,85
anon_0076368,0
anon_0076338,0
anon_0076368,0
anon_0076342,85
anon_0076364,0
anon_0076364,0
anon_0076338,0
anon_0076338,0
anon_0076320,0
anon_0076343,0
anon_0076354,0
anon_0076343,50
anon_0076338,0
anon_0076320,0
anon_0076364,0
anon_0076343,0
anon_0076343,50
anon_0076354,0
anon_0076343,0
anon_0076338,0
anon_0076338,0
anon_0076320,0
anon_0076320,50
anon_0076343,90
anon_0076343,0
anon_0076338,NA
anon_0076364,0
anon_0076320,0
anon_0076320,70
anon_0076343,0
anon_0076364,0
anon_0076354,0
anon_0076320,0
anon_0076343,50
anon_0076364,0
anon_0076320,0
anon_0076320,0
anon_0076320,0
anon_0076320,0
anon_0076320,50
anon_0076357,50
anon_0076320,80
anon_0076320,100
anon_0076354,0
anon_0076343,60
anon_0076342,95
anon_0076342,50
anon_0076343,50
anon_0076354,0
anon_0076364,0
anon_0076342,0
anon_0076354,0
anon_0076343,100
anon_0076324,0
anon_0076342,20
anon_0076343,0
anon_0076368,0
anon_0076338,0
anon_0076324,0
anon_0076368,85
anon_0076342,0
anon_0076354,0
anon_0076343,50
anon_0076320,0
anon_0076342,0
anon_0076342,50
anon_0076364,0
anon_0076368,80
anon_0076320,0
anon_0076354,50
anon_0076354,0
anon_0076342,90
anon_0076320,0
anon_0076357,0
anon_0076343,20
anon_0076343,85
anon_0076354,0
anon_0076342,0
anon_0076354,0
anon_0076342,85
anon_0076342,85
anon_0076357,0
anon_0076320,0
anon_0076368,0
anon_0076357,50
anon_0076324,50
anon_0076342,30
anon_0076324,75
anon_0076324,0
anon_0076320,0
anon_0076342,0
anon_0076324,85
anon_0076342,85
anon_0076342,0
anon_0076354,90
anon_0076368,0
anon_0076357,50
anon_0076324,30
anon_0076354,0
anon_0076354,0
anon_0076368,75
anon_0076342,85
anon_0076342,0
anon_0076357,50
anon_0076368,75
anon_0076364,0
anon_0076342,0
anon_0076343,50
anon_0076342,50
anon_0076354,50
anon_0076364,0
anon_0076364,90
anon_0076357,0
anon_0076364,20
anon_0076364,0
anon_0076342,100
anon_0076342,95
anon_0076364,0
anon_0076342,0
anon_0076342,0
anon_0076342,85
anon_0076343,50
anon_0076354,70
anon_0076364,0
anon_0076357,0
anon_0076357,50
anon_0076342,50
anon_0076324,50
anon_0076357,0
anon_0076342,30
anon_0076364,0
anon_0076364,100
anon_0076357,0
anon_0076364,0
anon_0076357,0
anon_0076342,85
anon_0076357,0
anon_0076342,100
anon_0076364,50
anon_0076342,50
anon_0076343,50
anon_0076354,50
anon_0076342,70
anon_0076320,100
anon_0076364,0
anon_0076320,0
anon_0076364,0
anon_0076364,0
anon_0076364,NA
anon_0076320,0
anon_0076368,50
anon_0076342,0
anon_0076357,0
anon_0076320,0
anon_0076364,50
anon_0076342,0
anon_0076364,0
anon_0076320,0
anon_0076342,0
anon_0076364,0
anon_0076320,0
anon_0076364,0
anon_0076357,50
anon_0076364,85
anon_0076343,0
anon_0076342,0
anon_0076320,0
anon_0076364,0
anon_0076364,0
anon_0076342,50
anon_0076320,0
anon_0076320,0
anon_0076342,0
anon_0076364,0
anon_0076320,50
anon_0076364,0
anon_0076343,0
anon_0076357,0
anon_0076357,100
anon_0076364,0
anon_0076320,0
anon_0076342,0
anon_0076342,0
anon_0076364,0
anon_0076320,50
anon_0076364,0
anon_0076364,0
anon_0076320,0
anon_0076364,50
anon_0076364,0
anon_0076342,0
anon_0076320,90
anon_0076357,50
anon_0076354,0
anon_0076364,50
anon_0076357,0
anon_0076320,50
anon_0076364,0
anon_0076343,50
anon_0076357,85
anon_0076364,0
anon_0076364,0
anon_0076320,0
anon_0076342,30
anon_0076320,0
anon_0076364,0
anon_0076342,80
anon_0076338,0
anon_0076343,70
anon_0076342,0
anon_0076338,0
anon_0076338,0
anon_0076364,0
anon_0076338,0
anon_0076342,0
anon_0076343,0
anon_0076343,50
anon_0076364,0
anon_0076338,0
anon_0076338,0
anon_0076357,50
anon_0076343,0
anon_0076342,0
anon_0076357,NA
anon_0076320,50
anon_0076357,0
anon_0076357,70
anon_0076342,80
anon_0076338,0
anon_0076342,85
anon_0076338,0
anon_0076368,0
anon_0076338,0
anon_0076320,50
anon_0076338,0
anon_0076368,0
anon_0076357,0
anon_0076338,0
anon_0076320,50
anon_0076338,0
anon_0076368,70
anon_0076343,0
anon_0076368,0
anon_0076368,70
anon_0076357,0
anon_0076368,0
anon_0076342,0
anon_0076343,85
anon_0076368,80
anon_0076338,0
anon_0076368,85
anon_0076364,0
anon_0076368,0
anon_0076338,0
anon_0076368,0
anon_0076368,70
anon_0076338,NA
anon_0076320,85
anon_0076364,75
anon_0076343,0
anon_0076375,85
anon_0076392,0
anon_0076381,0
anon_0076354,0
anon_0076388,0
anon_0076392,0
anon_0076338,0
anon_0076384,0
anon_0076354,0
anon_0076392,0
anon_0076384,0
anon_0076381,90
anon_0076384,0
anon_0076392,0
anon_0076392,0
anon_0076388,0
anon_0076392,20
anon_0076384,85
anon_0076354,0
anon_0076402,20
anon_0076392,85
anon_0076392,0
anon_0076384,0
anon_0076392,0
anon_0076392,0
anon_0076384,0
anon_0076392,0
anon_0076367,0
anon_0076392,0
anon_0076392,30
anon_0076392,0
anon_0076392,0
anon_0076338,0
anon_0076388,100
anon_0076354,0
anon_0076367,0
anon_0076354,0
anon_0076338,0
anon_0076403,0
anon_0076384,85
anon_0076367,50
anon_0076388,20
anon_0076392,0
anon_0076384,70
anon_0076402,85
anon_0076384,85
anon_0076402,0
anon_0076381,50
anon_0076354,0
anon_0076392,0
anon_0076381,0
anon_0076384,0
anon_0076402,85
anon_0076367,0
anon_0076381,50
anon_0076384,50
anon_0076354,0
anon_0076384,50
anon_0076392,0
anon_0076338,0
anon_0076367,0
anon_0076388,0
anon_0076392,0
anon_0076354,0
anon_0076354,0
anon_0076384,0
anon_0076384,0
anon_0076367,85
anon_0076392,50
anon_0076388,0
anon_0076384,85
anon_0076367,70
anon_0076388,0
anon_0076367,85
anon_0076367,60
anon_0076338,0
anon_0076384,85
anon_0076388,0
anon_0076338,50
anon_0076392,0
anon_0076381,85
anon_0076388,0
anon_0076367,90
anon_0076392,50
anon_0076403,50
anon_0076392,100
anon_0076384,0
anon_0076354,0
anon_0076392,50
anon_0076367,85
anon_0076392,0
anon_0076384,0
anon_0076392,0
anon_0076367,50
anon_0076392,0
anon_0076384,90
anon_0076381,75
anon_0076367,85
anon_0076388,0
anon_0076354,60
anon_0076403,85
anon_0076392,0
anon_0076354,50
anon_0076367,0
anon_0076364,0
anon_0076388,0
anon_0076392,0
anon_0076381,0
anon_0076384,0
anon_0076367,0
anon_0076367,0
anon_0076354,50
anon_0076381,0
anon_0076384,90
anon_0076392,NA
anon_0076381,0
anon_0076354,0
anon_0076367,0
anon_0076354,0
anon_0076367,0
anon_0076381,0
anon_0076367,0
anon_0076367,0
anon_0076388,50
anon_0076388,0
anon_0076364,0
anon_0076392,0
anon_0076392,50
anon_0076384,85
anon_0076367,95
anon_0076367,90
anon_0076403,0
anon_0076392,90
anon_0076381,0
anon_0076364,0
anon_0076392,0
anon_0076354,0
anon_0076384,0
anon_0076364,0
anon_0076367,0
anon_0076403,50
anon_0076403,60
anon_0076388,20
anon_0076388,0
anon_0076388,0
anon_0076364,0
anon_0076367,0
anon_0076388,0
anon_0076384,0
anon_0076388,50
anon_0076403,0
anon_0076384,0
anon_0076388,0
anon_0076381,0
anon_0076364,0
anon_0076403,0
anon_0076381,80
anon_0076388,0
anon_0076367,20
anon_0076354,0
anon_0076388,50
anon_0076364,50
anon_0076388,50
anon_0076384,0
anon_0076384,0
anon_0076388,85
anon_0076364,0
anon_0076381,0
anon_0076364,0
anon_0076388,0
anon_0076364,0
anon_0076392,50
anon_0076388,0
anon_0076388,0
anon_0076367,0
anon_0076384,0
anon_0076367,50
anon_0076364,0
anon_0076367,85
anon_0076388,50
anon_0076364,0
anon_0076364,0
anon_0076364,0
anon_0076368,0
anon_0076388,0
anon_0076354,0
anon_0076364,0
anon_0076368,50
anon_0076364,0
anon_0076354,0
anon_0076368,90
anon_0076384,0
anon_0076367,50
anon_0076364,0
anon_0076354,0
anon_0076364,0
anon_0076381,0
anon_0076364,NA
anon_0076368,0
anon_0076368,0
anon_0076368,0
anon_0076381,0
anon_0076364,50
anon_0076364,0
anon_0076354,0
anon_0076388,50
anon_0076368,50
anon_0076388,50
anon_0076388,0
anon_0076384,50
anon_0076381,0
anon_0076368,0
anon_0076368,0
anon_0076381,0
anon_0076364,0
anon_0076388,0
anon_0076364,0
anon_0076364,0
anon_0076368,85
anon_0076364,0
anon_0076368,0
anon_0076354,50
anon_0076388,85
anon_0076368,90
anon_0076392,50
anon_0076354,0
anon_0076381,0
anon_0076388,0
anon_0076364,0
anon_0076354,0
anon_0076368,0
anon_0076388,0
anon_0076384,50
anon_0076354,0
anon_0076364,85
anon_0076364,0
anon_0076354,NA
anon_0076368,0
anon_0076367,0
anon_0076384,50
anon_0076368,0
anon_0076364,85
anon_0076364,0
anon_0076368,0
anon_0076354,NA
anon_0076368,0
anon_0076368,0
anon_0076384,85
anon_0076368,0
anon_0076381,90
anon_0076381,85
anon_0076368,50
anon_0076381,0
anon_0076368,0
anon_0076364,0
anon_0076354,0
anon_0076381,75
anon_0076368,0
anon_0076381,0
anon_0076381,0
anon_0076381,0
anon_0076381,90
anon_0076364,0
anon_0076384,85
anon_0076364,0
anon_0076368,85
anon_0076368,0
anon_0076381,0
anon_0076368,0
anon_0076367,85
anon_0076381,NA
anon_0076381,0
anon_0076381,85
anon_0076381,0
anon_0076381,0
anon_0076381,50
anon_0076368,50
anon_0076368,0
anon_0076381,85
anon_0076368,0
anon_0076364,0
anon_0076368,0
anon_0076381,0
anon_0076381,0
anon_0076364,85
anon_0076381,0
anon_0076381,50
anon_0076368,0
anon_0076368,85
anon_0076381,50
anon_0076381,85
anon_0076368,80
anon_0076364,0
anon_0076381,50
anon_0076364,0
anon_0076381,0
anon_0076381,0
anon_0076381,85
anon_0076381,0
anon_0076381,0
anon_0076381,0
anon_0076381,85
anon_0076381,50
anon_0076368,0
anon_0076381,50
anon_0076368,0
anon_0076381,0
anon_0076368,85
anon_0076381,50
anon_0076368,50
anon_0076402,0
anon_0076403,0
anon_0076428,85
anon_0076410,0
anon_0076403,0
anon_0076403,0
anon_0076413,0
anon_0076403,50
anon_0076428,85
anon_0076410,0
anon_0076414,90
anon_0076402,0
anon_0076402,0
anon_0076413,0
anon_0076428,85
anon_0076402,0
anon_0076403,0
anon_0076413,0
anon_0076402,0
anon_0076427,85
anon_0076413,0
anon_0076414,0
anon_0076414,80
anon_0076428,80
anon_0076402,0
anon_0076402,0
anon_0076413,0
anon_0076410,60
anon_0076402,0
anon_0076428,50
anon_0076403,0
anon_0076403,100
anon_0076413,0
anon_0076428,0
anon_0076428,50
anon_0076402,0
anon_0076403,0
anon_0076403,0
anon_0076403,85
anon_0076367,0
anon_0076427,0
anon_0076403,0
anon_0076367,0
anon_0076403,0
anon_0076413,40
anon_0076402,50
anon_0076403,0
anon_0076402,0
anon_0076413,0
anon_0076403,0
anon_0076413,0
anon_0076413,0
anon_0076413,30
anon_0076403,0
anon_0076413,50
anon_0076413,70
anon_0076367,0
anon_0076403,60
anon_0076403,100
anon_0076403,50
anon_0076403,0
anon_0076403,0
anon_0076414,70
anon_0076428,50
anon_0076403,50
anon_0076403,75
anon_0076403,0
anon_0076403,0
anon_0076403,0
anon_0076367,50
anon_0076403,50
anon_0076403,0
anon_0076410,NA
anon_0076403,0
anon_0076402,30
anon_0076403,0
anon_0076403,85
anon_0076403,50
anon_0076413,0
anon_0076402,50
anon_0076413,0
anon_0076427,0
anon_0076403,75
anon_0076403,85
anon_0076410,100
anon_0076403,50
anon_0076402,0
anon_0076413,50
anon_0076403,0
anon_0076428,85
anon_0076427,0
anon_0076413,0
anon_0076427,0
anon_0076402,50
anon_0076413,0
anon_0076413,0
anon_0076413,0
anon_0076413,0
anon_0076413,0
anon_0076413,85
anon_0076413,0
anon_0076403,0
anon_0076413,0
anon_0076403,0
anon_0076428,0
anon_0076427,0
anon_0076427,0
anon_0076402,0
anon_0076428,85
anon_0076428,85
anon_0076413,0
anon_0076428,0
anon_0076428,0
anon_0076410,0
anon_0076410,0
anon_0076413,85
anon_0076428,80
anon_0076402,0
anon_0076413,50
anon_0076428,NA
anon_0076413,0
anon_0076428,100
anon_0076402,0
anon_0076413,0
anon_0076428,50
anon_0076428,0
anon_0076410,0
anon_0076403,0
anon_0076427,0
anon_0076403,20
anon_0076427,100
anon_0076403,50
anon_0076403,0
anon_0076427,0
anon_0076413,85
anon_0076402,50
anon_0076413,50
anon_0076428,0
anon_0076410,0
anon_0076413,0
anon_0076402,0
anon_0076410,50
anon_0076413,0
anon_0076403,30
anon_0076403,85
anon_0076410,0
anon_0076413,0
anon_0076413,85
anon_0076410,0
anon_0076427,50
anon_0076410,0
anon_0076413,0
anon_0076413,0
anon_0076410,30
anon_0076410,0
anon_0076403,0
anon_0076410,0
anon_0076413,0
anon_0076410,0
anon_0076413,0
anon_0076410,0
anon_0076413,0
anon_0076403,0
anon_0076413,85
anon_0076410,100
anon_0076428,0
anon_0076413,0
anon_0076410,70
anon_0076403,0
anon_0076410,30
anon_0076410,0
anon_0076403,50
anon_0076403,0
anon_0076402,0
anon_0076428,0
anon_0076403,100
anon_0076428,0
anon_0076413,0
anon_0076403,75
anon_0076410,0
anon_0076410,30
anon_0076413,0
anon_0076403,0
anon_0076410,0
anon_0076413,50
anon_0076410,0
anon_0076403,0
anon_0076410,0
anon_0076403,NA
anon_0076410,0
anon_0076410,0
anon_0076403,50
anon_0076413,0
anon_0076428,85
anon_0076402,0
anon_0076410,0
anon_0076414,0
anon_0076428,0
anon_0076428,0
anon_0076414,0
anon_0076428,0
anon_0076428,0
anon_0076410,0
anon_0076410,0
anon_0076413,50
anon_0076410,0
anon_0076414,0
anon_0076414,0
anon_0076402,0
anon_0076410,50
anon_0076410,0
anon_0076410,0
anon_0076410,0
anon_0076402,0
anon_0076410,0
anon_0076410,20
anon_0076410,0
anon_0076410,0
anon_0076414,0
anon_0076414,0
anon_0076414,0
anon_0076414,0
anon_0076410,0
anon_0076414,0
anon_0076414,0
anon_0076428,50
anon_0076410,0
anon_0076410,30
anon_0076410,0
anon_0076410,0
anon_0076402,0
anon_0076410,0
anon_0076410,0
anon_0076414,0
anon_0076402,0
anon_0076410,85
anon_0076402,0
anon_0076410,50
anon_0076410,0
anon_0076410,0
anon_0076428,50
anon_0076410,85
anon_0076410,85
anon_0076414,100
anon_0076413,0
anon_0076414,0
anon_0076410,0
anon_0076402,0
anon_0076428,85
anon_0076410,0
anon_0076410,0
anon_0076414,85
anon_0076414,0
anon_0076414,0
anon_0076402,50
anon_0076414,0
anon_0076414,NA
anon_0076428,0
anon_0076410,20
anon_0076410,NA
anon_0076410,0
anon_0076414,100
anon_0076428,0
anon_0076428,0
anon_0076414,85
anon_0076428,85
anon_0076414,0
anon_0076414,50
anon_0076428,50
anon_0076414,85
anon_0076428,50
anon_0076410,30
anon_0076428,85
anon_0076410,20
anon_0076414,0
anon_0076402,0
anon_0076410,50
anon_0076428,0
anon_0076414,0
anon_0076428,0
anon_0076410,100
anon_0076402,0
anon_0076428,0
anon_0076402,0
anon_0076414,50
anon_0076410,0
anon_0076428,40
anon_0076402,0
anon_0076428,0
anon_0076410,40
anon_0076410,0
anon_0076428,50
anon_0076410,0
anon_0076428,0
anon_0076428,0
anon_0076410,30
anon_0076414,90
anon_0076402,50
anon_0076414,0
anon_0076428,0
anon_0076414,0
anon_0076428,30
anon_0076402,0
anon_0076402,0
anon_0076410,0
anon_0076410,50
anon_0076428,0
anon_0076414,90
anon_0076402,50
anon_0076402,50
anon_0076414,50
anon_0076414,100
anon_0076428,0
anon_0076428,20
anon_0076402,NA
anon_0076414,0
anon_0076410,0
anon_0076414,50
anon_0076402,30
anon_0076428,50
anon_0076410,30
anon_0076414,100
anon_0076414,0
anon_0076414,90
anon_0076414,0
anon_0076414,100
anon_0076414,0
anon_0076402,0
anon_0076410,0
anon_0076402,85
anon_0076414,85
anon_0076410,0
anon_0076410,0
anon_0076428,NA
anon_0076402,50
anon_0076410,0
anon_0076410,NA
anon_0076428,85
anon_0076410,30
anon_0076410,50
anon_0076410,50
anon_0076414,85
anon_0076428,0
anon_0076410,50
anon_0076428,NA
anon_0076410,0
anon_0076402,85
anon_0076427,0
anon_0076439,50
anon_0076470,50
anon_0076439,95
anon_0076466,0
anon_0076458,50
anon_0076441,100
anon_0076470,0
anon_0076458,0
anon_0076427,0
anon_0076439,0
anon_0076449,85
anon_0076470,0
anon_0076470,0
anon_0076439,0
anon_0076474,100
anon_0076458,85
anon_0076474,0
anon_0076439,0
anon_0076449,0
anon_0076449,0
anon_0076441,95
anon_0076439,0
anon_0076449,50
anon_0076463,0
anon_0076441,100
anon_0076449,0
anon_0076474,90
anon_0076449,80
anon_0076439,0
anon_0076439,0
anon_0076441,90
anon_0076458,0
anon_0076439,0
anon_0076463,85
anon_0076466,0
anon_0076439,0
anon_0076439,0
anon_0076466,0
anon_0076427,0
anon_0076470,20
anon_0076427,0
anon_0076474,85
anon_0076470,50
anon_0076449,80
anon_0076439,0
anon_0076428,0
anon_0076458,0
anon_0076427,0
anon_0076458,0
anon_0076449,85
anon_0076458,100
anon_0076439,0
anon_0076449,90
anon_0076428,0
anon_0076439,0
anon_0076439,0
anon_0076439,0
anon_0076474,0
anon_0076427,0
anon_0076449,90
anon_0076439,0
anon_0076449,50
anon_0076458,85
anon_0076463,0
anon_0076463,100
anon_0076449,50
anon_0076463,0
anon_0076470,50
anon_0076441,0
anon_0076463,90
anon_0076427,0
anon_0076439,0
anon_0076439,0
anon_0076463,0
anon_0076458,0
anon_0076463,50
anon_0076470,100
anon_0076458,0
anon_0076439,0
anon_0076449,0
anon_0076463,0
anon_0076463,0
anon_0076441,0
anon_0076463,0
anon_0076439,0
anon_0076441,0
anon_0076458,0
anon_0076470,40
anon_0076439,85
anon_0076428,0
anon_0076428,85
anon_0076458,70
anon_0076474,0
anon_0076441,0
anon_0076463,0
anon_0076470,0
anon_0076463,50
anon_0076428,50
anon_0076474,100
anon_0076449,0
anon_0076427,0
anon_0076458,0
anon_0076474,50
anon_0076463,85
anon_0076428,0
anon_0076427,80
anon_0076458,0
anon_0076441,0
anon_0076470,0
anon_0076463,0
anon_0076474,0
anon_0076427,0
anon_0076463,85
anon_0076463,0
anon_0076441,0
anon_0076428,0
anon_0076439,0
anon_0076458,50
anon_0076439,0
anon_0076458,0
anon_0076427,0
anon_0076441,50
anon_0076441,85
anon_0076463,0
anon_0076441,0
anon_0076449,0
anon_0076458,50
anon_0076427,0
anon_0076449,0
anon_0076458,0
anon_0076458,0
anon_0076439,0
anon_0076458,0
anon_0076439,0
anon_0076474,0
anon_0076439,0
anon_0076441,85
anon_0076449,0
anon_0076463,0
anon_0076458,0
anon_0076427,0
anon_0076458,0
anon_0076439,0
anon_0076458,0
anon_0076449,50
anon_0076427,0
anon_0076470,50
anon_0076449,0
anon_0076449,50
anon_0076458,0
anon_0076427,0
anon_0076449,0
anon_0076458,0
anon_0076427,0
anon_0076449,80
anon_0076439,50
anon_0076441,0
anon_0076439,NA
anon_0076439,30
anon_0076458,0
anon_0076427,0
anon_0076427,0
anon_0076441,90
anon_0076458,50
anon_0076427,0
anon_0076470,0
anon_0076427,0
anon_0076458,85
anon_0076458,85
anon_0076449,0
anon_0076449,0
anon_0076458,0
anon_0076449,100
anon_0076449,85
anon_0076427,40
anon_0076458,85
anon_0076441,90
anon_0076449,0
anon_0076439,0
anon_0076427,0
anon_0076449,0
anon_0076449,0
anon_0076458,0
anon_0076458,85
anon_0076458,85
anon_0076449,20
anon_0076458,85
anon_0076427,0
anon_0076474,50
anon_0076449,85
anon_0076449,NA
anon_0076441,0
anon_0076449,50
anon_0076441,0
anon_0076449,0
anon_0076449,0
anon_0076449,0
anon_0076427,0
anon_0076427,0
anon_0076439,0
anon_0076449,0
anon_0076449,0
anon_0076439,0
anon_0076441,0
anon_0076441,0
anon_0076449,0
anon_0076458,0
anon_0076439,0
anon_0076449,0
anon_0076427,0
anon_0076449,85
anon_0076427,0
anon_0076449,0
anon_0076441,50
anon_0076449,0
anon_0076458,80
anon_0076458,0
anon_0076449,85
anon_0076439,0
anon_0076458,0
anon_0076458,0
anon_0076449,30
anon_0076441,0
anon_0076427,0
anon_0076441,95
anon_0076449,85
anon_0076449,0
anon_0076449,50
anon_0076449,0
anon_0076427,0
anon_0076449,0
anon_0076449,0
anon_0076441,100
anon_0076439,0
anon_0076458,0
anon_0076458,0
anon_0076449,0
anon_0076449,85
anon_0076439,0
anon_0076449,85
anon_0076439,0
anon_0076458,20
anon_0076458,0
anon_0076427,70
anon_0076441,0
anon_0076458,0
anon_0076439,0
anon_0076439,90
anon_0076449,0
anon_0076449,50
anon_0076439,0
anon_0076449,90
anon_0076449,0
anon_0076441,50
anon_0076449,0
anon_0076439,0
anon_0076441,95
anon_0076449,50
anon_0076449,50
anon_0076458,0
anon_0076449,85
anon_0076449,0
anon_0076439,0
anon_0076441,0
anon_0076441,100
anon_0076441,50
anon_0076449,0
anon_0076449,0
anon_0076439,0
anon_0076449,70
anon_0076449,50
anon_0076449,0
anon_0076449,0
anon_0076449,0
anon_0076449,0
anon_0076458,0
anon_0076441,50
anon_0076458,50
anon_0076449,50
anon_0076441,90
anon_0076449,NA
anon_0076428,0
anon_0076458,50
anon_0076441,100
anon_0076428,0
anon_0076449,0
anon_0076441,85
anon_0076428,90
anon_0076458,50
anon_0076441,100
anon_0076441,100
anon_0076439,0
anon_0076449,50
anon_0076428,0
anon_0076439,0
anon_0076449,0
anon_0076428,0
anon_0076458,100
anon_0076441,95
anon_0076441,0
anon_0076441,100
anon_0076439,0
anon_0076449,50
anon_0076441,100
anon_0076439,100
anon_0076441,100
anon_0076449,0
anon_0076439,50
anon_0076441,0
anon_0076441,0
anon_0076441,100
anon_0076449,0
anon_0076441,100
anon_0076428,0
anon_0076441,0
anon_0076441,85
anon_0076449,0
anon_0076428,0
anon_0076441,0
anon_0076441,0
anon_0076441,50
anon_0076441,50
anon_0076441,0
anon_0076441,50
anon_0076428,0
anon_0076441,100
anon_0076441,0
anon_0076441,0
anon_0076449,85
anon_0076441,50
anon_0076441,90
anon_0076441,85
anon_0076441,0
anon_0076441,90
anon_0076428,0
anon_0076441,95
anon_0076441,85
anon_0076441,0
anon_0076441,85
anon_0076441,85
anon_0076441,85
anon_0076441,50
anon_0076441,0
anon_0076428,0
anon_0076441,0
anon_0076441,90
anon_0076428,50
anon_0076427,0
anon_0076441,75
anon_0076449,50
anon_0076441,85
anon_0076493,0
anon_0076470,0
anon_0076507,0
anon_0076479,0
anon_0076470,0
anon_0076520,90
anon_0076470,0
anon_0076493,0
anon_0076479,0
anon_0076493,0
anon_0076510,0
anon_0076479,0
anon_0076479,50
anon_0076479,0
anon_0076479,0
anon_0076520,50
anon_0076520,0
anon_0076507,0
anon_0076501,50
anon_0076514,80
anon_0076507,0
anon_0076510,0
anon_0076514,50
anon_0076479,0
anon_0076520,50
anon_0076493,85
anon_0076493,90
anon_0076479,50
anon_0076507,0
anon_0076520,95
anon_0076493,85
anon_0076479,0
anon_0076507,0
anon_0076479,80
anon_0076493,0
anon_0076479,0
anon_0076493,0
anon_0076493,50
anon_0076501,100
anon_0076514,85
anon_0076520,0
anon_0076479,0
anon_0076470,0
anon_0076479,0
anon_0076510,90
anon_0076493,85
anon_0076474,0
anon_0076514,0
anon_0076520,0
anon_0076463,100
anon_0076501,0
anon_0076507,0
anon_0076474,0
anon_0076463,0
anon_0076501,20
anon_0076474,0
anon_0076501,85
anon_0076501,20
anon_0076463,0
anon_0076501,50
anon_0076474,0
anon_0076501,0
anon_0076507,0
anon_0076474,50
anon_0076501,0
anon_0076474,80
anon_0076463,100
anon_0076507,0
anon_0076474,0
anon_0076493,0
anon_0076514,50
anon_0076463,0
anon_0076474,0
anon_0076507,0
anon_0076514,0
anon_0076474,0
anon_0076463,0
anon_0076479,0
anon_0076501,0
anon_0076479,0
anon_0076463,0
anon_0076474,80
anon_0076501,0
anon_0076474,0
anon_0076510,0
anon_0076493,0
anon_0076463,0
anon_0076493,0
anon_0076514,20
anon_0076501,0
anon_0076501,0
anon_0076501,20
anon_0076501,0
anon_0076463,0
anon_0076463,0
anon_0076501,85
anon_0076479,50
anon_0076463,0
anon_0076479,0
anon_0076463,0
anon_0076510,85
anon_0076510,0
anon_0076510,90
anon_0076501,0
anon_0076463,0
anon_0076501,50
anon_0076501,50
anon_0076510,0
anon_0076463,0
anon_0076510,100
anon_0076466,0
anon_0076493,0
anon_0076463,0
anon_0076510,0
anon_0076501,0
anon_0076510,NA
anon_0076479,50
anon_0076463,85
anon_0076463,50
anon_0076507,0
anon_0076474,NA
anon_0076463,0
anon_0076501,0
anon_0076493,0
anon_0076510,85
anon_0076514,0
anon_0076501,50
anon_0076479,0
anon_0076463,0
anon_0076501,0
anon_0076514,30
anon_0076463,0
anon_0076501,0
anon_0076501,0
anon_0076493,0
anon_0076510,0
anon_0076463,50
anon_0076501,0
anon_0076463,0
anon_0076510,0
anon_0076479,0
anon_0076466,0
anon_0076466,85
anon_0076463,0
anon_0076466,50
anon_0076463,75
anon_0076466,0
anon_0076479,0
anon_0076510,75
anon_0076466,0
anon_0076510,NA
anon_0076466,0
anon_0076466,0
anon_0076466,0
anon_0076501,0
anon_0076501,0
anon_0076479,0
anon_0076501,50
anon_0076466,40
anon_0076466,0
anon_0076466,95
anon_0076479,85
anon_0076466,50
anon_0076507,0
anon_0076510,50
anon_0076501,0
anon_0076466,85
anon_0076466,50
anon_0076466,0
anon_0076466,50
anon_0076466,50
anon_0076466,50
anon_0076466,70
anon_0076463,0
anon_0076479,100
anon_0076466,50
anon_0076466,0
anon_0076466,85
anon_0076466,50
anon_0076466,70
anon_0076466,30
anon_0076466,0
anon_0076501,0
anon_0076501,0
anon_0076474,0
anon_0076466,70
anon_0076463,0
anon_0076479,80
anon_0076501,0
anon_0076466,50
anon_0076507,0
anon_0076466,85
anon_0076507,0
anon_0076501,50
anon_0076501,50
anon_0076501,0
anon_0076501,20
anon_0076479,0
anon_0076466,0
anon_0076507,0
anon_0076510,0
anon_0076479,0
anon_0076466,50
anon_0076463,0
anon_0076463,0
anon_0076466,90
anon_0076466,50
anon_0076466,50
anon_0076507,0
anon_0076507,0
anon_0076507,0
anon_0076501,90
anon_0076466,85
anon_0076466,0
anon_0076466,85
anon_0076501,50
anon_0076466,50
anon_0076466,50
anon_0076507,0
anon_0076507,0
anon_0076493,0
anon_0076507,20
anon_0076466,0
anon_0076501,0
anon_0076510,85
anon_0076466,0
anon_0076493,85
anon_0076466,0
anon_0076507,0
anon_0076493,90
anon_0076501,NA
anon_0076466,75
anon_0076514,85
anon_0076493,0
anon_0076514,0
anon_0076466,0
anon_0076493,0
anon_0076493,0
anon_0076466,75
anon_0076466,0
anon_0076514,85
anon_0076514,0
anon_0076463,0
anon_0076463,0
anon_0076466,50
anon_0076510,100
anon_0076466,0
anon_0076463,0
anon_0076463,0
anon_0076493,0
anon_0076493,85
anon_0076514,85
anon_0076463,50
anon_0076463,0
anon_0076466,50
anon_0076463,85
anon_0076479,0
anon_0076514,90
anon_0076463,50
anon_0076514,50
anon_0076501,90
anon_0076463,0
anon_0076510,0
anon_0076493,0
anon_0076507,0
anon_0076466,60
anon_0076463,0
anon_0076466,50
anon_0076466,85
anon_0076466,0
anon_0076501,0
anon_0076463,0
anon_0076463,0
anon_0076463,85
anon_0076463,70
anon_0076463,0
anon_0076466,50
anon_0076463,0
anon_0076466,50
anon_0076493,85
anon_0076463,0
anon_0076493,0
anon_0076510,75
anon_0076463,85
anon_0076514,0
anon_0076466,50
anon_0076514,0
anon_0076463,90
anon_0076463,50
anon_0076466,85
anon_0076510,0
anon_0076466,0
anon_0076466,0
anon_0076466,0
anon_0076466,0
anon_0076466,0
anon_0076463,0
anon_0076510,0
anon_0076466,0
anon_0076463,0
anon_0076466,0
anon_0076466,0
anon_0076466,0
anon_0076463,0
anon_0076466,95
anon_0076466,0
anon_0076510,0
anon_0076510,0
anon_0076466,0
anon_0076466,0
anon_0076510,75
anon_0076463,0
anon_0076463,0
anon_0076510,85
anon_0076463,0
anon_0076466,50
anon_0076463,85
anon_0076466,0
anon_0076466,0
anon_0076463,0
anon_0076463,50
anon_0076463,0
anon_0076510,90
anon_0076466,0
anon_0076466,0
anon_0076510,50
anon_0076510,0
anon_0076466,85
anon_0076466,0
anon_0076466,0
anon_0076466,60
anon_0076466,0
anon_0076466,50
anon_0076463,0
anon_0076466,100
anon_0076466,0
anon_0076466,0
anon_0076466,0
anon_0076466,0
anon_0076463,50
anon_0076463,0
anon_0076466,0
anon_0076466,0
anon_0076466,0
anon_0076466,0
anon_0076466,0
anon_0076463,0
anon_0076463,50
anon_0076466,0
anon_0076466,0
anon_0076510,85
anon_0076466,NA
anon_0076466,0
anon_0076466,0
anon_0076466,0
anon_0076466,0
anon_0076466,0
anon_0076463,75
anon_0076510,0
anon_0076466,0
anon_0076466,0
anon_0076466,50
anon_0076510,0
anon_0076463,0
anon_0076463,50
anon_0076463,0
anon_0076466,0
anon_0076463,100
anon_0076466,85
anon_0076466,50
anon_0076463,50
anon_0076466,0
anon_0076574,80
anon_0076555,0
anon_0076548,0
anon_0076574,100
anon_0076548,85
anon_0076520,85
anon_0076555,0
anon_0076529,0
anon_0076580,0
anon_0076531,0
anon_0076548,95
anon_0076529,0
anon_0076520,50
anon_0076520,0
anon_0076555,0
anon_0076580,0
anon_0076555,80
anon_0076555,0
anon_0076548,0
anon_0076555,0
anon_0076580,100
anon_0076531,50
anon_0076548,85
anon_0076574,0
anon_0076520,0
anon_0076520,95
anon_0076548,0
anon_0076574,75
anon_0076555,50
anon_0076555,0
anon_0076574,0
anon_0076580,85
anon_0076555,0
anon_0076580,0
anon_0076574,0
anon_0076548,50
anon_0076548,50
anon_0076529,0
anon_0076555,0
anon_0076548,80
anon_0076555,50
anon_0076548,0
anon_0076520,50
anon_0076548,80
anon_0076555,30
anon_0076580,0
anon_0076531,0
anon_0076574,0
anon_0076555,0
anon_0076580,0
anon_0076531,0
anon_0076555,100
anon_0076529,0
anon_0076555,70
anon_0076529,30
anon_0076529,0
anon_0076555,0
anon_0076574,0
anon_0076548,50
anon_0076574,50
anon_0076574,0
anon_0076555,100
anon_0076520,0
anon_0076574,0
anon_0076574,0
anon_0076555,0
anon_0076555,0
anon_0076548,50
anon_0076548,0
anon_0076548,75
anon_0076555,0
anon_0076548,100
anon_0076529,0
anon_0076529,0
anon_0076548,50
anon_0076548,85
anon_0076531,0
anon_0076548,100
anon_0076548,0
anon_0076555,0
anon_0076529,NA
anon_0076548,0
anon_0076548,0
anon_0076548,50
anon_0076548,0
anon_0076529,0
anon_0076555,30
anon_0076531,50
anon_0076580,100
anon_0076548,90
anon_0076555,30
anon_0076548,0
anon_0076548,0
anon_0076574,0
anon_0076531,0
anon_0076548,0
anon_0076574,0
anon_0076548,0
anon_0076548,0
anon_0076529,0
anon_0076574,0
anon_0076548,50
anon_0076548,50
anon_0076555,50
anon_0076548,0
anon_0076555,60
anon_0076555,75
anon_0076548,0
anon_0076548,0
anon_0076548,85
anon_0076555,0
anon_0076548,0
anon_0076548,NA
anon_0076548,0
anon_0076574,0
anon_0076531,NA
anon_0076548,0
anon_0076531,0
anon_0076548,50
anon_0076548,0
anon_0076574,0
anon_0076548,85
anon_0076548,90
anon_0076555,0
anon_0076529,0
anon_0076548,0
anon_0076548,0
anon_0076548,NA
anon_0076548,95
anon_0076555,0
anon_0076574,0
anon_0076555,50
anon_0076555,85
anon_0076548,50
anon_0076555,0
anon_0076555,0
anon_0076514,0
anon_0076514,0
anon_0076531,0
anon_0076520,0
anon_0076555,80
anon_0076531,0
anon_0076514,0
anon_0076555,50
anon_0076574,0
anon_0076514,0
anon_0076574,0
anon_0076520,100
anon_0076574,0
anon_0076555,30
anon_0076531,0
anon_0076548,0
anon_0076548,50
anon_0076574,NA
anon_0076574,0
anon_0076520,0
anon_0076514,0
anon_0076555,0
anon_0076574,0
anon_0076574,0
anon_0076548,0
anon_0076514,0
anon_0076531,50
anon_0076520,50
anon_0076531,30
anon_0076520,50
anon_0076520,0
anon_0076548,85
anon_0076514,0
anon_0076548,0
anon_0076531,50
anon_0076555,0
anon_0076514,0
anon_0076529,0
anon_0076529,0
anon_0076548,85
anon_0076514,0
anon_0076520,100
anon_0076520,0
anon_0076514,0
anon_0076555,50
anon_0076548,0
anon_0076514,85
anon_0076514,0
anon_0076548,0
anon_0076520,0
anon_0076548,50
anon_0076529,0
anon_0076531,85
anon_0076514,0
anon_0076520,0
anon_0076514,50
anon_0076520,0
anon_0076531,50
anon_0076531,0
anon_0076531,85
anon_0076520,0
anon_0076548,0
anon_0076531,85
anon_0076520,0
anon_0076529,0
anon_0076529,0
anon_0076520,85
anon_0076574,0
anon_0076514,30
anon_0076520,0
anon_0076529,0
anon_0076531,0
anon_0076514,0
anon_0076531,50
anon_0076529,0
anon_0076531,0
anon_0076514,60
anon_0076514,0
anon_0076531,0
anon_0076520,0
anon_0076574,0
anon_0076520,90
anon_0076531,30
anon_0076514,0
anon_0076531,0
anon_0076529,0
anon_0076548,0
anon_0076514,0
anon_0076529,0
anon_0076555,0
anon_0076548,0
anon_0076529,0
anon_0076514,0
anon_0076529,0
anon_0076514,0
anon_0076574,0
anon_0076529,0
anon_0076529,0
anon_0076529,0
anon_0076574,0
anon_0076520,100
anon_0076514,0
anon_0076574,0
anon_0076514,0
anon_0076529,0
anon_0076520,0
anon_0076520,85
anon_0076531,50
anon_0076520,0
anon_0076520,0
anon_0076520,0
anon_0076529,50
anon_0076520,50
anon_0076555,0
anon_0076555,0
anon_0076529,0
anon_0076548,75
anon_0076555,0
anon_0076520,0
anon_0076555,0
anon_0076514,0
anon_0076529,50
anon_0076555,30
anon_0076555,85
anon_0076514,0
anon_0076514,0
anon_0076520,0
anon_0076529,0
anon_0076531,0
anon_0076514,0
anon_0076520,75
anon_0076520,0
anon_0076531,50
anon_0076514,0
anon_0076520,0
anon_0076520,50
anon_0076514,85
anon_0076531,0
anon_0076514,0
anon_0076514,0
anon_0076514,0
anon_0076531,100
anon_0076531,50
anon_0076514,0
anon_0076514,0
anon_0076555,85
anon_0076514,0
anon_0076514,NA
anon_0076514,50
anon_0076555,30
anon_0076514,70
anon_0076555,0
anon_0076514,0
anon_0076555,0
anon_0076514,0
anon_0076514,50
anon_0076548,0
anon_0076514,50
anon_0076514,0
anon_0076555,75
anon_0076514,0
anon_0076514,0
anon_0076555,90
anon_0076520,85
anon_0076514,50
anon_0076514,60
anon_0076555,50
anon_0076514,0
anon_0076514,0
anon_0076574,0
anon_0076514,0
anon_0076514,0
anon_0076514,0
anon_0076520,0
anon_0076555,50
anon_0076555,100
anon_0076514,50
anon_0076548,95
anon_0076514,90
anon_0076514,0
anon_0076529,0
anon_0076555,0
anon_0076514,0
anon_0076555,90
anon_0076514,0
anon_0076514,0
anon_0076555,20
anon_0076548,85
anon_0076555,50
anon_0076555,50
anon_0076514,50
anon_0076555,50
anon_0076548,0
anon_0076555,85
anon_0076555,0
anon_0076514,0
anon_0076514,0
anon_0076514,0
anon_0076555,60
anon_0076548,0
anon_0076548,50
anon_0076555,20
anon_0076548,85
anon_0076520,NA
anon_0076520,0
anon_0076514,50
anon_0076548,0
anon_0076514,85
anon_0076514,70
anon_0076580,0
anon_0076580,0
anon_0076587,0
anon_0076574,0
anon_0076580,0
anon_0076600,0
anon_0076580,0
anon_0076587,0
anon_0076587,100
anon_0076580,0
anon_0076587,50
anon_0076587,50
anon_0076574,0
anon_0076587,0
anon_0076580,0
anon_0076580,0
anon_0076587,0
anon_0076587,50
anon_0076580,0
anon_0076580,0
anon_0076574,0
anon_0076587,50
anon_0076580,0
anon_0076580,0
anon_0076580,0
anon_0076580,0
anon_0076574,0
anon_0076587,50
anon_0076574,0
anon_0076580,100
anon_0076580,0
anon_0076580,100
anon_0076580,0
anon_0076574,0
anon_0076587,85
anon_0076600,0
anon_0076587,85
anon_0076587,85
anon_0076600,85
anon_0076587,50
anon_0076587,60
anon_0076574,0
anon_0076587,75
anon_0076580,50
anon_0076587,50
anon_0076587,85
anon_0076587,50
anon_0076634,100
anon_0076634,75
anon_0076574,0
anon_0076587,85
anon_0076574,0
anon_0076587,85
anon_0076587,85
anon_0076587,85
anon_0076580,0
anon_0076574,0
anon_0076633,0
anon_0076574,0
anon_0076580,0
anon_0076580,0
anon_0076574,0
anon_0076574,0
anon_0076587,0
anon_0076633,100
anon_0076580,0
anon_0076587,50
anon_0076574,0
anon_0076633,0
anon_0076633,85
anon_0076633,0
anon_0076580,50
anon_0076587,0
anon_0076574,30
anon_0076587,0
anon_0076574,0
anon_0076574,50
anon_0076618,0
anon_0076622,50
anon_0076580,30
anon_0076574,0
anon_0076622,90
anon_0076574,0
anon_0076574,30
anon_0076574,0
anon_0076622,0
anon_0076574,0
anon_0076622,100
anon_0076618,0
anon_0076580,50
anon_0076600,50
anon_0076600,0
anon_0076574,0
anon_0076600,0
anon_0076618,0
anon_0076622,50
anon_0076580,30
anon_0076580,0
anon_0076618,0
anon_0076622,85
anon_0076622,50
anon_0076618,70
anon_0076574,50
anon_0076574,0
anon_0076618,0
anon_0076574,85
anon_0076587,0
anon_0076622,0
anon_0076587,85
anon_0076622,90
anon_0076574,0
anon_0076600,60
anon_0076622,85
anon_0076574,50
anon_0076600,75
anon_0076580,50
anon_0076580,0
anon_0076587,0
anon_0076600,0
anon_0076618,0
anon_0076580,0
anon_0076587,0
anon_0076633,0
anon_0076574,0
anon_0076580,75
anon_0076587,36
anon_0076587,50
anon_0076618,0
anon_0076618,0
anon_0076600,0
anon_0076600,0
anon_0076580,0
anon_0076574,50
anon_0076587,50
anon_0076587,0
anon_0076600,0
anon_0076580,0
anon_0076574,0
anon_0076618,75
anon_0076618,85
anon_0076600,0
anon_0076580,0
anon_0076600,0
anon_0076587,70
anon_0076587,50
anon_0076580,0
anon_0076580,30
anon_0076618,0
anon_0076587,0
anon_0076600,0
anon_0076600,85
anon_0076580,0
anon_0076580,0
anon_0076600,85
anon_0076600,0
anon_0076587,85
anon_0076587,0
anon_0076618,0
anon_0076618,50
anon_0076580,50
anon_0076600,85
anon_0076580,0
anon_0076587,50
anon_0076580,0
anon_0076622,0
anon_0076633,0
anon_0076580,50
anon_0076600,0
anon_0076600,50
anon_0076580,85
anon_0076580,0
anon_0076580,0
anon_0076622,0
anon_0076622,0
anon_0076580,0
anon_0076600,85
anon_0076580,0
anon_0076600,50
anon_0076622,50
anon_0076600,0
anon_0076587,0
anon_0076580,0
anon_0076600,0
anon_0076574,50
anon_0076618,0
anon_0076600,0
anon_0076618,0
anon_0076580,50
anon_0076618,0
anon_0076622,0
anon_0076600,0
anon_0076622,90
anon_0076618,85
anon_0076600,NA
anon_0076600,0
anon_0076618,0
anon_0076618,50
anon_0076600,0
anon_0076600,0
anon_0076600,50
anon_0076600,50
anon_0076622,50
anon_0076580,85
anon_0076622,85
anon_0076600,75
anon_0076618,0
anon_0076587,0
anon_0076600,0
anon_0076600,60
anon_0076618,0
anon_0076618,85
anon_0076580,0
anon_0076622,85
anon_0076580,50
anon_0076600,0
anon_0076600,0
anon_0076622,0
anon_0076600,85
anon_0076587,NA
anon_0076587,0
anon_0076622,50
anon_0076580,0
anon_0076634,90
anon_0076634,50
anon_0076618,0
anon_0076634,0
anon_0076580,0
anon_0076600,50
anon_0076600,50
anon_0076580,0
anon_0076580,0
anon_0076634,20
anon_0076600,0
anon_0076618,50
anon_0076587,90
anon_0076618,0
anon_0076633,0
anon_0076580,0
anon_0076633,0
anon_0076618,0
anon_0076622,0
anon_0076618,0
anon_0076580,0
anon_0076634,90
anon_0076580,85
anon_0076634,0
anon_0076580,0
anon_0076587,85
anon_0076600,0
anon_0076600,0
anon_0076600,0
anon_0076587,85
anon_0076633,0
anon_0076618,50
anon_0076633,0
anon_0076634,0
anon_0076587,85
anon_0076580,0
anon_0076618,50
anon_0076622,50
anon_0076622,0
anon_0076600,0
anon_0076622,0
anon_0076587,85
anon_0076600,0
anon_0076600,75
anon_0076600,0
anon_0076618,0
anon_0076580,0
anon_0076580,0
anon_0076600,85
anon_0076634,0
anon_0076618,50
anon_0076580,0
anon_0076600,NA
anon_0076622,100
anon_0076580,50
anon_0076634,0
anon_0076587,0
anon_0076622,100
anon_0076618,0
anon_0076600,0
anon_0076600,0
anon_0076580,0
anon_0076634,95
anon_0076600,85
anon_0076633,0
anon_0076618,50
anon_0076587,70
anon_0076618,0
anon_0076622,20
anon_0076600,60
anon_0076633,0
anon_0076618,NA
anon_0076600,60
anon_0076600,50
anon_0076587,85
anon_0076600,50
anon_0076600,0
anon_0076587,85
anon_0076633,0
anon_0076634,0
anon_0076622,0
anon_0076600,50
anon_0076580,0
anon_0076622,75
anon_0076618,0
anon_0076622,50
anon_0076580,0
anon_0076622,50
anon_0076600,85
anon_0076600,0
anon_0076580,0
anon_0076580,0
anon_0076622,50
anon_0076580,0
anon_0076633,0
anon_0076618,50
anon_0076622,0
anon_0076587,NA
anon_0076587,75
anon_0076651,0
anon_0076633,0
anon_0076651,0
anon_0076635,0
anon_0076633,0
anon_0076658,50
anon_0076642,0
anon_0076633,0
anon_0076635,0
anon_0076635,50
anon_0076668,0
anon_0076668,0
anon_0076668,0
anon_0076658,50
anon_0076658,70
anon_0076658,0
anon_0076658,50
anon_0076635,90
anon_0076678,NA
anon_0076633,50
anon_0076678,90
anon_0076643,0
anon_0076644,90
anon_0076658,0
anon_0076678,95
anon_0076643,0
anon_0076633,50
anon_0076633,0
anon_0076658,85
anon_0076643,0
anon_0076643,0
anon_0076658,50
anon_0076643,50
anon_0076643,0
anon_0076658,0
anon_0076668,50
anon_0076644,0
anon_0076668,0
anon_0076658,0
anon_0076642,30
anon_0076668,0
anon_0076668,0
anon_0076644,75
anon_0076658,0
anon_0076635,40
anon_0076642,NA
anon_0076658,0
anon_0076633,75
anon_0076644,95
anon_0076668,0
anon_0076644,0
anon_0076658,0
anon_0076644,85
anon_0076642,0
anon_0076668,0
anon_0076642,0
anon_0076643,60
anon_0076658,85
anon_0076668,0
anon_0076635,0
anon_0076635,0
anon_0076658,0
anon_0076618,0
anon_0076658,0
anon_0076678,90
anon_0076644,0
anon_0076644,95
anon_0076658,0
anon_0076658,75
anon_0076642,50
anon_0076642,50
anon_0076658,0
anon_0076658,NA
anon_0076644,90
anon_0076618,0
anon_0076642,30
anon_0076658,0
anon_0076668,0
anon_0076658,50
anon_0076618,30
anon_0076658,70
anon_0076634,0
anon_0076644,0
anon_0076668,0
anon_0076618,0
anon_0076644,0
anon_0076642,0
anon_0076658,50
anon_0076644,0
anon_0076643,0
anon_0076618,0
anon_0076644,85
anon_0076618,0
anon_0076634,0
anon_0076644,0
anon_0076642,0
anon_0076668,0
anon_0076644,85
anon_0076642,50
anon_0076668,40
anon_0076643,0
anon_0076642,0
anon_0076634,0
anon_0076634,0
anon_0076643,0
anon_0076658,50
anon_0076643,0
anon_0076668,0
anon_0076643,0
anon_0076642,0
anon_0076658,50
anon_0076668,85
anon_0076634,0
anon_0076634,50
anon_0076634,50
anon_0076643,0
anon_0076634,0
anon_0076618,50
anon_0076642,50
anon_0076642,0
anon_0076618,0
anon_0076634,0
anon_0076668,0
anon_0076635,0
anon_0076643,0
anon_0076634,0
anon_0076643,0
anon_0076635,0
anon_0076678,50
anon_0076642,0
anon_0076642,85
anon_0076668,0
anon_0076644,0
anon_0076634,50
anon_0076643,50
anon_0076634,50
anon_0076642,100
anon_0076642,20
anon_0076642,50
anon_0076642,0
anon_0076618,0
anon_0076642,0
anon_0076635,0
anon_0076643,0
anon_0076668,50
anon_0076642,50
anon_0076634,80
anon_0076643,0
anon_0076618,0
anon_0076635,0
anon_0076635,50
anon_0076668,50
anon_0076634,0
anon_0076668,0
anon_0076642,0
anon_0076643,0
anon_0076634,85
anon_0076642,50
anon_0076668,50
anon_0076642,85
anon_0076635,0
anon_0076668,0
anon_0076635,0
anon_0076618,0
anon_0076635,0
anon_0076642,50
anon_0076643,0
anon_0076634,0
anon_0076644,85
anon_0076634,30
anon_0076635,0
anon_0076642,0
anon_0076642,85
anon_0076642,NA
anon_0076634,85
anon_0076643,0
anon_0076668,50
anon_0076642,75
anon_0076668,0
anon_0076642,0
anon_0076642,0
anon_0076634,0
anon_0076642,85
anon_0076634,50
anon_0076633,0
anon_0076643,0
anon_0076633,0
anon_0076668,0
anon_0076633,0
anon_0076633,50
anon_0076643,0
anon_0076633,0
anon_0076633,0
anon_0076633,0
anon_0076633,0
anon_0076633,0
anon_0076633,0
anon_0076633,50
anon_0076633,0
anon_0076668,100
anon_0076643,0
anon_0076633,85
anon_0076633,0
anon_0076668,0
anon_0076643,0
anon_0076633,75
anon_0076633,0
anon_0076643,50
anon_0076643,0
anon_0076668,50
anon_0076633,0
anon_0076633,0
anon_0076633,0
anon_0076668,50
anon_0076633,0
anon_0076633,0
anon_0076633,0
anon_0076633,0
anon_0076644,0
anon_0076633,90
anon_0076633,0
anon_0076633,0
anon_0076633,0
anon_0076633,0
anon_0076633,0
anon_0076644,0
anon_0076643,0
anon_0076633,0
anon_0076668,85
anon_0076643,0
anon_0076644,0
anon_0076633,0
anon_0076643,0
anon_0076633,0
anon_0076633,0
anon_0076643,0
anon_0076643,0
anon_0076643,0
anon_0076644,85
anon_0076644,0
anon_0076633,0
anon_0076633,0
anon_0076633,0
anon_0076633,50
anon_0076644,0
anon_0076642,0
anon_0076642,0
anon_0076633,0
anon_0076643,0
anon_0076643,0
anon_0076633,0
anon_0076642,0
anon_0076633,0
anon_0076633,0
anon_0076633,0
anon_0076668,50
anon_0076633,0
anon_0076643,0
anon_0076644,0
anon_0076633,0
anon_0076643,0
anon_0076633,0
anon_0076633,0
anon_0076633,0
anon_0076633,0
anon_0076635,0
anon_0076644,0
anon_0076635,0
anon_0076643,50
anon_0076644,85
anon_0076668,50
anon_0076642,0
anon_0076633,0
anon_0076633,0
anon_0076633,60
anon_0076644,85
anon_0076633,0
anon_0076633,0
anon_0076633,0
anon_0076633,0
anon_0076642,0
anon_0076633,0
anon_0076644,0
anon_0076633,0
anon_0076642,50
anon_0076633,0
anon_0076642,0
anon_0076642,0
anon_0076635,0
anon_0076642,0
anon_0076642,100
anon_0076642,0
anon_0076643,0
anon_0076642,0
anon_0076633,0
anon_0076642,0
anon_0076635,0
anon_0076633,0
anon_0076633,0
anon_0076633,100
anon_0076633,80
anon_0076633,NA
anon_0076642,0
anon_0076642,0
anon_0076633,0
anon_0076642,0
anon_0076633,0
anon_0076642,0
anon_0076633,0
anon_0076642,0
anon_0076642,0
anon_0076642,100
anon_0076642,0
anon_0076642,0
anon_0076633,0
anon_0076642,0
anon_0076643,0
anon_0076635,0
anon_0076642,85
anon_0076642,0
anon_0076642,85
anon_0076642,0
anon_0076642,0
anon_0076633,NA
anon_0076633,0
anon_0076643,0
anon_0076643,0
anon_0076642,0
anon_0076642,0
anon_0076642,50
anon_0076633,85
anon_0076642,0
anon_0076633,0
anon_0076643,0
anon_0076642,85
anon_0076635,0
anon_0076643,0
anon_0076642,100
anon_0076642,0
anon_0076643,50
anon_0076643,50
anon_0076635,0
anon_0076635,0
anon_0076643,0
anon_0076642,0
anon_0076642,0
anon_0076642,0
anon_0076642,0
anon_0076635,0
anon_0076642,0
anon_0076642,0
anon_0076642,0
anon_0076643,0
anon_0076635,0
anon_0076642,0
anon_0076642,0
anon_0076642,0
anon_0076642,0
anon_0076635,0
anon_0076642,0
anon_0076642,0
anon_0076642,0
anon_0076642,0
anon_0076642,50
anon_0076642,0
anon_0076642,0
anon_0076642,0
anon_0076642,0
anon_0076643,50
anon_0076635,0
anon_0076642,0
anon_0076642,0
anon_0076642,0
anon_0076642,0
anon_0076643,0
anon_0076642,0
anon_0076642,0
anon_0076642,0
anon_0076635,0
anon_0076642,0
anon_0076642,0
anon_0076642,0
anon_0076642,0
anon_0076635,0
anon_0076642,0
anon_0076642,0
anon_0076642,0
anon_0076642,0
anon_0076642,NA
anon_0076642,0
anon_0076642,0
anon_0076642,0
anon_0076642,80
anon_0076642,0
anon_0076642,0
anon_0076642,0
anon_0076643,50
anon_0076642,0
anon_0076642,0
anon_0076642,0
anon_0076700,100
anon_0076681,0
anon_0076700,0
anon_0076678,0
anon_0076681,100
anon_0076678,0
anon_0076678,0
anon_0076678,0
anon_0076697,50
anon_0076681,0
anon_0076681,0
anon_0076678,0
anon_0076681,0
anon_0076681,0
anon_0076681,0
anon_0076678,0
anon_0076678,0
anon_0076697,0
anon_0076691,50
anon_0076681,0
anon_0076678,0
anon_0076694,95
anon_0076700,100
anon_0076694,50
anon_0076700,0
anon_0076678,50
anon_0076678,0
anon_0076697,75
anon_0076681,40
anon_0076678,0
anon_0076681,0
anon_0076644,85
anon_0076678,50
anon_0076678,0
anon_0076700,0
anon_0076681,0
anon_0076700,0
anon_0076678,0
anon_0076691,100
anon_0076678,50
anon_0076678,0
anon_0076681,50
anon_0076678,0
anon_0076681,0
anon_0076700,0
anon_0076681,0
anon_0076678,0
anon_0076701,85
anon_0076691,50
anon_0076678,85
anon_0076681,0
anon_0076697,0
anon_0076697,0
anon_0076700,0
anon_0076697,90
anon_0076644,0
anon_0076681,0
anon_0076678,85
anon_0076700,0
anon_0076691,0
anon_0076678,0
anon_0076678,0
anon_0076678,0
anon_0076691,80
anon_0076697,0
anon_0076644,0
anon_0076697,50
anon_0076678,90
anon_0076681,0
anon_0076678,0
anon_0076681,0
anon_0076697,50
anon_0076644,0
anon_0076644,0
anon_0076691,50
anon_0076701,90
anon_0076678,50
anon_0076681,0
anon_0076678,50
anon_0076644,0
anon_0076691,75
anon_0076681,0
anon_0076681,100
anon_0076681,75
anon_0076678,100
anon_0076700,0
anon_0076668,0
anon_0076644,0
anon_0076691,50
anon_0076668,0
anon_0076691,75
anon_0076701,85
anon_0076678,0
anon_0076678,50
anon_0076678,0
anon_0076644,90
anon_0076678,0
anon_0076644,0
anon_0076668,0
anon_0076694,0
anon_0076644,0
anon_0076694,0
anon_0076678,0
anon_0076644,0
anon_0076644,0
anon_0076678,0
anon_0076678,85
anon_0076644,0
anon_0076678,0
anon_0076678,0
anon_0076678,0
anon_0076644,85
anon_0076644,0
anon_0076644,0
anon_0076644,0
anon_0076678,80
anon_0076644,90
anon_0076691,50
anon_0076644,75
anon_0076694,0
anon_0076678,50
anon_0076691,0
anon_0076668,0
anon_0076644,100
anon_0076644,50
anon_0076697,0
anon_0076678,50
anon_0076668,0
anon_0076691,30
anon_0076694,0
anon_0076697,0
anon_0076678,50
anon_0076697,0
anon_0076681,0
anon_0076668,0
anon_0076678,30
anon_0076691,50
anon_0076678,0
anon_0076668,50
anon_0076668,0
anon_0076668,0
anon_0076681,0
anon_0076644,85
anon_0076678,50
anon_0076697,0
anon_0076644,90
anon_0076678,85
anon_0076668,90
anon_0076678,NA
anon_0076644,0
anon_0076681,85
anon_0076668,0
anon_0076681,0
anon_0076678,0
anon_0076697,50
anon_0076678,0
anon_0076668,0
anon_0076681,0
anon_0076668,20
anon_0076691,90
anon_0076678,0
anon_0076668,0
anon_0076691,0
anon_0076681,100
anon_0076678,0
anon_0076681,0
anon_0076668,90
anon_0076678,85
anon_0076681,0
anon_0076644,0
anon_0076691,50
anon_0076697,0
anon_0076668,100
anon_0076668,0
anon_0076697,0
anon_0076668,90
anon_0076668,50
anon_0076681,0
anon_0076668,0
anon_0076668,0
anon_0076681,0
anon_0076668,60
anon_0076697,85
anon_0076691,85
anon_0076668,85
anon_0076668,0
anon_0076668,0
anon_0076678,50
anon_0076668,0
anon_0076681,0
anon_0076691,0
anon_0076668,85
anon_0076691,90
anon_0076668,50
anon_0076678,0
anon_0076668,0
anon_0076681,0
anon_0076668,85
anon_0076681,100
anon_0076668,0
anon_0076668,0
anon_0076681,90
anon_0076668,85
anon_0076668,30
anon_0076681,50
anon_0076678,0
anon_0076668,50
anon_0076668,0
anon_0076678,0
anon_0076668,50
anon_0076691,0
anon_0076668,0
anon_0076668,0
anon_0076691,75
anon_0076681,85
anon_0076668,NA
anon_0076668,50
anon_0076681,90
anon_0076668,50
anon_0076668,50
anon_0076691,0
anon_0076668,0
anon_0076678,0
anon_0076681,100
anon_0076668,60
anon_0076668,0
anon_0076691,75
anon_0076697,50
anon_0076678,NA
anon_0076668,50
anon_0076678,0
anon_0076681,60
anon_0076668,50
anon_0076691,0
anon_0076694,0
anon_0076678,20
anon_0076644,50
anon_0076668,0
anon_0076644,0
anon_0076668,0
anon_0076642,0
anon_0076694,0
anon_0076642,0
anon_0076694,100
anon_0076644,90
anon_0076678,20
anon_0076691,0
anon_0076642,0
anon_0076668,0
anon_0076642,0
anon_0076694,0
anon_0076642,0
anon_0076691,0
anon_0076642,0
anon_0076694,0
anon_0076642,0
anon_0076644,0
anon_0076668,0
anon_0076642,0
anon_0076694,0
anon_0076694,0
anon_0076691,0
anon_0076642,0
anon_0076644,70
anon_0076644,100
anon_0076642,0
anon_0076642,0
anon_0076642,0
anon_0076644,95
anon_0076694,0
anon_0076642,0
anon_0076694,0
anon_0076644,0
anon_0076642,0
anon_0076642,50
anon_0076644,0
anon_0076694,0
anon_0076644,85
anon_0076642,0
anon_0076644,85
anon_0076644,0
anon_0076668,0
anon_0076691,95
anon_0076644,0
anon_0076694,0
anon_0076642,0
anon_0076644,85
anon_0076642,30
anon_0076644,50
anon_0076694,0
anon_0076642,0
anon_0076678,0
anon_0076642,0
anon_0076644,85
anon_0076644,85
anon_0076694,0
anon_0076644,50
anon_0076691,0
anon_0076691,85
anon_0076694,0
anon_0076642,0
anon_0076694,85
anon_0076694,0
anon_0076691,0
anon_0076694,0
anon_0076644,85
anon_0076694,50
anon_0076694,0
anon_0076694,100
anon_0076694,0
anon_0076694,0
anon_0076668,0
anon_0076642,0
anon_0076694,0
anon_0076642,0
anon_0076642,0
anon_0076694,NA
anon_0076691,85
anon_0076644,85
anon_0076644,50
anon_0076642,50
anon_0076694,40
anon_0076691,85
anon_0076694,0
anon_0076729,50
anon_0076694,0
anon_0076712,50
anon_0076705,0
anon_0076694,NA
anon_0076723,90
anon_0076701,0
anon_0076723,0
anon_0076712,0
anon_0076701,0
anon_0076694,0
anon_0076705,0
anon_0076694,0
anon_0076723,100
anon_0076701,0
anon_0076729,0
anon_0076694,0
anon_0076705,0
anon_0076701,0
anon_0076720,0
anon_0076694,0
anon_0076701,0
anon_0076701,0
anon_0076705,85
anon_0076705,0
anon_0076694,85
anon_0076701,0
anon_0076706,50
anon_0076705,0
anon_0076701,0
anon_0076720,0
anon_0076706,90
anon_0076706,50
anon_0076705,0
anon_0076701,0
anon_0076706,50
anon_0076705,0
anon_0076723,0
anon_0076723,85
anon_0076701,0
anon_0076705,50
anon_0076705,50
anon_0076694,0
anon_0076712,50
anon_0076723,85
anon_0076705,0
anon_0076701,0
anon_0076712,0
anon_0076705,0
anon_0076712,50
anon_0076712,0
anon_0076705,0
anon_0076706,50
anon_0076694,0
anon_0076723,85
anon_0076705,0
anon_0076705,85
anon_0076706,0
anon_0076694,50
anon_0076712,50
anon_0076705,50
anon_0076705,0
anon_0076705,50
anon_0076705,0
anon_0076705,50
anon_0076701,0
anon_0076705,40
anon_0076712,50
anon_0076701,0
anon_0076705,50
anon_0076701,0
anon_0076723,0
anon_0076705,85
anon_0076701,0
anon_0076701,0
anon_0076701,0
anon_0076701,0
anon_0076701,0
anon_0076701,100
anon_0076705,0
anon_0076701,95
anon_0076694,50
anon_0076700,0
anon_0076701,85
anon_0076701,85
anon_0076701,0
anon_0076701,0
anon_0076701,0
anon_0076701,0
anon_0076701,0
anon_0076701,95
anon_0076706,0
anon_0076701,0
anon_0076694,0
anon_0076701,0
anon_0076705,50
anon_0076700,0
anon_0076694,50
anon_0076700,100
anon_0076706,0
anon_0076706,0
anon_0076701,0
anon_0076694,0
anon_0076701,0
anon_0076705,50
anon_0076705,20
anon_0076706,50
anon_0076701,85
anon_0076701,60
anon_0076701,50
anon_0076701,0
anon_0076706,0
anon_0076701,0
anon_0076706,50
anon_0076694,0
anon_0076701,0
anon_0076712,0
anon_0076701,0
anon_0076700,0
anon_0076705,50
anon_0076706,50
anon_0076712,0
anon_0076697,0
anon_0076701,0
anon_0076712,20
anon_0076712,100
anon_0076701,0
anon_0076705,0
anon_0076700,0
anon_0076712,50
anon_0076700,0
anon_0076712,100
anon_0076712,0
anon_0076712,0
anon_0076712,0
anon_0076700,0
anon_0076697,0
anon_0076712,0
anon_0076706,85
anon_0076697,0
anon_0076712,0
anon_0076701,85
anon_0076701,0
anon_0076712,100
anon_0076701,0
anon_0076700,50
anon_0076697,0
anon_0076697,0
anon_0076697,0
anon_0076701,50
anon_0076697,30
anon_0076712,85
anon_0076712,0
anon_0076700,50
anon_0076701,0
anon_0076712,50
anon_0076701,0
anon_0076694,0
anon_0076697,0
anon_0076700,0
anon_0076712,50
anon_0076700,100
anon_0076701,0
anon_0076694,50
anon_0076694,0
anon_0076694,0
anon_0076701,NA
anon_0076697,0
anon_0076697,100
anon_0076712,85
anon_0076706,75
anon_0076694,0
anon_0076697,0
anon_0076694,0
anon_0076705,0
anon_0076697,85
anon_0076697,0
anon_0076701,85
anon_0076712,0
anon_0076697,50
anon_0076705,50
anon_0076705,50
anon_0076712,0
anon_0076697,0
anon_0076705,0
anon_0076697,0
anon_0076706,0
anon_0076706,0
anon_0076712,50
anon_0076697,0
anon_0076701,0
anon_0076697,0
anon_0076701,0
anon_0076701,0
anon_0076705,0
anon_0076697,0
anon_0076697,0
anon_0076697,0
anon_0076712,0
anon_0076705,0
anon_0076697,0
anon_0076697,50
anon_0076705,0
anon_0076697,NA
anon_0076697,0
anon_0076697,0
anon_0076701,0
anon_0076697,0
anon_0076701,0
anon_0076706,0
anon_0076697,85
anon_0076705,0
anon_0076697,85
anon_0076705,85
anon_0076697,50
anon_0076694,0
anon_0076705,0
anon_0076694,0
anon_0076697,0
anon_0076705,0
anon_0076701,50
anon_0076697,0
anon_0076705,85
anon_0076697,0
anon_0076697,0
anon_0076706,100
anon_0076697,85
anon_0076694,0
anon_0076697,0
anon_0076701,75
anon_0076705,0
anon_0076697,50
anon_0076697,0
anon_0076697,0
anon_0076697,0
anon_0076694,0
anon_0076694,60
anon_0076697,85
anon_0076712,NA
anon_0076697,0
anon_0076694,0
anon_0076697,0
anon_0076701,85
anon_0076705,30
anon_0076694,0
anon_0076694,0
anon_0076697,0
anon_0076697,0
anon_0076694,0
anon_0076694,50
anon_0076694,0
anon_0076694,0
anon_0076697,0
anon_0076694,0
anon_0076697,0
anon_0076697,NA
anon_0076697,0
anon_0076705,0
anon_0076694,0
anon_0076694,0
anon_0076694,0
anon_0076697,0
anon_0076694,30
anon_0076697,NA
anon_0076697,0
anon_0076697,0
anon_0076700,0
anon_0076700,50
anon_0076697,0
anon_0076706,0
anon_0076697,0
anon_0076700,0
anon_0076697,0
anon_0076697,0
anon_0076697,0
anon_0076700,0
anon_0076697,0
anon_0076712,0
anon_0076694,0
anon_0076694,50
anon_0076706,0
anon_0076712,0
anon_0076712,0
anon_0076697,0
anon_0076712,70
anon_0076700,50
anon_0076700,50
anon_0076697,0
anon_0076700,0
anon_0076712,0
anon_0076697,0
anon_0076700,50
anon_0076700,0
anon_0076697,0
anon_0076712,0
anon_0076712,70
anon_0076697,0
anon_0076700,0
anon_0076697,50
anon_0076697,100
anon_0076697,0
anon_0076712,0
anon_0076697,30
anon_0076700,0
anon_0076697,NA
anon_0076697,50
anon_0076700,90
anon_0076694,NA
anon_0076700,0
anon_0076712,50
anon_0076697,0
anon_0076697,20
anon_0076697,0
anon_0076700,0
anon_0076700,0
anon_0076697,0
anon_0076700,0
anon_0076697,0
anon_0076700,100
anon_0076700,0
anon_0076700,100
anon_0076712,50
anon_0076697,95
anon_0076700,90
anon_0076694,0
anon_0076697,0
anon_0076700,0
anon_0076697,0
anon_0076694,50
anon_0076697,50
anon_0076697,NA
anon_0076697,0
anon_0076697,NA
anon_0076712,0
anon_0076729,0
anon_0076700,85
anon_0076697,0
anon_0076697,0
anon_0076700,100
anon_0076700,85
anon_0076697,50
anon_0076697,90
anon_0076700,80
anon_0076729,50
anon_0076729,NA
anon_0076700,50
anon_0076729,0
anon_0076700,50
anon_0076729,0
anon_0076697,NA
anon_0076729,50
anon_0076697,85
anon_0076729,0
anon_0076700,85
anon_0076729,50
anon_0076729,0
anon_0076697,75
anon_0076697,0
anon_0076697,0
anon_0076700,85
anon_0076705,0
anon_0076705,0
anon_0076729,0
anon_0076705,0
anon_0076705,0
anon_0076729,0
anon_0076705,0
anon_0076729,0
anon_0076705,0
anon_0076705,20
anon_0076754,0
anon_0076743,0
anon_0076761,0
anon_0076724,90
anon_0076761,0
anon_0076754,0
anon_0076729,100
anon_0076724,0
anon_0076741,85
anon_0076767,0
anon_0076729,50
anon_0076761,100
anon_0076729,100
anon_0076754,30
anon_0076763,0
anon_0076767,0
anon_0076731,85
anon_0076754,0
anon_0076754,0
anon_0076731,100
anon_0076761,30
anon_0076724,0
anon_0076729,NA
anon_0076767,0
anon_0076761,70
anon_0076761,85
anon_0076761,0
anon_0076754,0
anon_0076761,60
anon_0076761,100
anon_0076761,50
anon_0076763,0
anon_0076754,0
anon_0076754,0
anon_0076743,0
anon_0076724,0
anon_0076754,0
anon_0076754,0
anon_0076743,50
anon_0076754,0
anon_0076754,0
anon_0076761,0
anon_0076724,0
anon_0076754,0
anon_0076731,0
anon_0076754,0
anon_0076724,0
anon_0076724,0
anon_0076754,0
anon_0076763,50
anon_0076754,0
anon_0076724,0
anon_0076731,50
anon_0076761,0
anon_0076731,95
anon_0076731,0
anon_0076754,50
anon_0076754,0
anon_0076754,50
anon_0076724,0
anon_0076731,0
anon_0076761,100
anon_0076761,50
anon_0076761,100
anon_0076724,0
anon_0076761,60
anon_0076754,0
anon_0076754,50
anon_0076724,70
anon_0076724,85
anon_0076724,100
anon_0076731,90
anon_0076761,0
anon_0076724,0
anon_0076754,0
anon_0076754,0
anon_0076741,85
anon_0076761,0
anon_0076731,0
anon_0076724,85
anon_0076754,0
anon_0076761,100
anon_0076763,50
anon_0076761,100
anon_0076761,100
anon_0076761,50
anon_0076761,50
anon_0076763,30
anon_0076761,90
anon_0076754,50
anon_0076761,0
anon_0076761,50
anon_0076761,0
anon_0076761,50
anon_0076761,0
anon_0076731,0
anon_0076724,50
anon_0076743,50
anon_0076741,0
anon_0076729,50
anon_0076720,0
anon_0076731,0
anon_0076720,0
anon_0076731,70
anon_0076724,60
anon_0076731,0
anon_0076720,40
anon_0076743,0
anon_0076743,0
anon_0076743,0
anon_0076761,85
anon_0076743,0
anon_0076754,0
anon_0076731,0
anon_0076741,0
anon_0076761,100
anon_0076761,90
anon_0076741,50
anon_0076754,85
anon_0076731,0
anon_0076731,0
anon_0076720,85
anon_0076741,0
anon_0076741,0
anon_0076720,90
anon_0076731,0
anon_0076741,90
anon_0076720,70
anon_0076741,0
anon_0076741,0
anon_0076731,50
anon_0076720,0
anon_0076761,100
anon_0076731,0
anon_0076754,0
anon_0076741,NA
anon_0076731,100
anon_0076741,85
anon_0076741,0
anon_0076761,0
anon_0076741,50
anon_0076724,50
anon_0076729,0
anon_0076724,0
anon_0076731,0
anon_0076741,0
anon_0076731,0
anon_0076743,100
anon_0076741,0
anon_0076741,70
anon_0076731,0
anon_0076741,85
anon_0076731,0
anon_0076731,0
anon_0076731,50
anon_0076731,0
anon_0076724,0
anon_0076731,0
anon_0076731,0
anon_0076743,85
anon_0076741,0
anon_0076731,0
anon_0076724,85
anon_0076724,0
anon_0076731,0
anon_0076743,50
anon_0076741,0
anon_0076731,0
anon_0076743,90
anon_0076729,50
anon_0076741,0
anon_0076729,0
anon_0076731,0
anon_0076743,0
anon_0076731,50
anon_0076731,0
anon_0076743,0
anon_0076741,0
anon_0076731,85
anon_0076731,50
anon_0076724,0
anon_0076729,0
anon_0076731,0
anon_0076729,90
anon_0076731,50
anon_0076743,0
anon_0076729,90
anon_0076741,0
anon_0076724,85
anon_0076731,0
anon_0076731,50
anon_0076724,0
anon_0076743,85
anon_0076743,0
anon_0076724,0
anon_0076743,0
anon_0076724,100
anon_0076743,0
anon_0076731,85
anon_0076723,0
anon_0076724,50
anon_0076723,100
anon_0076743,100
anon_0076731,50
anon_0076724,0
anon_0076723,0
anon_0076743,90
anon_0076723,0
anon_0076724,0
anon_0076731,50
anon_0076724,0
anon_0076743,0
anon_0076729,70
anon_0076743,100
anon_0076723,0
anon_0076723,0
anon_0076743,0
anon_0076743,90
anon_0076741,0
anon_0076731,0
anon_0076743,0
anon_0076724,0
anon_0076743,50
anon_0076723,0
anon_0076723,0
anon_0076724,0
anon_0076743,0
anon_0076724,85
anon_0076731,50
anon_0076743,70
anon_0076741,85
anon_0076724,0
anon_0076731,0
anon_0076720,0
anon_0076724,50
anon_0076724,0
anon_0076731,50
anon_0076723,0
anon_0076731,0
anon_0076743,0
anon_0076731,0
anon_0076743,100
anon_0076723,0
anon_0076723,0
anon_0076731,50
anon_0076743,85
anon_0076720,NA
anon_0076720,0
anon_0076720,0
anon_0076723,85
anon_0076720,100
anon_0076743,85
anon_0076731,0
anon_0076723,50
anon_0076723,0
anon_0076720,0
anon_0076743,95
anon_0076720,50
anon_0076723,0
anon_0076743,100
anon_0076743,0
anon_0076723,50
anon_0076743,0
anon_0076741,85
anon_0076743,85
anon_0076723,50
anon_0076720,0
anon_0076731,0
anon_0076731,0
anon_0076743,0
anon_0076720,0
anon_0076743,0
anon_0076723,0
anon_0076723,0
anon_0076743,100
anon_0076743,80
anon_0076720,0
anon_0076724,0
anon_0076729,100
anon_0076723,50
anon_0076723,0
anon_0076729,100
anon_0076743,0
anon_0076729,50
anon_0076720,0
anon_0076743,100
anon_0076720,0
anon_0076743,0
anon_0076743,0
anon_0076723,0
anon_0076723,0
anon_0076723,50
anon_0076723,50
anon_0076723,0
anon_0076743,0
anon_0076723,0
anon_0076729,0
anon_0076729,0
anon_0076723,50
anon_0076729,0
anon_0076729,90
anon_0076723,0
anon_0076723,0
anon_0076723,0
anon_0076723,0
anon_0076729,85
anon_0076723,0
anon_0076743,NA
anon_0076723,0
anon_0076723,90
anon_0076723,0
anon_0076723,0
anon_0076723,50
anon_0076743,50
anon_0076723,0
anon_0076743,50
anon_0076723,75
anon_0076723,0
anon_0076723,0
anon_0076723,0
anon_0076723,0
anon_0076723,90
anon_0076723,50
anon_0076723,30
anon_0076743,0
anon_0076723,50
anon_0076723,0
anon_0076723,0
anon_0076723,0
anon_0076723,0
anon_0076723,0
anon_0076723,0
anon_0076723,85
anon_0076729,90
anon_0076731,0
anon_0076724,0
anon_0076723,85
anon_0076723,0
anon_0076729,50
anon_0076723,0
anon_0076723,70
anon_0076723,0
anon_0076723,0
anon_0076723,0
anon_0076723,0
anon_0076723,0
anon_0076723,0
anon_0076723,0
anon_0076731,100
anon_0076723,0
anon_0076723,0
anon_0076723,0
anon_0076723,NA
anon_0076723,0
anon_0076723,0
anon_0076723,30
anon_0076731,0
anon_0076723,85
anon_0076731,50
anon_0076723,0
anon_0076731,85
anon_0076731,0
anon_0076731,0
anon_0076723,0
anon_0076731,85
anon_0076729,85
anon_0076723,0
anon_0076731,100
anon_0076731,85
anon_0076731,100
anon_0076731,0
anon_0076731,0
anon_0076731,0
anon_0076723,50
anon_0076723,85
anon_0076723,0
anon_0076731,85
anon_0076723,0
anon_0076731,50
anon_0076731,0
anon_0076731,90
anon_0076723,0
anon_0076731,0
anon_0076731,85
anon_0076731,85
anon_0076723,0
anon_0076723,0
anon_0076723,NA
anon_0076731,100
anon_0076731,100
anon_0076743,90
anon_0076731,NA
anon_0076731,0
anon_0076731,90
anon_0076731,NA
anon_0076723,20
anon_0076731,0
anon_0076723,50
anon_0076764,50
anon_0076764,0
anon_0076778,0
anon_0076743,0
anon_0076763,0
anon_0076767,0
anon_0076778,0
anon_0076754,0
anon_0076754,0
anon_0076743,0
anon_0076743,0
anon_0076763,50
anon_0076778,100
anon_0076763,0
anon_0076763,0
anon_0076763,50
anon_0076779,0
anon_0076779,85
anon_0076763,0
anon_0076763,30
anon_0076754,0
anon_0076778,50
anon_0076764,50
anon_0076743,0
anon_0076767,0
anon_0076767,0
anon_0076761,0
anon_0076764,0
anon_0076767,0
anon_0076764,75
anon_0076779,50
anon_0076778,0
anon_0076754,0
anon_0076779,85
anon_0076763,50
anon_0076743,0
anon_0076778,0
anon_0076763,75
anon_0076754,0
anon_0076761,0
anon_0076754,0
anon_0076754,0
anon_0076754,0
anon_0076767,50
anon_0076754,0
anon_0076763,85
anon_0076754,0
anon_0076763,0
anon_0076741,0
anon_0076743,0
anon_0076778,85
anon_0076743,50
anon_0076763,0
anon_0076754,0
anon_0076761,0
anon_0076779,50
anon_0076761,0
anon_0076743,0
anon_0076778,0
anon_0076761,50
anon_0076778,80
anon_0076778,50
anon_0076779,0
anon_0076761,20
anon_0076778,0
anon_0076763,50
anon_0076779,0
anon_0076761,0
anon_0076778,0
anon_0076779,NA
anon_0076754,0
anon_0076779,0
anon_0076778,0
anon_0076741,50
anon_0076743,70
anon_0076779,50
anon_0076761,50
anon_0076779,0
anon_0076778,0
anon_0076761,50
anon_0076778,50
anon_0076804,0
anon_0076779,0
anon_0076779,85
anon_0076779,95
anon_0076761,0
anon_0076741,0
anon_0076761,0
anon_0076754,0
anon_0076761,0
anon_0076741,0
anon_0076743,0
anon_0076779,NA
anon_0076741,0
anon_0076778,0
anon_0076767,70
anon_0076779,0
anon_0076743,100
anon_0076761,0
anon_0076761,0
anon_0076779,50
anon_0076743,100
anon_0076778,0
anon_0076779,85
anon_0076761,50
anon_0076778,0
anon_0076804,0
anon_0076743,0
anon_0076761,100
anon_0076779,50
anon_0076778,80
anon_0076778,0
anon_0076779,0
anon_0076741,0
anon_0076761,50
anon_0076741,0
anon_0076804,85
anon_0076754,0
anon_0076779,0
anon_0076741,50
anon_0076778,0
anon_0076778,50
anon_0076779,0
anon_0076741,85
anon_0076763,50
anon_0076743,0
anon_0076764,85
anon_0076779,80
anon_0076741,50
anon_0076763,85
anon_0076779,50
anon_0076743,50
anon_0076741,0
anon_0076743,0
anon_0076763,0
anon_0076743,100
anon_0076741,0
anon_0076763,0
anon_0076761,90
anon_0076778,0
anon_0076741,85
anon_0076741,50
anon_0076779,0
anon_0076741,50
anon_0076779,85
anon_0076778,0
anon_0076764,0
anon_0076763,0
anon_0076743,100
anon_0076741,50
anon_0076763,0
anon_0076778,75
anon_0076763,0
anon_0076741,0
anon_0076763,0
anon_0076764,90
anon_0076763,90
anon_0076778,0
anon_0076741,0
anon_0076779,0
anon_0076761,50
anon_0076778,50
anon_0076778,50
anon_0076778,0
anon_0076741,0
anon_0076743,90
anon_0076741,0
anon_0076779,0
anon_0076741,0
anon_0076741,85
anon_0076741,0
anon_0076764,50
anon_0076778,0
anon_0076761,50
anon_0076763,0
anon_0076778,20
anon_0076778,0
anon_0076741,0
anon_0076763,0
anon_0076763,0
anon_0076763,0
anon_0076763,20
anon_0076763,50
anon_0076779,NA
anon_0076779,85
anon_0076763,0
anon_0076743,50
anon_0076764,0
anon_0076778,0
anon_0076761,0
anon_0076778,50
anon_0076764,0
anon_0076763,0
anon_0076761,0
anon_0076741,50
anon_0076763,0
anon_0076764,0
anon_0076764,85
anon_0076763,50
anon_0076763,85
anon_0076804,0
anon_0076763,50
anon_0076741,85
anon_0076763,0
anon_0076764,0
anon_0076764,0
anon_0076764,0
anon_0076761,0
anon_0076761,85
anon_0076763,0
anon_0076778,0
anon_0076741,30
anon_0076804,85
anon_0076764,0
anon_0076764,50
anon_0076764,0
anon_0076761,70
anon_0076764,0
anon_0076764,0
anon_0076741,0
anon_0076764,0
anon_0076743,NA
anon_0076764,0
anon_0076804,100
anon_0076741,50
anon_0076763,0
anon_0076764,0
anon_0076761,0
anon_0076764,0
anon_0076761,0
anon_0076761,70
anon_0076764,0
anon_0076761,NA
anon_0076763,50
anon_0076764,0
anon_0076741,50
anon_0076763,50
anon_0076741,50
anon_0076741,50
anon_0076761,50
anon_0076763,0
anon_0076741,60
anon_0076764,50
anon_0076741,50
anon_0076764,0
anon_0076761,0
anon_0076741,85
anon_0076767,0
anon_0076804,85
anon_0076767,0
anon_0076804,85
anon_0076763,50
anon_0076767,0
anon_0076764,60
anon_0076764,0
anon_0076764,85
anon_0076767,0
anon_0076763,0
anon_0076743,0
anon_0076741,50
anon_0076764,0
anon_0076743,0
anon_0076741,50
anon_0076764,0
anon_0076767,0
anon_0076764,80
anon_0076767,85
anon_0076743,0
anon_0076767,50
anon_0076764,0
anon_0076764,75
anon_0076767,0
anon_0076767,0
anon_0076763,0
anon_0076743,0
anon_0076763,0
anon_0076767,0
anon_0076743,0
anon_0076767,0
anon_0076767,85
anon_0076741,0
anon_0076767,0
anon_0076764,50
anon_0076767,0
anon_0076767,0
anon_0076764,0
anon_0076761,50
anon_0076743,0
anon_0076743,50
anon_0076763,0
anon_0076741,0
anon_0076741,50
anon_0076767,0
anon_0076743,0
anon_0076767,0
anon_0076763,0
anon_0076767,0
anon_0076741,50
anon_0076767,0
anon_0076741,0
anon_0076767,50
anon_0076741,50
anon_0076763,0
anon_0076743,0
anon_0076761,50
anon_0076741,0
anon_0076741,0
anon_0076743,0
anon_0076741,0
anon_0076763,0
anon_0076741,100
anon_0076767,0
anon_0076743,0
anon_0076741,0
anon_0076741,85
anon_0076764,50
anon_0076767,50
anon_0076741,50
anon_0076741,85
anon_0076763,0
anon_0076764,0
anon_0076741,0
anon_0076767,0
anon_0076763,0
anon_0076763,0
anon_0076743,50
anon_0076763,0
anon_0076741,0
anon_0076778,0
anon_0076767,0
anon_0076741,0
anon_0076741,0
anon_0076778,0
anon_0076763,0
anon_0076741,0
anon_0076764,0
anon_0076778,0
anon_0076741,0
anon_0076804,0
anon_0076743,0
anon_0076778,0
anon_0076778,0
anon_0076741,0
anon_0076778,0
anon_0076763,90
anon_0076778,0
anon_0076741,50
anon_0076804,50
anon_0076804,0
anon_0076743,0
anon_0076764,0
anon_0076741,50
anon_0076743,0
anon_0076804,100
anon_0076778,40
anon_0076778,75
anon_0076778,80
anon_0076778,85
anon_0076804,0
anon_0076764,0
anon_0076764,0
anon_0076804,100
anon_0076778,0
anon_0076764,0
anon_0076764,0
anon_0076741,0
anon_0076764,0
anon_0076764,85
anon_0076763,0
anon_0076764,0
anon_0076778,0
anon_0076764,50
anon_0076779,0
anon_0076804,0
anon_0076804,0
anon_0076764,85
anon_0076741,NA
anon_0076764,0
anon_0076764,0
anon_0076779,80
anon_0076804,0
anon_0076778,0
anon_0076779,75
anon_0076778,85
anon_0076779,85
anon_0076804,0
anon_0076779,85
anon_0076779,0
anon_0076764,0
anon_0076764,0
anon_0076764,50
anon_0076741,50
anon_0076754,0
anon_0076804,50
anon_0076764,0
anon_0076764,0
anon_0076754,0
anon_0076764,0
anon_0076764,0
anon_0076779,0
anon_0076764,50
anon_0076764,0
anon_0076779,50
anon_0076754,0
anon_0076764,70
anon_0076779,0
anon_0076764,0
anon_0076764,0
anon_0076779,0
anon_0076779,0
anon_0076779,0
anon_0076754,0
anon_0076764,0
anon_0076754,0
anon_0076779,50
anon_0076764,0
anon_0076764,0
anon_0076754,0
anon_0076764,0
anon_0076764,0
anon_0076778,85
anon_0076754,0
anon_0076754,0
anon_0076764,0
anon_0076764,50
anon_0076823,0
anon_0076823,20
anon_0076823,0
anon_0076832,85
anon_0076823,50
anon_0076820,0
anon_0076832,85
anon_0076819,0
anon_0076823,0
anon_0076823,85
anon_0076822,90
anon_0076822,50
anon_0076823,50
anon_0076832,95
anon_0076832,90
anon_0076832,90
anon_0076820,0
anon_0076832,85
anon_0076820,0
anon_0076820,0
anon_0076820,90
anon_0076832,90
anon_0076823,0
anon_0076822,90
anon_0076819,50
anon_0076819,50
anon_0076820,30
anon_0076820,0
anon_0076820,0
anon_0076820,0
anon_0076804,0
anon_0076820,0
anon_0076820,0
anon_0076820,0
anon_0076823,0
anon_0076820,0
anon_0076823,0
anon_0076804,0
anon_0076764,0
anon_0076823,50
anon_0076820,0
anon_0076764,0
anon_0076820,0
anon_0076820,0
anon_0076820,0
anon_0076823,50
anon_0076820,0
anon_0076820,20
anon_0076820,85
anon_0076820,0
anon_0076820,0
anon_0076764,0
anon_0076804,0
anon_0076820,50
anon_0076764,0
anon_0076804,0
anon_0076764,NA
anon_0076820,0
anon_0076804,0
anon_0076764,0
anon_0076820,0
anon_0076820,50
anon_0076820,0
anon_0076823,85
anon_0076820,0
anon_0076820,0
anon_0076820,50
anon_0076820,0
anon_0076804,0
anon_0076820,0
anon_0076820,30
anon_0076820,0
anon_0076804,85
anon_0076820,0
anon_0076804,0
anon_0076820,0
anon_0076764,0
anon_0076804,0
anon_0076820,50
anon_0076820,0
anon_0076764,0
anon_0076764,0
anon_0076820,0
anon_0076820,0
anon_0076764,0
anon_0076820,0
anon_0076804,85
anon_0076823,0
anon_0076820,0
anon_0076764,0
anon_0076820,0
anon_0076820,0
anon_0076820,0
anon_0076804,0
anon_0076764,0
anon_0076820,50
anon_0076820,0
anon_0076804,0
anon_0076820,0
anon_0076804,50
anon_0076820,0
anon_0076820,0
anon_0076804,0
anon_0076764,0
anon_0076820,0
anon_0076820,20
anon_0076764,0
anon_0076823,0
anon_0076820,0
anon_0076820,50
anon_0076804,0
anon_0076843,0
anon_0076804,0
anon_0076764,0
anon_0076820,0
anon_0076820,0
anon_0076820,0
anon_0076820,0
anon_0076804,85
anon_0076820,50
anon_0076827,0
anon_0076832,70
anon_0076820,0
anon_0076823,0
anon_0076827,85
anon_0076820,0
anon_0076820,50
anon_0076827,0
anon_0076832,85
anon_0076804,50
anon_0076823,0
anon_0076820,0
anon_0076820,0
anon_0076804,85
anon_0076823,50
anon_0076827,85
anon_0076804,0
anon_0076820,0
anon_0076804,NA
anon_0076820,0
anon_0076823,0
anon_0076820,0
anon_0076820,0
anon_0076827,50
anon_0076764,50
anon_0076843,0
anon_0076823,50
anon_0076827,0
anon_0076843,0
anon_0076823,0
anon_0076827,85
anon_0076820,50
anon_0076820,30
anon_0076832,0
anon_0076823,0
anon_0076827,85
anon_0076843,0
anon_0076823,0
anon_0076827,0
anon_0076820,0
anon_0076820,0
anon_0076827,0
anon_0076832,85
anon_0076827,85
anon_0076820,50
anon_0076843,0
anon_0076832,85
anon_0076827,100
anon_0076843,70
anon_0076827,0
anon_0076819,0
anon_0076820,0
anon_0076827,95
anon_0076820,20
anon_0076827,0
anon_0076823,0
anon_0076823,0
anon_0076823,0
anon_0076819,50
anon_0076819,0
anon_0076823,0
anon_0076820,0
anon_0076827,85
anon_0076827,85
anon_0076820,50
anon_0076804,0
anon_0076819,0
anon_0076820,50
anon_0076827,50
anon_0076823,50
anon_0076827,50
anon_0076827,75
anon_0076804,30
anon_0076827,85
anon_0076804,0
anon_0076804,0
anon_0076804,0
anon_0076827,95
anon_0076823,0
anon_0076804,0
anon_0076823,0
anon_0076823,NA
anon_0076827,85
anon_0076804,0
anon_0076804,0
anon_0076804,0
anon_0076804,0
anon_0076804,0
anon_0076827,85
anon_0076827,50
anon_0076804,0
anon_0076823,0
anon_0076827,0
anon_0076804,0
anon_0076804,0
anon_0076804,0
anon_0076804,0
anon_0076827,50
anon_0076804,0
anon_0076819,0
anon_0076823,0
anon_0076832,0
anon_0076832,100
anon_0076804,0
anon_0076819,50
anon_0076832,100
anon_0076832,0
anon_0076827,0
anon_0076804,0
anon_0076827,85
anon_0076804,0
anon_0076804,0
anon_0076819,0
anon_0076843,90
anon_0076827,50
anon_0076827,85
anon_0076832,90
anon_0076804,0
anon_0076804,0
anon_0076832,90
anon_0076832,50
anon_0076819,0
anon_0076804,85
anon_0076827,0
anon_0076820,0
anon_0076827,NA
anon_0076819,0
anon_0076819,0
anon_0076832,0
anon_0076819,0
anon_0076819,0
anon_0076819,0
anon_0076827,NA
anon_0076832,0
anon_0076819,50
anon_0076832,0
anon_0076832,0
anon_0076832,50
anon_0076819,0
anon_0076823,0
anon_0076832,85
anon_0076804,0
anon_0076832,100
anon_0076823,0
anon_0076804,0
anon_0076832,0
anon_0076827,0
anon_0076832,0
anon_0076819,0
anon_0076804,0
anon_0076827,0
anon_0076819,50
anon_0076827,0
anon_0076819,0
anon_0076819,0
anon_0076827,0
anon_0076832,100
anon_0076804,0
anon_0076832,50
anon_0076832,0
anon_0076832,50
anon_0076804,0
anon_0076832,50
anon_0076819,0
anon_0076832,0
anon_0076832,0
anon_0076832,100
anon_0076804,0
anon_0076804,0
anon_0076832,85
anon_0076832,90
anon_0076832,0
anon_0076804,70
anon_0076804,50
anon_0076804,0
anon_0076804,0
anon_0076804,0
anon_0076832,50
anon_0076804,0
anon_0076827,80
anon_0076804,50
anon_0076804,0
anon_0076804,0
anon_0076827,50
anon_0076832,0
anon_0076804,0
anon_0076832,0
anon_0076804,50
anon_0076820,NA
anon_0076832,0
anon_0076832,85
anon_0076832,0
anon_0076827,0
anon_0076832,50
anon_0076832,85
anon_0076827,0
anon_0076832,50
anon_0076804,50
anon_0076832,0
anon_0076827,50
anon_0076832,0
anon_0076804,50
anon_0076804,0
anon_0076827,85
anon_0076804,0
anon_0076832,0
anon_0076870,0
anon_0076856,0
anon_0076870,0
anon_0076843,50
anon_0076856,0
anon_0076843,0
anon_0076856,0
anon_0076856,0
anon_0076827,0
anon_0076870,0
anon_0076843,0
anon_0076870,0
anon_0076867,85
anon_0076870,0
anon_0076864,0
anon_0076864,0
anon_0076864,0
anon_0076870,0
anon_0076870,0
anon_0076867,85
anon_0076827,50
anon_0076856,0
anon_0076864,0
anon_0076856,0
anon_0076843,0
anon_0076856,0
anon_0076856,0
anon_0076867,90
anon_0076856,0
anon_0076864,0
anon_0076870,50
anon_0076856,0
anon_0076843,0
anon_0076819,0
anon_0076867,75
anon_0076870,0
anon_0076856,0
anon_0076827,0
anon_0076870,0
anon_0076843,0
anon_0076856,0
anon_0076867,85
anon_0076827,0
anon_0076859,0
anon_0076819,0
anon_0076856,85
anon_0076856,0
anon_0076856,0
anon_0076864,30
anon_0076843,50
anon_0076843,0
anon_0076864,0
anon_0076843,0
anon_0076867,85
anon_0076870,0
anon_0076819,0
anon_0076870,0
anon_0076867,0
anon_0076819,0
anon_0076843,0
anon_0076859,90
anon_0076819,0
anon_0076859,0
anon_0076819,0
anon_0076867,0
anon_0076819,0
anon_0076856,0
anon_0076864,0
anon_0076819,0
anon_0076819,0
anon_0076819,0
anon_0076819,0
anon_0076870,0
anon_0076827,0
anon_0076859,85
anon_0076843,0
anon_0076819,0
anon_0076856,0
anon_0076843,30
anon_0076843,0
anon_0076819,0
anon_0076856,0
anon_0076859,80
anon_0076864,0
anon_0076870,0
anon_0076819,90
anon_0076819,0
anon_0076864,30
anon_0076819,85
anon_0076864,0
anon_0076870,0
anon_0076864,0
anon_0076867,80
anon_0076856,0
anon_0076819,50
anon_0076864,0
anon_0076864,0
anon_0076819,0
anon_0076870,0
anon_0076819,0
anon_0076819,0
anon_0076856,0
anon_0076859,50
anon_0076864,0
anon_0076819,0
anon_0076819,0
anon_0076819,0
anon_0076864,0
anon_0076867,85
anon_0076870,0
anon_0076819,0
anon_0076843,0
anon_0076819,50
anon_0076870,0
anon_0076870,0
anon_0076819,50
anon_0076870,0
anon_0076870,0
anon_0076819,0
anon_0076819,50
anon_0076819,0
anon_0076870,0
anon_0076870,0
anon_0076819,0
anon_0076819,0
anon_0076864,0
anon_0076819,50
anon_0076867,50
anon_0076819,NA
anon_0076843,0
anon_0076864,80
anon_0076864,0
anon_0076864,85
anon_0076819,85
anon_0076819,40
anon_0076864,0
anon_0076859,0
anon_0076859,0
anon_0076864,NA
anon_0076859,0
anon_0076864,0
anon_0076859,0
anon_0076819,30
anon_0076819,0
anon_0076864,50
anon_0076859,0
anon_0076870,0
anon_0076859,90
anon_0076859,85
anon_0076870,0
anon_0076864,NA
anon_0076864,0
anon_0076864,100
anon_0076856,0
anon_0076864,20
anon_0076864,0
anon_0076856,80
anon_0076859,0
anon_0076843,70
anon_0076856,0
anon_0076856,0
anon_0076856,100
anon_0076864,0
anon_0076864,100
anon_0076856,50
anon_0076864,0
anon_0076864,0
anon_0076856,0
anon_0076843,0
anon_0076856,0
anon_0076859,0
anon_0076843,0
anon_0076856,85
anon_0076856,50
anon_0076843,0
anon_0076864,0
anon_0076856,80
anon_0076870,0
anon_0076864,0
anon_0076856,0
anon_0076870,0
anon_0076859,0
anon_0076819,50
anon_0076843,85
anon_0076856,0
anon_0076864,0
anon_0076856,90
anon_0076864,0
anon_0076870,0
anon_0076870,0
anon_0076870,0
anon_0076859,95
anon_0076843,85
anon_0076864,85
anon_0076859,0
anon_0076843,30
anon_0076819,20
anon_0076864,0
anon_0076843,0
anon_0076864,0
anon_0076864,85
anon_0076859,0
anon_0076864,0
anon_0076864,0
anon_0076859,50
anon_0076864,100
anon_0076870,0
anon_0076859,0
anon_0076859,0
anon_0076819,0
anon_0076819,0
anon_0076864,0
anon_0076864,0
anon_0076864,0
anon_0076870,0
anon_0076856,85
anon_0076864,0
anon_0076864,50
anon_0076864,0
anon_0076843,0
anon_0076870,0
anon_0076864,0
anon_0076819,0
anon_0076864,90
anon_0076864,0
anon_0076864,0
anon_0076864,30
anon_0076870,0
anon_0076819,0
anon_0076864,0
anon_0076819,50
anon_0076864,NA
anon_0076864,0
anon_0076819,0
anon_0076856,0
anon_0076864,0
anon_0076864,0
anon_0076870,0
anon_0076819,0
anon_0076819,0
anon_0076856,0
anon_0076867,85
anon_0076864,0
anon_0076864,0
anon_0076856,0
anon_0076864,0
anon_0076864,0
anon_0076856,0
anon_0076867,85
anon_0076867,0
anon_0076864,30
anon_0076864,0
anon_0076867,50
anon_0076856,0
anon_0076856,0
anon_0076819,0
anon_0076856,0
anon_0076864,0
anon_0076819,50
anon_0076856,0
anon_0076864,0
anon_0076864,80
anon_0076856,0
anon_0076864,0
anon_0076864,0
anon_0076864,85
anon_0076856,0
anon_0076864,NA
anon_0076864,0
anon_0076864,80
anon_0076864,0
anon_0076819,0
anon_0076819,0
anon_0076856,0
anon_0076867,85
anon_0076867,85
anon_0076859,0
anon_0076859,0
anon_0076856,0
anon_0076819,50
anon_0076867,0
anon_0076819,0
anon_0076864,0
anon_0076859,0
anon_0076856,0
anon_0076864,0
anon_0076864,0
anon_0076856,0
anon_0076859,0
anon_0076859,0
anon_0076859,85
anon_0076859,0
anon_0076864,0
anon_0076859,90
anon_0076867,0
anon_0076864,0
anon_0076859,0
anon_0076864,0
anon_0076819,NA
anon_0076856,0
anon_0076864,0
anon_0076859,100
anon_0076856,0
anon_0076864,0
anon_0076856,0
anon_0076859,0
anon_0076856,50
anon_0076856,0
anon_0076864,0
anon_0076864,0
anon_0076859,95
anon_0076856,85
anon_0076859,0
anon_0076864,0
anon_0076864,50
anon_0076864,0
anon_0076819,50
anon_0076859,0
anon_0076864,0
anon_0076864,90
anon_0076864,90
anon_0076843,0
anon_0076856,0
anon_0076859,50
anon_0076843,0
anon_0076864,0
anon_0076859,85
anon_0076859,0
anon_0076843,0
anon_0076859,85
anon_0076867,0
anon_0076856,0
anon_0076859,50
anon_0076864,50
anon_0076864,85
anon_0076864,0
anon_0076843,0
anon_0076864,0
anon_0076859,0
anon_0076859,85
anon_0076856,0
anon_0076856,100
anon_0076859,0
anon_0076856,0
anon_0076856,0
anon_0076856,50
anon_0076856,0
anon_0076856,0
anon_0076864,0
anon_0076856,0
anon_0076856,0
anon_0076859,80
anon_0076856,0
anon_0076856,85
anon_0076856,0
anon_0076843,0
anon_0076856,0
anon_0076843,0
anon_0076856,0
anon_0076856,85
anon_0076864,50
anon_0076856,0
anon_0076864,50
anon_0076856,0
anon_0076856,100
anon_0076856,0
anon_0076856,0
anon_0076856,50
anon_0076856,0
anon_0076856,0
anon_0076856,0
anon_0076864,0
anon_0076843,85
anon_0076856,20
anon_0076856,0
anon_0076859,0
anon_0076856,0
anon_0076864,0
anon_0076856,0
anon_0076856,0
anon_0076856,85
anon_0076864,0
anon_0076856,0
anon_0076856,0
anon_0076856,85
anon_0076864,0
anon_0076856,0
anon_0076864,0
anon_0076887,0
anon_0076887,0
anon_0076880,0
anon_0076903,0
anon_0076880,0
anon_0076880,0
anon_0076887,0
anon_0076880,0
anon_0076930,0
anon_0076914,95
anon_0076883,0
anon_0076883,100
anon_0076930,0
anon_0076926,0
anon_0076880,50
anon_0076914,100
anon_0076887,0
anon_0076926,0
anon_0076926,90
anon_0076926,50
anon_0076930,0
anon_0076926,0
anon_0076926,0
anon_0076926,0
anon_0076880,0
anon_0076926,0
anon_0076880,0
anon_0076903,0
anon_0076880,0
anon_0076932,0
anon_0076926,0
anon_0076926,50
anon_0076887,0
anon_0076926,100
anon_0076907,85
anon_0076880,50
anon_0076914,95
anon_0076926,0
anon_0076887,0
anon_0076926,75
anon_0076930,0
anon_0076907,70
anon_0076930,85
anon_0076880,0
anon_0076927,50
anon_0076903,0
anon_0076880,90
anon_0076880,50
anon_0076927,90
anon_0076902,85
anon_0076880,0
anon_0076927,0
anon_0076903,50
anon_0076880,0
anon_0076926,90
anon_0076930,0
anon_0076902,85
anon_0076902,50
anon_0076887,0
anon_0076926,0
anon_0076926,0
anon_0076902,85
anon_0076926,85
anon_0076926,85
anon_0076927,85
anon_0076880,0
anon_0076902,90
anon_0076926,0
anon_0076902,0
anon_0076926,0
anon_0076926,0
anon_0076880,85
anon_0076907,0
anon_0076880,0
anon_0076914,85
anon_0076907,0
anon_0076867,0
anon_0076926,0
anon_0076880,50
anon_0076907,0
anon_0076926,0
anon_0076880,0
anon_0076907,0
anon_0076927,0
anon_0076926,0
anon_0076926,50
anon_0076883,0
anon_0076930,0
anon_0076926,0
anon_0076907,85
anon_0076926,50
anon_0076887,0
anon_0076902,0
anon_0076880,0
anon_0076902,0
anon_0076880,0
anon_0076930,0
anon_0076927,0
anon_0076880,0
anon_0076907,0
anon_0076867,0
anon_0076887,0
anon_0076930,0
anon_0076880,0
anon_0076927,100
anon_0076859,90
anon_0076907,50
anon_0076902,50
anon_0076902,0
anon_0076867,0
anon_0076907,50
anon_0076930,85
anon_0076880,50
anon_0076867,0
anon_0076926,0
anon_0076880,0
anon_0076902,85
anon_0076930,0
anon_0076930,50
anon_0076926,85
anon_0076887,0
anon_0076880,85
anon_0076887,0
anon_0076880,0
anon_0076859,0
anon_0076930,70
anon_0076930,50
anon_0076887,0
anon_0076867,NA
anon_0076883,0
anon_0076930,50
anon_0076887,0
anon_0076883,0
anon_0076887,0
anon_0076926,0
anon_0076930,85
anon_0076930,0
anon_0076867,0
anon_0076880,0
anon_0076859,0
anon_0076902,0
anon_0076887,0
anon_0076859,100
anon_0076930,0
anon_0076883,85
anon_0076880,0
anon_0076902,0
anon_0076859,0
anon_0076859,0
anon_0076926,85
anon_0076880,50
anon_0076859,0
anon_0076883,0
anon_0076883,0
anon_0076859,0
anon_0076883,80
anon_0076907,0
anon_0076883,0
anon_0076926,0
anon_0076907,0
anon_0076859,95
anon_0076887,0
anon_0076883,85
anon_0076926,80
anon_0076883,85
anon_0076883,0
anon_0076859,90
anon_0076859,0
anon_0076926,50
anon_0076926,0
anon_0076867,NA
anon_0076883,0
anon_0076859,0
anon_0076887,0
anon_0076907,0
anon_0076907,0
anon_0076859,0
anon_0076883,0
anon_0076926,0
anon_0076883,0
anon_0076883,90
anon_0076926,0
anon_0076907,0
anon_0076883,85
anon_0076903,0
anon_0076907,85
anon_0076883,0
anon_0076903,0
anon_0076926,100
anon_0076859,0
anon_0076926,50
anon_0076926,50
anon_0076926,100
anon_0076867,0
anon_0076859,NA
anon_0076926,90
anon_0076859,0
anon_0076903,85
anon_0076907,0
anon_0076883,85
anon_0076926,NA
anon_0076926,85
anon_0076883,0
anon_0076926,95
anon_0076907,60
anon_0076883,85
anon_0076926,85
anon_0076903,100
anon_0076859,0
anon_0076926,95
anon_0076926,30
anon_0076859,0
anon_0076867,0
anon_0076903,0
anon_0076883,50
anon_0076859,0
anon_0076867,0
anon_0076867,50
anon_0076859,0
anon_0076880,0
anon_0076867,0
anon_0076859,0
anon_0076867,0
anon_0076883,0
anon_0076880,0
anon_0076883,50
anon_0076880,0
anon_0076859,85
anon_0076883,85
anon_0076883,0
anon_0076859,0
anon_0076867,0
anon_0076903,0
anon_0076867,90
anon_0076867,85
anon_0076867,0
anon_0076867,50
anon_0076903,0
anon_0076867,0
anon_0076867,0
anon_0076903,0
anon_0076867,0
anon_0076859,0
anon_0076883,0
anon_0076867,0
anon_0076880,0
anon_0076859,0
anon_0076867,85
anon_0076880,0
anon_0076859,0
anon_0076867,0
anon_0076867,0
anon_0076880,0
anon_0076880,0
anon_0076903,50
anon_0076867,85
anon_0076859,0
anon_0076867,0
anon_0076859,0
anon_0076867,0
anon_0076867,50
anon_0076867,85
anon_0076859,0
anon_0076867,60
anon_0076883,0
anon_0076859,0
anon_0076859,0
anon_0076867,0
anon_0076867,0
anon_0076902,0
anon_0076867,0
anon_0076859,85
anon_0076926,0
anon_0076867,0
anon_0076902,0
anon_0076880,0
anon_0076867,50
anon_0076902,0
anon_0076902,0
anon_0076867,85
anon_0076867,85
anon_0076867,0
anon_0076883,85
anon_0076867,0
anon_0076867,0
anon_0076867,50
anon_0076867,0
anon_0076867,100
anon_0076867,0
anon_0076867,50
anon_0076902,0
anon_0076880,0
anon_0076867,0
anon_0076867,0
anon_0076902,0
anon_0076880,70
anon_0076867,60
anon_0076867,0
anon_0076867,0
anon_0076859,0
anon_0076867,0
anon_0076867,85
anon_0076867,70
anon_0076903,100
anon_0076859,80
anon_0076859,0
anon_0076867,0
anon_0076867,50
anon_0076902,85
anon_0076903,0
anon_0076867,0
anon_0076867,0
anon_0076883,85
anon_0076867,85
anon_0076867,90
anon_0076867,50
anon_0076867,50
anon_0076859,0
anon_0076867,50
anon_0076867,0
anon_0076867,0
anon_0076867,0
anon_0076867,50
anon_0076867,90
anon_0076867,NA
anon_0076867,0
anon_0076867,NA
anon_0076867,85
anon_0076859,0
anon_0076902,0
anon_0076902,90
anon_0076903,50
anon_0076867,60
anon_0076883,100
anon_0076867,0
anon_0076880,0
anon_0076867,85
anon_0076867,50
anon_0076867,0
anon_0076867,0
anon_0076867,75
anon_0076867,90
anon_0076867,75
anon_0076867,70
anon_0076867,85
anon_0076867,NA
anon_0076867,0
anon_0076867,0
anon_0076867,NA
anon_0076867,0
anon_0076867,0
anon_0076902,0
anon_0076867,90
anon_0076867,0
anon_0076867,0
anon_0076867,0
anon_0076883,0
anon_0076952,85
anon_0076930,0
anon_0076942,0
anon_0076952,0
anon_0076940,85
anon_0076942,0
anon_0076952,50
anon_0076964,0
anon_0076966,100
anon_0076952,0
anon_0076966,100
anon_0076952,0
anon_0076942,50
anon_0076952,0
anon_0076942,90
anon_0076949,85
anon_0076952,92
anon_0076952,0
anon_0076952,100
anon_0076942,0
anon_0076940,0
anon_0076949,85
anon_0076952,85
anon_0076940,0
anon_0076930,0
anon_0076952,70
anon_0076952,0
anon_0076940,0
anon_0076966,0
anon_0076952,85
anon_0076930,0
anon_0076952,60
anon_0076952,0
anon_0076942,0
anon_0076942,50
anon_0076940,0
anon_0076952,0
anon_0076949,0
anon_0076942,0
anon_0076964,0
anon_0076964,0
anon_0076966,85
anon_0076966,75
anon_0076942,0
anon_0076932,0
anon_0076953,100
anon_0076942,0
anon_0076952,0
anon_0076942,0
anon_0076942,0
anon_0076942,0
anon_0076942,0
anon_0076952,0
anon_0076932,0
anon_0076952,90
anon_0076952,0
anon_0076952,85
anon_0076942,0
anon_0076942,50
anon_0076952,0
anon_0076952,0
anon_0076942,0
anon_0076964,0
anon_0076953,100
anon_0076942,0
anon_0076952,0
anon_0076952,0
anon_0076964,0
anon_0076942,0
anon_0076927,0
anon_0076952,0
anon_0076952,85
anon_0076952,0
anon_0076942,0
anon_0076942,0
anon_0076964,0
anon_0076942,0
anon_0076949,0
anon_0076964,0
anon_0076942,100
anon_0076942,0
anon_0076952,100
anon_0076952,0
anon_0076952,0
anon_0076942,0
anon_0076952,0
anon_0076932,50
anon_0076942,50
anon_0076964,100
anon_0076953,50
anon_0076942,0
anon_0076964,50
anon_0076952,0
anon_0076952,0
anon_0076953,100
anon_0076942,0
anon_0076964,0
anon_0076942,50
anon_0076942,90
anon_0076949,0
anon_0076949,0
anon_0076942,90
anon_0076927,0
anon_0076942,50
anon_0076942,0
anon_0076942,0
anon_0076927,0
anon_0076942,0
anon_0076927,0
anon_0076927,0
anon_0076952,0
anon_0076964,60
anon_0076952,50
anon_0076942,0
anon_0076964,0
anon_0076952,0
anon_0076927,50
anon_0076952,0
anon_0076942,0
anon_0076927,0
anon_0076932,85
anon_0076927,0
anon_0076952,85
anon_0076942,85
anon_0076964,0
anon_0076949,0
anon_0076927,0
anon_0076942,75
anon_0076942,0
anon_0076942,0
anon_0076940,70
anon_0076940,0
anon_0076942,0
anon_0076940,0
anon_0076952,0
anon_0076949,0
anon_0076927,0
anon_0076942,0
anon_0076940,0
anon_0076927,50
anon_0076932,0
anon_0076927,50
anon_0076953,0
anon_0076942,0
anon_0076942,0
anon_0076942,70
anon_0076942,0
anon_0076940,0
anon_0076927,0
anon_0076953,0
anon_0076949,0
anon_0076940,0
anon_0076942,0
anon_0076932,100
anon_0076942,0
anon_0076940,100
anon_0076949,0
anon_0076932,85
anon_0076942,NA
anon_0076940,50
anon_0076932,NA
anon_0076953,0
anon_0076942,0
anon_0076932,50
anon_0076966,0
anon_0076932,0
anon_0076953,0
anon_0076932,0
anon_0076942,0
anon_0076952,85
anon_0076942,0
anon_0076932,0
anon_0076942,0
anon_0076932,50
anon_0076932,85
anon_0076966,0
anon_0076932,0
anon_0076966,100
anon_0076952,0
anon_0076942,0
anon_0076932,0
anon_0076942,50
anon_0076966,0
anon_0076927,50
anon_0076966,0
anon_0076942,0
anon_0076942,0
anon_0076942,0
anon_0076926,0
anon_0076953,0
anon_0076966,0
anon_0076949,0
anon_0076927,0
anon_0076953,0
anon_0076940,0
anon_0076932,0
anon_0076966,85
anon_0076942,0
anon_0076932,0
anon_0076927,90
anon_0076932,0
anon_0076926,0
anon_0076927,50
anon_0076942,50
anon_0076932,80
anon_0076932,0
anon_0076949,50
anon_0076953,0
anon_0076932,85
anon_0076932,0
anon_0076930,0
anon_0076930,0
anon_0076926,0
anon_0076953,50
anon_0076940,0
anon_0076952,0
anon_0076953,0
anon_0076966,85
anon_0076930,0
anon_0076930,0
anon_0076932,30
anon_0076930,50
anon_0076940,0
anon_0076942,0
anon_0076940,0
anon_0076940,0
anon_0076966,85
anon_0076930,50
anon_0076942,0
anon_0076953,0
anon_0076926,0
anon_0076952,50
anon_0076953,0
anon_0076930,0
anon_0076932,0
anon_0076930,0
anon_0076942,85
anon_0076940,0
anon_0076930,0
anon_0076940,0
anon_0076942,0
anon_0076926,50
anon_0076953,0
anon_0076953,100
anon_0076926,0
anon_0076942,50
anon_0076930,0
anon_0076932,0
anon_0076930,0
anon_0076966,0
anon_0076953,0
anon_0076952,0
anon_0076926,0
anon_0076940,0
anon_0076942,90
anon_0076932,50
anon_0076953,0
anon_0076942,85
anon_0076930,85
anon_0076953,0
anon_0076940,0
anon_0076953,0
anon_0076953,0
anon_0076953,0
anon_0076953,0
anon_0076953,85
anon_0076953,0
anon_0076940,0
anon_0076942,0
anon_0076953,0
anon_0076930,85
anon_0076953,0
anon_0076952,100
anon_0076953,0
anon_0076953,0
anon_0076953,0
anon_0076952,70
anon_0076952,0
anon_0076953,85
anon_0076953,0
anon_0076953,0
anon_0076953,0
anon_0076953,0
anon_0076926,70
anon_0076953,0
anon_0076953,0
anon_0076930,85
anon_0076930,50
anon_0076952,0
anon_0076942,0
anon_0076953,NA
anon_0076953,0
anon_0076953,90
anon_0076953,0
anon_0076930,0
anon_0076940,0
anon_0076953,0
anon_0076953,50
anon_0076953,0
anon_0076930,0
anon_0076940,0
anon_0076953,50
anon_0076966,50
anon_0076953,0
anon_0076940,0
anon_0076940,0
anon_0076940,0
anon_0076940,0
anon_0076966,0
anon_0076940,0
anon_0076940,0
anon_0076953,0
anon_0076940,85
anon_0076966,0
anon_0076940,0
anon_0076966,0
anon_0076966,50
anon_0076953,0
anon_0076966,85
anon_0076940,0
anon_0076940,0
anon_0076966,85
anon_0076966,0
anon_0076940,NA
anon_0076966,0
anon_0076966,0
anon_0076940,0
anon_0076966,0
anon_0076966,0
anon_0076940,0
anon_0076953,50
anon_0076983,0
anon_0077037,0
anon_0076983,0
anon_0076968,100
anon_0077037,50
anon_0076983,0
anon_0076968,95
anon_0076983,0
anon_0077037,0
anon_0076983,0
anon_0077029,0
anon_0077037,0
anon_0076983,0
anon_0077029,0
anon_0077026,85
anon_0076983,0
anon_0076983,0
anon_0076968,0
anon_0076964,0
anon_0077038,0
anon_0077040,0
anon_0076983,0
anon_0077026,0
anon_0077026,50
anon_0076968,85
anon_0077037,NA
anon_0076983,NA
anon_0076983,85
anon_0077029,0
anon_0076983,0
anon_0076964,0
anon_0076983,50
anon_0076983,0
anon_0077026,85
anon_0076983,85
anon_0076964,0
anon_0076964,0
anon_0076983,0
anon_0076964,0
anon_0076964,0
anon_0077040,95
anon_0076964,0
anon_0076983,85
anon_0076964,0
anon_0076983,0
anon_0077037,0
anon_0076993,90
anon_0076968,50
anon_0076964,0
anon_0077037,85
anon_0077026,0
anon_0077026,0
anon_0076993,50
anon_0076968,0
anon_0076983,0
anon_0077037,0
anon_0076964,0
anon_0076983,0
anon_0076983,0
anon_0076983,0
anon_0076964,0
anon_0076983,0
anon_0076983,85
anon_0076983,0
anon_0076964,50
anon_0077026,60
anon_0076983,0
anon_0077040,0
anon_0076964,0
anon_0076964,50
anon_0076993,85
anon_0077040,0
anon_0077026,0
anon_0076964,0
anon_0076964,0
anon_0076983,0
anon_0076964,0
anon_0076968,30
anon_0076983,50
anon_0076964,0
anon_0076983,50
anon_0076983,0
anon_0077040,0
anon_0076964,0
anon_0077037,0
anon_0077040,90
anon_0076983,85
anon_0076983,0
anon_0077026,90
anon_0076964,85
anon_0077040,85
anon_0076968,0
anon_0076964,0
anon_0076964,0
anon_0076964,0
anon_0076983,0
anon_0076983,0
anon_0076983,50
anon_0077037,0
anon_0077038,50
anon_0076983,0
anon_0077037,0
anon_0076964,0
anon_0076964,0
anon_0076964,0
anon_0076983,85
anon_0077037,0
anon_0076983,0
anon_0077040,85
anon_0076983,0
anon_0076983,0
anon_0076964,0
anon_0076983,0
anon_0076993,0
anon_0077029,0
anon_0077026,0
anon_0076983,0
anon_0076983,50
anon_0076983,0
anon_0076968,70
anon_0077040,0
anon_0076983,0
anon_0076983,0
anon_0076964,0
anon_0076993,0
anon_0076964,NA
anon_0076983,50
anon_0076993,30
anon_0077038,75
anon_0076968,70
anon_0076993,0
anon_0076983,85
anon_0076993,0
anon_0076993,80
anon_0076964,0
anon_0077037,0
anon_0076983,0
anon_0076993,0
anon_0077029,0
anon_0076983,0
anon_0076968,85
anon_0077026,85
anon_0076983,0
anon_0077029,0
anon_0076993,50
anon_0077029,0
anon_0077037,85
anon_0076968,0
anon_0077026,0
anon_0076993,0
anon_0076968,50
anon_0076983,85
anon_0076968,0
anon_0077026,50
anon_0077029,50
anon_0077026,0
anon_0076983,NA
anon_0077037,0
anon_0077026,0
anon_0076983,50
anon_0076983,80
anon_0076993,0
anon_0076968,0
anon_0076983,0
anon_0076968,50
anon_0076983,0
anon_0076968,85
anon_0076968,0
anon_0077040,0
anon_0077026,85
anon_0077040,0
anon_0076983,0
anon_0077026,0
anon_0077040,0
anon_0077029,0
anon_0076968,0
anon_0076968,100
anon_0077029,0
anon_0077040,85
anon_0076968,0
anon_0076968,85
anon_0076968,0
anon_0077029,0
anon_0076968,60
anon_0077040,0
anon_0076968,0
anon_0077040,0
anon_0076993,0
anon_0076968,50
anon_0076968,0
anon_0077026,0
anon_0077040,0
anon_0076968,0
anon_0076968,75
anon_0077040,0
anon_0076993,0
anon_0076968,0
anon_0076983,0
anon_0076968,50
anon_0077026,0
anon_0076993,100
anon_0076968,85
anon_0076993,85
anon_0076968,50
anon_0076968,0
anon_0076983,50
anon_0076968,0
anon_0076968,0
anon_0076968,0
anon_0077029,0
anon_0076968,0
anon_0076968,50
anon_0076968,0
anon_0076968,95
anon_0076983,50
anon_0076968,85
anon_0076968,85
anon_0076968,50
anon_0076993,0
anon_0077026,0
anon_0076968,0
anon_0076968,0
anon_0077026,0
anon_0077026,0
anon_0077029,0
anon_0076968,50
anon_0077026,0
anon_0076968,0
anon_0076968,0
anon_0076968,0
anon_0076968,50
anon_0076968,0
anon_0077026,100
anon_0077026,0
anon_0077026,0
anon_0076968,0
anon_0076968,0
anon_0076993,85
anon_0076968,0
anon_0076993,85
anon_0076993,0
anon_0076993,0
anon_0076993,85
anon_0076983,0
anon_0076968,0
anon_0076968,0
anon_0076993,90
anon_0076968,50
anon_0076968,50
anon_0076968,0
anon_0076993,50
anon_0076968,0
anon_0077026,0
anon_0077026,85
anon_0076968,0
anon_0076968,80
anon_0076968,0
anon_0077026,0
anon_0076968,50
anon_0076968,100
anon_0076968,50
anon_0076968,0
anon_0076968,60
anon_0077026,0
anon_0076968,0
anon_0076968,0
anon_0076968,0
anon_0077026,0
anon_0076968,85
anon_0076968,20
anon_0076968,50
anon_0076968,0
anon_0076968,100
anon_0076940,0
anon_0076968,0
anon_0076940,0
anon_0076968,0
anon_0076940,0
anon_0076940,0
anon_0076940,0
anon_0077026,0
anon_0076968,30
anon_0077026,0
anon_0077026,0
anon_0076968,0
anon_0076940,0
anon_0076940,0
anon_0076968,0
anon_0076940,0
anon_0076968,85
anon_0077040,85
anon_0076968,85
anon_0077026,50
anon_0076940,0
anon_0077026,0
anon_0076968,0
anon_0076940,0
anon_0076968,85
anon_0077026,0
anon_0076968,0
anon_0076968,85
anon_0076993,0
anon_0076968,0
anon_0076940,0
anon_0076940,0
anon_0077026,0
anon_0076968,0
anon_0076968,0
anon_0077026,85
anon_0076968,50
anon_0076968,NA
anon_0076940,50
anon_0076968,0
anon_0077026,0
anon_0076968,70
anon_0076968,50
anon_0076968,NA
anon_0077026,85
anon_0076940,0
anon_0077026,85
anon_0076993,NA
anon_0076940,0
anon_0077026,0
anon_0076968,85
anon_0076940,0
anon_0077077,50
anon_0077037,0
anon_0077077,0
anon_0077037,0
anon_0077047,0
anon_0077074,0
anon_0077074,50
anon_0077074,100
anon_0077044,90
anon_0077074,0
anon_0077077,0
anon_0077074,0
anon_0077047,0
anon_0077080,95
anon_0077074,0
anon_0077080,0
anon_0077047,0
anon_0077061,0
anon_0077074,0
anon_0077074,0
anon_0077074,0
anon_0077047,70
anon_0077074,0
anon_0077061,0
anon_0077037,0
anon_0077037,0
anon_0077074,0
anon_0077074,0
anon_0077061,95
anon_0077074,0
anon_0077074,0
anon_0077074,0
anon_0077047,0
anon_0077061,0
anon_0077037,0
anon_0077044,0
anon_0077047,0
anon_0077074,0
anon_0077074,0
anon_0077080,50
anon_0077074,0
anon_0077037,0
anon_0077061,0
anon_0077074,0
anon_0077074,0
anon_0077074,0
anon_0077044,50
anon_0077074,0
anon_0077037,0
anon_0077037,0
anon_0077074,0
anon_0077037,0
anon_0077074,0
anon_0077061,0
anon_0077037,0
anon_0077037,0
anon_0077029,0
anon_0077044,95
anon_0077074,0
anon_0077037,0
anon_0077037,40
anon_0077074,0
anon_0077074,0
anon_0077074,0
anon_0077061,0
anon_0077074,0
anon_0077074,0
anon_0077037,0
anon_0077047,0
anon_0077037,0
anon_0077029,0
anon_0077037,0
anon_0077074,0
anon_0077074,0
anon_0077061,50
anon_0077037,0
anon_0077074,40
anon_0077037,0
anon_0077074,0
anon_0077074,0
anon_0077037,0
anon_0077037,0
anon_0077074,0
anon_0077037,0
anon_0077074,0
anon_0077037,0
anon_0077074,0
anon_0077037,0
anon_0077074,0
anon_0077074,0
anon_0077074,0
anon_0077037,0
anon_0077047,0
anon_0077074,0
anon_0077029,85
anon_0077047,0
anon_0077029,0
anon_0077037,50
anon_0077047,0
anon_0077074,0
anon_0077074,0
anon_0077061,30
anon_0077074,0
anon_0077074,0
anon_0077074,0
anon_0077047,0
anon_0077074,0
anon_0077040,0
anon_0077074,0
anon_0077044,95
anon_0077040,85
anon_0077037,0
anon_0077074,0
anon_0077074,0
anon_0077074,50
anon_0077074,50
anon_0077044,0
anon_0077047,0
anon_0077047,50
anon_0077037,0
anon_0077040,85
anon_0077037,0
anon_0077047,50
anon_0077037,0
anon_0077044,85
anon_0077029,0
anon_0077074,0
anon_0077061,0
anon_0077029,0
anon_0077040,0
anon_0077047,85
anon_0077074,0
anon_0077047,0
anon_0077074,50
anon_0077047,0
anon_0077047,50
anon_0077047,NA
anon_0077040,0
anon_0077040,0
anon_0077040,0
anon_0077074,0
anon_0077040,0
anon_0077029,0
anon_0077047,50
anon_0077047,0
anon_0077029,0
anon_0077040,85
anon_0077040,0
anon_0077029,0
anon_0077029,0
anon_0077040,85
anon_0077029,0
anon_0077040,50
anon_0077040,0
anon_0077047,0
anon_0077029,0
anon_0077040,0
anon_0077074,0
anon_0077040,0
anon_0077044,0
anon_0077038,0
anon_0077047,0
anon_0077047,0
anon_0077040,50
anon_0077044,0
anon_0077040,85
anon_0077047,0
anon_0077047,0
anon_0077029,0
anon_0077029,0
anon_0077047,0
anon_0077029,0
anon_0077040,0
anon_0077040,0
anon_0077040,85
anon_0077044,95
anon_0077044,0
anon_0077029,0
anon_0077047,0
anon_0077061,85
anon_0077061,0
anon_0077074,0
anon_0077038,50
anon_0077029,0
anon_0077029,0
anon_0077047,50
anon_0077038,50
anon_0077040,85
anon_0077061,100
anon_0077029,0
anon_0077047,0
anon_0077047,0
anon_0077029,0
anon_0077038,0
anon_0077061,0
anon_0077038,0
anon_0077061,0
anon_0077040,50
anon_0077044,0
anon_0077074,0
anon_0077047,0
anon_0077038,0
anon_0077040,0
anon_0077061,0
anon_0077029,0
anon_0077047,0
anon_0077038,85
anon_0077044,50
anon_0077047,0
anon_0077044,0
anon_0077047,50
anon_0077061,0
anon_0077047,0
anon_0077029,0
anon_0077047,0
anon_0077044,0
anon_0077044,0
anon_0077038,0
anon_0077047,0
anon_0077038,0
anon_0077047,0
anon_0077061,100
anon_0077038,50
anon_0077029,0
anon_0077029,50
anon_0077044,0
anon_0077047,0
anon_0077040,0
anon_0077047,0
anon_0077038,0
anon_0077029,100
anon_0077047,50
anon_0077047,0
anon_0077047,0
anon_0077047,0
anon_0077038,0
anon_0077047,0
anon_0077029,0
anon_0077038,0
anon_0077047,80
anon_0077047,50
anon_0077029,85
anon_0077047,0
anon_0077029,0
anon_0077029,0
anon_0077047,0
anon_0077029,90
anon_0077047,0
anon_0077029,0
anon_0077061,0
anon_0077047,0
anon_0077047,0
anon_0077029,0
anon_0077044,50
anon_0077038,0
anon_0077047,0
anon_0077038,0
anon_0077061,90
anon_0077047,0
anon_0077044,50
anon_0077044,NA
anon_0077047,0
anon_0077038,0
anon_0077047,0
anon_0077047,0
anon_0077029,50
anon_0077047,85
anon_0077061,50
anon_0077038,0
anon_0077040,50
anon_0077047,0
anon_0077038,0
anon_0077038,0
anon_0077047,0
anon_0077038,30
anon_0077038,85
anon_0077038,0
anon_0077038,50
anon_0077047,0
anon_0077029,50
anon_0077047,NA
anon_0077029,85
anon_0077047,0
anon_0077047,80
anon_0077038,NA
anon_0077047,0
anon_0077029,0
anon_0077038,80
anon_0077038,0
anon_0077038,0
anon_0077047,0
anon_0077047,50
anon_0077038,0
anon_0077038,0
anon_0077038,0
anon_0077047,0
anon_0077038,0
anon_0077038,70
anon_0077047,0
anon_0077038,0
anon_0077038,0
anon_0077038,0
anon_0077038,0
anon_0077038,0
anon_0077047,0
anon_0077038,0
anon_0077038,0
anon_0077038,50
anon_0077038,50
anon_0077029,100
anon_0077038,60
anon_0077038,0
anon_0077029,0
anon_0077038,0
anon_0077029,50
anon_0077029,50
anon_0077038,0
anon_0077047,20
anon_0077038,40
anon_0077038,0
anon_0077047,0
anon_0077047,50
anon_0077029,0
anon_0077047,0
anon_0077047,0
anon_0077029,0
anon_0077038,0
anon_0077038,0
anon_0077038,0
anon_0077029,0
anon_0077038,50
anon_0077038,40
anon_0077038,50
anon_0077029,50
anon_0077038,50
anon_0077029,0
anon_0077047,0
anon_0077038,0
anon_0077038,0
anon_0077029,0
anon_0077038,0
anon_0077029,0
anon_0077038,20
anon_0077029,0
anon_0077029,50
anon_0077038,50
anon_0077038,50
anon_0077038,0
anon_0077029,70
anon_0077038,0
anon_0077038,0
anon_0077029,50
anon_0077029,0
anon_0077029,0
anon_0077038,50
anon_0077029,50
anon_0077029,0
anon_0077029,0
anon_0077047,0
anon_0077038,0
anon_0077029,0
anon_0077038,0
anon_0077038,50
anon_0077038,0
anon_0077038,0
anon_0077038,0
anon_0077029,50
anon_0077038,90
anon_0077038,50
anon_0077029,0
anon_0077029,30
anon_0077029,0
anon_0077038,0
anon_0077038,0
anon_0077038,0
anon_0077038,0
anon_0077038,70
anon_0077029,90
anon_0077029,75
anon_0077038,0
anon_0077038,50
anon_0077038,50
anon_0077038,50
anon_0077029,0
anon_0077029,50
anon_0077038,0
anon_0077038,50
anon_0077038,0
anon_0077038,80
anon_0077029,0
anon_0077038,0
anon_0077029,20
anon_0077038,100
anon_0077029,NA
anon_0077047,50
anon_0077038,0
anon_0077029,0
anon_0077029,85
anon_0077038,0
anon_0077038,0
anon_0077098,0
anon_0077084,0
anon_0077086,100
anon_0077110,95
anon_0077077,0
anon_0077098,50
anon_0077077,0
anon_0077113,50
anon_0077113,0
anon_0077118,0
anon_0077077,0
anon_0077086,85
anon_0077086,0
anon_0077086,0
anon_0077113,85
anon_0077080,0
anon_0077113,50
anon_0077080,0
anon_0077080,100
anon_0077077,0
anon_0077077,90
anon_0077080,0
anon_0077098,95
anon_0077084,0
anon_0077080,0
anon_0077077,0
anon_0077086,0
anon_0077077,30
anon_0077077,0
anon_0077098,0
anon_0077098,0
anon_0077077,0
anon_0077113,50
anon_0077084,0
anon_0077077,0
anon_0077084,50
anon_0077080,85
anon_0077077,50
anon_0077113,80
anon_0077086,85
anon_0077113,0
anon_0077086,0
anon_0077110,100
anon_0077113,50
anon_0077077,50
anon_0077077,0
anon_0077098,50
anon_0077084,0
anon_0077113,50
anon_0077104,0
anon_0077098,0
anon_0077077,0
anon_0077104,0
anon_0077077,0
anon_0077098,50
anon_0077077,0
anon_0077084,0
anon_0077098,0
anon_0077077,85
anon_0077086,0
anon_0077113,50
anon_0077077,0
anon_0077077,0
anon_0077084,0
anon_0077077,0
anon_0077104,0
anon_0077077,0
anon_0077077,0
anon_0077084,0
anon_0077104,0
anon_0077104,0
anon_0077104,0
anon_0077104,0
anon_0077086,0
anon_0077104,0
anon_0077086,85
anon_0077098,NA
anon_0077080,50
anon_0077080,0
anon_0077077,0
anon_0077086,0
anon_0077098,50
anon_0077084,0
anon_0077104,0
anon_0077077,0
anon_0077118,0
anon_0077077,0
anon_0077086,0
anon_0077084,0
anon_0077077,0
anon_0077086,0
anon_0077080,50
anon_0077098,0
anon_0077077,0
anon_0077104,0
anon_0077077,0
anon_0077098,0
anon_0077077,0
anon_0077110,50
anon_0077104,85
anon_0077110,90
anon_0077110,50
anon_0077077,0
anon_0077077,0
anon_0077077,0
anon_0077113,85
anon_0077098,0
anon_0077086,90
anon_0077104,0
anon_0077084,50
anon_0077077,0
anon_0077086,0
anon_0077086,85
anon_0077098,0
anon_0077086,85
anon_0077113,0
anon_0077077,0
anon_0077086,0
anon_0077098,0
anon_0077104,0
anon_0077104,0
anon_0077084,0
anon_0077104,0
anon_0077110,0
anon_0077086,0
anon_0077080,50
anon_0077113,0
anon_0077098,0
anon_0077110,0
anon_0077077,0
anon_0077077,0
anon_0077098,0
anon_0077098,0
anon_0077098,0
anon_0077104,0
anon_0077084,0
anon_0077098,0
anon_0077080,30
anon_0077086,0
anon_0077110,50
anon_0077084,0
anon_0077098,0
anon_0077104,0
anon_0077104,0
anon_0077084,0
anon_0077098,0
anon_0077104,50
anon_0077113,0
anon_0077098,0
anon_0077080,0
anon_0077113,85
anon_0077084,0
anon_0077113,0
anon_0077084,0
anon_0077077,0
anon_0077110,0
anon_0077104,0
anon_0077084,0
anon_0077080,0
anon_0077086,NA
anon_0077104,0
anon_0077084,0
anon_0077077,50
anon_0077104,0
anon_0077104,0
anon_0077113,0
anon_0077113,0
anon_0077113,0
anon_0077084,0
anon_0077084,0
anon_0077084,0
anon_0077084,50
anon_0077084,0
anon_0077104,0
anon_0077080,0
anon_0077080,0
anon_0077086,70
anon_0077084,0
anon_0077098,0
anon_0077086,85
anon_0077104,0
anon_0077110,NA
anon_0077098,0
anon_0077113,0
anon_0077084,0
anon_0077084,0
anon_0077084,0
anon_0077080,0
anon_0077084,0
anon_0077086,85
anon_0077084,0
anon_0077110,0
anon_0077084,0
anon_0077113,NA
anon_0077080,0
anon_0077113,0
anon_0077080,50
anon_0077080,0
anon_0077080,0
anon_0077110,0
anon_0077084,0
anon_0077084,0
anon_0077113,50
anon_0077110,0
anon_0077080,0
anon_0077110,0
anon_0077084,0
anon_0077084,0
anon_0077098,85
anon_0077098,0
anon_0077084,NA
anon_0077084,0
anon_0077098,0
anon_0077098,0
anon_0077086,50
anon_0077110,100
anon_0077110,100
anon_0077098,0
anon_0077084,50
anon_0077080,0
anon_0077080,0
anon_0077098,0
anon_0077098,0
anon_0077110,50
anon_0077084,0
anon_0077110,95
anon_0077084,0
anon_0077110,0
anon_0077084,0
anon_0077110,100
anon_0077077,50
anon_0077084,50
anon_0077084,0
anon_0077080,90
anon_0077084,0
anon_0077084,0
anon_0077110,50
anon_0077084,50
anon_0077110,50
anon_0077098,0
anon_0077084,0
anon_0077080,0
anon_0077110,50
anon_0077098,0
anon_0077084,0
anon_0077098,0
anon_0077084,20
anon_0077098,0
anon_0077084,0
anon_0077110,50
anon_0077098,0
anon_0077084,50
anon_0077110,0
anon_0077110,0
anon_0077098,0
anon_0077110,0
anon_0077110,100
anon_0077110,50
anon_0077084,0
anon_0077084,0
anon_0077110,85
anon_0077084,0
anon_0077098,0
anon_0077110,100
anon_0077084,0
anon_0077084,0
anon_0077098,0
anon_0077110,0
anon_0077084,0
anon_0077084,0
anon_0077098,NA
anon_0077110,20
anon_0077084,0
anon_0077084,0
anon_0077084,0
anon_0077084,0
anon_0077110,0
anon_0077084,0
anon_0077086,0
anon_0077084,0
anon_0077084,0
anon_0077110,90
anon_0077098,0
anon_0077084,0
anon_0077084,0
anon_0077110,50
anon_0077098,50
anon_0077098,0
anon_0077084,0
anon_0077098,0
anon_0077084,0
anon_0077110,NA
anon_0077084,0
anon_0077084,0
anon_0077084,0
anon_0077084,0
anon_0077084,0
anon_0077084,0
anon_0077084,0
anon_0077084,90
anon_0077080,75
anon_0077086,0
anon_0077084,0
anon_0077084,0
anon_0077098,50
anon_0077098,85
anon_0077084,0
anon_0077084,0
anon_0077084,0
anon_0077084,0
anon_0077084,0
anon_0077084,NA
anon_0077098,NA
anon_0077086,0
anon_0077084,0
anon_0077084,0
anon_0077084,50
anon_0077098,0
anon_0077084,30
anon_0077086,50
anon_0077110,85
anon_0077086,0
anon_0077110,60
anon_0077086,0
anon_0077086,0
anon_0077110,0
anon_0077086,50
anon_0077086,0
anon_0077110,0
anon_0077086,0
anon_0077086,50
anon_0077110,0
anon_0077086,0
anon_0077086,0
anon_0077086,90
anon_0077086,85
anon_0077084,0
anon_0077086,0
anon_0077084,0
anon_0077086,50
anon_0077086,75
anon_0077086,0
anon_0077084,0
anon_0077098,0
anon_0077084,0
anon_0077110,0
anon_0077084,0
anon_0077110,NA
anon_0077086,85
anon_0077086,85
anon_0077086,50
anon_0077110,85
anon_0077086,0
anon_0077110,0
anon_0077084,0
anon_0077086,NA
anon_0077110,90
anon_0077084,50
anon_0077086,0
anon_0077110,0
anon_0077086,85
anon_0077086,0
anon_0077084,0
anon_0077110,85
anon_0077086,80
anon_0077086,70
anon_0077110,0
anon_0077110,0
anon_0077084,30
anon_0077084,50
anon_0077110,0
anon_0077110,90
anon_0077110,0
anon_0077110,0
anon_0077086,100
anon_0077086,85
anon_0077084,0
anon_0077086,85
anon_0077086,0
anon_0077084,0
anon_0077110,0
anon_0077086,0
anon_0077084,0
anon_0077110,0
anon_0077086,0
anon_0077086,95
anon_0077110,20
anon_0077086,0
anon_0077086,0
anon_0077086,85
anon_0077110,70
anon_0077086,0
anon_0077110,0
anon_0077110,20
anon_0077110,0
anon_0077086,100
anon_0077110,0
anon_0077110,0
anon_0077086,100
anon_0077084,50
anon_0077086,90
anon_0077086,0
anon_0077086,0
anon_0077110,85
anon_0077110,85
anon_0077110,75
anon_0077110,0
anon_0077086,0
anon_0077086,0
anon_0077086,100
anon_0077110,0
anon_0077110,85
anon_0077084,0
anon_0077086,85
anon_0077110,0
anon_0077110,NA
anon_0077110,80
anon_0077110,0
anon_0077110,0
anon_0077086,0
anon_0077098,75
anon_0077113,50
anon_0077098,0
anon_0077122,50
anon_0077098,0
anon_0077098,0
anon_0077098,0
anon_0077113,0
anon_0077113,0
anon_0077113,0
anon_0077113,0
anon_0077113,0
anon_0077122,0
anon_0077122,0
anon_0077104,0
anon_0077113,50
anon_0077098,50
anon_0077113,0
anon_0077122,50
anon_0077120,0
anon_0077113,50
anon_0077122,0
anon_0077127,0
anon_0077122,30
anon_0077113,0
anon_0077120,0
anon_0077113,0
anon_0077113,0
anon_0077104,0
anon_0077120,0
anon_0077104,0
anon_0077113,0
anon_0077098,0
anon_0077098,50
anon_0077118,0
anon_0077098,80
anon_0077118,0
anon_0077127,85
anon_0077098,50
anon_0077122,50
anon_0077122,0
anon_0077104,0
anon_0077122,0
anon_0077113,50
anon_0077104,0
anon_0077113,0
anon_0077122,0
anon_0077122,0
anon_0077127,85
anon_0077113,50
anon_0077122,0
anon_0077118,0
anon_0077113,0
anon_0077122,0
anon_0077118,50
anon_0077118,50
anon_0077104,0
anon_0077120,50
anon_0077104,0
anon_0077118,NA
anon_0077122,0
anon_0077127,85
anon_0077122,0
anon_0077128,0
anon_0077120,0
anon_0077120,70
anon_0077122,0
anon_0077104,0
anon_0077118,0
anon_0077118,NA
anon_0077104,50
anon_0077120,50
anon_0077118,0
anon_0077118,NA
anon_0077122,0
anon_0077128,0
anon_0077104,0
anon_0077118,NA
anon_0077098,90
anon_0077128,100
anon_0077128,75
anon_0077122,0
anon_0077122,50
anon_0077120,90
anon_0077098,0
anon_0077118,0
anon_0077122,100
anon_0077118,50
anon_0077122,100
anon_0077118,70
anon_0077120,0
anon_0077104,0
anon_0077122,0
anon_0077120,70
anon_0077098,0
anon_0077118,50
anon_0077104,50
anon_0077120,85
anon_0077122,0
anon_0077128,50
anon_0077118,85
anon_0077122,50
anon_0077128,70
anon_0077098,0
anon_0077122,90
anon_0077098,0
anon_0077122,0
anon_0077122,50
anon_0077128,50
anon_0077122,0
anon_0077098,0
anon_0077118,0
anon_0077118,0
anon_0077128,0
anon_0077098,50
anon_0077118,0
anon_0077128,0
anon_0077098,0
anon_0077118,50
anon_0077104,NA
anon_0077098,0
anon_0077128,0
anon_0077122,50
anon_0077118,50
anon_0077118,85
anon_0077138,50
anon_0077118,0
anon_0077128,0
anon_0077122,0
anon_0077118,0
anon_0077118,0
anon_0077128,0
anon_0077118,0
anon_0077128,20
anon_0077128,100
anon_0077118,0
anon_0077098,90
anon_0077118,50
anon_0077118,0
anon_0077138,0
anon_0077098,0
anon_0077128,0
anon_0077118,50
anon_0077118,0
anon_0077118,0
anon_0077128,0
anon_0077128,70
anon_0077118,0
anon_0077098,50
anon_0077128,0
anon_0077128,100
anon_0077098,50
anon_0077122,50
anon_0077138,0
anon_0077128,0
anon_0077128,100
anon_0077138,50
anon_0077118,0
anon_0077128,90
anon_0077128,95
anon_0077138,0
anon_0077128,85
anon_0077122,50
anon_0077118,85
anon_0077128,0
anon_0077128,0
anon_0077128,0
anon_0077098,90
anon_0077128,0
anon_0077118,50
anon_0077128,0
anon_0077128,0
anon_0077128,50
anon_0077128,80
anon_0077128,0
anon_0077098,0
anon_0077122,0
anon_0077128,50
anon_0077122,0
anon_0077128,0
anon_0077128,0
anon_0077128,0
anon_0077122,0
anon_0077122,50
anon_0077128,0
anon_0077128,0
anon_0077122,0
anon_0077118,85
anon_0077122,0
anon_0077128,50
anon_0077118,0
anon_0077138,50
anon_0077122,85
anon_0077118,70
anon_0077122,0
anon_0077122,85
anon_0077118,50
anon_0077118,85
anon_0077122,50
anon_0077138,85
anon_0077122,85
anon_0077122,85
anon_0077128,50
anon_0077128,100
anon_0077118,85
anon_0077128,0
anon_0077118,85
anon_0077128,0
anon_0077138,0
anon_0077122,0
anon_0077128,50
anon_0077122,50
anon_0077118,70
anon_0077128,90
anon_0077128,0
anon_0077118,0
anon_0077128,90
anon_0077128,50
anon_0077128,50
anon_0077122,0
anon_0077128,0
anon_0077118,85
anon_0077128,0
anon_0077128,50
anon_0077127,0
anon_0077128,0
anon_0077128,50
anon_0077128,0
anon_0077118,0
anon_0077127,0
anon_0077127,0
anon_0077118,50
anon_0077128,0
anon_0077118,85
anon_0077118,60
anon_0077127,85
anon_0077128,0
anon_0077128,80
anon_0077128,0
anon_0077128,0
anon_0077118,0
anon_0077122,NA
anon_0077128,0
anon_0077127,85
anon_0077118,85
anon_0077127,0
anon_0077118,0
anon_0077127,85
anon_0077127,50
anon_0077127,85
anon_0077118,50
anon_0077128,50
anon_0077138,50
anon_0077127,0
anon_0077128,50
anon_0077127,50
anon_0077127,0
anon_0077127,0
anon_0077127,0
anon_0077118,50
anon_0077128,0
anon_0077128,0
anon_0077118,85
anon_0077127,0
anon_0077118,85
anon_0077128,85
anon_0077128,0
anon_0077127,0
anon_0077110,0
anon_0077127,0
anon_0077118,NA
anon_0077127,0
anon_0077127,85
anon_0077127,0
anon_0077128,0
anon_0077127,0
anon_0077118,50
anon_0077127,60
anon_0077128,0
anon_0077127,50
anon_0077128,0
anon_0077128,85
anon_0077110,100
anon_0077110,75
anon_0077128,0
anon_0077127,0
anon_0077127,0
anon_0077128,0
anon_0077110,50
anon_0077128,0
anon_0077127,75
anon_0077127,0
anon_0077128,70
anon_0077110,0
anon_0077110,100
anon_0077110,50
anon_0077127,0
anon_0077110,85
anon_0077128,0
anon_0077127,60
anon_0077127,0
anon_0077110,0
anon_0077110,85
anon_0077127,90
anon_0077128,50
anon_0077127,85
anon_0077128,0
anon_0077127,85
anon_0077110,85
anon_0077110,0
anon_0077127,0
anon_0077127,85
anon_0077127,0
anon_0077127,85
anon_0077127,0
anon_0077128,50
anon_0077127,0
anon_0077110,85
anon_0077127,0
anon_0077127,85
anon_0077127,90
anon_0077110,60
anon_0077127,0
anon_0077110,0
anon_0077127,85
anon_0077127,0
anon_0077110,100
anon_0077127,0
anon_0077127,85
anon_0077127,50
anon_0077127,0
anon_0077110,75
anon_0077128,0
anon_0077127,85
anon_0077110,0
anon_0077127,50
anon_0077127,0
anon_0077127,100
anon_0077127,85
anon_0077127,0
anon_0077127,85
anon_0077127,0
anon_0077127,50
anon_0077127,50
anon_0077128,85
anon_0077127,75
anon_0077127,0
anon_0077110,0
anon_0077127,0
anon_0077128,0
anon_0077127,NA
anon_0077127,85
anon_0077127,85
anon_0077127,85
anon_0077127,75
anon_0077127,50
anon_0077127,0
anon_0077127,85
anon_0077127,0
anon_0077127,85
anon_0077156,0
anon_0077136,50
anon_0077160,0
anon_0077144,100
anon_0077160,0
anon_0077156,0
anon_0077156,85
anon_0077150,50
anon_0077150,0
anon_0077150,0
anon_0077144,0
anon_0077156,0
anon_0077158,100
anon_0077150,50
anon_0077150,100
anon_0077144,0
anon_0077156,0
anon_0077150,0
anon_0077144,0
anon_0077158,50
anon_0077144,90
anon_0077144,0
anon_0077156,0
anon_0077160,85
anon_0077158,0
anon_0077156,0
anon_0077150,85
anon_0077150,0
anon_0077150,0
anon_0077144,85
anon_0077160,85
anon_0077144,85
anon_0077136,0
anon_0077160,0
anon_0077160,0
anon_0077150,0
anon_0077156,50
anon_0077156,0
anon_0077160,85
anon_0077144,0
anon_0077144,0
anon_0077144,0
anon_0077156,0
anon_0077144,0
anon_0077144,85
anon_0077156,0
anon_0077144,0
anon_0077156,0
anon_0077160,0
anon_0077144,0
anon_0077156,0
anon_0077156,0
anon_0077144,0
anon_0077156,0
anon_0077144,0
anon_0077144,0
anon_0077145,85
anon_0077156,0
anon_0077156,0
anon_0077156,0
anon_0077156,0
anon_0077156,0
anon_0077156,0
anon_0077145,0
anon_0077160,0
anon_0077160,0
anon_0077136,0
anon_0077156,0
anon_0077156,85
anon_0077160,0
anon_0077160,100
anon_0077144,0
anon_0077160,0
anon_0077144,0
anon_0077160,50
anon_0077160,0
anon_0077145,0
anon_0077144,90
anon_0077136,0
anon_0077160,0
anon_0077144,50
anon_0077160,0
anon_0077144,0
anon_0077136,85
anon_0077136,0
anon_0077144,80
anon_0077144,0
anon_0077136,100
anon_0077144,0
anon_0077136,85
anon_0077136,0
anon_0077160,0
anon_0077136,0
anon_0077144,30
anon_0077160,0
anon_0077136,85
anon_0077136,0
anon_0077160,0
anon_0077144,0
anon_0077144,0
anon_0077144,0
anon_0077144,0
anon_0077160,0
anon_0077144,0
anon_0077144,0
anon_0077160,0
anon_0077160,0
anon_0077160,0
anon_0077144,0
anon_0077144,0
anon_0077136,0
anon_0077136,0
anon_0077145,0
anon_0077144,0
anon_0077145,50
anon_0077144,0
anon_0077136,0
anon_0077138,95
anon_0077144,0
anon_0077138,95
anon_0077138,50
anon_0077136,60
anon_0077136,75
anon_0077160,90
anon_0077136,85
anon_0077145,85
anon_0077160,0
anon_0077136,85
anon_0077144,70
anon_0077144,0
anon_0077145,85
anon_0077138,50
anon_0077136,0
anon_0077160,100
anon_0077136,0
anon_0077136,85
anon_0077145,0
anon_0077144,50
anon_0077160,0
anon_0077145,85
anon_0077136,0
anon_0077136,0
anon_0077145,85
anon_0077127,0
anon_0077138,85
anon_0077160,0
anon_0077145,50
anon_0077136,0
anon_0077127,0
anon_0077160,0
anon_0077144,0
anon_0077138,100
anon_0077160,50
anon_0077138,50
anon_0077156,0
anon_0077145,0
anon_0077145,0
anon_0077144,0
anon_0077145,85
anon_0077138,50
anon_0077144,0
anon_0077127,0
anon_0077144,0
anon_0077138,80
anon_0077145,0
anon_0077127,85
anon_0077156,0
anon_0077144,0
anon_0077127,0
anon_0077145,50
anon_0077145,0
anon_0077145,0
anon_0077145,0
anon_0077127,50
anon_0077144,0
anon_0077145,85
anon_0077144,0
anon_0077144,0
anon_0077145,0
anon_0077145,85
anon_0077144,0
anon_0077145,50
anon_0077145,90
anon_0077144,0
anon_0077145,0
anon_0077145,0
anon_0077145,0
anon_0077156,0
anon_0077145,0
anon_0077144,0
anon_0077156,0
anon_0077145,80
anon_0077156,0
anon_0077145,0
anon_0077156,0
anon_0077145,0
anon_0077144,90
anon_0077145,0
anon_0077144,85
anon_0077145,0
anon_0077160,100
anon_0077136,0
anon_0077145,NA
anon_0077160,0
anon_0077160,100
anon_0077136,50
anon_0077145,0
anon_0077144,0
anon_0077136,0
anon_0077145,50
anon_0077145,50
anon_0077160,90
anon_0077145,0
anon_0077138,50
anon_0077156,80
anon_0077145,85
anon_0077136,0
anon_0077145,50
anon_0077136,60
anon_0077145,0
anon_0077136,90
anon_0077136,50
anon_0077145,30
anon_0077160,50
anon_0077160,0
anon_0077145,0
anon_0077145,0
anon_0077145,85
anon_0077136,85
anon_0077156,NA
anon_0077145,0
anon_0077145,50
anon_0077136,50
anon_0077145,50
anon_0077144,0
anon_0077145,0
anon_0077145,0
anon_0077145,0
anon_0077145,85
anon_0077136,90
anon_0077145,0
anon_0077145,0
anon_0077145,0
anon_0077145,30
anon_0077144,90
anon_0077145,0
anon_0077145,0
anon_0077156,0
anon_0077144,85
anon_0077136,0
anon_0077160,0
anon_0077160,0
anon_0077136,0
anon_0077145,90
anon_0077144,0
anon_0077145,0
anon_0077144,50
anon_0077156,0
anon_0077145,0
anon_0077144,85
anon_0077156,0
anon_0077156,90
anon_0077144,0
anon_0077145,0
anon_0077136,0
anon_0077136,0
anon_0077136,75
anon_0077160,0
anon_0077136,0
anon_0077145,90
anon_0077145,85
anon_0077145,0
anon_0077145,0
anon_0077156,0
anon_0077145,0
anon_0077136,85
anon_0077144,85
anon_0077156,50
anon_0077136,0
anon_0077145,0
anon_0077156,0
anon_0077145,70
anon_0077144,0
anon_0077145,30
anon_0077156,0
anon_0077136,0
anon_0077145,50
anon_0077136,85
anon_0077136,0
anon_0077145,85
anon_0077145,50
anon_0077156,0
anon_0077156,0
anon_0077145,0
anon_0077144,80
anon_0077145,70
anon_0077136,100
anon_0077156,85
anon_0077145,50
anon_0077145,85
anon_0077145,0
anon_0077145,0
anon_0077145,0
anon_0077136,50
anon_0077145,0
anon_0077136,0
anon_0077145,NA
anon_0077144,0
anon_0077156,50
anon_0077145,0
anon_0077136,0
anon_0077145,85
anon_0077136,0
anon_0077145,85
anon_0077144,0
anon_0077169,0
anon_0077180,85
anon_0077192,0
anon_0077165,70
anon_0077150,0
anon_0077180,0
anon_0077180,100
anon_0077169,0
anon_0077180,50
anon_0077180,0
anon_0077169,0
anon_0077180,0
anon_0077192,0
anon_0077180,100
anon_0077180,70
anon_0077150,0
anon_0077180,0
anon_0077169,0
anon_0077150,0
anon_0077169,0
anon_0077192,0
anon_0077150,0
anon_0077165,90
anon_0077192,50
anon_0077180,0
anon_0077192,95
anon_0077150,50
anon_0077192,0
anon_0077150,100
anon_0077150,50
anon_0077192,30
anon_0077192,50
anon_0077192,85
anon_0077192,0
anon_0077192,20
anon_0077180,0
anon_0077169,0
anon_0077192,0
anon_0077192,0
anon_0077150,50
anon_0077180,85
anon_0077192,80
anon_0077165,0
anon_0077192,50
anon_0077192,50
anon_0077150,0
anon_0077150,0
anon_0077165,0
anon_0077192,0
anon_0077150,0
anon_0077192,100
anon_0077165,0
anon_0077150,0
anon_0077150,70
anon_0077165,0
anon_0077192,0
anon_0077150,20
anon_0077180,70
anon_0077150,0
anon_0077180,85
anon_0077192,75
anon_0077192,85
anon_0077165,100
anon_0077150,0
anon_0077180,NA
anon_0077150,0
anon_0077186,0
anon_0077192,90
anon_0077192,0
anon_0077192,0
anon_0077150,0
anon_0077169,NA
anon_0077165,50
anon_0077150,NA
anon_0077165,85
anon_0077150,0
anon_0077150,50
anon_0077192,50
anon_0077192,0
anon_0077186,0
anon_0077150,50
anon_0077180,0
anon_0077165,0
anon_0077150,0
anon_0077150,0
anon_0077186,0
anon_0077160,0
anon_0077150,0
anon_0077192,0
anon_0077180,0
anon_0077192,0
anon_0077160,0
anon_0077160,0
anon_0077180,0
anon_0077160,0
anon_0077150,0
anon_0077186,0
anon_0077186,0
anon_0077192,0
anon_0077192,0
anon_0077165,0
anon_0077169,0
anon_0077160,0
anon_0077192,0
anon_0077150,0
anon_0077165,0
anon_0077180,0
anon_0077192,0
anon_0077192,0
anon_0077192,90
anon_0077192,0
anon_0077150,0
anon_0077203,90
anon_0077165,0
anon_0077169,50
anon_0077180,0
anon_0077203,0
anon_0077180,90
anon_0077180,0
anon_0077186,0
anon_0077203,100
anon_0077156,0
anon_0077165,0
anon_0077192,50
anon_0077180,0
anon_0077186,50
anon_0077156,0
anon_0077203,85
anon_0077150,0
anon_0077192,0
anon_0077192,0
anon_0077180,0
anon_0077160,0
anon_0077203,0
anon_0077165,50
anon_0077192,50
anon_0077203,100
anon_0077169,0
anon_0077192,0
anon_0077203,85
anon_0077180,85
anon_0077192,70
anon_0077160,0
anon_0077165,0
anon_0077203,85
anon_0077203,0
anon_0077203,0
anon_0077180,0
anon_0077192,90
anon_0077192,0
anon_0077165,85
anon_0077165,0
anon_0077165,0
anon_0077165,0
anon_0077165,0
anon_0077203,90
anon_0077165,0
anon_0077192,50
anon_0077165,0
anon_0077156,NA
anon_0077203,0
anon_0077160,0
anon_0077192,0
anon_0077180,80
anon_0077165,0
anon_0077203,85
anon_0077203,0
anon_0077203,85
anon_0077180,20
anon_0077180,100
anon_0077192,85
anon_0077192,0
anon_0077192,0
anon_0077150,0
anon_0077150,0
anon_0077160,0
anon_0077150,0
anon_0077160,0
anon_0077160,0
anon_0077160,0
anon_0077160,0
anon_0077203,0
anon_0077160,0
anon_0077186,0
anon_0077186,0
anon_0077160,0
anon_0077150,0
anon_0077160,50
anon_0077160,0
anon_0077180,100
anon_0077180,100
anon_0077160,0
anon_0077160,0
anon_0077203,85
anon_0077160,85
anon_0077150,0
anon_0077186,0
anon_0077160,50
anon_0077180,85
anon_0077160,20
anon_0077180,85
anon_0077186,0
anon_0077160,0
anon_0077192,0
anon_0077186,0
anon_0077186,0
anon_0077192,0
anon_0077186,0
anon_0077160,0
anon_0077186,0
anon_0077186,30
anon_0077186,0
anon_0077186,85
anon_0077186,50
anon_0077186,0
anon_0077186,0
anon_0077156,0
anon_0077160,100
anon_0077186,0
anon_0077180,0
anon_0077186,50
anon_0077186,0
anon_0077186,50
anon_0077160,0
anon_0077165,0
anon_0077186,50
anon_0077186,85
anon_0077192,0
anon_0077186,0
anon_0077186,80
anon_0077186,0
anon_0077186,0
anon_0077186,0
anon_0077186,85
anon_0077186,0
anon_0077192,0
anon_0077165,0
anon_0077192,0
anon_0077186,50
anon_0077165,0
anon_0077192,0
anon_0077186,0
anon_0077186,0
anon_0077160,0
anon_0077186,0
anon_0077192,0
anon_0077186,0
anon_0077186,0
anon_0077186,0
anon_0077160,0
anon_0077186,0
anon_0077186,0
anon_0077186,50
anon_0077186,0
anon_0077192,0
anon_0077186,0
anon_0077156,0
anon_0077156,0
anon_0077186,50
anon_0077156,0
anon_0077186,0
anon_0077186,0
anon_0077186,0
anon_0077160,0
anon_0077186,0
anon_0077186,0
anon_0077186,100
anon_0077192,0
anon_0077186,0
anon_0077186,50
anon_0077186,0
anon_0077160,0
anon_0077160,0
anon_0077160,0
anon_0077192,95
anon_0077186,50
anon_0077160,0
anon_0077186,0
anon_0077186,50
anon_0077186,0
anon_0077192,50
anon_0077186,0
anon_0077156,0
anon_0077186,0
anon_0077160,0
anon_0077186,0
anon_0077186,0
anon_0077160,0
anon_0077156,0
anon_0077160,NA
anon_0077186,0
anon_0077186,0
anon_0077160,0
anon_0077156,0
anon_0077186,0
anon_0077160,50
anon_0077156,50
anon_0077150,0
anon_0077186,0
anon_0077150,0
anon_0077156,0
anon_0077150,0
anon_0077186,0
anon_0077150,50
anon_0077186,85
anon_0077165,0
anon_0077165,0
anon_0077186,50
anon_0077150,0
anon_0077165,0
anon_0077192,0
anon_0077192,50
anon_0077192,0
anon_0077192,0
anon_0077150,85
anon_0077156,50
anon_0077186,0
anon_0077192,0
anon_0077156,85
anon_0077165,0
anon_0077150,0
anon_0077203,0
anon_0077150,0
anon_0077192,0
anon_0077192,50
anon_0077165,50
anon_0077165,0
anon_0077192,NA
anon_0077150,50
anon_0077192,0
anon_0077186,0
anon_0077150,0
anon_0077192,0
anon_0077150,0
anon_0077192,85
anon_0077150,0
anon_0077150,0
anon_0077203,100
anon_0077192,0
anon_0077150,50
anon_0077150,0
anon_0077192,75
anon_0077165,0
anon_0077192,0
anon_0077150,NA
anon_0077150,0
anon_0077203,85
anon_0077192,85
anon_0077192,0
anon_0077150,0
anon_0077192,0
anon_0077150,0
anon_0077150,0
anon_0077203,0
anon_0077203,50
anon_0077203,0
anon_0077150,90
anon_0077150,50
anon_0077150,85
anon_0077203,50
anon_0077203,0
anon_0077165,0
anon_0077192,50
anon_0077150,0
anon_0077150,0
anon_0077165,0
anon_0077192,85
anon_0077150,0
anon_0077165,0
anon_0077203,75
anon_0077165,50
anon_0077165,75
anon_0077165,0
anon_0077165,0
anon_0077203,50
anon_0077165,0
anon_0077192,0
anon_0077165,0
anon_0077165,0
anon_0077150,50
anon_0077165,0
anon_0077165,0
anon_0077156,50
anon_0077165,0
anon_0077150,100
anon_0077165,30
anon_0077231,0
anon_0077283,0
anon_0077267,0
anon_0077223,85
anon_0077231,85
anon_0077223,0
anon_0077267,100
anon_0077267,0
anon_0077294,50
anon_0077264,90
anon_0077267,50
anon_0077267,50
anon_0077229,100
anon_0077281,85
anon_0077281,0
anon_0077264,0
anon_0077281,0
anon_0077281,0
anon_0077223,80
anon_0077231,0
anon_0077264,0
anon_0077294,0
anon_0077281,50
anon_0077281,0
anon_0077294,0
anon_0077281,0
anon_0077283,85
anon_0077281,0
anon_0077223,100
anon_0077229,70
anon_0077229,50
anon_0077281,0
anon_0077294,0
anon_0077294,0
anon_0077294,50
anon_0077223,0
anon_0077294,85
anon_0077231,0
anon_0077264,0
anon_0077223,0
anon_0077281,0
anon_0077267,50
anon_0077281,0
anon_0077231,85
anon_0077281,0
anon_0077281,0
anon_0077281,50
anon_0077267,0
anon_0077283,0
anon_0077281,0
anon_0077229,95
anon_0077264,0
anon_0077294,0
anon_0077231,100
anon_0077267,0
anon_0077281,0
anon_0077223,0
anon_0077294,0
anon_0077231,0
anon_0077281,0
anon_0077231,85
anon_0077267,0
anon_0077283,0
anon_0077267,0
anon_0077264,0
anon_0077213,0
anon_0077294,0
anon_0077264,50
anon_0077264,50
anon_0077264,0
anon_0077264,0
anon_0077281,50
anon_0077283,85
anon_0077281,20
anon_0077267,0
anon_0077294,0
anon_0077283,0
anon_0077229,90
anon_0077264,0
anon_0077264,0
anon_0077192,0
anon_0077264,0
anon_0077264,100
anon_0077283,0
anon_0077281,0
anon_0077267,0
anon_0077264,0
anon_0077281,0
anon_0077267,60
anon_0077213,0
anon_0077281,0
anon_0077213,0
anon_0077267,85
anon_0077264,0
anon_0077281,0
anon_0077283,85
anon_0077281,0
anon_0077264,0
anon_0077264,0
anon_0077213,85
anon_0077264,0
anon_0077283,50
anon_0077267,0
anon_0077264,0
anon_0077264,50
anon_0077281,0
anon_0077267,85
anon_0077192,0
anon_0077267,50
anon_0077281,0
anon_0077281,80
anon_0077264,0
anon_0077281,100
anon_0077213,50
anon_0077283,0
anon_0077281,0
anon_0077281,0
anon_0077281,0
anon_0077264,0
anon_0077267,0
anon_0077223,0
anon_0077264,0
anon_0077264,0
anon_0077267,0
anon_0077283,0
anon_0077283,85
anon_0077213,0
anon_0077281,0
anon_0077264,0
anon_0077264,0
anon_0077192,50
anon_0077264,85
anon_0077281,30
anon_0077213,0
anon_0077213,0
anon_0077264,0
anon_0077213,90
anon_0077264,0
anon_0077264,0
anon_0077213,0
anon_0077281,80
anon_0077264,85
anon_0077213,0
anon_0077281,85
anon_0077213,0
anon_0077213,100
anon_0077192,50
anon_0077294,85
anon_0077229,0
anon_0077267,0
anon_0077229,0
anon_0077203,100
anon_0077203,0
anon_0077267,0
anon_0077267,95
anon_0077203,0
anon_0077203,100
anon_0077229,0
anon_0077267,0
anon_0077231,100
anon_0077229,90
anon_0077213,0
anon_0077223,50
anon_0077229,0
anon_0077203,50
anon_0077229,0
anon_0077294,50
anon_0077229,0
anon_0077203,0
anon_0077231,90
anon_0077229,0
anon_0077229,0
anon_0077294,0
anon_0077203,0
anon_0077213,0
anon_0077213,0
anon_0077229,0
anon_0077229,0
anon_0077229,0
anon_0077203,0
anon_0077223,85
anon_0077203,85
anon_0077213,0
anon_0077203,0
anon_0077294,0
anon_0077213,0
anon_0077229,50
anon_0077229,0
anon_0077223,0
anon_0077267,95
anon_0077294,0
anon_0077231,85
anon_0077213,50
anon_0077223,0
anon_0077203,0
anon_0077203,0
anon_0077294,50
anon_0077203,0
anon_0077294,0
anon_0077229,85
anon_0077267,85
anon_0077231,85
anon_0077294,0
anon_0077231,50
anon_0077294,0
anon_0077231,75
anon_0077294,85
anon_0077223,50
anon_0077223,0
anon_0077231,0
anon_0077231,100
anon_0077231,0
anon_0077223,0
anon_0077294,50
anon_0077223,0
anon_0077223,0
anon_0077203,0
anon_0077231,85
anon_0077203,0
anon_0077223,85
anon_0077231,0
anon_0077231,90
anon_0077231,75
anon_0077203,85
anon_0077203,NA
anon_0077203,NA
anon_0077231,95
anon_0077203,0
anon_0077223,0
anon_0077203,80
anon_0077203,0
anon_0077203,0
anon_0077223,0
anon_0077267,70
anon_0077231,50
anon_0077203,50
anon_0077231,85
anon_0077294,0
anon_0077231,0
anon_0077231,100
anon_0077203,0
anon_0077231,100
anon_0077231,0
anon_0077231,85
anon_0077231,70
anon_0077231,85
anon_0077203,0
anon_0077203,30
anon_0077231,90
anon_0077231,90
anon_0077231,50
anon_0077203,50
anon_0077203,50
anon_0077231,85
anon_0077203,0
anon_0077231,50
anon_0077231,50
anon_0077231,85
anon_0077231,85
anon_0077203,85
anon_0077231,50
anon_0077203,0
anon_0077231,0
anon_0077203,100
anon_0077231,0
anon_0077231,100
anon_0077294,50
anon_0077213,0
anon_0077231,80
anon_0077231,0
anon_0077231,90
anon_0077213,0
anon_0077294,0
anon_0077231,85
anon_0077294,0
anon_0077294,95
anon_0077294,50
anon_0077213,0
anon_0077231,0
anon_0077294,100
anon_0077294,90
anon_0077294,0
anon_0077294,60
anon_0077213,50
anon_0077213,0
anon_0077213,0
anon_0077294,50
anon_0077231,50
anon_0077231,85
anon_0077231,0
anon_0077294,0
anon_0077294,80
anon_0077231,0
anon_0077213,0
anon_0077294,0
anon_0077231,100
anon_0077231,0
anon_0077294,50
anon_0077213,0
anon_0077294,80
anon_0077231,85
anon_0077231,90
anon_0077231,0
anon_0077231,50
anon_0077231,85
anon_0077294,85
anon_0077213,0
anon_0077294,50
anon_0077231,95
anon_0077309,100
anon_0077304,50
anon_0077315,30
anon_0077304,0
anon_0077315,0
anon_0077294,0
anon_0077309,0
anon_0077294,0
anon_0077309,0
anon_0077294,0
anon_0077294,85
anon_0077304,50
anon_0077315,0
anon_0077332,0
anon_0077315,0
anon_0077304,0
anon_0077294,0
anon_0077322,100
anon_0077294,0
anon_0077309,0
anon_0077315,20
anon_0077337,0
anon_0077309,0
anon_0077315,100
anon_0077304,50
anon_0077337,0
anon_0077304,50
anon_0077294,0
anon_0077309,75
anon_0077294,0
anon_0077294,0
anon_0077294,0
anon_0077304,85
anon_0077315,0
anon_0077307,85
anon_0077294,0
anon_0077322,50
anon_0077315,50
anon_0077322,50
anon_0077315,0
anon_0077315,0
anon_0077304,85
anon_0077309,0
anon_0077322,90
anon_0077294,0
anon_0077332,95
anon_0077322,NA
anon_0077337,0
anon_0077304,0
anon_0077304,95
anon_0077307,0
anon_0077309,0
anon_0077322,0
anon_0077337,0
anon_0077304,85
anon_0077294,85
anon_0077322,0
anon_0077294,0
anon_0077332,95
anon_0077322,85
anon_0077294,0
anon_0077332,0
anon_0077309,0
anon_0077337,50
anon_0077304,85
anon_0077309,0
anon_0077309,NA
anon_0077322,0
anon_0077322,0
anon_0077322,0
anon_0077337,0
anon_0077315,50
anon_0077294,50
anon_0077337,90
anon_0077315,0
anon_0077337,0
anon_0077294,50
anon_0077309,NA
anon_0077315,30
anon_0077304,85
anon_0077294,0
anon_0077322,NA
anon_0077315,0
anon_0077332,50
anon_0077315,0
anon_0077315,75
anon_0077309,0
anon_0077332,100
anon_0077322,85
anon_0077294,0
anon_0077294,0
anon_0077309,60
anon_0077294,NA
anon_0077322,85
anon_0077322,0
anon_0077332,0
anon_0077322,85
anon_0077337,0
anon_0077294,0
anon_0077304,100
anon_0077332,0
anon_0077322,0
anon_0077315,0
anon_0077332,0
anon_0077304,0
anon_0077332,0
anon_0077322,0
anon_0077283,0
anon_0077322,70
anon_0077283,0
anon_0077315,0
anon_0077315,0
anon_0077294,0
anon_0077315,0
anon_0077315,85
anon_0077315,0
anon_0077322,0
anon_0077283,85
anon_0077315,0
anon_0077315,0
anon_0077322,50
anon_0077322,NA
anon_0077309,0
anon_0077332,0
anon_0077322,0
anon_0077315,0
anon_0077322,0
anon_0077322,0
anon_0077294,50
anon_0077304,85
anon_0077332,0
anon_0077315,20
anon_0077294,0
anon_0077315,50
anon_0077332,0
anon_0077315,0
anon_0077283,0
anon_0077322,50
anon_0077283,0
anon_0077332,0
anon_0077283,0
anon_0077322,0
anon_0077294,0
anon_0077283,0
anon_0077304,85
anon_0077332,0
anon_0077304,95
anon_0077309,0
anon_0077315,20
anon_0077283,0
anon_0077309,100
anon_0077294,0
anon_0077322,85
anon_0077309,0
anon_0077294,0
anon_0077332,0
anon_0077309,0
anon_0077322,50
anon_0077322,0
anon_0077332,0
anon_0077322,80
anon_0077294,0
anon_0077294,0
anon_0077322,0
anon_0077294,0
anon_0077332,0
anon_0077294,50
anon_0077294,90
anon_0077322,50
anon_0077307,0
anon_0077322,85
anon_0077332,0
anon_0077322,85
anon_0077294,50
anon_0077315,0
anon_0077332,100
anon_0077322,60
anon_0077332,0
anon_0077332,0
anon_0077283,0
anon_0077309,50
anon_0077283,50
anon_0077332,0
anon_0077332,50
anon_0077283,50
anon_0077309,0
anon_0077322,85
anon_0077294,0
anon_0077322,50
anon_0077332,50
anon_0077309,90
anon_0077332,0
anon_0077322,0
anon_0077307,0
anon_0077322,90
anon_0077307,50
anon_0077332,0
anon_0077309,90
anon_0077322,85
anon_0077294,100
anon_0077332,0
anon_0077322,85
anon_0077322,80
anon_0077309,50
anon_0077332,70
anon_0077307,0
anon_0077294,0
anon_0077332,100
anon_0077322,0
anon_0077307,0
anon_0077309,100
anon_0077322,50
anon_0077332,90
anon_0077294,0
anon_0077294,0
anon_0077332,0
anon_0077283,0
anon_0077294,0
anon_0077309,85
anon_0077332,85
anon_0077309,0
anon_0077332,75
anon_0077309,90
anon_0077283,0
anon_0077332,0
anon_0077307,50
anon_0077322,85
anon_0077309,85
anon_0077283,0
anon_0077283,50
anon_0077283,85
anon_0077315,0
anon_0077294,50
anon_0077307,75
anon_0077283,75
anon_0077322,50
anon_0077332,50
anon_0077283,50
anon_0077315,0
anon_0077309,0
anon_0077307,100
anon_0077315,0
anon_0077294,0
anon_0077322,85
anon_0077283,0
anon_0077315,0
anon_0077322,90
anon_0077309,50
anon_0077315,0
anon_0077309,0
anon_0077315,0
anon_0077307,0
anon_0077332,0
anon_0077315,50
anon_0077309,50
anon_0077315,0
anon_0077332,0
anon_0077307,85
anon_0077315,50
anon_0077309,0
anon_0077283,85
anon_0077283,50
anon_0077315,0
anon_0077309,50
anon_0077304,70
anon_0077322,50
anon_0077307,100
anon_0077283,85
anon_0077332,50
anon_0077332,0
anon_0077309,50
anon_0077309,0
anon_0077309,50
anon_0077332,0
anon_0077309,90
anon_0077309,0
anon_0077315,0
anon_0077315,0
anon_0077309,0
anon_0077315,50
anon_0077294,85
anon_0077322,70
anon_0077309,0
anon_0077315,0
anon_0077315,50
anon_0077315,0
anon_0077309,50
anon_0077337,0
anon_0077309,0
anon_0077309,100
anon_0077307,100
anon_0077309,50
anon_0077307,0
anon_0077337,0
anon_0077307,50
anon_0077309,0
anon_0077309,0
anon_0077307,0
anon_0077307,0
anon_0077307,0
anon_0077309,0
anon_0077309,0
anon_0077307,0
anon_0077309,0
anon_0077309,0
anon_0077309,50
anon_0077309,0
anon_0077309,0
anon_0077337,85
anon_0077309,0
anon_0077309,100
anon_0077309,100
anon_0077309,0
anon_0077337,0
anon_0077309,50
anon_0077309,0
anon_0077309,0
anon_0077309,90
anon_0077309,0
anon_0077309,0
anon_0077309,0
anon_0077337,85
anon_0077309,0
anon_0077337,0
anon_0077283,0
anon_0077309,50
anon_0077309,0
anon_0077309,0
anon_0077337,85
anon_0077309,0
anon_0077309,0
anon_0077309,70
anon_0077309,50
anon_0077309,0
anon_0077309,0
anon_0077309,0
anon_0077309,50
anon_0077309,0
anon_0077309,0
anon_0077337,85
anon_0077309,0
anon_0077309,0
anon_0077309,0
anon_0077309,0
anon_0077309,50
anon_0077309,85
anon_0077307,85
anon_0077337,50
anon_0077309,0
anon_0077309,NA
anon_0077309,0
anon_0077309,0
anon_0077309,50
anon_0077309,85
anon_0077307,0
anon_0077358,70
anon_0077360,0
anon_0077348,0
anon_0077369,50
anon_0077360,0
anon_0077358,0
anon_0077360,0
anon_0077369,0
anon_0077409,0
anon_0077358,85
anon_0077348,0
anon_0077358,50
anon_0077369,0
anon_0077358,0
anon_0077348,0
anon_0077360,0
anon_0077360,0
anon_0077358,50
anon_0077358,70
anon_0077369,0
anon_0077358,0
anon_0077427,100
anon_0077409,50
anon_0077358,0
anon_0077360,0
anon_0077409,75
anon_0077358,0
anon_0077420,100
anon_0077420,0
anon_0077360,0
anon_0077358,50
anon_0077358,70
anon_0077369,85
anon_0077348,0
anon_0077427,0
anon_0077360,0
anon_0077427,90
anon_0077348,0
anon_0077427,0
anon_0077360,0
anon_0077348,0
anon_0077360,0
anon_0077360,50
anon_0077427,85
anon_0077369,0
anon_0077409,100
anon_0077348,0
anon_0077348,0
anon_0077348,0
anon_0077420,90
anon_0077360,0
anon_0077409,0
anon_0077360,30
anon_0077360,0
anon_0077360,0
anon_0077348,0
anon_0077443,90
anon_0077409,0
anon_0077409,0
anon_0077360,50
anon_0077348,0
anon_0077360,0
anon_0077348,50
anon_0077409,0
anon_0077348,0
anon_0077358,0
anon_0077409,0
anon_0077409,0
anon_0077409,0
anon_0077443,100
anon_0077360,0
anon_0077409,0
anon_0077420,0
anon_0077420,90
anon_0077348,0
anon_0077360,0
anon_0077304,0
anon_0077409,0
anon_0077360,0
anon_0077420,0
anon_0077443,100
anon_0077443,90
anon_0077360,0
anon_0077309,0
anon_0077358,0
anon_0077427,50
anon_0077309,0
anon_0077358,0
anon_0077358,0
anon_0077360,0
anon_0077360,0
anon_0077309,0
anon_0077309,0
anon_0077427,0
anon_0077409,85
anon_0077309,0
anon_0077409,85
anon_0077358,0
anon_0077360,85
anon_0077360,0
anon_0077360,0
anon_0077358,0
anon_0077409,0
anon_0077358,85
anon_0077427,50
anon_0077348,0
anon_0077348,0
anon_0077360,0
anon_0077360,0
anon_0077420,85
anon_0077358,0
anon_0077420,50
anon_0077420,0
anon_0077358,0
anon_0077309,0
anon_0077409,0
anon_0077420,85
anon_0077360,0
anon_0077309,0
anon_0077348,0
anon_0077360,0
anon_0077309,0
anon_0077427,0
anon_0077358,50
anon_0077409,0
anon_0077358,50
anon_0077309,0
anon_0077304,0
anon_0077427,90
anon_0077427,60
anon_0077360,0
anon_0077427,85
anon_0077409,0
anon_0077360,50
anon_0077309,95
anon_0077309,0
anon_0077337,0
anon_0077427,75
anon_0077360,0
anon_0077348,0
anon_0077360,0
anon_0077304,30
anon_0077304,60
anon_0077337,0
anon_0077358,0
anon_0077304,0
anon_0077309,85
anon_0077409,85
anon_0077409,0
anon_0077337,0
anon_0077304,0
anon_0077309,NA
anon_0077420,50
anon_0077309,NA
anon_0077427,NA
anon_0077360,30
anon_0077337,0
anon_0077309,0
anon_0077409,85
anon_0077337,0
anon_0077304,0
anon_0077360,0
anon_0077409,0
anon_0077337,0
anon_0077337,0
anon_0077304,0
anon_0077427,0
anon_0077427,0
anon_0077337,0
anon_0077409,0
anon_0077409,0
anon_0077409,0
anon_0077337,0
anon_0077304,50
anon_0077304,0
anon_0077309,30
anon_0077304,50
anon_0077427,0
anon_0077427,50
anon_0077304,0
anon_0077427,0
anon_0077309,0
anon_0077304,0
anon_0077360,0
anon_0077427,0
anon_0077304,0
anon_0077348,0
anon_0077304,0
anon_0077304,0
anon_0077332,0
anon_0077304,50
anon_0077427,0
anon_0077304,0
anon_0077309,0
anon_0077304,50
anon_0077304,20
anon_0077332,0
anon_0077348,0
anon_0077304,85
anon_0077427,50
anon_0077348,0
anon_0077332,100
anon_0077358,90
anon_0077304,0
anon_0077309,85
anon_0077409,70
anon_0077304,0
anon_0077304,85
anon_0077369,0
anon_0077369,0
anon_0077409,0
anon_0077427,85
anon_0077304,70
anon_0077409,0
anon_0077409,0
anon_0077348,0
anon_0077369,0
anon_0077427,0
anon_0077304,85
anon_0077409,0
anon_0077348,0
anon_0077304,50
anon_0077427,85
anon_0077304,0
anon_0077369,0
anon_0077409,0
anon_0077304,0
anon_0077304,85
anon_0077304,50
anon_0077304,0
anon_0077348,0
anon_0077304,30
anon_0077409,0
anon_0077304,85
anon_0077409,0
anon_0077427,NA
anon_0077409,0
anon_0077348,0
anon_0077309,85
anon_0077409,85
anon_0077304,0
anon_0077427,0
anon_0077304,0
anon_0077348,0
anon_0077409,0
anon_0077369,0
anon_0077409,50
anon_0077409,0
anon_0077409,0
anon_0077348,85
anon_0077304,0
anon_0077409,0
anon_0077409,0
anon_0077304,60
anon_0077409,85
anon_0077369,0
anon_0077337,0
anon_0077409,NA
anon_0077332,0
anon_0077304,0
anon_0077304,60
anon_0077337,50
anon_0077304,0
anon_0077369,0
anon_0077409,NA
anon_0077332,50
anon_0077409,0
anon_0077337,0
anon_0077409,0
anon_0077409,60
anon_0077409,0
anon_0077409,0
anon_0077304,NA
anon_0077409,0
anon_0077409,NA
anon_0077358,0
anon_0077304,50
anon_0077409,0
anon_0077409,90
anon_0077409,0
anon_0077409,50
anon_0077337,0
anon_0077409,85
anon_0077304,20
anon_0077332,0
anon_0077337,50
anon_0077409,0
anon_0077304,50
anon_0077409,0
anon_0077409,0
anon_0077409,85
anon_0077304,60
anon_0077337,0
anon_0077337,0
anon_0077409,0
anon_0077358,50
anon_0077358,85
anon_0077337,0
anon_0077409,85
anon_0077409,50
anon_0077427,85
anon_0077358,0
anon_0077358,0
anon_0077358,0
anon_0077304,0
anon_0077409,85
anon_0077427,100
anon_0077409,0
anon_0077337,50
anon_0077409,NA
anon_0077358,0
anon_0077358,50
anon_0077348,50
anon_0077358,0
anon_0077358,90
anon_0077337,0
anon_0077337,0
anon_0077427,0
anon_0077337,0
anon_0077358,0
anon_0077304,50
anon_0077427,0
anon_0077304,30
anon_0077409,0
anon_0077409,50
anon_0077358,50
anon_0077358,0
anon_0077427,50
anon_0077304,50
anon_0077409,85
anon_0077358,0
anon_0077304,0
anon_0077358,75
anon_0077427,95
anon_0077409,0
anon_0077358,85
anon_0077304,0
anon_0077304,50
anon_0077304,0
anon_0077358,50
anon_0077409,0
anon_0077358,0
anon_0077358,0
anon_0077304,50
anon_0077427,90
anon_0077358,85
anon_0077427,85
anon_0077304,0
anon_0077304,90
anon_0077476,0
anon_0077476,50
anon_0077495,0
anon_0077495,0
anon_0077444,0
anon_0077444,85
anon_0077476,0
anon_0077488,50
anon_0077476,0
anon_0077476,0
anon_0077495,0
anon_0077476,0
anon_0077509,0
anon_0077509,50
anon_0077476,0
anon_0077444,0
anon_0077495,50
anon_0077476,0
anon_0077476,0
anon_0077509,0
anon_0077488,0
anon_0077495,0
anon_0077488,50
anon_0077503,0
anon_0077444,85
anon_0077495,0
anon_0077503,0
anon_0077476,0
anon_0077476,0
anon_0077495,90
anon_0077488,0
anon_0077476,0
anon_0077464,0
anon_0077503,0
anon_0077444,0
anon_0077503,0
anon_0077503,0
anon_0077509,50
anon_0077495,0
anon_0077476,0
anon_0077503,0
anon_0077469,85
anon_0077476,30
anon_0077503,0
anon_0077488,0
anon_0077503,0
anon_0077503,0
anon_0077503,0
anon_0077495,50
anon_0077503,0
anon_0077495,0
anon_0077464,60
anon_0077503,0
anon_0077469,0
anon_0077464,85
anon_0077464,60
anon_0077444,0
anon_0077495,0
anon_0077503,0
anon_0077495,0
anon_0077476,0
anon_0077476,0
anon_0077427,85
anon_0077464,0
anon_0077469,100
anon_0077427,0
anon_0077476,0
anon_0077464,50
anon_0077476,0
anon_0077427,0
anon_0077476,30
anon_0077427,0
anon_0077476,0
anon_0077476,0
anon_0077488,100
anon_0077503,85
anon_0077509,85
anon_0077476,0
anon_0077464,75
anon_0077427,0
anon_0077427,0
anon_0077488,0
anon_0077469,0
anon_0077469,0
anon_0077427,0
anon_0077509,0
anon_0077476,0
anon_0077488,0
anon_0077495,0
anon_0077444,0
anon_0077476,0
anon_0077503,0
anon_0077495,0
anon_0077482,90
anon_0077495,0
anon_0077476,0
anon_0077495,0
anon_0077488,0
anon_0077476,0
anon_0077476,0
anon_0077476,0
anon_0077488,95
anon_0077476,0
anon_0077464,50
anon_0077476,0
anon_0077469,85
anon_0077476,0
anon_0077476,0
anon_0077509,0
anon_0077476,NA
anon_0077476,50
anon_0077444,0
anon_0077482,50
anon_0077495,0
anon_0077495,0
anon_0077488,0
anon_0077488,0
anon_0077476,0
anon_0077469,50
anon_0077476,0
anon_0077469,0
anon_0077444,85
anon_0077476,0
anon_0077482,0
anon_0077476,0
anon_0077488,85
anon_0077476,0
anon_0077476,0
anon_0077476,0
anon_0077488,0
anon_0077488,NA
anon_0077488,0
anon_0077503,50
anon_0077476,0
anon_0077482,85
anon_0077476,0
anon_0077509,0
anon_0077476,0
anon_0077444,85
anon_0077495,0
anon_0077503,0
anon_0077488,0
anon_0077488,100
anon_0077488,0
anon_0077476,0
anon_0077476,0
anon_0077444,0
anon_0077444,0
anon_0077488,70
anon_0077476,0
anon_0077427,0
anon_0077476,0
anon_0077509,70
anon_0077488,0
anon_0077488,85
anon_0077476,0
anon_0077444,0
anon_0077509,80
anon_0077476,85
anon_0077476,0
anon_0077444,0
anon_0077503,90
anon_0077469,85
anon_0077464,85
anon_0077488,0
anon_0077444,0
anon_0077488,50
anon_0077503,0
anon_0077488,50
anon_0077488,0
anon_0077503,20
anon_0077464,85
anon_0077476,0
anon_0077488,NA
anon_0077464,70
anon_0077503,0
anon_0077503,40
anon_0077503,50
anon_0077464,0
anon_0077476,0
anon_0077509,50
anon_0077476,0
anon_0077464,0
anon_0077488,0
anon_0077444,0
anon_0077464,50
anon_0077464,100
anon_0077476,50
anon_0077464,0
anon_0077495,85
anon_0077464,0
anon_0077464,0
anon_0077444,0
anon_0077464,75
anon_0077464,0
anon_0077503,0
anon_0077464,0
anon_0077464,85
anon_0077482,85
anon_0077464,85
anon_0077464,0
anon_0077464,85
anon_0077488,0
anon_0077488,0
anon_0077464,0
anon_0077482,0
anon_0077464,85
anon_0077469,90
anon_0077503,75
anon_0077488,0
anon_0077464,0
anon_0077464,85
anon_0077464,50
anon_0077488,0
anon_0077464,90
anon_0077464,0
anon_0077464,0
anon_0077464,50
anon_0077464,85
anon_0077464,30
anon_0077488,0
anon_0077464,50
anon_0077482,0
anon_0077488,85
anon_0077464,0
anon_0077464,0
anon_0077503,0
anon_0077464,100
anon_0077482,100
anon_0077464,0
anon_0077464,85
anon_0077488,60
anon_0077464,0
anon_0077482,90
anon_0077482,85
anon_0077482,100
anon_0077503,85
anon_0077464,0
anon_0077464,100
anon_0077488,85
anon_0077482,85
anon_0077488,0
anon_0077464,0
anon_0077464,50
anon_0077482,85
anon_0077464,85
anon_0077464,0
anon_0077464,NA
anon_0077464,50
anon_0077469,85
anon_0077482,50
anon_0077488,0
anon_0077482,0
anon_0077482,85
anon_0077464,50
anon_0077464,0
anon_0077488,60
anon_0077464,50
anon_0077488,0
anon_0077488,0
anon_0077488,0
anon_0077464,85
anon_0077488,0
anon_0077482,85
anon_0077482,85
anon_0077503,85
anon_0077482,0
anon_0077482,50
anon_0077482,100
anon_0077488,0
anon_0077482,85
anon_0077488,0
anon_0077482,90
anon_0077488,0
anon_0077482,0
anon_0077482,50
anon_0077488,0
anon_0077482,85
anon_0077488,0
anon_0077482,0
anon_0077488,0
anon_0077464,30
anon_0077488,50
anon_0077488,50
anon_0077488,0
anon_0077482,100
anon_0077488,0
anon_0077488,0
anon_0077488,75
anon_0077482,90
anon_0077482,85
anon_0077488,0
anon_0077482,90
anon_0077488,0
anon_0077488,50
anon_0077482,0
anon_0077482,100
anon_0077488,0
anon_0077488,0
anon_0077482,85
anon_0077482,75
anon_0077482,90
anon_0077482,0
anon_0077464,95
anon_0077488,0
anon_0077488,50
anon_0077464,60
anon_0077482,0
anon_0077488,0
anon_0077482,0
anon_0077482,0
anon_0077488,50
anon_0077482,85
anon_0077488,0
anon_0077482,90
anon_0077464,0
anon_0077482,100
anon_0077488,NA
anon_0077488,85
anon_0077488,50
anon_0077482,50
anon_0077464,85
anon_0077499,50
anon_0077543,0
anon_0077499,0
anon_0077510,0
anon_0077549,100
anon_0077549,50
anon_0077518,50
anon_0077510,0
anon_0077518,0
anon_0077532,50
anon_0077549,0
anon_0077503,0
anon_0077510,85
anon_0077503,0
anon_0077499,0
anon_0077499,0
anon_0077518,0
anon_0077549,0
anon_0077549,0
anon_0077503,0
anon_0077518,0
anon_0077503,0
anon_0077518,0
anon_0077532,0
anon_0077543,85
anon_0077509,50
anon_0077509,0
anon_0077543,0
anon_0077554,50
anon_0077518,0
anon_0077532,0
anon_0077499,85
anon_0077518,0
anon_0077499,0
anon_0077499,0
anon_0077532,100
anon_0077532,0
anon_0077518,85
anon_0077518,0
anon_0077549,100
anon_0077549,0
anon_0077518,0
anon_0077518,50
anon_0077518,50
anon_0077518,0
anon_0077518,50
anon_0077510,50
anon_0077499,100
anon_0077499,50
anon_0077518,85
anon_0077549,0
anon_0077503,0
anon_0077518,0
anon_0077518,0
anon_0077549,60
anon_0077518,0
anon_0077503,50
anon_0077499,60
anon_0077518,0
anon_0077510,0
anon_0077499,NA
anon_0077499,85
anon_0077532,0
anon_0077509,0
anon_0077518,50
anon_0077518,85
anon_0077503,85
anon_0077509,20
anon_0077554,0
anon_0077532,0
anon_0077499,50
anon_0077499,50
anon_0077518,50
anon_0077518,70
anon_0077509,85
anon_0077518,50
anon_0077509,0
anon_0077518,0
anon_0077495,0
anon_0077510,0
anon_0077510,100
anon_0077510,0
anon_0077510,100
anon_0077510,0
anon_0077510,85
anon_0077495,0
anon_0077495,0
anon_0077509,0
anon_0077510,0
anon_0077510,0
anon_0077510,85
anon_0077495,0
anon_0077518,NA
anon_0077509,0
anon_0077495,0
anon_0077509,40
anon_0077495,0
anon_0077510,0
anon_0077495,0
anon_0077510,0
anon_0077510,95
anon_0077495,0
anon_0077495,100
anon_0077495,0
anon_0077495,85
anon_0077510,0
anon_0077510,85
anon_0077510,95
anon_0077510,85
anon_0077495,0
anon_0077495,0
anon_0077495,0
anon_0077495,0
anon_0077510,0
anon_0077510,100
anon_0077495,0
anon_0077510,50
anon_0077509,0
anon_0077495,0
anon_0077509,0
anon_0077495,0
anon_0077495,0
anon_0077510,50
anon_0077509,85
anon_0077510,90
anon_0077510,85
anon_0077495,100
anon_0077510,100
anon_0077510,0
anon_0077510,50
anon_0077509,0
anon_0077495,0
anon_0077510,0
anon_0077495,75
anon_0077543,50
anon_0077509,0
anon_0077510,0
anon_0077495,0
anon_0077495,0
anon_0077510,50
anon_0077509,0
anon_0077510,0
anon_0077510,0
anon_0077495,100
anon_0077543,85
anon_0077510,0
anon_0077510,0
anon_0077510,0
anon_0077510,50
anon_0077509,80
anon_0077509,85
anon_0077510,50
anon_0077510,0
anon_0077495,0
anon_0077509,0
anon_0077543,50
anon_0077510,NA
anon_0077495,0
anon_0077543,0
anon_0077499,95
anon_0077509,100
anon_0077510,50
anon_0077509,75
anon_0077510,75
anon_0077510,90
anon_0077543,0
anon_0077510,0
anon_0077499,0
anon_0077510,50
anon_0077510,75
anon_0077509,0
anon_0077510,50
anon_0077543,0
anon_0077499,0
anon_0077510,0
anon_0077499,0
anon_0077510,0
anon_0077543,0
anon_0077503,0
anon_0077510,50
anon_0077509,0
anon_0077509,0
anon_0077499,0
anon_0077543,85
anon_0077532,0
anon_0077532,0
anon_0077532,0
anon_0077543,50
anon_0077510,75
anon_0077532,85
anon_0077503,0
anon_0077495,0
anon_0077510,90
anon_0077499,95
anon_0077510,0
anon_0077510,0
anon_0077503,75
anon_0077532,30
anon_0077510,0
anon_0077532,50
anon_0077532,40
anon_0077510,0
anon_0077509,0
anon_0077510,NA
anon_0077499,0
anon_0077532,50
anon_0077510,50
anon_0077503,0
anon_0077499,0
anon_0077499,0
anon_0077510,50
anon_0077532,0
anon_0077509,0
anon_0077509,0
anon_0077510,75
anon_0077503,0
anon_0077495,0
anon_0077510,0
anon_0077499,0
anon_0077510,20
anon_0077499,0
anon_0077509,0
anon_0077503,50
anon_0077510,75
anon_0077532,40
anon_0077532,90
anon_0077499,0
anon_0077509,0
anon_0077532,20
anon_0077532,NA
anon_0077532,0
anon_0077532,0
anon_0077499,0
anon_0077510,0
anon_0077499,50
anon_0077499,0
anon_0077509,0
anon_0077510,0
anon_0077532,0
anon_0077532,0
anon_0077510,0
anon_0077509,50
anon_0077510,0
anon_0077532,0
anon_0077510,0
anon_0077503,0
anon_0077532,50
anon_0077532,90
anon_0077510,0
anon_0077510,100
anon_0077503,0
anon_0077509,0
anon_0077510,0
anon_0077499,85
anon_0077532,50
anon_0077532,70
anon_0077532,0
anon_0077532,0
anon_0077532,90
anon_0077532,0
anon_0077532,100
anon_0077509,50
anon_0077510,85
anon_0077510,100
anon_0077510,80
anon_0077532,100
anon_0077532,90
anon_0077509,0
anon_0077510,0
anon_0077510,NA
anon_0077510,85
anon_0077532,85
anon_0077532,90
anon_0077532,0
anon_0077510,0
anon_0077510,0
anon_0077532,50
anon_0077532,0
anon_0077532,90
anon_0077510,50
anon_0077510,0
anon_0077510,50
anon_0077510,85
anon_0077532,50
anon_0077510,0
anon_0077509,0
anon_0077510,0
anon_0077532,0
anon_0077532,0
anon_0077532,0
anon_0077532,85
anon_0077532,85
anon_0077532,0
anon_0077532,75
anon_0077510,0
anon_0077532,90
anon_0077532,0
anon_0077532,85
anon_0077532,0
anon_0077532,0
anon_0077532,0
anon_0077532,85
anon_0077532,70
anon_0077510,50
anon_0077532,100
anon_0077510,0
anon_0077532,60
anon_0077532,85
anon_0077563,0
anon_0077576,0
anon_0077563,0
anon_0077557,50
anon_0077557,0
anon_0077563,0
anon_0077576,100
anon_0077557,50
anon_0077568,0
anon_0077568,0
anon_0077568,0
anon_0077568,0
anon_0077587,0
anon_0077557,85
anon_0077576,85
anon_0077563,0
anon_0077576,0
anon_0077549,0
anon_0077557,0
anon_0077549,0
anon_0077549,0
anon_0077549,0
anon_0077576,50
anon_0077554,0
anon_0077554,0
anon_0077587,0
anon_0077532,80
anon_0077568,0
anon_0077549,0
anon_0077587,0
anon_0077587,30
anon_0077549,0
anon_0077613,85
anon_0077568,0
anon_0077613,0
anon_0077587,0
anon_0077587,0
anon_0077549,0
anon_0077557,50
anon_0077549,60
anon_0077532,95
anon_0077554,90
anon_0077554,100
anon_0077557,0
anon_0077557,50
anon_0077549,100
anon_0077549,50
anon_0077568,0
anon_0077549,0
anon_0077613,50
anon_0077563,0
anon_0077563,50
anon_0077549,0
anon_0077549,50
anon_0077557,85
anon_0077563,50
anon_0077557,85
anon_0077554,70
anon_0077554,0
anon_0077563,0
anon_0077563,0
anon_0077549,85
anon_0077532,50
anon_0077532,60
anon_0077549,0
anon_0077554,50
anon_0077554,60
anon_0077568,50
anon_0077554,85
anon_0077613,50
anon_0077554,100
anon_0077554,85
anon_0077532,NA
anon_0077549,0
anon_0077554,0
anon_0077549,50
anon_0077563,NA
anon_0077532,50
anon_0077557,50
anon_0077554,30
anon_0077549,50
anon_0077532,85
anon_0077549,50
anon_0077563,0
anon_0077549,100
anon_0077554,50
anon_0077568,0
anon_0077563,NA
anon_0077532,50
anon_0077563,0
anon_0077568,0
anon_0077587,50
anon_0077563,0
anon_0077563,0
anon_0077563,0
anon_0077587,100
anon_0077563,0
anon_0077563,0
anon_0077563,0
anon_0077549,0
anon_0077549,0
anon_0077554,0
anon_0077563,0
anon_0077554,85
anon_0077587,0
anon_0077587,0
anon_0077554,100
anon_0077557,0
anon_0077549,0
anon_0077587,0
anon_0077613,0
anon_0077613,50
anon_0077549,75
anon_0077587,30
anon_0077563,0
anon_0077563,0
anon_0077563,0
anon_0077554,0
anon_0077554,0
anon_0077613,50
anon_0077557,0
anon_0077587,50
anon_0077554,50
anon_0077563,50
anon_0077557,0
anon_0077563,0
anon_0077563,0
anon_0077587,0
anon_0077554,50
anon_0077554,50
anon_0077613,0
anon_0077613,0
anon_0077557,50
anon_0077587,0
anon_0077554,0
anon_0077554,100
anon_0077554,20
anon_0077563,0
anon_0077554,0
anon_0077613,0
anon_0077613,0
anon_0077613,0
anon_0077554,85
anon_0077554,0
anon_0077563,0
anon_0077563,0
anon_0077563,0
anon_0077587,0
anon_0077563,0
anon_0077554,50
anon_0077563,0
anon_0077587,50
anon_0077554,0
anon_0077549,100
anon_0077587,0
anon_0077563,NA
anon_0077554,0
anon_0077587,85
anon_0077549,85
anon_0077554,85
anon_0077587,75
anon_0077587,0
anon_0077554,0
anon_0077554,75
anon_0077554,NA
anon_0077557,0
anon_0077613,95
anon_0077554,40
anon_0077554,50
anon_0077554,0
anon_0077554,0
anon_0077587,0
anon_0077557,50
anon_0077554,0
anon_0077587,0
anon_0077554,85
anon_0077563,0
anon_0077587,0
anon_0077557,50
anon_0077554,50
anon_0077554,85
anon_0077557,100
anon_0077554,0
anon_0077613,0
anon_0077587,0
anon_0077554,0
anon_0077549,50
anon_0077576,0
anon_0077563,95
anon_0077563,0
anon_0077613,0
anon_0077576,0
anon_0077587,0
anon_0077554,85
anon_0077587,0
anon_0077557,50
anon_0077557,0
anon_0077563,0
anon_0077554,0
anon_0077613,90
anon_0077576,0
anon_0077557,0
anon_0077613,50
anon_0077613,85
anon_0077613,70
anon_0077576,0
anon_0077587,50
anon_0077557,0
anon_0077576,0
anon_0077613,50
anon_0077576,0
anon_0077554,0
anon_0077576,90
anon_0077576,0
anon_0077576,0
anon_0077557,0
anon_0077613,90
anon_0077613,85
anon_0077557,0
anon_0077549,0
anon_0077568,20
anon_0077576,85
anon_0077549,100
anon_0077554,0
anon_0077576,50
anon_0077549,100
anon_0077568,0
anon_0077549,0
anon_0077543,0
anon_0077568,0
anon_0077568,0
anon_0077543,0
anon_0077549,0
anon_0077576,0
anon_0077549,50
anon_0077576,0
anon_0077576,0
anon_0077554,0
anon_0077576,50
anon_0077568,0
anon_0077568,0
anon_0077549,0
anon_0077576,90
anon_0077543,75
anon_0077549,100
anon_0077576,0
anon_0077576,50
anon_0077576,0
anon_0077576,0
anon_0077576,50
anon_0077543,85
anon_0077576,0
anon_0077543,0
anon_0077576,0
anon_0077554,0
anon_0077576,85
anon_0077576,100
anon_0077568,50
anon_0077549,100
anon_0077549,0
anon_0077576,0
anon_0077549,90
anon_0077576,0
anon_0077554,0
anon_0077576,0
anon_0077543,0
anon_0077568,90
anon_0077554,0
anon_0077554,0
anon_0077554,50
anon_0077543,50
anon_0077576,0
anon_0077576,0
anon_0077549,90
anon_0077576,70
anon_0077576,0
anon_0077576,50
anon_0077576,0
anon_0077576,85
anon_0077576,0
anon_0077576,0
anon_0077576,0
anon_0077576,85
anon_0077554,50
anon_0077554,50
anon_0077576,50
anon_0077549,90
anon_0077576,0
anon_0077554,85
anon_0077554,85
anon_0077549,100
anon_0077554,0
anon_0077543,85
anon_0077576,80
anon_0077554,50
anon_0077576,0
anon_0077576,50
anon_0077576,85
anon_0077576,0
anon_0077576,NA
anon_0077554,0
anon_0077549,80
anon_0077576,0
anon_0077576,50
anon_0077554,95
anon_0077543,85
anon_0077549,0
anon_0077576,100
anon_0077549,90
anon_0077549,0
anon_0077549,50
anon_0077576,50
anon_0077576,0
anon_0077549,100
anon_0077549,85
anon_0077549,0
anon_0077576,0
anon_0077576,0
anon_0077549,0
anon_0077554,NA
anon_0077576,0
anon_0077549,0
anon_0077576,0
anon_0077576,85
anon_0077576,90
anon_0077576,50
anon_0077576,0
anon_0077576,0
anon_0077549,0
anon_0077576,0
anon_0077554,50
anon_0077554,0
anon_0077576,0
anon_0077576,90
anon_0077549,90
anon_0077643,100
anon_0077660,0
anon_0077658,0
anon_0077675,0
anon_0077675,0
anon_0077643,85
anon_0077643,0
anon_0077658,0
anon_0077649,85
anon_0077653,50
anon_0077620,0
anon_0077576,0
anon_0077653,0
anon_0077653,50
anon_0077660,50
anon_0077660,100
anon_0077660,90
anon_0077660,90
anon_0077660,95
anon_0077656,70
anon_0077653,0
anon_0077658,50
anon_0077620,50
anon_0077675,0
anon_0077675,50
anon_0077682,50
anon_0077660,0
anon_0077656,0
anon_0077576,0
anon_0077653,0
anon_0077658,NA
anon_0077660,100
anon_0077649,50
anon_0077660,0
anon_0077649,90
anon_0077653,NA
anon_0077653,50
anon_0077653,0
anon_0077653,0
anon_0077675,0
anon_0077660,0
anon_0077576,0
anon_0077660,0
anon_0077658,0
anon_0077653,0
anon_0077653,0
anon_0077658,50
anon_0077620,0
anon_0077682,85
anon_0077653,20
anon_0077660,90
anon_0077653,20
anon_0077620,85
anon_0077620,60
anon_0077620,0
anon_0077653,60
anon_0077649,85
anon_0077660,50
anon_0077620,85
anon_0077660,0
anon_0077620,50
anon_0077643,50
anon_0077653,50
anon_0077660,50
anon_0077643,0
anon_0077653,0
anon_0077643,50
anon_0077660,100
anon_0077643,50
anon_0077643,100
anon_0077653,0
anon_0077658,50
anon_0077660,75
anon_0077660,0
anon_0077658,100
anon_0077658,0
anon_0077658,50
anon_0077653,0
anon_0077653,0
anon_0077660,50
anon_0077660,50
anon_0077643,50
anon_0077576,NA
anon_0077653,0
anon_0077653,50
anon_0077660,90
anon_0077658,0
anon_0077675,0
anon_0077653,0
anon_0077653,0
anon_0077658,0
anon_0077658,0
anon_0077658,0
anon_0077643,0
anon_0077653,0
anon_0077658,85
anon_0077658,90
anon_0077660,85
anon_0077660,0
anon_0077660,50
anon_0077653,50
anon_0077653,0
anon_0077653,0
anon_0077660,85
anon_0077653,0
anon_0077660,50
anon_0077675,0
anon_0077643,50
anon_0077643,0
anon_0077653,0
anon_0077653,0
anon_0077675,0
anon_0077653,0
anon_0077653,0
anon_0077660,95
anon_0077660,50
anon_0077660,85
anon_0077660,0
anon_0077660,0
anon_0077653,50
anon_0077660,75
anon_0077653,0
anon_0077660,85
anon_0077653,0
anon_0077660,50
anon_0077660,85
anon_0077653,0
anon_0077653,0
anon_0077643,0
anon_0077653,20
anon_0077675,0
anon_0077658,85
anon_0077660,90
anon_0077643,50
anon_0077658,0
anon_0077660,0
anon_0077658,0
anon_0077660,50
anon_0077675,50
anon_0077660,NA
anon_0077660,0
anon_0077660,0
anon_0077660,70
anon_0077658,75
anon_0077653,85
anon_0077653,50
anon_0077653,20
anon_0077660,NA
anon_0077653,0
anon_0077660,0
anon_0077660,85
anon_0077660,0
anon_0077660,0
anon_0077653,0
anon_0077653,0
anon_0077675,0
anon_0077660,85
anon_0077660,0
anon_0077660,50
anon_0077660,0
anon_0077660,50
anon_0077675,0
anon_0077660,90
anon_0077643,30
anon_0077660,20
anon_0077660,85
anon_0077660,90
anon_0077660,0
anon_0077649,0
anon_0077649,0
anon_0077660,85
anon_0077643,0
anon_0077653,0
anon_0077653,50
anon_0077643,95
anon_0077660,85
anon_0077660,0
anon_0077643,0
anon_0077653,50
anon_0077643,90
anon_0077643,90
anon_0077653,NA
anon_0077660,90
anon_0077643,50
anon_0077660,85
anon_0077643,50
anon_0077649,0
anon_0077660,95
anon_0077658,0
anon_0077649,0
anon_0077658,50
anon_0077660,85
anon_0077643,90
anon_0077643,70
anon_0077660,0
anon_0077649,85
anon_0077660,0
anon_0077649,100
anon_0077649,60
anon_0077660,0
anon_0077649,0
anon_0077643,50
anon_0077660,90
anon_0077649,0
anon_0077660,85
anon_0077649,0
anon_0077643,0
anon_0077653,80
anon_0077643,0
anon_0077660,0
anon_0077660,85
anon_0077649,0
anon_0077660,50
anon_0077653,0
anon_0077658,0
anon_0077649,50
anon_0077660,0
anon_0077660,0
anon_0077649,0
anon_0077649,75
anon_0077656,0
anon_0077658,85
anon_0077649,100
anon_0077653,100
anon_0077653,0
anon_0077660,0
anon_0077656,0
anon_0077653,0
anon_0077649,50
anon_0077658,0
anon_0077653,0
anon_0077658,0
anon_0077658,50
anon_0077649,50
anon_0077649,50
anon_0077643,50
anon_0077658,70
anon_0077653,0
anon_0077656,60
anon_0077653,0
anon_0077656,50
anon_0077653,50
anon_0077656,80
anon_0077653,80
anon_0077653,0
anon_0077656,85
anon_0077649,0
anon_0077653,85
anon_0077660,50
anon_0077643,100
anon_0077653,0
anon_0077653,0
anon_0077658,85
anon_0077643,90
anon_0077658,0
anon_0077643,90
anon_0077643,30
anon_0077653,0
anon_0077658,0
anon_0077643,0
anon_0077653,0
anon_0077653,0
anon_0077653,0
anon_0077658,30
anon_0077656,NA
anon_0077643,0
anon_0077649,0
anon_0077658,0
anon_0077658,0
anon_0077643,70
anon_0077658,0
anon_0077643,60
anon_0077653,50
anon_0077649,0
anon_0077643,50
anon_0077649,0
anon_0077643,0
anon_0077649,0
anon_0077649,85
anon_0077643,0
anon_0077660,95
anon_0077658,50
anon_0077658,20
anon_0077649,0
anon_0077649,0
anon_0077643,50
anon_0077656,85
anon_0077649,85
anon_0077649,85
anon_0077649,0
anon_0077643,50
anon_0077643,50
anon_0077656,50
anon_0077660,0
anon_0077643,90
anon_0077649,0
anon_0077656,70
anon_0077649,0
anon_0077649,0
anon_0077649,0
anon_0077656,50
anon_0077643,50
anon_0077656,85
anon_0077649,0
anon_0077656,85
anon_0077656,90
anon_0077613,0
anon_0077643,0
anon_0077649,60
anon_0077656,90
anon_0077649,0
anon_0077613,90
anon_0077658,90
anon_0077643,20
anon_0077656,50
anon_0077656,85
anon_0077649,0
anon_0077613,0
anon_0077649,0
anon_0077613,0
anon_0077658,0
anon_0077613,85
anon_0077613,0
anon_0077649,85
anon_0077649,NA
anon_0077613,0
anon_0077613,0
anon_0077613,0
anon_0077613,70
anon_0077656,85
anon_0077656,80
anon_0077656,70
anon_0077649,85
anon_0077649,NA
anon_0077656,85
anon_0077649,0
anon_0077649,0
anon_0077620,0
anon_0077660,0
anon_0077649,50
anon_0077620,0
anon_0077620,0
anon_0077649,0
anon_0077649,0
anon_0077649,0
anon_0077620,90
anon_0077660,0
anon_0077649,85
anon_0077649,0
anon_0077649,0
anon_0077660,0
anon_0077620,50
anon_0077649,0
anon_0077649,0
anon_0077620,0
anon_0077620,0
anon_0077620,50
anon_0077649,0
anon_0077649,90
anon_0077649,0
anon_0077620,0
anon_0077649,0
anon_0077649,50
anon_0077620,0
anon_0077649,NA
anon_0077649,0
anon_0077620,0
anon_0077660,0
anon_0077649,0
anon_0077649,50
anon_0077649,85
anon_0077649,0
anon_0077649,0
anon_0077660,0
anon_0077660,85
anon_0077649,0
anon_0077649,0
anon_0077649,0
anon_0077660,90
anon_0077649,0
anon_0077620,0
anon_0077620,0
anon_0077649,0
anon_0077620,0
anon_0077649,50
anon_0077660,NA
anon_0077660,NA
anon_0077660,50
anon_0077649,50
anon_0077723,90
anon_0077729,0
anon_0077735,0
anon_0077696,0
anon_0077696,0
anon_0077728,100
anon_0077682,0
anon_0077704,0
anon_0077710,0
anon_0077710,0
anon_0077696,0
anon_0077712,100
anon_0077682,0
anon_0077712,85
anon_0077696,0
anon_0077728,85
anon_0077710,50
anon_0077704,0
anon_0077710,50
anon_0077696,0
anon_0077712,85
anon_0077696,0
anon_0077729,50
anon_0077712,0
anon_0077696,85
anon_0077710,85
anon_0077710,0
anon_0077716,0
anon_0077723,0
anon_0077696,0
anon_0077729,85
anon_0077712,0
anon_0077696,0
anon_0077696,85
anon_0077704,0
anon_0077682,0
anon_0077735,NA
anon_0077712,85
anon_0077723,100
anon_0077710,0
anon_0077704,95
anon_0077710,50
anon_0077704,0
anon_0077703,50
anon_0077710,0
anon_0077696,100
anon_0077696,0
anon_0077723,0
anon_0077723,85
anon_0077712,0
anon_0077729,90
anon_0077704,50
anon_0077704,0
anon_0077704,0
anon_0077696,50
anon_0077696,0
anon_0077704,50
anon_0077728,85
anon_0077710,0
anon_0077704,85
anon_0077710,50
anon_0077716,0
anon_0077696,85
anon_0077696,0
anon_0077710,0
anon_0077723,50
anon_0077696,80
anon_0077696,85
anon_0077696,0
anon_0077704,50
anon_0077729,50
anon_0077704,0
anon_0077729,0
anon_0077729,85
anon_0077696,85
anon_0077710,60
anon_0077696,85
anon_0077729,85
anon_0077729,90
anon_0077710,0
anon_0077682,20
anon_0077696,0
anon_0077729,90
anon_0077710,0
anon_0077716,85
anon_0077704,50
anon_0077710,50
anon_0077710,0
anon_0077710,50
anon_0077729,90
anon_0077682,0
anon_0077712,50
anon_0077704,85
anon_0077723,85
anon_0077729,0
anon_0077696,70
anon_0077704,50
anon_0077710,0
anon_0077682,85
anon_0077704,0
anon_0077728,90
anon_0077710,0
anon_0077704,0
anon_0077682,0
anon_0077704,0
anon_0077728,0
anon_0077696,0
anon_0077710,85
anon_0077682,0
anon_0077704,75
anon_0077710,75
anon_0077704,0
anon_0077704,85
anon_0077696,50
anon_0077723,0
anon_0077704,0
anon_0077703,0
anon_0077710,0
anon_0077703,0
anon_0077723,0
anon_0077704,0
anon_0077696,0
anon_0077710,0
anon_0077723,0
anon_0077703,0
anon_0077703,50
anon_0077682,0
anon_0077703,0
anon_0077703,0
anon_0077696,0
anon_0077682,75
anon_0077704,30
anon_0077728,0
anon_0077723,95
anon_0077728,0
anon_0077703,0
anon_0077682,0
anon_0077723,0
anon_0077703,85
anon_0077696,0
anon_0077704,0
anon_0077723,0
anon_0077703,0
anon_0077728,0
anon_0077682,0
anon_0077696,0
anon_0077696,85
anon_0077703,20
anon_0077723,85
anon_0077703,0
anon_0077682,50
anon_0077723,20
anon_0077728,85
anon_0077682,0
anon_0077723,0
anon_0077682,85
anon_0077723,50
anon_0077728,0
anon_0077729,0
anon_0077703,50
anon_0077703,0
anon_0077728,85
anon_0077682,0
anon_0077723,70
anon_0077703,0
anon_0077703,50
anon_0077703,0
anon_0077703,0
anon_0077703,50
anon_0077729,0
anon_0077728,0
anon_0077682,0
anon_0077682,85
anon_0077703,50
anon_0077729,85
anon_0077696,100
anon_0077703,0
anon_0077696,0
anon_0077682,85
anon_0077728,0
anon_0077682,85
anon_0077703,50
anon_0077682,75
anon_0077703,0
anon_0077675,0
anon_0077703,0
anon_0077703,85
anon_0077703,50
anon_0077682,0
anon_0077723,100
anon_0077703,0
anon_0077682,60
anon_0077723,0
anon_0077682,0
anon_0077703,85
anon_0077703,100
anon_0077704,90
anon_0077682,0
anon_0077729,0
anon_0077703,85
anon_0077696,50
anon_0077703,85
anon_0077703,85
anon_0077696,0
anon_0077696,50
anon_0077703,0
anon_0077703,0
anon_0077704,50
anon_0077675,0
anon_0077682,30
anon_0077723,50
anon_0077675,0
anon_0077682,75
anon_0077696,0
anon_0077675,0
anon_0077675,0
anon_0077696,85
anon_0077729,50
anon_0077682,50
anon_0077696,0
anon_0077696,85
anon_0077729,50
anon_0077696,50
anon_0077675,0
anon_0077696,0
anon_0077675,0
anon_0077696,0
anon_0077729,50
anon_0077682,0
anon_0077675,0
anon_0077703,0
anon_0077682,50
anon_0077696,0
anon_0077696,0
anon_0077696,90
anon_0077703,0
anon_0077682,0
anon_0077696,0
anon_0077703,0
anon_0077729,0
anon_0077703,50
anon_0077682,0
anon_0077696,0
anon_0077675,0
anon_0077703,85
anon_0077696,0
anon_0077682,30
anon_0077703,0
anon_0077696,90
anon_0077682,85
anon_0077703,85
anon_0077703,0
anon_0077703,50
anon_0077703,0
anon_0077675,0
anon_0077723,30
anon_0077682,0
anon_0077703,0
anon_0077696,100
anon_0077703,50
anon_0077703,85
anon_0077675,75
anon_0077703,0
anon_0077696,NA
anon_0077703,50
anon_0077682,70
anon_0077704,0
anon_0077704,30
anon_0077703,0
anon_0077704,0
anon_0077704,90
anon_0077704,0
anon_0077704,0
anon_0077704,0
anon_0077704,0
anon_0077704,50
anon_0077704,0
anon_0077704,50
anon_0077704,50
anon_0077703,0
anon_0077704,85
anon_0077696,NA
anon_0077704,40
anon_0077704,50
anon_0077703,0
anon_0077704,0
anon_0077682,0
anon_0077704,50
anon_0077704,0
anon_0077735,0
anon_0077781,0
anon_0077781,0
anon_0077735,0
anon_0077768,0
anon_0077735,0
anon_0077781,90
anon_0077768,0
anon_0077742,50
anon_0077768,0
anon_0077781,85
anon_0077781,50
anon_0077781,0
anon_0077742,0
anon_0077768,0
anon_0077742,0
anon_0077742,0
anon_0077742,75
anon_0077768,85
anon_0077768,0
anon_0077768,0
anon_0077742,0
anon_0077742,0
anon_0077768,50
anon_0077768,0
anon_0077781,50
anon_0077781,0
anon_0077768,85
anon_0077781,0
anon_0077768,0
anon_0077742,0
anon_0077780,85
anon_0077780,0
anon_0077742,0
anon_0077742,0
anon_0077742,70
anon_0077780,50
anon_0077768,50
anon_0077780,0
anon_0077735,85
anon_0077781,0
anon_0077768,50
anon_0077742,0
anon_0077781,0
anon_0077780,50
anon_0077735,0
anon_0077735,0
anon_0077735,0
anon_0077742,0
anon_0077781,50
anon_0077735,0
anon_0077712,0
anon_0077781,100
anon_0077723,0
anon_0077742,10
anon_0077780,50
anon_0077780,0
anon_0077782,0
anon_0077728,0
anon_0077742,0
anon_0077782,80
anon_0077742,85
anon_0077735,0
anon_0077781,0
anon_0077716,0
anon_0077735,0
anon_0077728,0
anon_0077742,0
anon_0077728,0
anon_0077723,0
anon_0077735,0
anon_0077728,50
anon_0077716,0
anon_0077742,0
anon_0077716,0
anon_0077723,0
anon_0077716,0
anon_0077716,50
anon_0077712,0
anon_0077723,0
anon_0077723,0
anon_0077782,50
anon_0077735,0
anon_0077728,50
anon_0077712,0
anon_0077712,0
anon_0077728,85
anon_0077735,0
anon_0077712,0
anon_0077735,0
anon_0077735,0
anon_0077723,50
anon_0077712,85
anon_0077723,0
anon_0077742,0
anon_0077742,0
anon_0077728,0
anon_0077782,95
anon_0077728,0
anon_0077782,80
anon_0077712,50
anon_0077712,0
anon_0077735,0
anon_0077712,0
anon_0077742,0
anon_0077712,0
anon_0077735,0
anon_0077712,0
anon_0077735,0
anon_0077712,30
anon_0077742,0
anon_0077735,0
anon_0077716,0
anon_0077735,0
anon_0077716,0
anon_0077712,50
anon_0077712,0
anon_0077768,50
anon_0077735,85
anon_0077768,0
anon_0077742,0
anon_0077712,0
anon_0077735,0
anon_0077712,0
anon_0077742,50
anon_0077735,80
anon_0077742,0
anon_0077768,0
anon_0077716,0
anon_0077716,100
anon_0077735,0
anon_0077735,0
anon_0077712,85
anon_0077712,0
anon_0077742,50
anon_0077712,50
anon_0077712,30
anon_0077742,0
anon_0077712,0
anon_0077712,50
anon_0077768,0
anon_0077742,50
anon_0077742,50
anon_0077742,0
anon_0077742,0
anon_0077742,0
anon_0077712,0
anon_0077768,0
anon_0077768,0
anon_0077735,0
anon_0077716,0
anon_0077768,0
anon_0077735,0
anon_0077742,0
anon_0077735,0
anon_0077716,80
anon_0077742,50
anon_0077712,0
anon_0077729,85
anon_0077768,0
anon_0077742,0
anon_0077729,85
anon_0077716,NA
anon_0077742,0
anon_0077742,50
anon_0077729,0
anon_0077742,0
anon_0077768,0
anon_0077768,0
anon_0077742,0
anon_0077768,50
anon_0077768,95
anon_0077768,0
anon_0077768,0
anon_0077742,0
anon_0077768,50
anon_0077742,50
anon_0077768,0
anon_0077729,0
anon_0077742,0
anon_0077735,0
anon_0077729,50
anon_0077742,0
anon_0077768,0
anon_0077768,50
anon_0077768,50
anon_0077768,0
anon_0077742,0
anon_0077729,0
anon_0077742,0
anon_0077712,0
anon_0077712,0
anon_0077742,0
anon_0077735,0
anon_0077712,0
anon_0077742,0
anon_0077768,50
anon_0077768,70
anon_0077742,0
anon_0077742,0
anon_0077742,0
anon_0077768,50
anon_0077729,50
anon_0077742,0
anon_0077712,0
anon_0077712,0
anon_0077712,0
anon_0077768,0
anon_0077768,0
anon_0077712,90
anon_0077768,0
anon_0077712,95
anon_0077768,50
anon_0077742,0
anon_0077712,0
anon_0077768,0
anon_0077742,0
anon_0077712,30
anon_0077768,0
anon_0077768,0
anon_0077712,85
anon_0077768,0
anon_0077768,0
anon_0077768,0
anon_0077768,85
anon_0077712,85
anon_0077712,85
anon_0077768,0
anon_0077735,0
anon_0077742,0
anon_0077768,0
anon_0077742,0
anon_0077768,0
anon_0077768,0
anon_0077768,0
anon_0077768,0
anon_0077742,0
anon_0077768,0
anon_0077735,0
anon_0077712,0
anon_0077768,90
anon_0077735,0
anon_0077768,0
anon_0077729,85
anon_0077712,50
anon_0077742,50
anon_0077742,75
anon_0077742,0
anon_0077729,50
anon_0077729,0
anon_0077712,0
anon_0077735,50
anon_0077742,50
anon_0077712,90
anon_0077735,0
anon_0077729,80
anon_0077742,0
anon_0077729,85
anon_0077742,50
anon_0077735,0
anon_0077735,0
anon_0077729,50
anon_0077729,0
anon_0077729,0
anon_0077735,75
anon_0077729,0
anon_0077735,50
anon_0077768,0
anon_0077712,85
anon_0077729,85
anon_0077729,0
anon_0077712,50
anon_0077712,85
anon_0077735,0
anon_0077729,50
anon_0077729,0
anon_0077768,90
anon_0077729,50
anon_0077729,0
anon_0077735,0
anon_0077729,0
anon_0077742,0
anon_0077729,50
anon_0077735,0
anon_0077742,0
anon_0077729,50
anon_0077729,50
anon_0077729,0
anon_0077742,0
anon_0077742,0
anon_0077742,0
anon_0077729,90
anon_0077742,0
anon_0077742,0
anon_0077729,50
anon_0077729,0
anon_0077729,90
anon_0077729,0
anon_0077742,0
anon_0077729,90
anon_0077729,85
anon_0077729,60
anon_0077729,0
anon_0077742,50
anon_0077729,50
anon_0077729,75
anon_0077729,0
anon_0077729,85
anon_0077742,0
anon_0077729,0
anon_0077742,50
anon_0077742,0
anon_0077729,0
anon_0077742,0
anon_0077729,0
anon_0077742,0
anon_0077729,76
anon_0077729,50
anon_0077742,0
anon_0077712,85
anon_0077729,90
anon_0077729,85
anon_0077729,0
anon_0077729,0
anon_0077729,50
anon_0077729,0
anon_0077729,85
anon_0077729,0
anon_0077729,50
anon_0077742,0
anon_0077729,90
anon_0077742,50
anon_0077742,0
anon_0077729,85
anon_0077742,0
anon_0077742,0
anon_0077742,50
anon_0077729,85
anon_0077810,0
anon_0077831,0
anon_0077839,0
anon_0077839,0
anon_0077806,50
anon_0077831,0
anon_0077782,0
anon_0077809,0
anon_0077780,85
anon_0077839,0
anon_0077831,70
anon_0077809,0
anon_0077809,0
anon_0077810,0
anon_0077834,0
anon_0077809,85
anon_0077834,0
anon_0077782,0
anon_0077809,0
anon_0077800,0
anon_0077806,0
anon_0077810,0
anon_0077782,0
anon_0077782,85
anon_0077806,70
anon_0077800,0
anon_0077839,0
anon_0077809,0
anon_0077806,0
anon_0077806,0
anon_0077782,0
anon_0077834,85
anon_0077780,0
anon_0077831,50
anon_0077843,90
anon_0077809,0
anon_0077831,50
anon_0077782,0
anon_0077809,0
anon_0077809,0
anon_0077782,0
anon_0077782,90
anon_0077831,0
anon_0077806,60
anon_0077839,0
anon_0077806,0
anon_0077806,85
anon_0077843,50
anon_0077806,40
anon_0077782,0
anon_0077782,0
anon_0077810,0
anon_0077806,50
anon_0077806,85
anon_0077831,100
anon_0077809,30
anon_0077809,60
anon_0077839,0
anon_0077800,85
anon_0077843,85
anon_0077800,0
anon_0077831,50
anon_0077782,0
anon_0077810,0
anon_0077810,0
anon_0077809,0
anon_0077809,0
anon_0077800,95
anon_0077809,0
anon_0077810,0
anon_0077809,100
anon_0077810,0
anon_0077810,0
anon_0077809,0
anon_0077800,0
anon_0077809,90
anon_0077809,0
anon_0077809,0
anon_0077782,0
anon_0077782,0
anon_0077809,0
anon_0077809,95
anon_0077809,0
anon_0077780,50
anon_0077780,0
anon_0077809,0
anon_0077780,85
anon_0077809,0
anon_0077809,85
anon_0077780,0
anon_0077780,60
anon_0077810,0
anon_0077806,0
anon_0077810,0
anon_0077809,0
anon_0077810,0
anon_0077800,85
anon_0077810,0
anon_0077782,0
anon_0077780,0
anon_0077782,85
anon_0077809,0
anon_0077810,0
anon_0077780,0
anon_0077809,0
anon_0077809,90
anon_0077806,85
anon_0077800,0
anon_0077810,0
anon_0077800,50
anon_0077806,50
anon_0077780,50
anon_0077809,100
anon_0077780,0
anon_0077809,0
anon_0077780,0
anon_0077780,0
anon_0077809,0
anon_0077810,0
anon_0077780,50
anon_0077810,30
anon_0077780,85
anon_0077810,0
anon_0077780,85
anon_0077809,0
anon_0077780,50
anon_0077806,NA
anon_0077780,0
anon_0077780,0
anon_0077806,50
anon_0077780,0
anon_0077780,0
anon_0077780,0
anon_0077780,0
anon_0077780,0
anon_0077780,0
anon_0077810,50
anon_0077831,0
anon_0077780,0
anon_0077780,0
anon_0077780,0
anon_0077780,0
anon_0077780,0
anon_0077780,0
anon_0077806,50
anon_0077780,0
anon_0077800,0
anon_0077831,0
anon_0077780,50
anon_0077780,50
anon_0077806,85
anon_0077831,0
anon_0077782,0
anon_0077782,0
anon_0077831,50
anon_0077780,75
anon_0077782,0
anon_0077780,85
anon_0077780,50
anon_0077780,50
anon_0077780,0
anon_0077780,60
anon_0077780,0
anon_0077782,0
anon_0077782,0
anon_0077782,0
anon_0077782,0
anon_0077780,0
anon_0077782,0
anon_0077780,0
anon_0077782,0
anon_0077782,0
anon_0077782,0
anon_0077780,0
anon_0077780,60
anon_0077712,85
anon_0077780,0
anon_0077782,0
anon_0077712,0
anon_0077780,85
anon_0077780,70
anon_0077712,0
anon_0077712,90
anon_0077780,0
anon_0077780,0
anon_0077782,0
anon_0077780,0
anon_0077780,50
anon_0077831,85
anon_0077782,0
anon_0077780,0
anon_0077780,50
anon_0077809,85
anon_0077831,85
anon_0077712,50
anon_0077782,0
anon_0077782,0
anon_0077782,90
anon_0077782,85
anon_0077712,50
anon_0077782,90
anon_0077782,0
anon_0077782,50
anon_0077782,95
anon_0077782,0
anon_0077780,85
anon_0077782,0
anon_0077782,0
anon_0077782,0
anon_0077712,0
anon_0077780,0
anon_0077782,100
anon_0077782,0
anon_0077782,0
anon_0077831,0
anon_0077782,0
anon_0077780,85
anon_0077782,95
anon_0077780,0
anon_0077782,0
anon_0077831,90
anon_0077782,0
anon_0077809,0
anon_0077809,0
anon_0077809,0
anon_0077809,0
anon_0077809,50
anon_0077809,0
anon_0077809,0
anon_0077809,0
anon_0077809,50
anon_0077809,0
anon_0077809,0
anon_0077809,50
anon_0077809,50
anon_0077809,0
anon_0077809,0
anon_0077806,0
anon_0077809,0
anon_0077809,0
anon_0077809,0
anon_0077809,0
anon_0077800,0
anon_0077809,0
anon_0077809,0
anon_0077809,0
anon_0077809,100
anon_0077806,0
anon_0077809,0
anon_0077780,0
anon_0077800,0
anon_0077806,50
anon_0077800,0
anon_0077809,0
anon_0077782,0
anon_0077809,NA
anon_0077800,0
anon_0077809,0
anon_0077809,0
anon_0077800,0
anon_0077800,0
anon_0077809,0
anon_0077800,0
anon_0077809,0
anon_0077712,50
anon_0077809,0
anon_0077809,50
anon_0077809,0
anon_0077780,0
anon_0077809,50
anon_0077800,0
anon_0077800,0
anon_0077800,0
anon_0077800,0
anon_0077800,50
anon_0077800,0
anon_0077809,0
anon_0077800,0
anon_0077800,0
anon_0077800,50
anon_0077806,0
anon_0077712,0
anon_0077806,70
anon_0077780,50
anon_0077809,50
anon_0077780,85
anon_0077780,0
anon_0077800,0
anon_0077809,0
anon_0077800,0
anon_0077800,0
anon_0077800,0
anon_0077800,0
anon_0077800,0
anon_0077800,50
anon_0077780,0
anon_0077780,75
anon_0077806,0
anon_0077800,0
anon_0077712,0
anon_0077800,0
anon_0077712,85
anon_0077800,85
anon_0077800,0
anon_0077843,85
anon_0077712,0
anon_0077780,85
anon_0077712,85
anon_0077800,0
anon_0077712,85
anon_0077800,0
anon_0077780,70
anon_0077780,85
anon_0077800,0
anon_0077800,50
anon_0077712,50
anon_0077800,0
anon_0077800,0
anon_0077800,50
anon_0077800,50
anon_0077800,0
anon_0077800,0
anon_0077800,0
anon_0077809,100
anon_0077800,0
anon_0077800,85
anon_0077806,50
anon_0077800,50
anon_0077712,NA
anon_0077845,0
anon_0077870,100
anon_0077831,0
anon_0077831,0
anon_0077839,0
anon_0077834,0
anon_0077869,0
anon_0077845,0
anon_0077845,0
anon_0077845,0
anon_0077839,0
anon_0077869,50
anon_0077834,50
anon_0077842,50
anon_0077845,90
anon_0077862,85
anon_0077851,0
anon_0077851,85
anon_0077845,0
anon_0077851,0
anon_0077831,100
anon_0077839,0
anon_0077831,50
anon_0077851,0
anon_0077870,50
anon_0077831,0
anon_0077845,50
anon_0077845,0
anon_0077834,0
anon_0077831,0
anon_0077831,0
anon_0077845,0
anon_0077845,0
anon_0077845,0
anon_0077870,0
anon_0077831,0
anon_0077831,20
anon_0077839,70
anon_0077852,0
anon_0077831,0
anon_0077870,50
anon_0077869,0
anon_0077845,0
anon_0077869,0
anon_0077845,0
anon_0077845,0
anon_0077862,60
anon_0077869,0
anon_0077839,0
anon_0077869,0
anon_0077845,40
anon_0077845,30
anon_0077831,0
anon_0077842,0
anon_0077839,50
anon_0077862,0
anon_0077831,90
anon_0077852,0
anon_0077851,90
anon_0077845,0
anon_0077869,30
anon_0077845,0
anon_0077870,0
anon_0077831,80
anon_0077852,0
anon_0077839,50
anon_0077834,0
anon_0077839,0
anon_0077842,0
anon_0077842,0
anon_0077842,50
anon_0077851,0
anon_0077845,NA
anon_0077842,0
anon_0077834,0
anon_0077842,0
anon_0077842,0
anon_0077851,0
anon_0077851,0
anon_0077851,75
anon_0077862,85
anon_0077851,0
anon_0077845,0
anon_0077842,0
anon_0077834,0
anon_0077834,0
anon_0077842,0
anon_0077834,0
anon_0077842,0
anon_0077834,0
anon_0077866,30
anon_0077845,0
anon_0077842,0
anon_0077862,0
anon_0077866,90
anon_0077862,85
anon_0077851,85
anon_0077866,0
anon_0077845,20
anon_0077851,0
anon_0077831,0
anon_0077845,0
anon_0077870,0
anon_0077845,0
anon_0077831,0
anon_0077845,0
anon_0077870,0
anon_0077842,0
anon_0077842,0
anon_0077834,0
anon_0077842,0
anon_0077831,0
anon_0077834,0
anon_0077862,0
anon_0077862,NA
anon_0077831,85
anon_0077862,50
anon_0077834,0
anon_0077842,85
anon_0077842,0
anon_0077831,0
anon_0077834,0
anon_0077834,0
anon_0077870,0
anon_0077831,0
anon_0077842,0
anon_0077834,50
anon_0077845,0
anon_0077834,0
anon_0077870,50
anon_0077834,0
anon_0077870,0
anon_0077831,0
anon_0077834,0
anon_0077851,0
anon_0077870,0
anon_0077831,0
anon_0077862,0
anon_0077834,0
anon_0077834,50
anon_0077845,0
anon_0077845,0
anon_0077870,0
anon_0077842,0
anon_0077831,0
anon_0077831,0
anon_0077831,0
anon_0077845,0
anon_0077834,0
anon_0077834,50
anon_0077831,50
anon_0077831,50
anon_0077834,0
anon_0077845,50
anon_0077870,0
anon_0077851,0
anon_0077842,50
anon_0077842,85
anon_0077834,85
anon_0077845,0
anon_0077834,50
anon_0077869,60
anon_0077842,60
anon_0077834,0
anon_0077869,50
anon_0077831,0
anon_0077842,100
anon_0077831,0
anon_0077842,50
anon_0077866,85
anon_0077869,85
anon_0077869,0
anon_0077842,50
anon_0077831,70
anon_0077834,0
anon_0077869,0
anon_0077831,0
anon_0077869,50
anon_0077834,0
anon_0077834,30
anon_0077831,50
anon_0077842,0
anon_0077831,0
anon_0077831,0
anon_0077843,50
anon_0077843,0
anon_0077866,50
anon_0077866,0
anon_0077843,NA
anon_0077842,0
anon_0077843,0
anon_0077842,0
anon_0077842,0
anon_0077831,0
anon_0077843,0
anon_0077866,0
anon_0077866,90
anon_0077842,95
anon_0077834,100
anon_0077843,0
anon_0077834,0
anon_0077834,0
anon_0077831,0
anon_0077842,0
anon_0077869,0
anon_0077843,0
anon_0077869,0
anon_0077831,85
anon_0077843,0
anon_0077834,0
anon_0077834,50
anon_0077843,0
anon_0077866,0
anon_0077834,0
anon_0077843,0
anon_0077851,0
anon_0077834,0
anon_0077834,0
anon_0077866,20
anon_0077866,80
anon_0077843,0
anon_0077834,NA
anon_0077851,50
anon_0077843,0
anon_0077842,85
anon_0077831,0
anon_0077843,90
anon_0077843,0
anon_0077843,75
anon_0077843,0
anon_0077843,0
anon_0077831,50
anon_0077843,0
anon_0077866,0
anon_0077843,85
anon_0077851,0
anon_0077843,70
anon_0077843,0
anon_0077843,80
anon_0077866,0
anon_0077843,50
anon_0077843,90
anon_0077851,0
anon_0077834,100
anon_0077843,0
anon_0077866,0
anon_0077843,85
anon_0077834,100
anon_0077843,0
anon_0077843,0
anon_0077851,50
anon_0077851,0
anon_0077843,0
anon_0077843,0
anon_0077843,0
anon_0077843,50
anon_0077831,0
anon_0077866,0
anon_0077866,0
anon_0077843,0
anon_0077843,0
anon_0077843,0
anon_0077843,50
anon_0077851,85
anon_0077831,85
anon_0077842,0
anon_0077843,0
anon_0077831,50
anon_0077843,90
anon_0077843,0
anon_0077866,0
anon_0077843,50
anon_0077831,50
anon_0077851,0
anon_0077839,0
anon_0077851,85
anon_0077866,0
anon_0077866,50
anon_0077866,50
anon_0077843,0
anon_0077851,85
anon_0077851,0
anon_0077851,0
anon_0077866,NA
anon_0077839,0
anon_0077839,0
anon_0077866,50
anon_0077842,0
anon_0077842,0
anon_0077866,0
anon_0077843,100
anon_0077866,90
anon_0077843,85
anon_0077866,30
anon_0077842,0
anon_0077839,0
anon_0077842,0
anon_0077851,0
anon_0077842,70
anon_0077851,0
anon_0077851,0
anon_0077845,0
anon_0077845,0
anon_0077866,100
anon_0077839,85
anon_0077839,0
anon_0077839,0
anon_0077866,0
anon_0077842,0
anon_0077851,90
anon_0077866,0
anon_0077866,90
anon_0077839,85
anon_0077845,0
anon_0077839,75
anon_0077842,0
anon_0077842,0
anon_0077866,0
anon_0077839,0
anon_0077845,50
anon_0077845,90
anon_0077842,0
anon_0077845,50
anon_0077866,0
anon_0077842,50
anon_0077842,85
anon_0077842,0
anon_0077843,0
anon_0077843,80
anon_0077866,0
anon_0077839,50
anon_0077851,0
anon_0077866,0
anon_0077851,0
anon_0077845,85
anon_0077845,50
anon_0077845,0
anon_0077866,75
anon_0077839,85
anon_0077866,60
anon_0077845,80
anon_0077851,50
anon_0077842,0
anon_0077842,0
anon_0077843,0
anon_0077843,0
anon_0077842,0
anon_0077843,0
anon_0077842,100
anon_0077842,0
anon_0077843,85
anon_0077842,0
anon_0077843,0
anon_0077842,0
anon_0077843,0
anon_0077843,0
anon_0077843,0
anon_0077843,20
anon_0077843,0
anon_0077842,0
anon_0077842,0
anon_0077843,100
anon_0077843,0
anon_0077843,85
anon_0077842,0
anon_0077843,0
anon_0077843,50
anon_0077842,0
anon_0077842,50
anon_0077843,0
anon_0077843,0
anon_0077843,0
anon_0077843,0
anon_0077843,85
anon_0077843,50
anon_0077843,0
anon_0077843,0
anon_0077843,50
anon_0077842,0
anon_0077866,85
anon_0077886,0
anon_0077886,50
anon_0077831,0
anon_0077831,0
anon_0077862,0
anon_0077891,50
anon_0077886,0
anon_0077866,0
anon_0077869,0
anon_0077890,85
anon_0077831,20
anon_0077866,0
anon_0077890,90
anon_0077886,85
anon_0077862,50
anon_0077851,85
anon_0077862,0
anon_0077831,0
anon_0077862,0
anon_0077891,0
anon_0077892,0
anon_0077869,0
anon_0077890,50
anon_0077866,0
anon_0077831,0
anon_0077866,0
anon_0077890,100
anon_0077851,0
anon_0077831,0
anon_0077862,50
anon_0077866,0
anon_0077862,0
anon_0077869,50
anon_0077869,0
anon_0077869,0
anon_0077869,0
anon_0077890,0
anon_0077851,0
anon_0077892,0
anon_0077862,50
anon_0077851,0
anon_0077831,70
anon_0077869,0
anon_0077890,0
anon_0077831,0
anon_0077890,20
anon_0077890,85
anon_0077869,0
anon_0077831,0
anon_0077892,0
anon_0077890,0
anon_0077869,50
anon_0077890,85
anon_0077869,0
anon_0077869,0
anon_0077869,85
anon_0077831,0
anon_0077890,0
anon_0077851,85
anon_0077890,90
anon_0077890,0
anon_0077890,0
anon_0077869,0
anon_0077869,50
anon_0077869,0
anon_0077866,0
anon_0077831,50
anon_0077851,0
anon_0077862,50
anon_0077862,85
anon_0077842,0
anon_0077831,0
anon_0077862,50
anon_0077842,0
anon_0077831,50
anon_0077851,50
anon_0077862,0
anon_0077831,0
anon_0077862,100
anon_0077890,85
anon_0077890,0
anon_0077831,0
anon_0077869,0
anon_0077831,0
anon_0077869,0
anon_0077842,0
anon_0077866,50
anon_0077831,0
anon_0077843,0
anon_0077842,0
anon_0077892,20
anon_0077842,0
anon_0077869,0
anon_0077831,0
anon_0077869,0
anon_0077862,85
anon_0077862,0
anon_0077869,0
anon_0077869,0
anon_0077843,0
anon_0077869,0
anon_0077869,0
anon_0077843,0
anon_0077843,0
anon_0077869,0
anon_0077842,0
anon_0077869,0
anon_0077869,0
anon_0077842,0
anon_0077869,0
anon_0077890,85
anon_0077842,85
anon_0077831,0
anon_0077890,0
anon_0077831,0
anon_0077869,85
anon_0077862,0
anon_0077843,0
anon_0077862,85
anon_0077831,0
anon_0077890,75
anon_0077842,0
anon_0077869,0
anon_0077843,85
anon_0077862,0
anon_0077843,0
anon_0077842,0
anon_0077831,60
anon_0077843,0
anon_0077890,60
anon_0077842,0
anon_0077892,0
anon_0077842,0
anon_0077842,0
anon_0077842,0
anon_0077842,0
anon_0077842,0
anon_0077892,0
anon_0077892,0
anon_0077843,0
anon_0077842,0
anon_0077843,0
anon_0077869,0
anon_0077862,70
anon_0077890,100
anon_0077843,50
anon_0077843,50
anon_0077843,0
anon_0077843,0
anon_0077890,85
anon_0077892,0
anon_0077842,0
anon_0077842,0
anon_0077831,0
anon_0077890,50
anon_0077862,90
anon_0077843,0
anon_0077862,0
anon_0077831,0
anon_0077862,100
anon_0077843,0
anon_0077843,0
anon_0077890,0
anon_0077842,0
anon_0077843,0
anon_0077843,0
anon_0077843,0
anon_0077843,0
anon_0077870,0
anon_0077862,0
anon_0077866,0
anon_0077843,50
anon_0077862,0
anon_0077866,0
anon_0077862,0
anon_0077890,50
anon_0077890,100
anon_0077892,0
anon_0077890,85
anon_0077890,85
anon_0077843,0
anon_0077870,0
anon_0077869,0
anon_0077862,60
anon_0077869,30
anon_0077843,0
anon_0077870,0
anon_0077890,100
anon_0077890,100
anon_0077843,0
anon_0077843,0
anon_0077843,0
anon_0077869,0
anon_0077870,0
anon_0077842,0
anon_0077892,0
anon_0077866,0
anon_0077870,0
anon_0077842,0
anon_0077891,0
anon_0077891,85
anon_0077890,85
anon_0077890,50
anon_0077892,0
anon_0077891,0
anon_0077866,0
anon_0077866,0
anon_0077862,0
anon_0077866,0
anon_0077862,0
anon_0077843,0
anon_0077842,70
anon_0077862,85
anon_0077891,0
anon_0077869,0
anon_0077892,0
anon_0077843,0
anon_0077891,0
anon_0077892,0
anon_0077869,50
anon_0077890,85
anon_0077892,0
anon_0077870,0
anon_0077866,0
anon_0077892,90
anon_0077891,0
anon_0077892,50
anon_0077862,50
anon_0077862,0
anon_0077862,90
anon_0077892,0
anon_0077870,85
anon_0077862,70
anon_0077862,85
anon_0077866,85
anon_0077862,50
anon_0077869,0
anon_0077862,50
anon_0077869,0
anon_0077862,0
anon_0077892,0
anon_0077870,0
anon_0077891,85
anon_0077862,NA
anon_0077892,0
anon_0077892,0
anon_0077892,50
anon_0077892,0
anon_0077892,0
anon_0077892,70
anon_0077891,0
anon_0077862,85
anon_0077869,0
anon_0077842,85
anon_0077869,0
anon_0077843,0
anon_0077842,0
anon_0077842,0
anon_0077869,90
anon_0077869,0
anon_0077869,0
anon_0077869,0
anon_0077842,0
anon_0077869,30
anon_0077869,0
anon_0077869,0
anon_0077869,50
anon_0077869,0
anon_0077869,0
anon_0077870,0
anon_0077892,0
anon_0077869,0
anon_0077842,0
anon_0077869,50
anon_0077842,0
anon_0077870,0
anon_0077870,50
anon_0077869,75
anon_0077870,50
anon_0077869,0
anon_0077869,0
anon_0077870,90
anon_0077842,0
anon_0077842,0
anon_0077869,50
anon_0077843,0
anon_0077843,0
anon_0077843,50
anon_0077869,0
anon_0077869,80
anon_0077869,0
anon_0077843,0
anon_0077869,50
anon_0077892,0
anon_0077869,0
anon_0077869,0
anon_0077842,50
anon_0077869,0
anon_0077843,0
anon_0077869,0
anon_0077843,0
anon_0077891,0
anon_0077869,0
anon_0077869,0
anon_0077862,70
anon_0077869,50
anon_0077869,0
anon_0077842,0
anon_0077869,50
anon_0077843,0
anon_0077843,0
anon_0077869,0
anon_0077862,0
anon_0077869,0
anon_0077869,85
anon_0077869,0
anon_0077869,0
anon_0077842,0
anon_0077892,50
anon_0077862,0
anon_0077869,85
anon_0077869,50
anon_0077891,0
anon_0077862,0
anon_0077869,85
anon_0077869,0
anon_0077891,0
anon_0077862,0
anon_0077869,0
anon_0077870,0
anon_0077869,0
anon_0077892,0
anon_0077843,50
anon_0077869,50
anon_0077869,85
anon_0077869,0
anon_0077862,50
anon_0077891,0
anon_0077891,0
anon_0077869,0
anon_0077891,0
anon_0077843,50
anon_0077862,85
anon_0077870,0
anon_0077869,50
anon_0077862,50
anon_0077869,0
anon_0077870,NA
anon_0077891,0
anon_0077862,0
anon_0077870,0
anon_0077843,0
anon_0077891,0
anon_0077869,50
anon_0077891,0
anon_0077870,0
anon_0077870,0
anon_0077891,0
anon_0077870,0
anon_0077862,30
anon_0077891,0
anon_0077891,50
anon_0077891,0
anon_0077870,0
anon_0077891,0
anon_0077869,0
anon_0077869,50
anon_0077869,50
anon_0077891,0
anon_0077870,0
anon_0077891,0
anon_0077891,0
anon_0077891,0
anon_0077862,0
anon_0077862,60
anon_0077862,85
anon_0077891,0
anon_0077862,0
anon_0077862,85
anon_0077891,85
anon_0077891,0
anon_0077862,0
anon_0077870,0
anon_0077862,85
anon_0077891,0
anon_0077862,85
anon_0077862,0
anon_0077870,0
anon_0077870,0
anon_0077870,0
anon_0077891,0
anon_0077870,0
anon_0077869,50
anon_0077862,0
anon_0077891,0
anon_0077870,0
anon_0077862,85
anon_0077862,50
anon_0077870,100
anon_0077870,50
anon_0077862,50
anon_0077870,0
anon_0077862,0
anon_0077891,50
anon_0077862,0
anon_0077862,85
anon_0077862,85
anon_0077870,0
anon_0077862,0
anon_0077891,0
anon_0077862,85
anon_0077891,50
anon_0077862,90
anon_0077870,0
anon_0077866,0
anon_0077866,0
anon_0077870,0
anon_0077866,0
anon_0077870,50
anon_0077870,0
anon_0077866,0
anon_0077866,0
anon_0077870,85
anon_0077870,0
anon_0077870,100
anon_0077866,50
anon_0077870,50
anon_0077866,0
anon_0077870,80
anon_0077866,0
anon_0077870,0
anon_0077866,50
anon_0077866,50
anon_0077866,50
anon_0077870,90
anon_0077870,0
anon_0077866,50
anon_0077870,0
anon_0077866,30
anon_0077870,0
anon_0077866,50
anon_0077870,85
anon_0077866,50
anon_0077870,0
anon_0077870,85
anon_0077870,85
anon_0077870,0
anon_0077870,0
anon_0077866,0
anon_0077870,0
anon_0077870,0
anon_0077866,50
anon_0077870,0
anon_0077870,85
anon_0077870,0
anon_0077870,0
anon_0077870,NA
anon_0077866,50
anon_0077870,50
anon_0077866,20
anon_0077866,0
anon_0077870,50
anon_0077866,50
anon_0077870,60
anon_0077866,100
anon_0077870,50
anon_0077870,0
anon_0077866,0
anon_0077870,0
anon_0077870,95
anon_0077866,0
anon_0077870,0
anon_0077870,85
anon_0077892,0
anon_0077923,0
anon_0077930,0
anon_0077908,100
anon_0077912,90
anon_0077908,90
anon_0077913,0
anon_0077913,0
anon_0077870,0
anon_0077913,0
anon_0077892,0
anon_0077908,80
anon_0077930,85
anon_0077930,0
anon_0077913,0
anon_0077905,0
anon_0077892,0
anon_0077918,50
anon_0077892,85
anon_0077905,0
anon_0077870,0
anon_0077912,100
anon_0077908,0
anon_0077923,0
anon_0077908,100
anon_0077918,90
anon_0077892,0
anon_0077892,0
anon_0077908,0
anon_0077908,85
anon_0077913,50
anon_0077908,85
anon_0077913,50
anon_0077913,0
anon_0077908,0
anon_0077913,0
anon_0077908,0
anon_0077913,0
anon_0077913,30
anon_0077918,0
anon_0077923,0
anon_0077908,90
anon_0077908,85
anon_0077913,0
anon_0077891,0
anon_0077918,0
anon_0077870,20
anon_0077905,0
anon_0077870,85
anon_0077918,95
anon_0077908,50
anon_0077892,40
anon_0077918,100
anon_0077913,50
anon_0077912,100
anon_0077892,0
anon_0077912,0
anon_0077905,0
anon_0077918,85
anon_0077913,0
anon_0077913,50
anon_0077892,0
anon_0077908,0
anon_0077891,0
anon_0077930,85
anon_0077913,0
anon_0077913,NA
anon_0077892,0
anon_0077913,0
anon_0077918,50
anon_0077891,0
anon_0077870,0
anon_0077908,0
anon_0077913,0
anon_0077891,0
anon_0077913,50
anon_0077913,50
anon_0077918,85
anon_0077923,0
anon_0077913,0
anon_0077891,0
anon_0077908,50
anon_0077913,0
anon_0077892,0
anon_0077913,0
anon_0077923,0
anon_0077892,50
anon_0077891,0
anon_0077905,30
anon_0077908,50
anon_0077891,0
anon_0077923,0
anon_0077891,50
anon_0077923,0
anon_0077891,0
anon_0077913,0
anon_0077913,0
anon_0077923,0
anon_0077891,0
anon_0077923,0
anon_0077891,0
anon_0077891,0
anon_0077891,0
anon_0077908,50
anon_0077908,0
anon_0077870,0
anon_0077923,0
anon_0077913,0
anon_0077870,0
anon_0077923,0
anon_0077891,0
anon_0077891,0
anon_0077870,0
anon_0077870,0
anon_0077891,0
anon_0077923,0
anon_0077891,0
anon_0077905,0
anon_0077870,100
anon_0077913,50
anon_0077891,0
anon_0077923,50
anon_0077891,30
anon_0077905,0
anon_0077891,0
anon_0077891,50
anon_0077905,0
anon_0077891,0
anon_0077913,0
anon_0077923,0
anon_0077923,50
anon_0077913,85
anon_0077870,50
anon_0077923,0
anon_0077913,100
anon_0077891,0
anon_0077913,50
anon_0077870,85
anon_0077891,0
anon_0077923,0
anon_0077891,50
anon_0077870,0
anon_0077870,85
anon_0077913,50
anon_0077923,0
anon_0077913,50
anon_0077905,0
anon_0077905,0
anon_0077905,0
anon_0077905,0
anon_0077870,0
anon_0077905,0
anon_0077923,0
anon_0077905,0
anon_0077905,0
anon_0077891,0
anon_0077905,0
anon_0077913,50
anon_0077870,0
anon_0077905,0
anon_0077905,0
anon_0077870,0
anon_0077905,0
anon_0077905,0
anon_0077870,50
anon_0077905,0
anon_0077908,50
anon_0077905,0
anon_0077905,0
anon_0077905,0
anon_0077913,0
anon_0077905,0
anon_0077905,90
anon_0077905,0
anon_0077891,0
anon_0077905,0
anon_0077923,0
anon_0077905,0
anon_0077905,0
anon_0077905,0
anon_0077913,50
anon_0077905,0
anon_0077870,50
anon_0077905,0
anon_0077870,50
anon_0077905,50
anon_0077923,0
anon_0077905,0
anon_0077905,0
anon_0077905,0
anon_0077891,0
anon_0077891,70
anon_0077923,90
anon_0077905,0
anon_0077908,0
anon_0077905,0
anon_0077891,0
anon_0077905,0
anon_0077923,0
anon_0077913,0
anon_0077891,0
anon_0077913,50
anon_0077905,0
anon_0077918,90
anon_0077923,0
anon_0077891,0
anon_0077870,0
anon_0077905,85
anon_0077923,0
anon_0077913,0
anon_0077913,50
anon_0077905,0
anon_0077923,50
anon_0077908,75
anon_0077923,70
anon_0077905,0
anon_0077905,0
anon_0077905,0
anon_0077913,0
anon_0077905,0
anon_0077923,0
anon_0077870,0
anon_0077891,0
anon_0077913,50
anon_0077908,0
anon_0077908,0
anon_0077923,0
anon_0077908,85
anon_0077891,0
anon_0077908,0
anon_0077905,0
anon_0077891,0
anon_0077923,85
anon_0077891,0
anon_0077891,0
anon_0077870,0
anon_0077891,50
anon_0077891,50
anon_0077905,0
anon_0077908,85
anon_0077913,0
anon_0077908,0
anon_0077891,0
anon_0077891,0
anon_0077870,30
anon_0077908,0
anon_0077891,0
anon_0077891,0
anon_0077891,0
anon_0077908,90
anon_0077913,50
anon_0077913,0
anon_0077891,0
anon_0077905,0
anon_0077905,0
anon_0077905,0
anon_0077891,0
anon_0077913,0
anon_0077913,0
anon_0077891,0
anon_0077905,50
anon_0077908,0
anon_0077891,0
anon_0077930,0
anon_0077913,0
anon_0077908,60
anon_0077913,50
anon_0077908,90
anon_0077908,0
anon_0077891,0
anon_0077905,0
anon_0077891,0
anon_0077908,50
anon_0077930,0
anon_0077891,0
anon_0077930,0
anon_0077905,0
anon_0077891,50
anon_0077905,90
anon_0077908,0
anon_0077923,0
anon_0077891,0
anon_0077905,0
anon_0077891,0
anon_0077930,50
anon_0077905,0
anon_0077905,50
anon_0077923,0
anon_0077891,0
anon_0077913,50
anon_0077908,50
anon_0077908,50
anon_0077923,50
anon_0077930,0
anon_0077891,0
anon_0077908,60
anon_0077891,0
anon_0077908,0
anon_0077891,0
anon_0077891,0
anon_0077908,85
anon_0077923,0
anon_0077905,85
anon_0077908,85
anon_0077913,85
anon_0077923,0
anon_0077891,0
anon_0077908,0
anon_0077891,0
anon_0077891,0
anon_0077905,0
anon_0077923,50
anon_0077891,0
anon_0077891,0
anon_0077913,50
anon_0077891,0
anon_0077891,0
anon_0077913,0
anon_0077923,0
anon_0077913,0
anon_0077908,0
anon_0077891,0
anon_0077891,0
anon_0077891,0
anon_0077891,0
anon_0077891,0
anon_0077908,0
anon_0077905,70
anon_0077923,85
anon_0077891,0
anon_0077905,0
anon_0077891,50
anon_0077905,0
anon_0077891,0
anon_0077908,30
anon_0077913,0
anon_0077905,0
anon_0077905,0
anon_0077891,0
anon_0077891,0
anon_0077908,85
anon_0077905,0
anon_0077923,50
anon_0077908,0
anon_0077905,0
anon_0077891,70
anon_0077905,0
anon_0077908,0
anon_0077908,60
anon_0077891,0
anon_0077905,100
anon_0077905,0
anon_0077905,0
anon_0077908,85
anon_0077891,0
anon_0077905,85
anon_0077891,0
anon_0077905,0
anon_0077891,0
anon_0077905,0
anon_0077905,0
anon_0077891,0
anon_0077905,0
anon_0077905,0
anon_0077891,0
anon_0077905,50
anon_0077905,0
anon_0077905,0
anon_0077905,NA
anon_0077905,0
anon_0077905,0
anon_0077905,0
anon_0077908,0
anon_0077891,0
anon_0077905,0
anon_0077905,95
anon_0077891,0
anon_0077908,0
anon_0077905,0
anon_0077905,0
anon_0077891,0
anon_0077905,50
anon_0077905,90
anon_0077905,85
anon_0077905,50
anon_0077905,85
anon_0077905,0
anon_0077905,85
anon_0077905,80
anon_0077905,50
anon_0077918,0
anon_0077918,50
anon_0077918,0
anon_0077918,0
anon_0077918,0
anon_0077918,90
anon_0077918,85
anon_0077905,0
anon_0077918,85
anon_0077918,85
anon_0077905,0
anon_0077918,100
anon_0077918,100
anon_0077918,0
anon_0077918,100
anon_0077918,0
anon_0077918,0
anon_0077905,85
anon_0077905,95
anon_0077918,100
anon_0077905,0
anon_0077930,0
anon_0077930,0
anon_0077918,0
anon_0077918,0
anon_0077930,100
anon_0077939,95
anon_0077930,0
anon_0077930,0
anon_0077918,90
anon_0077930,0
anon_0077939,0
anon_0077918,0
anon_0077918,0
anon_0077930,0
anon_0077918,100
anon_0077939,0
anon_0077939,50
anon_0077952,0
anon_0077939,0
anon_0077939,0
anon_0077930,90
anon_0077939,0
anon_0077939,0
anon_0077918,0
anon_0077952,95
anon_0077918,0
anon_0077972,0
anon_0077939,50
anon_0077918,50
anon_0077939,50
anon_0077918,0
anon_0077918,0
anon_0077930,0
anon_0077918,0
anon_0077918,0
anon_0077930,0
anon_0077918,0
anon_0077918,0
anon_0077918,90
anon_0077918,90
anon_0077930,0
anon_0077930,100
anon_0077930,0
anon_0077918,0
anon_0077918,85
anon_0077918,0
anon_0077930,0
anon_0077918,85
anon_0077972,85
anon_0077918,50
anon_0077939,0
anon_0077930,90
anon_0077918,85
anon_0077939,50
anon_0077939,0
anon_0077918,0
anon_0077930,0
anon_0077939,0
anon_0077918,0
anon_0077918,0
anon_0077918,95
anon_0077939,90
anon_0077930,0
anon_0077930,50
anon_0077930,70
anon_0077952,85
anon_0077918,0
anon_0077972,50
anon_0077939,0
anon_0077918,50
anon_0077918,85
anon_0077952,0
anon_0077939,0
anon_0077918,85
anon_0077918,50
anon_0077918,85
anon_0077972,100
anon_0077918,90
anon_0077952,0
anon_0077930,85
anon_0077939,0
anon_0077939,90
anon_0077918,80
anon_0077939,50
anon_0077939,0
anon_0077974,100
anon_0077972,50
anon_0077974,75
anon_0077952,0
anon_0077952,0
anon_0077939,85
anon_0077974,90
anon_0077930,0
anon_0077918,80
anon_0077918,50
anon_0077918,80
anon_0077939,75
anon_0077952,85
anon_0077930,0
anon_0077918,50
anon_0077952,50
anon_0077939,80
anon_0077952,0
anon_0077918,90
anon_0077939,0
anon_0077952,0
anon_0077918,50
anon_0077952,85
anon_0077952,0
anon_0077952,0
anon_0077952,0
anon_0077930,0
anon_0077930,NA
anon_0077939,0
anon_0077952,0
anon_0077974,0
anon_0077952,0
anon_0077952,50
anon_0077952,0
anon_0077952,0
anon_0077952,0
anon_0077974,70
anon_0077974,0
anon_0077939,70
anon_0077952,0
anon_0077918,85
anon_0077952,85
anon_0077939,0
anon_0077952,0
anon_0077923,0
anon_0077952,0
anon_0077974,70
anon_0077952,0
anon_0077952,0
anon_0077974,50
anon_0077974,50
anon_0077939,0
anon_0077974,85
anon_0077939,0
anon_0077918,0
anon_0077952,0
anon_0077952,0
anon_0077974,85
anon_0077952,0
anon_0077952,0
anon_0077923,0
anon_0077918,85
anon_0077974,85
anon_0077923,0
anon_0077918,0
anon_0077952,0
anon_0077952,0
anon_0077939,50
anon_0077952,0
anon_0077952,70
anon_0077939,50
anon_0077974,0
anon_0077923,0
anon_0077952,90
anon_0077952,0
anon_0077952,85
anon_0077918,0
anon_0077952,0
anon_0077952,0
anon_0077952,0
anon_0077939,0
anon_0077952,0
anon_0077939,0
anon_0077939,0
anon_0077952,0
anon_0077952,0
anon_0077952,0
anon_0077974,0
anon_0077952,0
anon_0077974,85
anon_0077923,0
anon_0077939,85
anon_0077974,85
anon_0077939,0
anon_0077923,0
anon_0077952,0
anon_0077952,0
anon_0077923,0
anon_0077923,0
anon_0077974,60
anon_0077952,0
anon_0077974,85
anon_0077923,0
anon_0077974,50
anon_0077923,0
anon_0077974,50
anon_0077952,0
anon_0077952,0
anon_0077952,0
anon_0077923,0
anon_0077923,0
anon_0077974,0
anon_0077939,50
anon_0077939,85
anon_0077939,100
anon_0077952,20
anon_0077939,0
anon_0077974,100
anon_0077923,0
anon_0077939,95
anon_0077974,50
anon_0077918,0
anon_0077974,0
anon_0077980,30
anon_0077982,95
anon_0077923,0
anon_0077980,0
anon_0077952,100
anon_0077974,0
anon_0077972,0
anon_0077974,0
anon_0077980,85
anon_0077974,85
anon_0077972,0
anon_0077982,0
anon_0077974,0
anon_0077974,90
anon_0077972,90
anon_0077972,0
anon_0077980,0
anon_0077980,0
anon_0077982,85
anon_0077982,90
anon_0077980,0
anon_0077980,50
anon_0077980,85
anon_0077980,70
anon_0077982,95
anon_0077982,90
anon_0077980,85
anon_0077939,85
anon_0077974,85
anon_0077980,85
anon_0077980,0
anon_0077980,50
anon_0077980,50
anon_0077923,0
anon_0077982,85
anon_0077972,0
anon_0077918,50
anon_0077980,0
anon_0077980,85
anon_0077972,0
anon_0077972,0
anon_0077980,70
anon_0077980,85
anon_0077980,85
anon_0077980,0
anon_0077972,0
anon_0077972,0
anon_0077972,0
anon_0077972,85
anon_0077982,85
anon_0077972,50
anon_0077980,60
anon_0077972,50
anon_0077972,50
anon_0077982,85
anon_0077972,0
anon_0077972,0
anon_0077982,0
anon_0077980,85
anon_0077974,85
anon_0077980,50
anon_0077982,85
anon_0077980,0
anon_0077972,85
anon_0077980,50
anon_0077980,60
anon_0077980,0
anon_0077982,70
anon_0077972,80
anon_0077980,40
anon_0077974,50
anon_0077980,50
anon_0077980,NA
anon_0077974,0
anon_0078060,100
anon_0078064,0
anon_0078070,0
anon_0077996,60
anon_0078003,0
anon_0078046,0
anon_0078050,0
anon_0078003,0
anon_0078014,85
anon_0078003,0
anon_0078060,0
anon_0078046,0
anon_0078003,0
anon_0077988,0
anon_0078035,85
anon_0078054,0
anon_0078035,50
anon_0078050,85
anon_0078050,0
anon_0077996,0
anon_0078070,0
anon_0077988,0
anon_0078060,50
anon_0078046,0
anon_0078046,0
anon_0078003,0
anon_0078046,0
anon_0078046,0
anon_0077988,0
anon_0078014,85
anon_0078060,90
anon_0078050,0
anon_0078014,85
anon_0078054,0
anon_0077996,0
anon_0078060,90
anon_0078064,60
anon_0078060,50
anon_0078060,90
anon_0077996,0
anon_0078060,0
anon_0078003,50
anon_0078054,0
anon_0078060,90
anon_0078014,90
anon_0078003,0
anon_0078003,0
anon_0078060,0
anon_0078060,85
anon_0078050,85
anon_0078064,85
anon_0078003,0
anon_0078070,85
anon_0078014,85
anon_0078014,85
anon_0078014,0
anon_0078062,90
anon_0078003,0
anon_0078014,85
anon_0078014,0
anon_0078050,85
anon_0078014,90
anon_0078003,0
anon_0078046,30
anon_0078062,50
anon_0078035,0
anon_0078060,90
anon_0078064,85
anon_0078014,50
anon_0078035,0
anon_0078064,0
anon_0078054,0
anon_0078035,0
anon_0078046,0
anon_0077996,0
anon_0078014,50
anon_0078046,20
anon_0078064,85
anon_0078035,80
anon_0077996,0
anon_0078035,0
anon_0078003,90
anon_0078046,0
anon_0078054,0
anon_0077996,0
anon_0078062,0
anon_0078054,0
anon_0078046,100
anon_0078003,0
anon_0078054,0
anon_0078046,0
anon_0078064,85
anon_0078046,85
anon_0078046,0
anon_0078014,100
anon_0078050,50
anon_0078046,50
anon_0078046,100
anon_0078046,0
anon_0078046,50
anon_0078054,0
anon_0078054,0
anon_0078054,20
anon_0078046,0
anon_0078046,0
anon_0078060,0
anon_0078046,0
anon_0078060,0
anon_0078046,0
anon_0078035,80
anon_0078046,0
anon_0078054,0
anon_0078054,0
anon_0078046,0
anon_0078035,0
anon_0078054,0
anon_0078064,50
anon_0078035,85
anon_0078014,0
anon_0078064,0
anon_0078060,0
anon_0078064,90
anon_0078014,50
anon_0078060,50
anon_0078064,0
anon_0078064,50
anon_0078060,0
anon_0078060,50
anon_0078014,0
anon_0078064,70
anon_0078060,50
anon_0077996,0
anon_0078060,0
anon_0077996,50
anon_0077996,0
anon_0077996,NA
anon_0077996,60
anon_0078014,85
anon_0077996,0
anon_0078060,85
anon_0078014,85
anon_0078060,100
anon_0078060,0
anon_0078014,85
anon_0077996,0
anon_0078014,0
anon_0077996,85
anon_0078064,60
anon_0077996,0
anon_0078014,90
anon_0078014,0
anon_0078014,85
anon_0078014,70
anon_0078060,0
anon_0078060,50
anon_0078014,NA
anon_0077996,0
anon_0078062,95
anon_0077996,0
anon_0077996,0
anon_0077996,50
anon_0078050,0
anon_0077996,0
anon_0078046,0
anon_0078062,100
anon_0078062,100
anon_0078050,50
anon_0077996,0
anon_0077982,20
anon_0078050,0
anon_0078046,0
anon_0078062,0
anon_0077996,0
anon_0077996,0
anon_0077996,50
anon_0077996,85
anon_0077996,70
anon_0078050,0
anon_0078046,0
anon_0077982,0
anon_0078050,0
anon_0078046,0
anon_0078060,100
anon_0077996,80
anon_0077996,50
anon_0078050,100
anon_0078046,0
anon_0077996,0
anon_0077982,0
anon_0078062,80
anon_0077996,0
anon_0078050,0
anon_0078014,0
anon_0077982,0
anon_0078046,30
anon_0077996,0
anon_0078062,50
anon_0078050,0
anon_0078046,0
anon_0078046,0
anon_0078014,0
anon_0078050,75
anon_0078035,0
anon_0078014,0
anon_0078014,0
anon_0078035,20
anon_0078014,0
anon_0077996,50
anon_0078060,85
anon_0078035,85
anon_0078014,0
anon_0077982,0
anon_0077996,100
anon_0078014,0
anon_0078060,0
anon_0078014,85
anon_0078035,0
anon_0077996,0
anon_0077996,70
anon_0078060,0
anon_0077982,85
anon_0077996,50
anon_0078062,100
anon_0078060,0
anon_0077996,0
anon_0078014,0
anon_0078046,50
anon_0077996,0
anon_0078062,90
anon_0078035,0
anon_0077982,0
anon_0077996,50
anon_0078050,0
anon_0078014,85
anon_0077982,85
anon_0078035,0
anon_0077996,0
anon_0077982,50
anon_0078050,0
anon_0077996,50
anon_0077982,90
anon_0078035,80
anon_0077982,0
anon_0078014,0
anon_0078060,0
anon_0078014,50
anon_0078062,50
anon_0078014,85
anon_0078046,50
anon_0077982,0
anon_0078003,0
anon_0078014,0
anon_0077996,0
anon_0077996,30
anon_0078014,50
anon_0078050,0
anon_0077996,0
anon_0078050,0
anon_0078035,0
anon_0078014,90
anon_0078003,0
anon_0077996,50
anon_0078014,NA
anon_0078050,0
anon_0077982,50
anon_0078003,0
anon_0077996,0
anon_0077996,50
anon_0078014,0
anon_0077982,80
anon_0078050,0
anon_0078014,0
anon_0078003,0
anon_0077996,50
anon_0077996,0
anon_0077982,20
anon_0078003,0
anon_0077982,90
anon_0077982,85
anon_0077982,85
anon_0078050,0
anon_0078014,0
anon_0077982,0
anon_0078060,0
anon_0078014,85
anon_0078060,100
anon_0077982,0
anon_0077982,85
anon_0078060,0
anon_0077996,0
anon_0078046,0
anon_0078014,0
anon_0078035,0
anon_0078035,50
anon_0077982,0
anon_0078003,0
anon_0077982,0
anon_0078035,0
anon_0078060,0
anon_0077982,85
anon_0077982,75
anon_0077982,0
anon_0077982,0
anon_0077996,0
anon_0078060,50
anon_0077982,85
anon_0077982,50
anon_0077996,0
anon_0078050,0
anon_0078060,0
anon_0078035,0
anon_0078035,0
anon_0078035,0
anon_0077982,85
anon_0077982,50
anon_0077982,50
anon_0078060,50
anon_0077996,30
anon_0077982,75
anon_0078035,0
anon_0078014,0
anon_0078003,0
anon_0077982,0
anon_0078060,90
anon_0078035,0
anon_0078003,70
anon_0078035,0
anon_0078003,0
anon_0077996,30
anon_0077996,0
anon_0078060,0
anon_0077982,NA
anon_0078003,60
anon_0077982,85
anon_0078050,60
anon_0077982,85
anon_0077982,85
anon_0078003,50
anon_0077982,0
anon_0078050,0
anon_0078035,0
anon_0078035,0
anon_0078060,100
anon_0078060,50
anon_0078085,95
anon_0078046,0
anon_0078046,0
anon_0078046,0
anon_0078082,0
anon_0078074,0
anon_0078073,70
anon_0078082,50
anon_0078046,0
anon_0078074,0
anon_0078060,90
anon_0078085,50
anon_0078074,90
anon_0078054,0
anon_0078060,0
anon_0078046,0
anon_0078082,0
anon_0078074,0
anon_0078046,0
anon_0078074,85
anon_0078074,50
anon_0078046,50
anon_0078046,0
anon_0078060,0
anon_0078046,70
anon_0078084,0
anon_0078082,75
anon_0078084,0
anon_0078085,85
anon_0078064,0
anon_0078082,0
anon_0078074,0
anon_0078064,0
anon_0078074,0
anon_0078046,50
anon_0078074,0
anon_0078046,0
anon_0078054,0
anon_0078054,75
anon_0078054,0
anon_0078074,0
anon_0078084,0
anon_0078074,0
anon_0078064,50
anon_0078074,75
anon_0078082,0
anon_0078084,85
anon_0078084,50
anon_0078054,0
anon_0078074,50
anon_0078084,0
anon_0078060,0
anon_0078073,60
anon_0078082,0
anon_0078082,0
anon_0078073,0
anon_0078062,0
anon_0078082,50
anon_0078073,0
anon_0078082,0
anon_0078082,0
anon_0078046,0
anon_0078074,20
anon_0078046,50
anon_0078062,0
anon_0078046,0
anon_0078082,0
anon_0078082,0
anon_0078082,0
anon_0078062,0
anon_0078073,0
anon_0078046,0
anon_0078062,0
anon_0078060,0
anon_0078062,0
anon_0078054,0
anon_0078082,0
anon_0078070,75
anon_0078074,0
anon_0078082,75
anon_0078054,0
anon_0078082,0
anon_0078070,0
anon_0078082,0
anon_0078070,90
anon_0078054,0
anon_0078077,0
anon_0078073,0
anon_0078070,0
anon_0078074,85
anon_0078046,0
anon_0078070,0
anon_0078070,0
anon_0078077,0
anon_0078070,0
anon_0078074,0
anon_0078064,0
anon_0078074,0
anon_0078074,0
anon_0078074,0
anon_0078054,0
anon_0078074,0
anon_0078070,0
anon_0078070,0
anon_0078054,50
anon_0078064,50
anon_0078046,0
anon_0078074,50
anon_0078064,0
anon_0078074,0
anon_0078077,0
anon_0078070,85
anon_0078073,85
anon_0078074,85
anon_0078064,50
anon_0078082,0
anon_0078070,0
anon_0078054,0
anon_0078074,60
anon_0078085,0
anon_0078077,85
anon_0078085,0
anon_0078074,0
anon_0078064,80
anon_0078070,0
anon_0078035,0
anon_0078073,50
anon_0078074,75
anon_0078064,50
anon_0078074,50
anon_0078085,0
anon_0078077,0
anon_0078054,70
anon_0078085,85
anon_0078077,0
anon_0078077,0
anon_0078064,50
anon_0078046,40
anon_0078035,0
anon_0078054,50
anon_0078085,80
anon_0078073,95
anon_0078035,0
anon_0078064,80
anon_0078070,50
anon_0078035,0
anon_0078082,85
anon_0078035,0
anon_0078077,85
anon_0078035,0
anon_0078064,0
anon_0078064,70
anon_0078064,50
anon_0078035,0
anon_0078074,0
anon_0078074,0
anon_0078084,0
anon_0078074,30
anon_0078084,NA
anon_0078035,0
anon_0078064,90
anon_0078064,0
anon_0078084,0
anon_0078035,0
anon_0078035,0
anon_0078074,NA
anon_0078064,50
anon_0078073,0
anon_0078070,0
anon_0078064,60
anon_0078084,0
anon_0078085,85
anon_0078084,0
anon_0078074,0
anon_0078070,0
anon_0078035,0
anon_0078035,0
anon_0078064,NA
anon_0078070,0
anon_0078064,0
anon_0078070,0
anon_0078074,0
anon_0078074,0
anon_0078035,0
anon_0078084,0
anon_0078085,0
anon_0078064,70
anon_0078074,85
anon_0078084,0
anon_0078064,50
anon_0078070,85
anon_0078070,0
anon_0078084,50
anon_0078074,85
anon_0078074,50
anon_0078085,0
anon_0078035,0
anon_0078074,85
anon_0078074,0
anon_0078074,50
anon_0078074,0
anon_0078085,75
anon_0078035,50
anon_0078084,80
anon_0078035,0
anon_0078035,20
anon_0078077,NA
anon_0078064,85
anon_0078064,70
anon_0078035,0
anon_0078077,0
anon_0078085,100
anon_0078035,0
anon_0078035,0
anon_0078035,0
anon_0078035,0
anon_0078085,85
anon_0078064,50
anon_0078035,0
anon_0078085,85
anon_0078070,100
anon_0078084,20
anon_0078085,50
anon_0078070,0
anon_0078035,0
anon_0078085,50
anon_0078085,0
anon_0078074,0
anon_0078062,0
anon_0078035,0
anon_0078035,0
anon_0078070,0
anon_0078035,0
anon_0078085,50
anon_0078035,0
anon_0078070,0
anon_0078035,0
anon_0078070,NA
anon_0078074,0
anon_0078074,0
anon_0078035,0
anon_0078070,85
anon_0078074,85
anon_0078070,0
anon_0078074,0
anon_0078070,0
anon_0078070,85
anon_0078074,0
anon_0078074,50
anon_0078035,50
anon_0078074,0
anon_0078070,85
anon_0078070,50
anon_0078070,0
anon_0078070,0
anon_0078074,NA
anon_0078074,85
anon_0078070,70
anon_0078074,0
anon_0078074,0
anon_0078035,0
anon_0078035,0
anon_0078073,0
anon_0078073,0
anon_0078035,0
anon_0078062,85
anon_0078074,50
anon_0078073,85
anon_0078035,0
anon_0078035,0
anon_0078035,0
anon_0078073,70
anon_0078035,0
anon_0078062,0
anon_0078035,0
anon_0078062,100
anon_0078073,85
anon_0078073,0
anon_0078073,85
anon_0078062,0
anon_0078062,50
anon_0078073,0
anon_0078035,0
anon_0078050,0
anon_0078062,85
anon_0078074,75
anon_0078035,40
anon_0078073,70
anon_0078035,85
anon_0078050,85
anon_0078074,50
anon_0078074,0
anon_0078077,0
anon_0078074,50
anon_0078050,70
anon_0078074,85
anon_0078062,90
anon_0078070,50
anon_0078050,70
anon_0078062,0
anon_0078074,0
anon_0078050,85
anon_0078074,85
anon_0078035,NA
anon_0078074,50
anon_0078062,50
anon_0078062,100
anon_0078062,100
anon_0078050,0
anon_0078070,85
anon_0078062,50
anon_0078062,50
anon_0078062,0
anon_0078062,50
anon_0078062,75
anon_0078074,0
anon_0078062,0
anon_0078062,85
anon_0078050,50
anon_0078074,0
anon_0078062,85
anon_0078062,100
anon_0078050,50
anon_0078062,0
anon_0078074,0
anon_0078074,0
anon_0078062,90
anon_0078062,85
anon_0078050,50
anon_0078050,95
anon_0078050,85
anon_0078062,0
anon_0078062,0
anon_0078062,50
anon_0078074,0
anon_0078074,85
anon_0078073,50
anon_0078062,0
anon_0078062,0
anon_0078062,0
anon_0078074,50
anon_0078074,40
anon_0078050,75
anon_0078074,50
anon_0078073,0
anon_0078074,85
anon_0078050,85
anon_0078074,50
anon_0078050,50
anon_0078074,0
anon_0078035,0
anon_0078074,0
anon_0078074,85
anon_0078064,0
anon_0078035,0
anon_0078074,0
anon_0078064,50
anon_0078035,0
anon_0078064,0
anon_0078035,0
anon_0078050,85
anon_0078035,70
anon_0078064,50
anon_0078062,70
anon_0078073,50
anon_0078074,0
anon_0078064,50
anon_0078035,0
anon_0078035,50
anon_0078054,0
anon_0078035,0
anon_0078074,50
anon_0078064,85
anon_0078074,50
anon_0078074,0
anon_0078064,0
anon_0078074,0
anon_0078074,50
anon_0078073,50
anon_0078074,50
anon_0078074,50
anon_0078050,80
anon_0078064,50
anon_0078035,0
anon_0078035,0
anon_0078035,0
anon_0078074,75
anon_0078085,0
anon_0078064,75
anon_0078064,0
anon_0078115,0
anon_0078073,0
anon_0078050,50
anon_0078073,0
anon_0078073,50
anon_0078073,0
anon_0078136,0
anon_0078077,0
anon_0078115,85
anon_0078108,85
anon_0078108,0
anon_0078064,0
anon_0078050,0
anon_0078136,85
anon_0078050,0
anon_0078122,0
anon_0078099,0
anon_0078138,20
anon_0078136,90
anon_0078035,0
anon_0078064,0
anon_0078077,0
anon_0078136,0
anon_0078094,85
anon_0078138,50
anon_0078108,85
anon_0078122,70
anon_0078108,0
anon_0078136,50
anon_0078108,100
anon_0078138,0
anon_0078122,85
anon_0078136,0
anon_0078136,85
anon_0078077,0
anon_0078128,50
anon_0078115,0
anon_0078115,0
anon_0078035,0
anon_0078073,85
anon_0078115,0
anon_0078108,0
anon_0078108,50
anon_0078115,100
anon_0078128,85
anon_0078138,80
anon_0078108,0
anon_0078035,0
anon_0078108,90
anon_0078136,100
anon_0078115,0
anon_0078035,0
anon_0078122,50
anon_0078115,70
anon_0078094,30
anon_0078108,85
anon_0078115,70
anon_0078128,50
anon_0078128,0
anon_0078064,0
anon_0078128,85
anon_0078122,0
anon_0078073,50
anon_0078077,0
anon_0078115,0
anon_0078128,90
anon_0078035,0
anon_0078074,0
anon_0078128,80
anon_0078064,50
anon_0078138,85
anon_0078064,0
anon_0078136,0
anon_0078074,0
anon_0078115,0
anon_0078122,0
anon_0078128,70
anon_0078128,85
anon_0078136,95
anon_0078094,0
anon_0078128,0
anon_0078084,0
anon_0078128,50
anon_0078122,85
anon_0078128,0
anon_0078128,0
anon_0078084,50
anon_0078122,0
anon_0078128,85
anon_0078064,70
anon_0078138,30
anon_0078084,0
anon_0078128,90
anon_0078064,0
anon_0078128,50
anon_0078084,50
anon_0078084,50
anon_0078074,0
anon_0078115,0
anon_0078082,85
anon_0078108,85
anon_0078074,0
anon_0078077,0
anon_0078074,0
anon_0078128,50
anon_0078084,85
anon_0078064,0
anon_0078136,50
anon_0078084,NA
anon_0078128,85
anon_0078074,0
anon_0078115,0
anon_0078128,0
anon_0078108,10
anon_0078108,85
anon_0078108,50
anon_0078085,50
anon_0078128,50
anon_0078074,0
anon_0078108,90
anon_0078115,85
anon_0078077,0
anon_0078108,85
anon_0078099,0
anon_0078128,0
anon_0078115,50
anon_0078082,50
anon_0078115,50
anon_0078082,0
anon_0078115,0
anon_0078115,0
anon_0078082,50
anon_0078082,0
anon_0078082,0
anon_0078082,0
anon_0078108,50
anon_0078099,0
anon_0078128,0
anon_0078108,0
anon_0078085,0
anon_0078108,0
anon_0078082,0
anon_0078085,50
anon_0078128,50
anon_0078082,0
anon_0078099,0
anon_0078099,0
anon_0078115,0
anon_0078115,0
anon_0078128,0
anon_0078099,0
anon_0078082,0
anon_0078064,0
anon_0078108,70
anon_0078082,0
anon_0078082,0
anon_0078082,0
anon_0078064,50
anon_0078085,50
anon_0078082,90
anon_0078077,0
anon_0078099,0
anon_0078085,85
anon_0078077,0
anon_0078082,0
anon_0078082,0
anon_0078077,50
anon_0078082,85
anon_0078082,0
anon_0078082,0
anon_0078082,50
anon_0078082,0
anon_0078082,0
anon_0078108,50
anon_0078099,0
anon_0078115,0
anon_0078099,0
anon_0078136,0
anon_0078064,0
anon_0078128,75
anon_0078128,85
anon_0078064,0
anon_0078077,0
anon_0078064,0
anon_0078085,0
anon_0078115,0
anon_0078085,85
anon_0078099,0
anon_0078064,50
anon_0078082,50
anon_0078136,0
anon_0078115,0
anon_0078064,0
anon_0078115,50
anon_0078115,50
anon_0078128,90
anon_0078115,0
anon_0078064,0
anon_0078128,0
anon_0078082,0
anon_0078136,100
anon_0078128,95
anon_0078064,50
anon_0078115,0
anon_0078099,0
anon_0078082,0
anon_0078099,0
anon_0078128,0
anon_0078099,0
anon_0078128,0
anon_0078099,0
anon_0078136,NA
anon_0078136,50
anon_0078099,0
anon_0078085,50
anon_0078099,0
anon_0078099,50
anon_0078122,0
anon_0078099,0
anon_0078122,0
anon_0078064,0
anon_0078099,0
anon_0078122,0
anon_0078035,0
anon_0078099,0
anon_0078082,0
anon_0078035,0
anon_0078099,0
anon_0078035,0
anon_0078082,0
anon_0078082,50
anon_0078082,NA
anon_0078035,0
anon_0078082,0
anon_0078082,0
anon_0078082,0
anon_0078122,0
anon_0078082,85
anon_0078082,0
anon_0078128,90
anon_0078082,0
anon_0078122,0
anon_0078064,50
anon_0078035,0
anon_0078035,0
anon_0078099,0
anon_0078122,0
anon_0078082,0
anon_0078122,0
anon_0078122,0
anon_0078082,0
anon_0078082,0
anon_0078082,50
anon_0078082,0
anon_0078082,0
anon_0078082,0
anon_0078082,0
anon_0078082,0
anon_0078082,0
anon_0078035,0
anon_0078115,85
anon_0078122,0
anon_0078035,0
anon_0078082,0
anon_0078082,0
anon_0078082,0
anon_0078035,0
anon_0078136,85
anon_0078035,0
anon_0078122,0
anon_0078035,30
anon_0078128,50
anon_0078099,0
anon_0078082,0
anon_0078082,0
anon_0078035,50
anon_0078122,NA
anon_0078128,75
anon_0078077,85
anon_0078082,0
anon_0078084,40
anon_0078082,0
anon_0078082,0
anon_0078084,0
anon_0078082,100
anon_0078084,30
anon_0078050,50
anon_0078084,50
anon_0078084,85
anon_0078082,0
anon_0078084,0
anon_0078084,50
anon_0078084,0
anon_0078050,90
anon_0078099,0
anon_0078084,0
anon_0078050,0
anon_0078084,0
anon_0078084,50
anon_0078084,NA
anon_0078084,30
anon_0078084,90
anon_0078099,0
anon_0078084,0
anon_0078099,0
anon_0078050,0
anon_0078050,50
anon_0078050,90
anon_0078050,50
anon_0078099,0
anon_0078099,0
anon_0078050,0
anon_0078084,0
anon_0078050,NA
anon_0078099,50
anon_0078050,0
anon_0078050,50
anon_0078050,85
anon_0078050,50
anon_0078094,0
anon_0078094,50
anon_0078094,0
anon_0078094,0
anon_0078099,0
anon_0078099,0
anon_0078094,100
anon_0078085,85
anon_0078094,0
anon_0078099,0
anon_0078099,0
anon_0078085,0
anon_0078094,0
anon_0078094,85
anon_0078094,0
anon_0078094,100
anon_0078094,100
anon_0078085,0
anon_0078099,0
anon_0078094,85
anon_0078094,100
anon_0078094,100
anon_0078099,0
anon_0078099,0
anon_0078085,50
anon_0078094,0
anon_0078094,50
anon_0078094,0
anon_0078099,85
anon_0078122,0
anon_0078094,100
anon_0078085,0
anon_0078122,0
anon_0078085,85
anon_0078122,50
anon_0078094,100
anon_0078094,0
anon_0078094,95
anon_0078094,100
anon_0078094,75
anon_0078122,0
anon_0078122,0
anon_0078094,100
anon_0078094,85
anon_0078094,85
anon_0078094,100
anon_0078122,85
anon_0078094,100
anon_0078094,0
anon_0078094,0
anon_0078094,0
anon_0078094,85
anon_0078094,85
anon_0078094,60
anon_0078122,0
anon_0078094,50
anon_0078085,0
anon_0078122,0
anon_0078122,95
anon_0078099,0
anon_0078085,90
anon_0078122,100
anon_0078122,0
anon_0078122,85
anon_0078122,85
anon_0078122,95
anon_0078094,0
anon_0078085,NA
anon_0078122,0
anon_0078099,0
anon_0078122,0
anon_0078094,50
anon_0078094,70
anon_0078085,85
anon_0078094,85
anon_0078094,85
anon_0078094,0
anon_0078085,NA
anon_0078122,90
anon_0078099,0
anon_0078122,0
anon_0078094,50
anon_0078094,85
anon_0078094,85
anon_0078094,60
anon_0078094,20
anon_0078094,0
anon_0078122,0
anon_0078094,85
anon_0078122,90
anon_0078094,85
anon_0078122,50
anon_0078094,95
anon_0078094,85
anon_0078122,50
anon_0078094,85
anon_0078094,85
anon_0078094,90
anon_0078122,0
anon_0078138,50
anon_0078153,100
anon_0078153,0
anon_0078164,0
anon_0078138,80
anon_0078138,0
anon_0078153,80
anon_0078153,0
anon_0078138,0
anon_0078138,20
anon_0078153,0
anon_0078138,0
anon_0078153,90
anon_0078153,30
anon_0078138,0
anon_0078153,90
anon_0078108,0
anon_0078138,0
anon_0078138,0
anon_0078153,50
anon_0078153,90
anon_0078138,0
anon_0078192,85
anon_0078153,85
anon_0078138,0
anon_0078136,100
anon_0078138,0
anon_0078138,0
anon_0078138,50
anon_0078138,0
anon_0078108,95
anon_0078182,0
anon_0078182,100
anon_0078136,100
anon_0078138,0
anon_0078108,0
anon_0078138,85
anon_0078108,0
anon_0078138,0
anon_0078138,0
anon_0078138,0
anon_0078138,50
anon_0078192,0
anon_0078138,0
anon_0078138,50
anon_0078138,0
anon_0078138,0
anon_0078138,0
anon_0078136,100
anon_0078108,85
anon_0078182,85
anon_0078136,0
anon_0078136,0
anon_0078136,0
anon_0078138,0
anon_0078136,0
anon_0078136,0
anon_0078182,70
anon_0078138,0
anon_0078153,50
anon_0078153,100
anon_0078136,50
anon_0078153,0
anon_0078153,85
anon_0078136,50
anon_0078153,85
anon_0078153,0
anon_0078138,0
anon_0078136,0
anon_0078153,80
anon_0078138,0
anon_0078153,85
anon_0078136,0
anon_0078138,50
anon_0078136,0
anon_0078153,70
anon_0078136,90
anon_0078138,50
anon_0078182,50
anon_0078115,0
anon_0078192,100
anon_0078153,0
anon_0078099,85
anon_0078138,0
anon_0078136,0
anon_0078136,0
anon_0078138,0
anon_0078192,0
anon_0078099,0
anon_0078138,50
anon_0078136,0
anon_0078136,0
anon_0078099,0
anon_0078192,100
anon_0078153,0
anon_0078153,50
anon_0078153,50
anon_0078136,85
anon_0078164,0
anon_0078138,50
anon_0078136,0
anon_0078115,0
anon_0078099,0
anon_0078136,0
anon_0078153,50
anon_0078099,0
anon_0078192,100
anon_0078136,0
anon_0078138,0
anon_0078138,85
anon_0078136,30
anon_0078138,0
anon_0078136,0
anon_0078138,0
anon_0078164,0
anon_0078115,50
anon_0078115,0
anon_0078164,0
anon_0078153,0
anon_0078115,30
anon_0078138,0
anon_0078153,0
anon_0078138,0
anon_0078099,0
anon_0078099,0
anon_0078115,0
anon_0078136,0
anon_0078136,85
anon_0078138,0
anon_0078192,NA
anon_0078136,75
anon_0078157,100
anon_0078182,100
anon_0078192,90
anon_0078115,50
anon_0078138,0
anon_0078136,0
anon_0078138,0
anon_0078138,0
anon_0078157,50
anon_0078138,85
anon_0078157,100
anon_0078136,85
anon_0078136,0
anon_0078194,0
anon_0078138,0
anon_0078108,0
anon_0078157,50
anon_0078136,85
anon_0078157,80
anon_0078157,50
anon_0078108,50
anon_0078157,0
anon_0078164,NA
anon_0078138,0
anon_0078157,85
anon_0078136,0
anon_0078164,0
anon_0078157,0
anon_0078108,50
anon_0078157,0
anon_0078157,0
anon_0078136,100
anon_0078157,100
anon_0078153,50
anon_0078157,85
anon_0078136,0
anon_0078194,85
anon_0078136,0
anon_0078164,0
anon_0078157,0
anon_0078182,95
anon_0078157,0
anon_0078136,50
anon_0078157,0
anon_0078157,50
anon_0078157,0
anon_0078157,0
anon_0078136,50
anon_0078182,0
anon_0078108,85
anon_0078157,0
anon_0078138,50
anon_0078182,0
anon_0078157,85
anon_0078182,0
anon_0078164,0
anon_0078182,50
anon_0078157,85
anon_0078136,50
anon_0078157,100
anon_0078157,100
anon_0078136,0
anon_0078182,0
anon_0078136,90
anon_0078099,0
anon_0078136,0
anon_0078182,0
anon_0078138,85
anon_0078157,0
anon_0078164,0
anon_0078157,50
anon_0078182,0
anon_0078136,85
anon_0078108,0
anon_0078136,0
anon_0078099,0
anon_0078136,85
anon_0078099,0
anon_0078136,85
anon_0078182,0
anon_0078136,50
anon_0078099,0
anon_0078157,0
anon_0078136,30
anon_0078157,50
anon_0078182,85
anon_0078182,50
anon_0078099,0
anon_0078099,0
anon_0078136,95
anon_0078099,0
anon_0078136,90
anon_0078099,NA
anon_0078182,100
anon_0078182,0
anon_0078108,0
anon_0078136,NA
anon_0078157,0
anon_0078182,85
anon_0078153,0
anon_0078099,0
anon_0078136,85
anon_0078099,0
anon_0078164,0
anon_0078153,0
anon_0078157,50
anon_0078153,80
anon_0078153,100
anon_0078115,0
anon_0078099,0
anon_0078153,0
anon_0078108,90
anon_0078153,95
anon_0078115,0
anon_0078182,0
anon_0078182,0
anon_0078182,85
anon_0078108,75
anon_0078115,50
anon_0078115,0
anon_0078115,0
anon_0078099,0
anon_0078115,0
anon_0078099,0
anon_0078099,20
anon_0078182,100
anon_0078099,0
anon_0078182,90
anon_0078157,0
anon_0078099,0
anon_0078153,85
anon_0078157,0
anon_0078115,0
anon_0078115,50
anon_0078108,75
anon_0078108,20
anon_0078182,85
anon_0078108,50
anon_0078153,50
anon_0078182,0
anon_0078115,0
anon_0078108,0
anon_0078157,0
anon_0078157,50
anon_0078115,0
anon_0078115,70
anon_0078099,0
anon_0078182,30
anon_0078136,85
anon_0078108,0
anon_0078153,0
anon_0078157,50
anon_0078108,50
anon_0078108,100
anon_0078153,50
anon_0078182,0
anon_0078108,50
anon_0078157,0
anon_0078182,75
anon_0078153,0
anon_0078157,0
anon_0078182,80
anon_0078157,NA
anon_0078099,0
anon_0078099,0
anon_0078182,90
anon_0078182,85
anon_0078153,50
anon_0078182,85
anon_0078108,50
anon_0078157,85
anon_0078115,85
anon_0078157,50
anon_0078115,50
anon_0078153,100
anon_0078157,50
anon_0078153,0
anon_0078108,50
anon_0078164,0
anon_0078157,85
anon_0078164,0
anon_0078157,NA
anon_0078194,0
anon_0078157,0
anon_0078153,90
anon_0078164,0
anon_0078153,0
anon_0078153,85
anon_0078164,0
anon_0078164,0
anon_0078182,90
anon_0078153,85
anon_0078153,0
anon_0078182,50
anon_0078153,85
anon_0078182,90
anon_0078182,50
anon_0078164,0
anon_0078182,85
anon_0078153,50
anon_0078182,95
anon_0078182,90
anon_0078153,0
anon_0078182,50
anon_0078153,0
anon_0078194,60
anon_0078153,0
anon_0078182,NA
anon_0078164,0
anon_0078153,0
anon_0078209,0
anon_0078213,85
anon_0078192,0
anon_0078200,0
anon_0078209,0
anon_0078209,0
anon_0078192,0
anon_0078209,0
anon_0078215,50
anon_0078224,40
anon_0078213,0
anon_0078209,0
anon_0078224,50
anon_0078224,85
anon_0078213,0
anon_0078192,0
anon_0078209,100
anon_0078209,50
anon_0078209,100
anon_0078252,20
anon_0078252,100
anon_0078224,0
anon_0078209,85
anon_0078200,0
anon_0078209,85
anon_0078209,0
anon_0078224,100
anon_0078192,0
anon_0078224,50
anon_0078200,85
anon_0078209,0
anon_0078209,85
anon_0078209,85
anon_0078224,0
anon_0078200,85
anon_0078224,90
anon_0078224,85
anon_0078200,0
anon_0078224,50
anon_0078192,60
anon_0078224,70
anon_0078192,20
anon_0078215,50
anon_0078192,85
anon_0078200,100
anon_0078224,50
anon_0078192,100
anon_0078200,85
anon_0078209,0
anon_0078192,0
anon_0078224,50
anon_0078209,50
anon_0078209,0
anon_0078200,0
anon_0078252,0
anon_0078200,90
anon_0078224,50
anon_0078192,0
anon_0078224,0
anon_0078215,0
anon_0078224,50
anon_0078192,0
anon_0078200,100
anon_0078200,0
anon_0078200,0
anon_0078224,50
anon_0078200,0
anon_0078215,0
anon_0078192,0
anon_0078200,0
anon_0078200,0
anon_0078224,0
anon_0078224,100
anon_0078209,100
anon_0078215,0
anon_0078192,50
anon_0078224,0
anon_0078200,0
anon_0078192,0
anon_0078209,0
anon_0078194,0
anon_0078209,75
anon_0078200,85
anon_0078194,0
anon_0078224,0
anon_0078200,0
anon_0078192,50
anon_0078224,50
anon_0078194,50
anon_0078194,0
anon_0078194,0
anon_0078200,85
anon_0078200,50
anon_0078209,0
anon_0078192,100
anon_0078215,0
anon_0078224,0
anon_0078224,0
anon_0078209,90
anon_0078215,50
anon_0078209,90
anon_0078200,50
anon_0078194,0
anon_0078224,0
anon_0078192,0
anon_0078215,0
anon_0078215,0
anon_0078200,0
anon_0078194,0
anon_0078215,0
anon_0078215,0
anon_0078192,100
anon_0078194,0
anon_0078215,0
anon_0078215,0
anon_0078215,0
anon_0078224,0
anon_0078192,85
anon_0078224,0
anon_0078215,0
anon_0078215,0
anon_0078192,0
anon_0078224,0
anon_0078209,100
anon_0078224,0
anon_0078209,50
anon_0078224,0
anon_0078194,0
anon_0078192,0
anon_0078215,0
anon_0078192,100
anon_0078192,50
anon_0078224,50
anon_0078209,50
anon_0078209,0
anon_0078215,50
anon_0078209,50
anon_0078215,0
anon_0078192,0
anon_0078215,0
anon_0078224,0
anon_0078224,0
anon_0078215,0
anon_0078224,0
anon_0078215,85
anon_0078209,100
anon_0078215,0
anon_0078192,0
anon_0078209,50
anon_0078192,85
anon_0078215,0
anon_0078194,90
anon_0078192,50
anon_0078224,0
anon_0078194,50
anon_0078194,85
anon_0078224,0
anon_0078215,0
anon_0078215,0
anon_0078215,0
anon_0078200,0
anon_0078215,0
anon_0078192,50
anon_0078224,0
anon_0078224,0
anon_0078200,0
anon_0078209,85
anon_0078215,0
anon_0078209,90
anon_0078215,50
anon_0078215,0
anon_0078215,0
anon_0078215,0
anon_0078215,0
anon_0078209,85
anon_0078215,0
anon_0078224,0
anon_0078215,0
anon_0078200,0
anon_0078224,0
anon_0078200,0
anon_0078215,0
anon_0078215,20
anon_0078209,0
anon_0078200,0
anon_0078224,0
anon_0078224,0
anon_0078215,0
anon_0078200,0
anon_0078224,0
anon_0078215,50
anon_0078200,0
anon_0078200,0
anon_0078200,0
anon_0078224,40
anon_0078215,50
anon_0078194,85
anon_0078215,0
anon_0078215,0
anon_0078209,50
anon_0078200,0
anon_0078215,0
anon_0078192,100
anon_0078194,0
anon_0078224,50
anon_0078224,0
anon_0078224,0
anon_0078215,0
anon_0078224,30
anon_0078224,50
anon_0078224,0
anon_0078209,85
anon_0078224,0
anon_0078200,0
anon_0078192,0
anon_0078209,100
anon_0078224,50
anon_0078209,50
anon_0078224,0
anon_0078209,50
anon_0078224,70
anon_0078224,50
anon_0078224,0
anon_0078200,85
anon_0078224,0
anon_0078215,0
anon_0078194,85
anon_0078209,0
anon_0078200,70
anon_0078224,0
anon_0078215,0
anon_0078215,0
anon_0078209,85
anon_0078200,0
anon_0078209,85
anon_0078215,0
anon_0078224,0
anon_0078192,0
anon_0078224,0
anon_0078215,0
anon_0078192,0
anon_0078200,50
anon_0078224,0
anon_0078209,50
anon_0078200,0
anon_0078224,0
anon_0078192,0
anon_0078224,0
anon_0078215,0
anon_0078200,0
anon_0078192,50
anon_0078192,100
anon_0078209,50
anon_0078209,0
anon_0078215,0
anon_0078215,0
anon_0078209,NA
anon_0078224,85
anon_0078224,0
anon_0078200,90
anon_0078224,85
anon_0078224,0
anon_0078192,0
anon_0078215,0
anon_0078192,0
anon_0078224,0
anon_0078200,0
anon_0078200,60
anon_0078192,0
anon_0078192,0
anon_0078192,0
anon_0078192,0
anon_0078200,0
anon_0078200,0
anon_0078215,NA
anon_0078192,0
anon_0078192,85
anon_0078224,0
anon_0078192,0
anon_0078224,85
anon_0078192,100
anon_0078192,0
anon_0078192,50
anon_0078224,0
anon_0078192,0
anon_0078200,85
anon_0078224,0
anon_0078215,0
anon_0078192,0
anon_0078200,50
anon_0078192,100
anon_0078192,85
anon_0078192,50
anon_0078192,85
anon_0078200,0
anon_0078192,90
anon_0078192,0
anon_0078192,0
anon_0078224,0
anon_0078192,85
anon_0078192,100
anon_0078192,0
anon_0078192,0
anon_0078192,0
anon_0078200,0
anon_0078192,0
anon_0078200,0
anon_0078192,90
anon_0078192,0
anon_0078192,0
anon_0078192,0
anon_0078192,85
anon_0078200,70
anon_0078200,0
anon_0078192,0
anon_0078224,60
anon_0078200,50
anon_0078200,50
anon_0078192,0
anon_0078192,95
anon_0078200,0
anon_0078192,100
anon_0078224,0
anon_0078192,NA
anon_0078192,50
anon_0078192,0
anon_0078280,50
anon_0078261,0
anon_0078280,0
anon_0078278,0
anon_0078277,50
anon_0078267,0
anon_0078261,0
anon_0078327,0
anon_0078252,0
anon_0078252,0
anon_0078278,0
anon_0078277,85
anon_0078327,85
anon_0078278,50
anon_0078252,0
anon_0078278,50
anon_0078252,50
anon_0078308,0
anon_0078267,0
anon_0078252,0
anon_0078261,0
anon_0078277,0
anon_0078252,0
anon_0078261,50
anon_0078267,85
anon_0078278,0
anon_0078278,0
anon_0078252,0
anon_0078327,70
anon_0078261,50
anon_0078261,0
anon_0078298,75
anon_0078252,75
anon_0078261,0
anon_0078252,0
anon_0078252,50
anon_0078252,50
anon_0078278,0
anon_0078277,0
anon_0078280,0
anon_0078278,0
anon_0078308,85
anon_0078252,0
anon_0078252,0
anon_0078278,0
anon_0078308,85
anon_0078308,85
anon_0078278,0
anon_0078278,0
anon_0078277,85
anon_0078261,0
anon_0078278,0
anon_0078308,0
anon_0078278,0
anon_0078252,0
anon_0078252,60
anon_0078277,50
anon_0078298,0
anon_0078267,85
anon_0078298,100
anon_0078267,85
anon_0078277,75
anon_0078308,85
anon_0078277,60
anon_0078278,50
anon_0078252,50
anon_0078252,100
anon_0078267,0
anon_0078278,0
anon_0078252,0
anon_0078267,50
anon_0078278,0
anon_0078308,85
anon_0078252,0
anon_0078308,0
anon_0078298,0
anon_0078298,50
anon_0078278,0
anon_0078298,0
anon_0078277,0
anon_0078298,80
anon_0078298,0
anon_0078278,0
anon_0078278,0
anon_0078278,0
anon_0078278,0
anon_0078278,0
anon_0078277,0
anon_0078308,0
anon_0078278,0
anon_0078277,50
anon_0078298,0
anon_0078298,0
anon_0078277,50
anon_0078308,0
anon_0078298,0
anon_0078277,0
anon_0078277,20
anon_0078277,50
anon_0078252,0
anon_0078252,0
anon_0078277,85
anon_0078277,80
anon_0078277,0
anon_0078278,0
anon_0078277,90
anon_0078267,0
anon_0078278,50
anon_0078278,50
anon_0078298,NA
anon_0078278,0
anon_0078278,50
anon_0078277,85
anon_0078298,NA
anon_0078277,0
anon_0078298,50
anon_0078267,90
anon_0078278,0
anon_0078308,0
anon_0078298,50
anon_0078298,50
anon_0078308,0
anon_0078278,100
anon_0078308,0
anon_0078308,50
anon_0078252,0
anon_0078252,0
anon_0078267,0
anon_0078267,0
anon_0078298,0
anon_0078298,50
anon_0078278,0
anon_0078252,0
anon_0078277,50
anon_0078267,0
anon_0078277,85
anon_0078278,50
anon_0078267,0
anon_0078278,0
anon_0078278,0
anon_0078278,50
anon_0078308,75
anon_0078278,0
anon_0078278,0
anon_0078267,30
anon_0078278,0
anon_0078308,0
anon_0078278,0
anon_0078252,0
anon_0078278,0
anon_0078278,0
anon_0078298,0
anon_0078278,0
anon_0078280,0
anon_0078277,0
anon_0078280,0
anon_0078298,50
anon_0078278,50
anon_0078308,50
anon_0078277,0
anon_0078308,0
anon_0078308,85
anon_0078280,50
anon_0078298,80
anon_0078298,0
anon_0078308,50
anon_0078278,30
anon_0078298,20
anon_0078308,50
anon_0078308,100
anon_0078308,0
anon_0078277,85
anon_0078280,0
anon_0078267,0
anon_0078252,0
anon_0078267,0
anon_0078278,0
anon_0078278,50
anon_0078280,0
anon_0078280,0
anon_0078298,50
anon_0078280,0
anon_0078280,0
anon_0078277,90
anon_0078277,0
anon_0078280,50
anon_0078277,50
anon_0078308,0
anon_0078277,50
anon_0078278,0
anon_0078308,0
anon_0078277,0
anon_0078278,0
anon_0078277,50
anon_0078277,0
anon_0078278,0
anon_0078277,50
anon_0078278,0
anon_0078277,0
anon_0078277,80
anon_0078277,0
anon_0078277,0
anon_0078280,0
anon_0078278,0
anon_0078277,50
anon_0078280,0
anon_0078277,0
anon_0078278,0
anon_0078278,0
anon_0078278,0
anon_0078280,0
anon_0078278,0
anon_0078278,0
anon_0078278,0
anon_0078278,0
anon_0078280,0
anon_0078308,85
anon_0078278,0
anon_0078278,0
anon_0078278,0
anon_0078278,85
anon_0078278,0
anon_0078278,0
anon_0078278,0
anon_0078308,85
anon_0078277,85
anon_0078261,0
anon_0078277,85
anon_0078277,70
anon_0078267,0
anon_0078278,80
anon_0078277,0
anon_0078278,0
anon_0078278,0
anon_0078298,0
anon_0078298,0
anon_0078277,70
anon_0078308,90
anon_0078278,0
anon_0078280,0
anon_0078277,100
anon_0078308,50
anon_0078278,0
anon_0078278,0
anon_0078280,0
anon_0078280,50
anon_0078298,50
anon_0078261,0
anon_0078280,70
anon_0078298,85
anon_0078308,0
anon_0078278,50
anon_0078267,50
anon_0078280,0
anon_0078280,0
anon_0078267,0
anon_0078278,0
anon_0078261,50
anon_0078280,50
anon_0078261,0
anon_0078308,85
anon_0078278,0
anon_0078308,0
anon_0078298,0
anon_0078280,50
anon_0078261,0
anon_0078308,0
anon_0078280,50
anon_0078277,0
anon_0078308,0
anon_0078298,85
anon_0078308,0
anon_0078267,50
anon_0078261,50
anon_0078308,0
anon_0078280,0
anon_0078298,75
anon_0078267,0
anon_0078308,50
anon_0078298,0
anon_0078280,0
anon_0078298,75
anon_0078308,20
anon_0078308,0
anon_0078278,NA
anon_0078280,0
anon_0078280,100
anon_0078280,0
anon_0078267,50
anon_0078267,50
anon_0078277,0
anon_0078308,0
anon_0078280,0
anon_0078280,0
anon_0078277,50
anon_0078277,85
anon_0078308,50
anon_0078280,0
anon_0078280,0
anon_0078280,100
anon_0078280,50
anon_0078278,0
anon_0078261,0
anon_0078298,0
anon_0078280,0
anon_0078277,75
anon_0078280,50
anon_0078277,0
anon_0078298,85
anon_0078277,0
anon_0078280,100
anon_0078277,0
anon_0078308,0
anon_0078277,50
anon_0078280,0
anon_0078298,85
anon_0078308,0
anon_0078277,0
anon_0078261,0
anon_0078280,85
anon_0078277,90
anon_0078278,30
anon_0078280,0
anon_0078280,50
anon_0078280,0
anon_0078277,50
anon_0078280,0
anon_0078277,85
anon_0078277,0
anon_0078277,NA
anon_0078280,0
anon_0078277,85
anon_0078278,20
anon_0078277,0
anon_0078280,0
anon_0078261,0
anon_0078261,50
anon_0078261,0
anon_0078261,0
anon_0078278,50
anon_0078277,0
anon_0078280,75
anon_0078278,0
anon_0078277,0
anon_0078277,0
anon_0078280,0
anon_0078277,50
anon_0078280,85
anon_0078277,50
anon_0078277,0
anon_0078277,0
anon_0078278,0
anon_0078278,50
anon_0078277,0
anon_0078261,0
anon_0078277,70
anon_0078261,0
anon_0078277,50
anon_0078277,0
anon_0078277,50
anon_0078280,50
anon_0078277,0
anon_0078277,50
anon_0078277,30
anon_0078261,75
anon_0078261,0
anon_0078277,0
anon_0078277,50
anon_0078277,90
anon_0078277,0
anon_0078277,0
anon_0078261,0
anon_0078277,0
anon_0078278,0
anon_0078261,85
anon_0078277,0
anon_0078277,0
anon_0078277,50
anon_0078280,70
anon_0078277,0
anon_0078277,50
anon_0078308,50
anon_0078277,50
anon_0078354,100
anon_0078354,100
anon_0078329,0
anon_0078348,0
anon_0078346,0
anon_0078346,0
anon_0078346,0
anon_0078354,0
anon_0078339,0
anon_0078346,0
anon_0078346,0
anon_0078327,85
anon_0078346,0
anon_0078339,0
anon_0078346,0
anon_0078336,0
anon_0078354,0
anon_0078354,85
anon_0078339,0
anon_0078354,0
anon_0078346,20
anon_0078339,50
anon_0078336,50
anon_0078325,0
anon_0078346,0
anon_0078325,0
anon_0078327,0
anon_0078339,50
anon_0078339,0
anon_0078339,20
anon_0078336,0
anon_0078355,85
anon_0078354,100
anon_0078346,0
anon_0078327,0
anon_0078327,85
anon_0078339,0
anon_0078354,0
anon_0078327,0
anon_0078354,0
anon_0078355,0
anon_0078339,0
anon_0078327,0
anon_0078336,0
anon_0078339,0
anon_0078336,90
anon_0078346,0
anon_0078325,100
anon_0078336,0
anon_0078327,0
anon_0078348,0
anon_0078336,85
anon_0078339,50
anon_0078325,100
anon_0078354,0
anon_0078346,0
anon_0078346,0
anon_0078346,0
anon_0078327,0
anon_0078355,90
anon_0078354,NA
anon_0078339,0
anon_0078339,85
anon_0078325,100
anon_0078298,0
anon_0078336,0
anon_0078327,85
anon_0078327,70
anon_0078339,50
anon_0078325,90
anon_0078327,0
anon_0078336,70
anon_0078346,0
anon_0078348,85
anon_0078346,0
anon_0078346,0
anon_0078298,0
anon_0078325,90
anon_0078355,85
anon_0078327,90
anon_0078339,0
anon_0078298,85
anon_0078325,100
anon_0078346,50
anon_0078298,0
anon_0078346,50
anon_0078339,50
anon_0078325,85
anon_0078298,0
anon_0078346,0
anon_0078346,0
anon_0078354,90
anon_0078325,50
anon_0078339,0
anon_0078354,0
anon_0078325,100
anon_0078339,0
anon_0078298,0
anon_0078339,0
anon_0078327,90
anon_0078325,90
anon_0078327,85
anon_0078346,0
anon_0078325,90
anon_0078346,0
anon_0078354,0
anon_0078325,75
anon_0078339,0
anon_0078325,85
anon_0078354,0
anon_0078327,0
anon_0078354,100
anon_0078354,0
anon_0078325,0
anon_0078325,80
anon_0078325,50
anon_0078327,90
anon_0078325,100
anon_0078327,85
anon_0078325,0
anon_0078339,20
anon_0078354,85
anon_0078354,90
anon_0078325,80
anon_0078325,90
anon_0078354,50
anon_0078354,0
anon_0078354,90
anon_0078325,95
anon_0078325,50
anon_0078325,80
anon_0078327,50
anon_0078354,90
anon_0078327,0
anon_0078325,50
anon_0078325,0
anon_0078346,0
anon_0078325,0
anon_0078327,NA
anon_0078354,0
anon_0078327,85
anon_0078325,100
anon_0078348,0
anon_0078348,0
anon_0078336,50
anon_0078348,0
anon_0078325,0
anon_0078325,0
anon_0078348,0
anon_0078325,30
anon_0078355,0
anon_0078336,0
anon_0078355,50
anon_0078325,90
anon_0078325,0
anon_0078336,0
anon_0078348,50
anon_0078325,90
anon_0078325,90
anon_0078325,80
anon_0078346,0
anon_0078336,0
anon_0078348,50
anon_0078336,0
anon_0078355,100
anon_0078336,0
anon_0078355,50
anon_0078348,0
anon_0078355,0
anon_0078325,80
anon_0078346,0
anon_0078346,50
anon_0078336,85
anon_0078325,0
anon_0078325,80
anon_0078346,50
anon_0078348,50
anon_0078355,85
anon_0078355,50
anon_0078325,50
anon_0078325,95
anon_0078348,0
anon_0078348,0
anon_0078325,80
anon_0078325,100
anon_0078325,50
anon_0078325,0
anon_0078336,0
anon_0078346,0
anon_0078325,100
anon_0078355,85
anon_0078355,0
anon_0078336,0
anon_0078355,100
anon_0078346,0
anon_0078355,50
anon_0078325,100
anon_0078298,100
anon_0078325,50
anon_0078348,0
anon_0078336,0
anon_0078298,0
anon_0078355,0
anon_0078346,0
anon_0078355,0
anon_0078355,0
anon_0078355,85
anon_0078355,90
anon_0078355,50
anon_0078346,0
anon_0078355,0
anon_0078346,0
anon_0078355,85
anon_0078325,100
anon_0078298,0
anon_0078346,0
anon_0078348,0
anon_0078298,85
anon_0078298,0
anon_0078346,0
anon_0078355,0
anon_0078346,30
anon_0078325,0
anon_0078325,0
anon_0078298,0
anon_0078325,0
anon_0078325,90
anon_0078346,50
anon_0078298,0
anon_0078325,50
anon_0078325,100
anon_0078346,0
anon_0078325,100
anon_0078298,0
anon_0078355,0
anon_0078298,50
anon_0078336,80
anon_0078298,0
anon_0078298,50
anon_0078346,0
anon_0078346,50
anon_0078336,50
anon_0078348,NA
anon_0078346,0
anon_0078346,0
anon_0078325,0
anon_0078298,0
anon_0078325,0
anon_0078298,50
anon_0078325,100
anon_0078336,0
anon_0078348,0
anon_0078298,0
anon_0078298,20
anon_0078336,0
anon_0078348,0
anon_0078336,0
anon_0078336,85
anon_0078298,0
anon_0078298,0
anon_0078336,0
anon_0078348,0
anon_0078336,0
anon_0078348,0
anon_0078336,0
anon_0078354,0
anon_0078298,0
anon_0078298,30
anon_0078348,0
anon_0078298,0
anon_0078298,50
anon_0078298,85
anon_0078298,0
anon_0078298,0
anon_0078298,50
anon_0078354,70
anon_0078348,0
anon_0078298,0
anon_0078354,50
anon_0078336,0
anon_0078298,50
anon_0078325,0
anon_0078298,100
anon_0078298,50
anon_0078354,50
anon_0078354,0
anon_0078336,0
anon_0078336,0
anon_0078348,0
anon_0078354,0
anon_0078298,50
anon_0078336,50
anon_0078298,85
anon_0078348,0
anon_0078336,0
anon_0078336,0
anon_0078298,0
anon_0078336,0
anon_0078298,0
anon_0078354,NA
anon_0078298,20
anon_0078354,0
anon_0078298,0
anon_0078336,0
anon_0078336,0
anon_0078354,85
anon_0078298,0
anon_0078298,0
anon_0078336,0
anon_0078348,0
anon_0078325,0
anon_0078298,0
anon_0078336,0
anon_0078336,0
anon_0078298,0
anon_0078298,50
anon_0078298,50
anon_0078336,0
anon_0078298,0
anon_0078298,0
anon_0078348,NA
anon_0078298,0
anon_0078298,0
anon_0078298,50
anon_0078336,0
anon_0078336,0
anon_0078298,85
anon_0078298,85
anon_0078336,0
anon_0078298,0
anon_0078336,0
anon_0078336,0
anon_0078336,0
anon_0078298,0
anon_0078336,0
anon_0078298,0
anon_0078298,0
anon_0078298,30
anon_0078298,0
anon_0078336,0
anon_0078336,50
anon_0078354,0
anon_0078325,30
anon_0078298,50
anon_0078298,85
anon_0078298,0
anon_0078298,50
anon_0078336,0
anon_0078298,0
anon_0078298,0
anon_0078298,0
anon_0078298,85
anon_0078298,85
anon_0078298,50
anon_0078298,0
anon_0078336,0
anon_0078336,0
anon_0078298,50
anon_0078336,0
anon_0078298,20
anon_0078336,0
anon_0078298,0
anon_0078298,0
anon_0078298,100
anon_0078336,0
anon_0078298,0
anon_0078298,0
anon_0078336,0
anon_0078298,0
anon_0078298,0
anon_0078298,0
anon_0078298,75
anon_0078298,0
anon_0078298,0
anon_0078298,0
anon_0078298,0
anon_0078298,0
anon_0078298,0
anon_0078298,0
anon_0078298,0
anon_0078298,0
anon_0078298,0
anon_0078298,0
anon_0078298,0
anon_0078298,NA
anon_0078298,0
anon_0078298,0
anon_0078298,0
anon_0078298,85
anon_0078298,NA
anon_0078298,70
anon_0078298,0
anon_0078298,60
anon_0078298,0
anon_0078298,NA
anon_0078336,0
anon_0078336,0
anon_0078404,0
anon_0078394,0
anon_0078383,0
anon_0078381,75
anon_0078405,50
anon_0078394,85
anon_0078354,0
anon_0078383,0
anon_0078383,0
anon_0078381,85
anon_0078398,85
anon_0078398,0
anon_0078395,0
anon_0078354,85
anon_0078391,0
anon_0078354,0
anon_0078391,75
anon_0078405,0
anon_0078405,0
anon_0078354,20
anon_0078381,85
anon_0078397,80
anon_0078394,90
anon_0078397,75
anon_0078398,0
anon_0078381,75
anon_0078383,0
anon_0078348,0
anon_0078398,85
anon_0078348,0
anon_0078391,50
anon_0078391,0
anon_0078354,0
anon_0078348,0
anon_0078398,50
anon_0078348,0
anon_0078348,0
anon_0078354,0
anon_0078391,50
anon_0078381,90
anon_0078348,0
anon_0078348,0
anon_0078354,0
anon_0078391,85
anon_0078348,0
anon_0078354,0
anon_0078354,0
anon_0078391,0
anon_0078395,0
anon_0078383,0
anon_0078398,50
anon_0078348,0
anon_0078354,0
anon_0078348,0
anon_0078348,0
anon_0078404,50
anon_0078391,50
anon_0078398,50
anon_0078354,0
anon_0078398,85
anon_0078391,0
anon_0078397,85
anon_0078395,50
anon_0078391,0
anon_0078348,0
anon_0078354,0
anon_0078348,0
anon_0078391,50
anon_0078391,70
anon_0078395,0
anon_0078348,0
anon_0078348,50
anon_0078348,0
anon_0078391,0
anon_0078395,20
anon_0078391,0
anon_0078348,0
anon_0078395,0
anon_0078395,0
anon_0078395,0
anon_0078383,0
anon_0078398,85
anon_0078348,0
anon_0078354,85
anon_0078348,50
anon_0078395,50
anon_0078348,0
anon_0078391,50
anon_0078383,50
anon_0078354,30
anon_0078395,50
anon_0078395,0
anon_0078383,0
anon_0078348,0
anon_0078348,0
anon_0078354,0
anon_0078348,0
anon_0078395,0
anon_0078348,0
anon_0078354,50
anon_0078395,20
anon_0078391,85
anon_0078354,50
anon_0078395,0
anon_0078383,0
anon_0078398,0
anon_0078391,75
anon_0078395,0
anon_0078394,0
anon_0078354,70
anon_0078395,50
anon_0078395,0
anon_0078354,0
anon_0078354,0
anon_0078397,0
anon_0078397,85
anon_0078398,0
anon_0078354,0
anon_0078354,50
anon_0078348,0
anon_0078395,0
anon_0078391,0
anon_0078391,50
anon_0078354,40
anon_0078394,50
anon_0078395,0
anon_0078394,0
anon_0078355,0
anon_0078391,50
anon_0078397,0
anon_0078397,0
anon_0078398,0
anon_0078391,90
anon_0078354,NA
anon_0078395,0
anon_0078355,0
anon_0078394,50
anon_0078394,0
anon_0078395,0
anon_0078348,50
anon_0078398,0
anon_0078395,0
anon_0078355,50
anon_0078354,0
anon_0078398,70
anon_0078354,0
anon_0078348,85
anon_0078355,0
anon_0078398,0
anon_0078355,50
anon_0078398,50
anon_0078398,50
anon_0078395,50
anon_0078398,50
anon_0078395,0
anon_0078354,50
anon_0078398,NA
anon_0078355,0
anon_0078395,0
anon_0078355,0
anon_0078391,0
anon_0078391,100
anon_0078391,0
anon_0078355,0
anon_0078398,0
anon_0078398,50
anon_0078355,NA
anon_0078391,85
anon_0078348,0
anon_0078355,0
anon_0078391,0
anon_0078395,0
anon_0078355,0
anon_0078397,0
anon_0078395,0
anon_0078394,0
anon_0078391,85
anon_0078391,0
anon_0078355,0
anon_0078391,0
anon_0078395,0
anon_0078355,0
anon_0078391,70
anon_0078394,85
anon_0078398,50
anon_0078391,0
anon_0078355,0
anon_0078395,0
anon_0078398,0
anon_0078355,0
anon_0078355,0
anon_0078391,100
anon_0078395,50
anon_0078391,50
anon_0078394,0
anon_0078348,0
anon_0078395,0
anon_0078348,0
anon_0078348,0
anon_0078397,0
anon_0078395,0
anon_0078395,30
anon_0078348,0
anon_0078395,85
anon_0078394,0
anon_0078394,0
anon_0078398,0
anon_0078394,0
anon_0078394,0
anon_0078394,0
anon_0078394,85
anon_0078394,0
anon_0078394,100
anon_0078395,0
anon_0078394,0
anon_0078348,0
anon_0078394,0
anon_0078398,50
anon_0078394,0
anon_0078398,100
anon_0078394,0
anon_0078394,0
anon_0078394,0
anon_0078395,0
anon_0078397,80
anon_0078398,85
anon_0078395,20
anon_0078398,50
anon_0078397,50
anon_0078394,0
anon_0078395,0
anon_0078394,85
anon_0078394,0
anon_0078391,100
anon_0078391,85
anon_0078394,NA
anon_0078395,50
anon_0078395,0
anon_0078394,0
anon_0078394,50
anon_0078394,0
anon_0078391,0
anon_0078398,0
anon_0078391,0
anon_0078394,0
anon_0078391,85
anon_0078391,0
anon_0078354,0
anon_0078354,0
anon_0078391,0
anon_0078354,0
anon_0078354,0
anon_0078391,85
anon_0078391,50
anon_0078348,0
anon_0078394,0
anon_0078391,0
anon_0078391,0
anon_0078354,85
anon_0078354,0
anon_0078348,0
anon_0078391,85
anon_0078391,0
anon_0078354,0
anon_0078354,0
anon_0078354,0
anon_0078391,50
anon_0078354,0
anon_0078398,85
anon_0078348,0
anon_0078354,0
anon_0078354,0
anon_0078391,0
anon_0078354,85
anon_0078394,50
anon_0078391,0
anon_0078348,0
anon_0078354,0
anon_0078354,0
anon_0078354,0
anon_0078354,0
anon_0078354,NA
anon_0078354,75
anon_0078354,0
anon_0078354,50
anon_0078398,0
anon_0078354,50
anon_0078354,0
anon_0078354,0
anon_0078391,85
anon_0078391,0
anon_0078354,90
anon_0078354,85
anon_0078354,50
anon_0078354,0
anon_0078391,0
anon_0078391,85
anon_0078354,NA
anon_0078354,50
anon_0078354,0
anon_0078354,0
anon_0078354,0
anon_0078354,0
anon_0078394,50
anon_0078394,0
anon_0078354,0
anon_0078394,50
anon_0078354,0
anon_0078354,100
anon_0078354,50
anon_0078354,0
anon_0078354,0
anon_0078354,0
anon_0078354,NA
anon_0078354,0
anon_0078354,85
anon_0078354,50
anon_0078354,50
anon_0078354,0
anon_0078398,0
anon_0078404,0
anon_0078414,0
anon_0078397,0
anon_0078425,0
anon_0078404,0
anon_0078397,85
anon_0078404,0
anon_0078425,0
anon_0078404,0
anon_0078381,0
anon_0078425,20
anon_0078394,100
anon_0078394,0
anon_0078404,0
anon_0078414,0
anon_0078404,0
anon_0078425,0
anon_0078404,0
anon_0078404,0
anon_0078404,0
anon_0078397,0
anon_0078394,0
anon_0078398,0
anon_0078381,0
anon_0078397,50
anon_0078397,0
anon_0078425,0
anon_0078404,0
anon_0078381,0
anon_0078404,50
anon_0078398,85
anon_0078398,50
anon_0078398,0
anon_0078394,0
anon_0078381,30
anon_0078397,0
anon_0078404,0
anon_0078398,0
anon_0078425,75
anon_0078404,0
anon_0078404,0
anon_0078397,0
anon_0078381,50
anon_0078404,0
anon_0078404,0
anon_0078381,50
anon_0078398,0
anon_0078398,0
anon_0078425,0
anon_0078398,0
anon_0078425,0
anon_0078397,0
anon_0078425,0
anon_0078414,70
anon_0078425,0
anon_0078404,0
anon_0078404,50
anon_0078398,0
anon_0078404,50
anon_0078381,75
anon_0078398,0
anon_0078404,0
anon_0078398,0
anon_0078425,0
anon_0078381,50
anon_0078397,0
anon_0078394,0
anon_0078398,85
anon_0078414,50
anon_0078381,0
anon_0078398,0
anon_0078381,85
anon_0078404,0
anon_0078394,0
anon_0078381,0
anon_0078425,30
anon_0078404,50
anon_0078404,30
anon_0078398,0
anon_0078398,0
anon_0078404,0
anon_0078381,0
anon_0078404,0
anon_0078405,0
anon_0078397,0
anon_0078397,50
anon_0078398,0
anon_0078398,0
anon_0078397,0
anon_0078405,0
anon_0078405,0
anon_0078405,0
anon_0078405,0
anon_0078398,0
anon_0078404,50
anon_0078404,0
anon_0078397,100
anon_0078404,0
anon_0078405,0
anon_0078404,85
anon_0078404,0
anon_0078381,0
anon_0078405,0
anon_0078405,0
anon_0078404,50
anon_0078404,0
anon_0078398,0
anon_0078405,0
anon_0078405,0
anon_0078405,30
anon_0078397,50
anon_0078405,0
anon_0078425,0
anon_0078405,0
anon_0078397,85
anon_0078398,NA
anon_0078405,0
anon_0078404,0
anon_0078405,0
anon_0078405,0
anon_0078405,85
anon_0078404,80
anon_0078404,50
anon_0078404,0
anon_0078381,0
anon_0078404,100
anon_0078405,0
anon_0078398,30
anon_0078414,0
anon_0078404,0
anon_0078398,20
anon_0078425,0
anon_0078425,0
anon_0078425,0
anon_0078398,0
anon_0078405,0
anon_0078425,0
anon_0078425,0
anon_0078404,0
anon_0078381,0
anon_0078404,50
anon_0078404,0
anon_0078398,70
anon_0078404,0
anon_0078381,0
anon_0078405,20
anon_0078404,0
anon_0078381,0
anon_0078404,100
anon_0078414,0
anon_0078404,0
anon_0078381,0
anon_0078397,50
anon_0078414,85
anon_0078425,0
anon_0078381,0
anon_0078381,75
anon_0078405,0
anon_0078381,50
anon_0078405,0
anon_0078405,0
anon_0078425,0
anon_0078381,0
anon_0078404,0
anon_0078425,0
anon_0078425,50
anon_0078404,0
anon_0078404,85
anon_0078404,0
anon_0078381,0
anon_0078414,0
anon_0078405,0
anon_0078414,85
anon_0078404,95
anon_0078405,0
anon_0078425,0
anon_0078398,50
anon_0078405,0
anon_0078414,0
anon_0078381,0
anon_0078404,50
anon_0078404,50
anon_0078381,0
anon_0078425,0
anon_0078405,0
anon_0078425,0
anon_0078381,0
anon_0078414,0
anon_0078414,0
anon_0078404,85
anon_0078381,0
anon_0078405,0
anon_0078414,85
anon_0078405,0
anon_0078405,0
anon_0078405,0
anon_0078405,50
anon_0078405,50
anon_0078381,0
anon_0078405,0
anon_0078414,0
anon_0078405,50
anon_0078405,0
anon_0078404,50
anon_0078425,20
anon_0078405,0
anon_0078425,0
anon_0078414,0
anon_0078404,90
anon_0078405,0
anon_0078405,50
anon_0078405,30
anon_0078404,0
anon_0078405,0
anon_0078414,50
anon_0078414,0
anon_0078405,0
anon_0078404,0
anon_0078414,50
anon_0078414,0
anon_0078414,0
anon_0078414,0
anon_0078414,0
anon_0078381,0
anon_0078414,70
anon_0078405,0
anon_0078404,50
anon_0078405,0
anon_0078414,NA
anon_0078405,85
anon_0078381,75
anon_0078405,0
anon_0078405,0
anon_0078405,0
anon_0078405,20
anon_0078381,0
anon_0078414,0
anon_0078414,40
anon_0078414,0
anon_0078405,75
anon_0078414,0
anon_0078414,0
anon_0078405,0
anon_0078405,0
anon_0078405,0
anon_0078405,30
anon_0078414,0
anon_0078414,0
anon_0078414,85
anon_0078405,0
anon_0078414,0
anon_0078414,100
anon_0078414,0
anon_0078405,50
anon_0078405,0
anon_0078381,50
anon_0078405,70
anon_0078405,0
anon_0078414,50
anon_0078414,0
anon_0078414,0
anon_0078405,20
anon_0078414,0
anon_0078414,60
anon_0078414,0
anon_0078405,0
anon_0078381,50
anon_0078405,0
anon_0078405,50
anon_0078414,0
anon_0078405,0
anon_0078414,100
anon_0078414,0
anon_0078414,0
anon_0078414,0
anon_0078414,0
anon_0078414,0
anon_0078414,50
anon_0078381,0
anon_0078414,0
anon_0078405,85
anon_0078405,0
anon_0078414,0
anon_0078414,0
anon_0078414,50
anon_0078405,0
anon_0078414,90
anon_0078414,0
anon_0078405,50
anon_0078414,0
anon_0078414,0
anon_0078414,0
anon_0078405,0
anon_0078405,0
anon_0078414,100
anon_0078414,50
anon_0078405,0
anon_0078414,0
anon_0078414,85
anon_0078414,0
anon_0078405,0
anon_0078405,0
anon_0078414,90
anon_0078405,0
anon_0078414,0
anon_0078414,0
anon_0078414,0
anon_0078414,70
anon_0078414,0
anon_0078414,0
anon_0078414,0
anon_0078405,0
anon_0078414,0
anon_0078381,50
anon_0078414,85
anon_0078405,50
anon_0078414,0
anon_0078414,50
anon_0078414,0
anon_0078414,0
anon_0078414,0
anon_0078405,0
anon_0078414,0
anon_0078414,0
anon_0078414,0
anon_0078414,0
anon_0078414,0
anon_0078414,0
anon_0078414,0
anon_0078414,0
anon_0078414,0
anon_0078414,0
anon_0078414,0
anon_0078414,0
anon_0078414,0
anon_0078414,0
anon_0078414,0
anon_0078414,NA
anon_0078414,0
anon_0078414,50
anon_0078414,30
anon_0078414,50
anon_0078414,0
anon_0078414,80
anon_0078414,0
anon_0078414,0
anon_0078414,NA
anon_0078414,0
anon_0078501,100
anon_0078461,0
anon_0078453,0
anon_0078425,0
anon_0078453,0
anon_0078439,100
anon_0078453,0
anon_0078453,50
anon_0078425,0
anon_0078501,90
anon_0078425,0
anon_0078425,0
anon_0078425,0
anon_0078453,0
anon_0078453,50
anon_0078425,0
anon_0078453,95
anon_0078461,50
anon_0078461,70
anon_0078439,85
anon_0078439,95
anon_0078461,0
anon_0078453,85
anon_0078453,0
anon_0078461,0
anon_0078425,20
anon_0078439,0
anon_0078453,0
anon_0078425,30
anon_0078461,0
anon_0078439,85
anon_0078501,90
anon_0078461,0
anon_0078453,0
anon_0078453,0
anon_0078453,0
anon_0078501,0
anon_0078501,50
anon_0078425,0
anon_0078453,50
anon_0078453,50
anon_0078453,0
anon_0078501,85
anon_0078425,0
anon_0078453,85
anon_0078425,0
anon_0078501,0
anon_0078425,0
anon_0078425,0
anon_0078501,85
anon_0078425,0
anon_0078501,90
anon_0078501,85
anon_0078501,90
anon_0078501,0
anon_0078425,0
anon_0078425,0
anon_0078501,50
anon_0078501,85
anon_0078501,85
anon_0078501,50
anon_0078425,0
anon_0078453,0
anon_0078425,30
anon_0078461,80
anon_0078461,0
anon_0078425,0
anon_0078501,0
anon_0078439,90
anon_0078439,95
anon_0078461,0
anon_0078461,0
anon_0078425,0
anon_0078453,50
anon_0078461,0
anon_0078425,0
anon_0078425,30
anon_0078425,0
anon_0078425,0
anon_0078425,0
anon_0078439,0
anon_0078425,0
anon_0078425,0
anon_0078439,95
anon_0078425,0
anon_0078425,0
anon_0078461,0
anon_0078425,0
anon_0078425,0
anon_0078425,0
anon_0078425,0
anon_0078439,0
anon_0078461,0
anon_0078439,85
anon_0078425,0
anon_0078453,0
anon_0078461,0
anon_0078439,0
anon_0078425,0
anon_0078453,75
anon_0078461,0
anon_0078461,0
anon_0078453,85
anon_0078439,50
anon_0078439,0
anon_0078461,0
anon_0078439,NA
anon_0078439,0
anon_0078461,0
anon_0078439,85
anon_0078461,0
anon_0078461,0
anon_0078501,85
anon_0078461,0
anon_0078501,85
anon_0078461,0
anon_0078461,0
anon_0078461,0
anon_0078453,0
anon_0078461,50
anon_0078425,50
anon_0078461,0
anon_0078439,50
anon_0078439,0
anon_0078461,20
anon_0078453,0
anon_0078461,0
anon_0078439,0
anon_0078461,0
anon_0078439,0
anon_0078461,0
anon_0078461,0
anon_0078439,50
anon_0078461,0
anon_0078439,0
anon_0078439,0
anon_0078439,50
anon_0078439,0
anon_0078425,0
anon_0078461,0
anon_0078461,50
anon_0078501,0
anon_0078461,50
anon_0078439,0
anon_0078461,50
anon_0078461,0
anon_0078439,0
anon_0078439,0
anon_0078461,0
anon_0078453,85
anon_0078439,0
anon_0078439,50
anon_0078501,85
anon_0078501,0
anon_0078501,0
anon_0078439,50
anon_0078461,85
anon_0078439,0
anon_0078439,0
anon_0078439,0
anon_0078425,NA
anon_0078439,0
anon_0078439,0
anon_0078439,50
anon_0078501,85
anon_0078461,0
anon_0078439,50
anon_0078501,85
anon_0078501,100
anon_0078501,0
anon_0078461,0
anon_0078461,0
anon_0078461,50
anon_0078439,90
anon_0078439,0
anon_0078439,0
anon_0078439,50
anon_0078439,0
anon_0078461,50
anon_0078439,75
anon_0078439,0
anon_0078439,85
anon_0078501,85
anon_0078461,0
anon_0078439,50
anon_0078439,0
anon_0078439,0
anon_0078439,NA
anon_0078461,0
anon_0078439,100
anon_0078461,0
anon_0078439,0
anon_0078501,67
anon_0078461,0
anon_0078461,0
anon_0078501,0
anon_0078501,50
anon_0078461,0
anon_0078439,0
anon_0078501,0
anon_0078501,100
anon_0078439,0
anon_0078501,85
anon_0078501,0
anon_0078501,0
anon_0078439,0
anon_0078461,0
anon_0078501,0
anon_0078501,0
anon_0078439,0
anon_0078439,0
anon_0078501,85
anon_0078439,50
anon_0078501,85
anon_0078439,0
anon_0078501,75
anon_0078501,50
anon_0078439,0
anon_0078461,0
anon_0078501,85
anon_0078439,0
anon_0078461,50
anon_0078501,0
anon_0078439,0
anon_0078501,0
anon_0078501,0
anon_0078501,100
anon_0078461,0
anon_0078501,50
anon_0078501,0
anon_0078501,0
anon_0078461,0
anon_0078501,50
anon_0078501,0
anon_0078439,0
anon_0078501,0
anon_0078439,0
anon_0078439,0
anon_0078439,0
anon_0078439,0
anon_0078439,50
anon_0078439,85
anon_0078439,0
anon_0078439,0
anon_0078461,100
anon_0078439,0
anon_0078439,85
anon_0078439,0
anon_0078439,100
anon_0078501,50
anon_0078501,75
anon_0078439,85
anon_0078501,0
anon_0078439,0
anon_0078439,0
anon_0078501,0
anon_0078439,0
anon_0078501,50
anon_0078501,100
anon_0078439,0
anon_0078439,50
anon_0078439,50
anon_0078439,0
anon_0078461,0
anon_0078461,0
anon_0078439,50
anon_0078501,85
anon_0078439,0
anon_0078461,0
anon_0078439,75
anon_0078439,0
anon_0078439,0
anon_0078439,50
anon_0078461,50
anon_0078501,85
anon_0078439,0
anon_0078439,0
anon_0078439,NA
anon_0078439,85
anon_0078439,0
anon_0078439,0
anon_0078501,50
anon_0078439,85
anon_0078439,0
anon_0078461,0
anon_0078439,0
anon_0078439,80
anon_0078439,85
anon_0078439,0
anon_0078461,0
anon_0078439,0
anon_0078501,0
anon_0078439,0
anon_0078439,0
anon_0078501,80
anon_0078461,85
anon_0078461,70
anon_0078461,0
anon_0078461,0
anon_0078439,85
anon_0078439,NA
