chat_session_id,veracity_score
anon_0075615,90
anon_0075659,100
anon_0075615,100
anon_0075674,90
anon_0075615,100
anon_0075615,100
anon_0075665,90
anon_0075615,100
anon_0075657,85
anon_0075682,90
anon_0075675,100
anon_0075615,100
anon_0075678,100
anon_0075647,20
anon_0075615,100
anon_0075615,100
anon_0075682,100
anon_0075647,90
anon_0075657,85
anon_0075675,85
anon_0075675,100
anon_0075634,100
anon_0075634,100
anon_0075647,100
anon_0075678,100
anon_0075678,70
anon_0075678,85
anon_0075678,100
anon_0075674,100
anon_0075615,90
anon_0075647,90
anon_0075659,100
anon_0075615,90
anon_0075657,90
anon_0075678,90
anon_0075615,85
anon_0075657,0
anon_0075657,85
anon_0075678,85
anon_0075675,90
anon_0075674,90
anon_0075675,85
anon_0075615,100
anon_0075659,100
anon_0075678,85
anon_0075647,95
anon_0075659,90
anon_0075615,100
anon_0075659,85
anon_0075615,100
anon_0075675,100
anon_0075647,95
anon_0075615,100
anon_0075665,85
anon_0075647,85
anon_0075675,85
anon_0075615,100
anon_0075647,85
anon_0075657,85
anon_0075682,90
anon_0075665,85
anon_0075615,100
anon_0075615,95
anon_0075647,85
anon_0075674,85
anon_0075615,100
anon_0075647,100
anon_0075675,90
anon_0075634,95
anon_0075682,90
anon_0075615,100
anon_0075615,90
anon_0075674,85
anon_0075657,75
anon_0075674,100
anon_0075657,85
anon_0075657,70
anon_0075615,90
anon_0075657,85
anon_0075675,85
anon_0075675,85
anon_0075665,85
anon_0075647,85
anon_0075615,85
anon_0075615,90
anon_0075615,95
anon_0075665,85
anon_0075647,90
anon_0075615,90
anon_0075665,100
anon_0075657,85
anon_0075657,90
anon_0075659,100
anon_0075657,100
anon_0075682,100
anon_0075675,85
anon_0075659,90
anon_0075678,85
anon_0075665,90
anon_0075657,90
anon_0075659,85
anon_0075647,100
anon_0075665,100
anon_0075665,85
anon_0075657,85
anon_0075675,85
anon_0075657,85
anon_0075659,100
anon_0075665,85
anon_0075647,95
anon_0075615,100
anon_0075682,95
anon_0075659,95
anon_0075659,85
anon_0075659,100
anon_0075615,100
anon_0075647,90
anon_0075665,85
anon_0075647,85
anon_0075665,90
anon_0075615,100
anon_0075665,50
anon_0075615,100
anon_0075682,100
anon_0075665,50
anon_0075657,100
anon_0075659,85
anon_0075657,100
anon_0075615,90
anon_0075647,90
anon_0075615,85
anon_0075615,100
anon_0075657,90
anon_0075657,100
anon_0075657,100
anon_0075615,100
anon_0075659,85
anon_0075647,85
anon_0075647,90
anon_0075665,85
anon_0075657,100
anon_0075647,100
anon_0075659,100
anon_0075657,85
anon_0075657,90
anon_0075615,100
anon_0075665,85
anon_0075657,100
anon_0075647,100
anon_0075659,50
anon_0075665,20
anon_0075657,85
anon_0075659,100
anon_0075657,95
anon_0075659,85
anon_0075615,90
anon_0075657,95
anon_0075647,85
anon_0075657,85
anon_0075657,100
anon_0075647,85
anon_0075665,85
anon_0075615,100
anon_0075615,100
anon_0075615,90
anon_0075657,85
anon_0075665,20
anon_0075615,100
anon_0075659,100
anon_0075665,85
anon_0075659,70
anon_0075615,100
anon_0075665,90
anon_0075659,90
anon_0075659,95
anon_0075647,90
anon_0075659,100
anon_0075657,95
anon_0075647,90
anon_0075615,85
anon_0075659,85
anon_0075659,100
anon_0075659,100
anon_0075659,100
anon_0075665,50
anon_0075615,0
anon_0075647,90
anon_0075615,85
anon_0075647,90
anon_0075659,85
anon_0075615,85
anon_0075615,85
anon_0075647,100
anon_0075659,85
anon_0075615,0
anon_0075647,0
anon_0075615,95
anon_0075647,85
anon_0075647,85
anon_0075665,100
anon_0075615,85
anon_0075615,85
anon_0075647,100
anon_0075647,90
anon_0075647,85
anon_0075647,90
anon_0075657,90
anon_0075665,90
anon_0075647,85
anon_0075647,85
anon_0075657,90
anon_0075647,85
anon_0075659,95
anon_0075665,85
anon_0075615,90
anon_0075615,85
anon_0075750,100
anon_0075674,90
anon_0075674,100
anon_0075754,85
anon_0075711,100
anon_0075711,100
anon_0075714,30
anon_0075754,90
anon_0075674,100
anon_0075711,100
anon_0075674,100
anon_0075674,100
anon_0075726,85
anon_0075674,100
anon_0075693,100
anon_0075711,100
anon_0075674,100
anon_0075750,85
anon_0075674,50
anon_0075711,95
anon_0075674,100
anon_0075726,100
anon_0075711,100
anon_0075711,85
anon_0075711,100
anon_0075750,90
anon_0075750,100
anon_0075750,100
anon_0075694,100
anon_0075754,100
anon_0075693,100
anon_0075711,90
anon_0075711,85
anon_0075674,100
anon_0075714,85
anon_0075750,100
anon_0075693,85
anon_0075674,100
anon_0075750,85
anon_0075711,100
anon_0075750,90
anon_0075674,85
anon_0075750,100
anon_0075750,85
anon_0075693,100
anon_0075750,85
anon_0075754,95
anon_0075694,95
anon_0075674,85
anon_0075711,90
anon_0075750,90
anon_0075694,70
anon_0075694,100
anon_0075750,75
anon_0075754,85
anon_0075692,85
anon_0075759,85
anon_0075750,95
anon_0075693,85
anon_0075759,95
anon_0075693,85
anon_0075714,100
anon_0075726,100
anon_0075693,90
anon_0075693,85
anon_0075750,100
anon_0075711,100
anon_0075750,85
anon_0075711,95
anon_0075759,100
anon_0075694,100
anon_0075711,100
anon_0075750,85
anon_0075730,30
anon_0075750,85
anon_0075692,95
anon_0075714,85
anon_0075754,85
anon_0075714,70
anon_0075711,90
anon_0075711,90
anon_0075693,100
anon_0075693,85
anon_0075730,60
anon_0075693,100
anon_0075730,90
anon_0075711,90
anon_0075730,85
anon_0075711,85
anon_0075714,100
anon_0075711,90
anon_0075693,90
anon_0075750,90
anon_0075693,90
anon_0075693,100
anon_0075730,50
anon_0075693,95
anon_0075711,90
anon_0075711,85
anon_0075692,100
anon_0075730,85
anon_0075730,70
anon_0075750,90
anon_0075711,100
anon_0075693,90
anon_0075711,90
anon_0075714,85
anon_0075711,100
anon_0075711,90
anon_0075692,90
anon_0075675,85
anon_0075730,100
anon_0075714,85
anon_0075714,85
anon_0075693,100
anon_0075675,100
anon_0075682,100
anon_0075714,100
anon_0075711,90
anon_0075711,85
anon_0075711,85
anon_0075682,90
anon_0075714,90
anon_0075675,90
anon_0075714,85
anon_0075694,100
anon_0075730,85
anon_0075750,85
anon_0075726,90
anon_0075714,90
anon_0075714,75
anon_0075682,100
anon_0075730,75
anon_0075693,85
anon_0075682,85
anon_0075693,85
anon_0075682,85
anon_0075711,90
anon_0075694,100
anon_0075694,90
anon_0075754,50
anon_0075694,100
anon_0075682,50
anon_0075754,70
anon_0075754,90
anon_0075714,75
anon_0075694,100
anon_0075682,90
anon_0075730,60
anon_0075682,85
anon_0075694,90
anon_0075754,85
anon_0075682,85
anon_0075682,30
anon_0075682,100
anon_0075682,85
anon_0075682,85
anon_0075714,85
anon_0075714,70
anon_0075694,95
anon_0075682,100
anon_0075682,85
anon_0075682,50
anon_0075675,85
anon_0075730,100
anon_0075754,90
anon_0075714,95
anon_0075694,90
anon_0075693,100
anon_0075714,85
anon_0075694,90
anon_0075682,100
anon_0075682,100
anon_0075694,95
anon_0075694,85
anon_0075682,100
anon_0075682,100
anon_0075714,95
anon_0075714,85
anon_0075711,85
anon_0075682,85
anon_0075694,95
anon_0075682,85
anon_0075759,50
anon_0075682,100
anon_0075714,85
anon_0075694,85
anon_0075754,85
anon_0075682,100
anon_0075694,100
anon_0075694,100
anon_0075682,85
anon_0075682,85
anon_0075693,90
anon_0075682,85
anon_0075694,100
anon_0075682,85
anon_0075682,0
anon_0075682,85
anon_0075682,85
anon_0075714,70
anon_0075682,90
anon_0075754,100
anon_0075754,85
anon_0075682,0
anon_0075682,90
anon_0075807,100
anon_0075776,95
anon_0075791,100
anon_0075791,100
anon_0075776,100
anon_0075791,100
anon_0075782,85
anon_0075807,85
anon_0075807,85
anon_0075812,100
anon_0075807,100
anon_0075812,100
anon_0075791,100
anon_0075754,50
anon_0075807,100
anon_0075807,85
anon_0075793,75
anon_0075804,100
anon_0075786,90
anon_0075804,100
anon_0075793,100
anon_0075786,85
anon_0075807,90
anon_0075786,100
anon_0075807,100
anon_0075793,85
anon_0075776,100
anon_0075793,0
anon_0075804,85
anon_0075807,100
anon_0075759,85
anon_0075791,100
anon_0075791,100
anon_0075807,90
anon_0075807,100
anon_0075807,100
anon_0075807,95
anon_0075807,90
anon_0075807,95
anon_0075807,95
anon_0075804,90
anon_0075807,85
anon_0075807,100
anon_0075776,90
anon_0075793,85
anon_0075754,90
anon_0075759,60
anon_0075793,90
anon_0075782,85
anon_0075804,85
anon_0075754,85
anon_0075807,95
anon_0075786,100
anon_0075786,100
anon_0075782,95
anon_0075791,100
anon_0075754,90
anon_0075791,95
anon_0075776,85
anon_0075812,100
anon_0075807,85
anon_0075791,100
anon_0075804,90
anon_0075782,85
anon_0075786,85
anon_0075791,100
anon_0075776,85
anon_0075807,85
anon_0075807,100
anon_0075776,90
anon_0075807,85
anon_0075791,100
anon_0075782,50
anon_0075759,50
anon_0075782,100
anon_0075793,85
anon_0075807,95
anon_0075807,85
anon_0075807,100
anon_0075776,90
anon_0075759,85
anon_0075807,85
anon_0075793,60
anon_0075791,100
anon_0075776,90
anon_0075786,95
anon_0075776,100
anon_0075791,100
anon_0075807,85
anon_0075812,85
anon_0075776,90
anon_0075804,85
anon_0075807,95
anon_0075807,85
anon_0075812,100
anon_0075812,100
anon_0075782,75
anon_0075807,95
anon_0075759,100
anon_0075793,100
anon_0075759,100
anon_0075782,100
anon_0075793,85
anon_0075791,100
anon_0075793,90
anon_0075793,85
anon_0075782,85
anon_0075759,100
anon_0075776,85
anon_0075791,100
anon_0075759,100
anon_0075782,90
anon_0075776,100
anon_0075759,85
anon_0075782,100
anon_0075782,100
anon_0075782,85
anon_0075759,100
anon_0075793,85
anon_0075807,85
anon_0075791,100
anon_0075793,90
anon_0075791,85
anon_0075807,100
anon_0075759,100
anon_0075793,0
anon_0075759,100
anon_0075759,90
anon_0075812,100
anon_0075776,85
anon_0075807,100
anon_0075807,50
anon_0075812,90
anon_0075791,100
anon_0075776,75
anon_0075793,85
anon_0075759,100
anon_0075759,100
anon_0075791,100
anon_0075759,100
anon_0075776,85
anon_0075759,85
anon_0075791,85
anon_0075793,85
anon_0075793,95
anon_0075759,85
anon_0075793,75
anon_0075782,90
anon_0075812,100
anon_0075786,85
anon_0075776,85
anon_0075759,100
anon_0075759,100
anon_0075759,85
anon_0075807,90
anon_0075759,100
anon_0075782,100
anon_0075759,90
anon_0075791,100
anon_0075807,100
anon_0075759,100
anon_0075791,100
anon_0075759,100
anon_0075782,90
anon_0075759,85
anon_0075793,85
anon_0075782,85
anon_0075759,100
anon_0075759,95
anon_0075807,100
anon_0075782,85
anon_0075793,85
anon_0075759,100
anon_0075776,85
anon_0075759,100
anon_0075759,100
anon_0075759,90
anon_0075791,85
anon_0075782,100
anon_0075782,85
anon_0075782,85
anon_0075807,90
anon_0075911,100
anon_0075844,100
anon_0075899,100
anon_0075880,95
anon_0075830,100
anon_0075832,85
anon_0075844,100
anon_0075911,100
anon_0075899,90
anon_0075844,100
anon_0075848,95
anon_0075880,85
anon_0075830,100
anon_0075842,100
anon_0075911,100
anon_0075832,85
anon_0075844,90
anon_0075880,85
anon_0075880,100
anon_0075911,90
anon_0075911,100
anon_0075830,85
anon_0075880,85
anon_0075830,100
anon_0075911,90
anon_0075880,85
anon_0075880,100
anon_0075880,100
anon_0075848,85
anon_0075832,100
anon_0075830,100
anon_0075844,100
anon_0075911,90
anon_0075830,100
anon_0075844,85
anon_0075911,90
anon_0075844,85
anon_0075911,90
anon_0075880,85
anon_0075880,100
anon_0075880,90
anon_0075848,90
anon_0075832,90
anon_0075880,90
anon_0075880,90
anon_0075899,100
anon_0075832,95
anon_0075832,85
anon_0075848,85
anon_0075832,85
anon_0075899,90
anon_0075899,90
anon_0075830,85
anon_0075848,95
anon_0075880,85
anon_0075899,85
anon_0075880,90
anon_0075848,90
anon_0075899,90
anon_0075880,85
anon_0075848,90
anon_0075848,75
anon_0075880,95
anon_0075880,85
anon_0075880,75
anon_0075880,85
anon_0075880,95
anon_0075880,85
anon_0075880,85
anon_0075844,90
anon_0075832,90
anon_0075880,85
anon_0075848,85
anon_0075880,85
anon_0075880,85
anon_0075880,85
anon_0075830,90
anon_0075844,90
anon_0075880,85
anon_0075832,85
anon_0075832,90
anon_0075848,NA
anon_0075880,85
anon_0075911,90
anon_0075899,100
anon_0075880,90
anon_0075832,100
anon_0075880,85
anon_0075848,100
anon_0075911,100
anon_0075880,90
anon_0075911,90
anon_0075880,85
anon_0075880,85
anon_0075880,90
anon_0075848,100
anon_0075848,90
anon_0075880,85
anon_0075880,95
anon_0075911,90
anon_0075844,85
anon_0075848,75
anon_0075842,100
anon_0075880,85
anon_0075911,90
anon_0075834,90
anon_0075911,85
anon_0075880,95
anon_0075830,90
anon_0075848,90
anon_0075832,100
anon_0075832,90
anon_0075842,90
anon_0075842,100
anon_0075834,90
anon_0075848,85
anon_0075880,85
anon_0075832,100
anon_0075834,95
anon_0075832,90
anon_0075915,95
anon_0075842,85
anon_0075842,85
anon_0075915,95
anon_0075880,85
anon_0075842,85
anon_0075848,95
anon_0075848,85
anon_0075915,95
anon_0075842,100
anon_0075832,95
anon_0075848,90
anon_0075842,100
anon_0075848,85
anon_0075915,85
anon_0075832,100
anon_0075834,85
anon_0075842,100
anon_0075834,90
anon_0075911,90
anon_0075834,90
anon_0075842,95
anon_0075915,95
anon_0075832,95
anon_0075848,85
anon_0075848,85
anon_0075834,100
anon_0075848,85
anon_0075842,85
anon_0075842,100
anon_0075915,50
anon_0075842,85
anon_0075981,100
anon_0076033,100
anon_0076016,100
anon_0076016,100
anon_0076016,85
anon_0076016,100
anon_0076016,90
anon_0075945,100
anon_0075981,100
anon_0076016,90
anon_0076015,95
anon_0076016,85
anon_0076016,85
anon_0076016,90
anon_0076015,90
anon_0076016,90
anon_0076010,95
anon_0076033,100
anon_0075978,90
anon_0075978,85
anon_0076016,85
anon_0076015,100
anon_0076016,90
anon_0076008,90
anon_0076016,90
anon_0076016,100
anon_0076008,90
anon_0076016,90
anon_0076015,85
anon_0075945,85
anon_0075978,90
anon_0076016,95
anon_0076015,85
anon_0076015,60
anon_0076016,100
anon_0076033,90
anon_0075978,85
anon_0075978,100
anon_0076016,50
anon_0075945,85
anon_0076033,90
anon_0075978,90
anon_0076015,95
anon_0075978,100
anon_0076010,100
anon_0076015,90
anon_0076016,95
anon_0075978,75
anon_0076033,90
anon_0075978,85
anon_0075978,60
anon_0075978,85
anon_0076015,85
anon_0075978,75
anon_0076016,100
anon_0075978,85
anon_0076016,85
anon_0075911,100
anon_0076015,100
anon_0076010,85
anon_0075911,90
anon_0075911,100
anon_0076015,90
anon_0075911,85
anon_0075911,90
anon_0076016,85
anon_0075945,100
anon_0075911,85
anon_0075911,NA
anon_0075978,85
anon_0075911,100
anon_0076015,85
anon_0076015,90
anon_0076016,90
anon_0075911,85
anon_0075978,90
anon_0076008,85
anon_0076010,90
anon_0076016,100
anon_0075911,90
anon_0076016,100
anon_0075978,50
anon_0075911,100
anon_0075978,100
anon_0075911,100
anon_0076015,85
anon_0075978,75
anon_0075911,85
anon_0075978,70
anon_0075978,100
anon_0075942,0
anon_0075978,30
anon_0075911,85
anon_0075911,90
anon_0076016,100
anon_0075911,90
anon_0075911,85
anon_0076010,100
anon_0075942,100
anon_0075978,85
anon_0075978,90
anon_0075911,85
anon_0075911,90
anon_0075911,100
anon_0076016,85
anon_0076016,95
anon_0076010,90
anon_0075911,85
anon_0076033,100
anon_0075911,95
anon_0076008,95
anon_0075978,90
anon_0075942,100
anon_0076010,50
anon_0075978,60
anon_0076010,70
anon_0075911,90
anon_0075911,90
anon_0075942,90
anon_0076015,85
anon_0075911,90
anon_0075978,70
anon_0075978,90
anon_0075978,85
anon_0075945,90
anon_0076015,100
anon_0076016,95
anon_0076010,90
anon_0076010,50
anon_0075911,85
anon_0076010,90
anon_0075978,85
anon_0075911,100
anon_0076010,100
anon_0076010,85
anon_0075911,100
anon_0075942,90
anon_0076010,NA
anon_0075945,95
anon_0076010,85
anon_0075945,95
anon_0075945,85
anon_0076010,60
anon_0076015,85
anon_0076010,85
anon_0075978,50
anon_0075942,90
anon_0075942,85
anon_0075978,85
anon_0076015,85
anon_0075945,85
anon_0076015,95
anon_0076015,85
anon_0076015,90
anon_0075942,85
anon_0076010,50
anon_0076010,75
anon_0075942,85
anon_0076015,100
anon_0075978,85
anon_0075911,90
anon_0075942,90
anon_0075978,100
anon_0075942,90
anon_0075978,90
anon_0075915,85
anon_0076010,100
anon_0075942,85
anon_0075942,85
anon_0075911,85
anon_0075915,100
anon_0075942,90
anon_0075942,85
anon_0076015,95
anon_0075942,85
anon_0075942,85
anon_0075945,85
anon_0075942,85
anon_0076010,50
anon_0075915,95
anon_0075911,100
anon_0075915,90
anon_0075945,85
anon_0075942,85
anon_0075978,95
anon_0075915,95
anon_0076010,85
anon_0075942,85
anon_0075942,85
anon_0075945,20
anon_0075942,95
anon_0075911,90
anon_0075945,85
anon_0076008,100
anon_0075942,90
anon_0075911,85
anon_0075915,90
anon_0076015,90
anon_0075978,85
anon_0076015,85
anon_0076010,100
anon_0076015,85
anon_0076015,90
anon_0075915,95
anon_0076015,100
anon_0075942,85
anon_0075911,85
anon_0076010,80
anon_0075915,85
anon_0075942,85
anon_0075942,75
anon_0076015,85
anon_0075942,85
anon_0076015,85
anon_0076008,95
anon_0076008,85
anon_0076010,85
anon_0076008,100
anon_0076015,90
anon_0075911,100
anon_0075942,85
anon_0075911,95
anon_0076008,100
anon_0076015,85
anon_0076008,85
anon_0075915,100
anon_0076008,85
anon_0076015,90
anon_0076015,75
anon_0076008,85
anon_0076015,90
anon_0075942,85
anon_0076015,90
anon_0076016,90
anon_0076008,95
anon_0075911,90
anon_0076015,90
anon_0076015,90
anon_0076008,85
anon_0076015,85
anon_0076008,60
anon_0076008,85
anon_0076008,85
anon_0076015,85
anon_0076008,95
anon_0076008,90
anon_0076015,85
anon_0075911,100
anon_0076033,100
anon_0076056,100
anon_0076056,0
anon_0076056,75
anon_0076067,100
anon_0076067,50
anon_0076065,100
anon_0076065,100
anon_0076101,100
anon_0076056,85
anon_0076067,85
anon_0076056,85
anon_0076063,85
anon_0076056,75
anon_0076063,50
anon_0076033,100
anon_0076101,85
anon_0076033,100
anon_0076056,85
anon_0076033,95
anon_0076056,90
anon_0076056,100
anon_0076056,50
anon_0076033,90
anon_0076056,95
anon_0076063,70
anon_0076101,100
anon_0076056,85
anon_0076033,100
anon_0076101,85
anon_0076056,100
anon_0076065,85
anon_0076067,100
anon_0076056,95
anon_0076101,85
anon_0076063,75
anon_0076067,90
anon_0076065,90
anon_0076067,85
anon_0076065,100
anon_0076067,50
anon_0076067,85
anon_0076056,85
anon_0076056,100
anon_0076056,100
anon_0076101,100
anon_0076101,100
anon_0076101,95
anon_0076056,100
anon_0076056,90
anon_0076056,100
anon_0076101,85
anon_0076101,90
anon_0076101,90
anon_0076067,100
anon_0076067,85
anon_0076033,90
anon_0076033,100
anon_0076056,90
anon_0076065,90
anon_0076056,100
anon_0076101,85
anon_0076056,85
anon_0076067,85
anon_0076067,85
anon_0076067,85
anon_0076067,100
anon_0076067,100
anon_0076101,100
anon_0076056,85
anon_0076067,85
anon_0076063,85
anon_0076056,90
anon_0076067,85
anon_0076065,85
anon_0076067,90
anon_0076080,95
anon_0076056,100
anon_0076101,90
anon_0076101,60
anon_0076067,85
anon_0076033,90
anon_0076033,100
anon_0076101,85
anon_0076056,95
anon_0076067,100
anon_0076067,90
anon_0076101,90
anon_0076101,100
anon_0076063,85
anon_0076080,100
anon_0076067,95
anon_0076067,85
anon_0076101,85
anon_0076080,85
anon_0076033,100
anon_0076080,95
anon_0076101,100
anon_0076080,100
anon_0076067,85
anon_0076080,85
anon_0076101,100
anon_0076080,95
anon_0076101,100
anon_0076063,90
anon_0076101,85
anon_0076067,95
anon_0076101,100
anon_0076101,90
anon_0076101,90
anon_0076101,100
anon_0076063,95
anon_0076067,85
anon_0076080,90
anon_0076101,85
anon_0076101,95
anon_0076101,100
anon_0076080,100
anon_0076033,90
anon_0076101,100
anon_0076063,95
anon_0076063,85
anon_0076063,95
anon_0076080,95
anon_0076063,85
anon_0076101,85
anon_0076080,85
anon_0076080,95
anon_0076101,100
anon_0076067,100
anon_0076063,70
anon_0076063,85
anon_0076063,85
anon_0076101,100
anon_0076101,85
anon_0076063,85
anon_0076080,85
anon_0076101,95
anon_0076080,85
anon_0076080,90
anon_0076101,95
anon_0076063,95
anon_0076101,85
anon_0076063,90
anon_0076101,90
anon_0076101,90
anon_0076063,90
anon_0076101,90
anon_0076080,75
anon_0076063,85
anon_0076101,90
anon_0076101,95
anon_0076130,100
anon_0076117,100
anon_0076147,85
anon_0076117,95
anon_0076147,100
anon_0076117,85
anon_0076133,95
anon_0076184,100
anon_0076124,95
anon_0076124,80
anon_0076116,85
anon_0076130,100
anon_0076184,100
anon_0076116,100
anon_0076124,100
anon_0076117,95
anon_0076116,100
anon_0076133,60
anon_0076124,100
anon_0076116,85
anon_0076116,85
anon_0076117,90
anon_0076124,100
anon_0076133,95
anon_0076116,100
anon_0076117,85
anon_0076116,90
anon_0076116,90
anon_0076130,70
anon_0076124,100
anon_0076138,95
anon_0076117,95
anon_0076147,85
anon_0076116,100
anon_0076116,85
anon_0076147,90
anon_0076133,90
anon_0076124,100
anon_0076116,90
anon_0076138,95
anon_0076124,85
anon_0076117,90
anon_0076135,85
anon_0076117,100
anon_0076135,85
anon_0076115,85
anon_0076115,75
anon_0076101,95
anon_0076101,90
anon_0076138,85
anon_0076116,90
anon_0076130,90
anon_0076147,85
anon_0076138,90
anon_0076184,95
anon_0076116,85
anon_0076135,90
anon_0076101,85
anon_0076135,85
anon_0076133,100
anon_0076115,85
anon_0076116,100
anon_0076115,30
anon_0076124,90
anon_0076138,95
anon_0076138,90
anon_0076135,100
anon_0076117,100
anon_0076116,90
anon_0076117,90
anon_0076124,100
anon_0076101,90
anon_0076133,100
anon_0076135,85
anon_0076138,90
anon_0076116,85
anon_0076147,85
anon_0076138,85
anon_0076115,90
anon_0076115,85
anon_0076138,75
anon_0076147,85
anon_0076116,90
anon_0076124,85
anon_0076115,85
anon_0076147,85
anon_0076115,75
anon_0076135,85
anon_0076138,90
anon_0076117,100
anon_0076147,75
anon_0076116,90
anon_0076116,100
anon_0076117,90
anon_0076117,85
anon_0076115,90
anon_0076117,85
anon_0076147,85
anon_0076117,85
anon_0076147,85
anon_0076135,90
anon_0076117,90
anon_0076117,90
anon_0076147,100
anon_0076116,85
anon_0076147,95
anon_0076147,95
anon_0076147,85
anon_0076116,100
anon_0076147,85
anon_0076117,90
anon_0076117,90
anon_0076147,90
anon_0076147,50
anon_0076116,85
anon_0076117,100
anon_0076115,95
anon_0076147,90
anon_0076115,85
anon_0076115,95
anon_0076147,85
anon_0076117,90
anon_0076147,95
anon_0076117,100
anon_0076147,100
anon_0076147,100
anon_0076117,85
anon_0076147,95
anon_0076147,100
anon_0076147,90
anon_0076116,85
anon_0076115,100
anon_0076147,90
anon_0076147,90
anon_0076101,85
anon_0076147,85
anon_0076133,40
anon_0076147,85
anon_0076147,85
anon_0076133,90
anon_0076147,85
anon_0076147,85
anon_0076147,90
anon_0076147,90
anon_0076117,90
anon_0076138,75
anon_0076147,100
anon_0076147,90
anon_0076147,90
anon_0076115,80
anon_0076133,85
anon_0076147,100
anon_0076147,85
anon_0076117,90
anon_0076138,95
anon_0076133,70
anon_0076117,95
anon_0076147,95
anon_0076147,95
anon_0076133,100
anon_0076147,95
anon_0076147,85
anon_0076133,90
anon_0076147,100
anon_0076133,90
anon_0076115,85
anon_0076133,95
anon_0076147,90
anon_0076147,85
anon_0076147,85
anon_0076117,85
anon_0076117,100
anon_0076147,95
anon_0076147,90
anon_0076147,85
anon_0076117,85
anon_0076117,90
anon_0076117,85
anon_0076115,85
anon_0076147,85
anon_0076115,90
anon_0076147,85
anon_0076206,100
anon_0076195,100
anon_0076206,100
anon_0076147,85
anon_0076203,90
anon_0076184,100
anon_0076206,100
anon_0076206,85
anon_0076206,100
anon_0076206,100
anon_0076206,100
anon_0076195,100
anon_0076228,100
anon_0076228,95
anon_0076147,90
anon_0076226,100
anon_0076203,90
anon_0076226,100
anon_0076228,100
anon_0076195,100
anon_0076206,100
anon_0076195,70
anon_0076228,100
anon_0076206,100
anon_0076206,90
anon_0076206,100
anon_0076226,85
anon_0076228,90
anon_0076184,85
anon_0076195,85
anon_0076195,100
anon_0076199,100
anon_0076184,100
anon_0076206,90
anon_0076206,100
anon_0076228,85
anon_0076206,85
anon_0076195,95
anon_0076206,85
anon_0076226,85
anon_0076206,30
anon_0076228,85
anon_0076228,85
anon_0076228,75
anon_0076206,100
anon_0076226,85
anon_0076195,85
anon_0076206,85
anon_0076206,50
anon_0076195,100
anon_0076199,90
anon_0076206,50
anon_0076195,85
anon_0076206,90
anon_0076206,85
anon_0076228,90
anon_0076228,85
anon_0076195,85
anon_0076206,100
anon_0076195,85
anon_0076203,90
anon_0076226,85
anon_0076206,90
anon_0076203,100
anon_0076195,85
anon_0076206,90
anon_0076207,95
anon_0076199,85
anon_0076228,95
anon_0076195,100
anon_0076199,85
anon_0076228,90
anon_0076228,85
anon_0076195,85
anon_0076228,95
anon_0076184,85
anon_0076195,85
anon_0076228,95
anon_0076195,85
anon_0076203,100
anon_0076228,100
anon_0076228,85
anon_0076226,100
anon_0076203,90
anon_0076199,85
anon_0076226,100
anon_0076206,100
anon_0076199,90
anon_0076199,85
anon_0076226,90
anon_0076195,85
anon_0076199,100
anon_0076199,85
anon_0076199,100
anon_0076195,90
anon_0076226,100
anon_0076206,100
anon_0076207,85
anon_0076199,95
anon_0076195,100
anon_0076199,90
anon_0076199,85
anon_0076207,85
anon_0076203,100
anon_0076199,95
anon_0076199,100
anon_0076228,85
anon_0076226,90
anon_0076207,100
anon_0076199,90
anon_0076207,100
anon_0076199,100
anon_0076207,90
anon_0076207,85
anon_0076199,95
anon_0076199,85
anon_0076199,90
anon_0076228,90
anon_0076207,100
anon_0076203,100
anon_0076199,85
anon_0076199,0
anon_0076228,85
anon_0076203,100
anon_0076207,90
anon_0076207,85
anon_0076199,90
anon_0076199,85
anon_0076203,100
anon_0076199,80
anon_0076228,95
anon_0076207,100
anon_0076226,50
anon_0076207,85
anon_0076228,85
anon_0076207,90
anon_0076207,100
anon_0076207,95
anon_0076203,85
anon_0076207,60
anon_0076207,50
anon_0076228,85
anon_0076199,50
anon_0076228,85
anon_0076199,100
anon_0076207,100
anon_0076207,85
anon_0076203,100
anon_0076228,95
anon_0076228,85
anon_0076199,100
anon_0076207,85
anon_0076228,90
anon_0076199,85
anon_0076199,20
anon_0076199,90
anon_0076207,90
anon_0076203,100
anon_0076203,100
anon_0076203,85
anon_0076199,100
anon_0076199,100
anon_0076203,90
anon_0076207,85
anon_0076199,90
anon_0076203,100
anon_0076199,100
anon_0076203,90
anon_0076228,90
anon_0076199,100
anon_0076228,90
anon_0076207,85
anon_0076228,90
anon_0076207,85
anon_0076203,95
anon_0076228,90
anon_0076199,90
anon_0076228,85
anon_0076203,90
anon_0076207,85
anon_0076199,85
anon_0076203,85
anon_0076199,85
anon_0076207,85
anon_0076199,85
anon_0076203,80
anon_0076199,85
anon_0076228,85
anon_0076203,90
anon_0076203,85
anon_0076228,85
anon_0076203,100
anon_0076203,90
anon_0076228,100
anon_0076199,85
anon_0076199,90
anon_0076203,90
anon_0076199,85
anon_0076199,85
anon_0076228,85
anon_0076203,90
anon_0076199,0
anon_0076203,90
anon_0076203,100
anon_0076207,85
anon_0076203,75
anon_0076317,100
anon_0076317,85
anon_0076251,100
anon_0076329,85
anon_0076329,100
anon_0076299,100
anon_0076251,85
anon_0076321,100
anon_0076310,85
anon_0076317,90
anon_0076251,100
anon_0076310,90
anon_0076305,90
anon_0076228,85
anon_0076310,100
anon_0076310,100
anon_0076250,100
anon_0076299,100
anon_0076305,50
anon_0076310,70
anon_0076317,95
anon_0076305,75
anon_0076305,90
anon_0076299,100
anon_0076250,90
anon_0076228,85
anon_0076321,50
anon_0076299,100
anon_0076228,85
anon_0076317,90
anon_0076251,95
anon_0076299,100
anon_0076310,100
anon_0076299,95
anon_0076310,100
anon_0076305,85
anon_0076317,75
anon_0076305,85
anon_0076305,85
anon_0076299,85
anon_0076321,90
anon_0076317,85
anon_0076305,50
anon_0076299,100
anon_0076299,95
anon_0076299,85
anon_0076228,85
anon_0076321,90
anon_0076310,50
anon_0076299,100
anon_0076299,100
anon_0076299,100
anon_0076310,75
anon_0076321,85
anon_0076305,70
anon_0076250,90
anon_0076299,85
anon_0076299,100
anon_0076299,95
anon_0076251,85
anon_0076310,100
anon_0076299,90
anon_0076317,100
anon_0076321,90
anon_0076329,80
anon_0076299,90
anon_0076299,50
anon_0076305,85
anon_0076321,70
anon_0076329,90
anon_0076251,100
anon_0076251,50
anon_0076251,90
anon_0076310,85
anon_0076310,90
anon_0076321,90
anon_0076299,85
anon_0076317,95
anon_0076310,85
anon_0076321,75
anon_0076321,50
anon_0076305,60
anon_0076329,90
anon_0076299,90
anon_0076299,100
anon_0076305,85
anon_0076299,90
anon_0076228,90
anon_0076299,50
anon_0076251,90
anon_0076310,95
anon_0076299,NA
anon_0076321,95
anon_0076310,85
anon_0076228,85
anon_0076251,90
anon_0076251,95
anon_0076310,85
anon_0076228,85
anon_0076321,85
anon_0076321,85
anon_0076251,95
anon_0076310,90
anon_0076251,85
anon_0076321,100
anon_0076321,75
anon_0076228,90
anon_0076310,100
anon_0076321,85
anon_0076251,70
anon_0076251,70
anon_0076299,85
anon_0076299,75
anon_0076299,95
anon_0076299,85
anon_0076228,85
anon_0076299,90
anon_0076299,100
anon_0076251,85
anon_0076299,100
anon_0076321,90
anon_0076299,85
anon_0076336,95
anon_0076383,100
anon_0076374,100
anon_0076336,100
anon_0076374,100
anon_0076374,90
anon_0076374,0
anon_0076374,90
anon_0076383,100
anon_0076336,85
anon_0076336,95
anon_0076361,85
anon_0076383,85
anon_0076374,50
anon_0076374,95
anon_0076374,90
anon_0076382,85
anon_0076336,90
anon_0076336,85
anon_0076374,100
anon_0076361,100
anon_0076361,85
anon_0076336,95
anon_0076336,90
anon_0076383,85
anon_0076346,100
anon_0076350,85
anon_0076346,0
anon_0076346,90
anon_0076383,90
anon_0076380,90
anon_0076321,85
anon_0076383,90
anon_0076382,90
anon_0076361,100
anon_0076346,90
anon_0076374,95
anon_0076361,100
anon_0076374,100
anon_0076346,100
anon_0076346,85
anon_0076374,90
anon_0076346,100
anon_0076346,85
anon_0076383,85
anon_0076336,90
anon_0076346,85
anon_0076321,95
anon_0076321,95
anon_0076374,95
anon_0076346,95
anon_0076361,85
anon_0076383,85
anon_0076374,95
anon_0076346,0
anon_0076336,85
anon_0076350,85
anon_0076374,100
anon_0076383,100
anon_0076374,85
anon_0076361,85
anon_0076374,90
anon_0076361,90
anon_0076346,95
anon_0076336,90
anon_0076350,100
anon_0076350,100
anon_0076346,100
anon_0076336,100
anon_0076374,90
anon_0076321,85
anon_0076336,85
anon_0076374,90
anon_0076374,85
anon_0076380,85
anon_0076382,95
anon_0076336,100
anon_0076374,85
anon_0076380,90
anon_0076374,95
anon_0076380,90
anon_0076350,85
anon_0076380,90
anon_0076346,90
anon_0076346,90
anon_0076346,90
anon_0076374,85
anon_0076382,100
anon_0076382,90
anon_0076350,85
anon_0076374,100
anon_0076382,75
anon_0076382,85
anon_0076374,90
anon_0076382,85
anon_0076374,100
anon_0076359,100
anon_0076350,50
anon_0076380,85
anon_0076350,50
anon_0076346,90
anon_0076382,85
anon_0076350,85
anon_0076359,85
anon_0076382,85
anon_0076321,85
anon_0076361,100
anon_0076350,85
anon_0076336,75
anon_0076374,85
anon_0076382,85
anon_0076374,85
anon_0076382,85
anon_0076359,90
anon_0076346,90
anon_0076382,100
anon_0076382,50
anon_0076346,90
anon_0076374,90
anon_0076374,95
anon_0076382,85
anon_0076374,90
anon_0076374,90
anon_0076382,85
anon_0076321,85
anon_0076321,85
anon_0076350,70
anon_0076321,90
anon_0076350,85
anon_0076321,90
anon_0076350,50
anon_0076374,85
anon_0076374,90
anon_0076321,85
anon_0076321,85
anon_0076359,90
anon_0076350,85
anon_0076408,100
anon_0076406,100
anon_0076406,100
anon_0076408,85
anon_0076390,100
anon_0076390,100
anon_0076408,100
anon_0076390,100
anon_0076406,85
anon_0076406,100
anon_0076390,100
anon_0076408,100
anon_0076422,100
anon_0076406,100
anon_0076445,90
anon_0076390,90
anon_0076459,100
anon_0076445,90
anon_0076408,100
anon_0076380,100
anon_0076390,100
anon_0076380,100
anon_0076390,85
anon_0076406,100
anon_0076422,100
anon_0076408,100
anon_0076406,85
anon_0076408,95
anon_0076390,85
anon_0076380,100
anon_0076380,85
anon_0076406,90
anon_0076431,85
anon_0076406,100
anon_0076406,100
anon_0076408,100
anon_0076445,90
anon_0076422,85
anon_0076406,90
anon_0076395,100
anon_0076408,80
anon_0076459,100
anon_0076408,100
anon_0076445,90
anon_0076445,95
anon_0076390,85
anon_0076408,100
anon_0076408,85
anon_0076390,95
anon_0076459,100
anon_0076408,100
anon_0076431,95
anon_0076390,100
anon_0076380,90
anon_0076395,85
anon_0076390,85
anon_0076459,100
anon_0076445,90
anon_0076406,95
anon_0076395,90
anon_0076431,95
anon_0076422,100
anon_0076422,90
anon_0076406,100
anon_0076395,85
anon_0076380,90
anon_0076395,85
anon_0076445,75
anon_0076390,100
anon_0076431,85
anon_0076406,90
anon_0076408,90
anon_0076422,95
anon_0076390,85
anon_0076390,95
anon_0076445,85
anon_0076459,100
anon_0076431,90
anon_0076408,100
anon_0076459,100
anon_0076380,100
anon_0076431,100
anon_0076431,100
anon_0076431,90
anon_0076395,90
anon_0076431,100
anon_0076395,100
anon_0076459,85
anon_0076462,90
anon_0076459,0
anon_0076422,90
anon_0076459,85
anon_0076459,100
anon_0076431,90
anon_0076395,85
anon_0076431,90
anon_0076459,85
anon_0076459,85
anon_0076395,85
anon_0076395,90
anon_0076462,85
anon_0076445,90
anon_0076459,100
anon_0076431,100
anon_0076422,100
anon_0076457,85
anon_0076445,85
anon_0076431,85
anon_0076445,50
anon_0076395,100
anon_0076462,85
anon_0076395,95
anon_0076459,85
anon_0076462,85
anon_0076408,90
anon_0076395,85
anon_0076422,90
anon_0076459,85
anon_0076395,85
anon_0076395,95
anon_0076395,85
anon_0076431,95
anon_0076459,85
anon_0076380,95
anon_0076462,100
anon_0076459,100
anon_0076431,90
anon_0076459,100
anon_0076422,90
anon_0076395,90
anon_0076431,95
anon_0076395,90
anon_0076395,85
anon_0076459,70
anon_0076395,85
anon_0076457,85
anon_0076459,85
anon_0076459,90
anon_0076445,90
anon_0076395,90
anon_0076395,85
anon_0076459,85
anon_0076395,85
anon_0076457,95
anon_0076395,100
anon_0076459,85
anon_0076459,85
anon_0076445,90
anon_0076459,95
anon_0076408,95
anon_0076457,100
anon_0076422,50
anon_0076459,85
anon_0076408,100
anon_0076422,85
anon_0076462,100
anon_0076408,90
anon_0076459,70
anon_0076462,95
anon_0076408,90
anon_0076390,85
anon_0076457,85
anon_0076406,85
anon_0076457,85
anon_0076390,90
anon_0076408,100
anon_0076408,100
anon_0076390,85
anon_0076408,100
anon_0076408,85
anon_0076408,50
anon_0076459,85
anon_0076457,100
anon_0076408,85
anon_0076457,100
anon_0076380,90
anon_0076390,85
anon_0076390,85
anon_0076390,95
anon_0076431,85
anon_0076395,85
anon_0076390,85
anon_0076380,100
anon_0076390,90
anon_0076395,85
anon_0076408,90
anon_0076390,85
anon_0076459,85
anon_0076390,85
anon_0076390,85
anon_0076390,90
anon_0076408,85
anon_0076408,85
anon_0076395,90
anon_0076395,85
anon_0076380,95
anon_0076390,90
anon_0076390,70
anon_0076380,85
anon_0076395,90
anon_0076380,85
anon_0076457,85
anon_0076390,70
anon_0076395,70
anon_0076431,95
anon_0076390,50
anon_0076459,85
anon_0076395,85
anon_0076380,95
anon_0076380,90
anon_0076380,90
anon_0076395,100
anon_0076395,85
anon_0076395,85
anon_0076395,95
anon_0076380,90
anon_0076395,85
anon_0076459,90
anon_0076380,90
anon_0076457,90
anon_0076390,100
anon_0076395,85
anon_0076390,85
anon_0076431,100
anon_0076457,90
anon_0076395,85
anon_0076395,90
anon_0076395,85
anon_0076380,85
anon_0076395,90
anon_0076457,85
anon_0076395,90
anon_0076380,85
anon_0076395,NA
anon_0076390,85
anon_0076380,95
anon_0076448,85
anon_0076464,100
anon_0076465,100
anon_0076465,0
anon_0076448,90
anon_0076448,90
anon_0076492,85
anon_0076464,95
anon_0076465,100
anon_0076465,90
anon_0076494,90
anon_0076448,90
anon_0076465,95
anon_0076464,100
anon_0076481,75
anon_0076465,100
anon_0076477,85
anon_0076448,85
anon_0076448,100
anon_0076464,90
anon_0076464,100
anon_0076448,95
anon_0076465,100
anon_0076448,85
anon_0076494,85
anon_0076494,100
anon_0076477,90
anon_0076477,85
anon_0076465,85
anon_0076477,90
anon_0076477,95
anon_0076448,100
anon_0076494,85
anon_0076448,85
anon_0076448,90
anon_0076477,50
anon_0076494,100
anon_0076464,100
anon_0076465,0
anon_0076477,50
anon_0076464,100
anon_0076448,90
anon_0076448,95
anon_0076448,90
anon_0076464,95
anon_0076448,85
anon_0076477,60
anon_0076448,90
anon_0076464,85
anon_0076448,80
anon_0076448,85
anon_0076464,95
anon_0076465,85
anon_0076465,90
anon_0076448,85
anon_0076448,90
anon_0076477,90
anon_0076477,90
anon_0076448,100
anon_0076465,100
anon_0076448,85
anon_0076448,85
anon_0076448,70
anon_0076465,95
anon_0076448,100
anon_0076448,100
anon_0076448,85
anon_0076448,80
anon_0076448,95
anon_0076448,85
anon_0076461,50
anon_0076477,85
anon_0076448,100
anon_0076448,90
anon_0076448,90
anon_0076477,90
anon_0076481,100
anon_0076465,100
anon_0076494,85
anon_0076448,90
anon_0076465,90
anon_0076448,100
anon_0076448,90
anon_0076448,100
anon_0076492,85
anon_0076448,95
anon_0076448,75
anon_0076448,100
anon_0076494,85
anon_0076448,85
anon_0076465,95
anon_0076477,95
anon_0076448,100
anon_0076448,100
anon_0076448,95
anon_0076464,100
anon_0076448,90
anon_0076448,95
anon_0076448,85
anon_0076448,80
anon_0076448,85
anon_0076481,85
anon_0076448,100
anon_0076448,85
anon_0076465,95
anon_0076448,50
anon_0076448,85
anon_0076448,95
anon_0076448,85
anon_0076448,85
anon_0076448,85
anon_0076464,85
anon_0076448,95
anon_0076448,85
anon_0076448,85
anon_0076448,50
anon_0076448,85
anon_0076448,90
anon_0076448,85
anon_0076448,85
anon_0076448,100
anon_0076448,85
anon_0076448,85
anon_0076464,100
anon_0076448,85
anon_0076448,100
anon_0076448,90
anon_0076448,85
anon_0076448,85
anon_0076448,85
anon_0076448,95
anon_0076448,100
anon_0076448,100
anon_0076448,100
anon_0076477,85
anon_0076448,85
anon_0076448,100
anon_0076477,85
anon_0076448,80
anon_0076464,85
anon_0076448,50
anon_0076448,100
anon_0076448,95
anon_0076448,85
anon_0076448,85
anon_0076448,85
anon_0076448,85
anon_0076448,85
anon_0076448,100
anon_0076448,85
anon_0076448,90
anon_0076448,100
anon_0076448,85
anon_0076448,100
anon_0076448,75
anon_0076448,85
anon_0076448,85
anon_0076448,85
anon_0076448,85
anon_0076539,100
anon_0076539,100
anon_0076528,70
anon_0076509,85
anon_0076528,90
anon_0076528,95
anon_0076528,90
anon_0076494,85
anon_0076492,100
anon_0076523,90
anon_0076528,95
anon_0076550,85
anon_0076523,100
anon_0076539,85
anon_0076539,100
anon_0076492,90
anon_0076532,85
anon_0076539,100
anon_0076523,90
anon_0076550,70
anon_0076523,85
anon_0076494,50
anon_0076509,95
anon_0076528,100
anon_0076523,90
anon_0076533,85
anon_0076532,90
anon_0076509,100
anon_0076492,85
anon_0076509,100
anon_0076523,95
anon_0076494,85
anon_0076539,85
anon_0076509,95
anon_0076509,85
anon_0076492,90
anon_0076509,100
anon_0076528,85
anon_0076509,85
anon_0076509,100
anon_0076523,90
anon_0076509,90
anon_0076528,95
anon_0076492,100
anon_0076509,85
anon_0076509,100
anon_0076523,95
anon_0076533,95
anon_0076492,85
anon_0076492,85
anon_0076492,85
anon_0076528,85
anon_0076533,85
anon_0076533,90
anon_0076523,85
anon_0076533,100
anon_0076533,100
anon_0076539,100
anon_0076492,90
anon_0076492,85
anon_0076509,90
anon_0076532,20
anon_0076523,90
anon_0076509,90
anon_0076528,85
anon_0076523,85
anon_0076562,85
anon_0076539,90
anon_0076523,85
anon_0076539,90
anon_0076528,100
anon_0076528,60
anon_0076509,85
anon_0076494,85
anon_0076523,100
anon_0076509,85
anon_0076523,85
anon_0076562,85
anon_0076523,90
anon_0076539,100
anon_0076523,85
anon_0076523,90
anon_0076523,85
anon_0076509,85
anon_0076492,85
anon_0076532,95
anon_0076492,85
anon_0076492,100
anon_0076523,85
anon_0076532,50
anon_0076509,100
anon_0076509,100
anon_0076509,100
anon_0076539,85
anon_0076509,85
anon_0076509,90
anon_0076509,100
anon_0076532,85
anon_0076523,90
anon_0076523,90
anon_0076492,85
anon_0076523,85
anon_0076509,100
anon_0076492,50
anon_0076509,85
anon_0076492,85
anon_0076492,100
anon_0076523,85
anon_0076562,90
anon_0076532,90
anon_0076509,85
anon_0076492,85
anon_0076492,85
anon_0076509,100
anon_0076523,90
anon_0076509,90
anon_0076532,90
anon_0076492,85
anon_0076532,85
anon_0076523,90
anon_0076492,85
anon_0076532,100
anon_0076523,90
anon_0076532,95
anon_0076492,100
anon_0076492,90
anon_0076492,100
anon_0076492,100
anon_0076492,95
anon_0076492,85
anon_0076509,85
anon_0076492,85
anon_0076492,85
anon_0076492,85
anon_0076492,85
anon_0076509,90
anon_0076492,85
anon_0076532,90
anon_0076492,100
anon_0076523,95
anon_0076610,100
anon_0076569,100
anon_0076569,85
anon_0076569,90
anon_0076569,90
anon_0076611,90
anon_0076569,100
anon_0076611,85
anon_0076569,100
anon_0076610,90
anon_0076562,85
anon_0076611,85
anon_0076630,100
anon_0076611,85
anon_0076562,90
anon_0076569,90
anon_0076562,100
anon_0076630,85
anon_0076610,85
anon_0076611,85
anon_0076569,95
anon_0076611,85
anon_0076569,85
anon_0076569,100
anon_0076569,90
anon_0076611,100
anon_0076562,85
anon_0076611,100
anon_0076569,90
anon_0076611,85
anon_0076562,50
anon_0076630,85
anon_0076611,90
anon_0076562,85
anon_0076562,100
anon_0076562,100
anon_0076562,100
anon_0076610,90
anon_0076611,85
anon_0076628,100
anon_0076630,100
anon_0076610,100
anon_0076630,90
anon_0076620,85
anon_0076620,100
anon_0076628,75
anon_0076620,85
anon_0076630,85
anon_0076562,50
anon_0076611,85
anon_0076611,95
anon_0076611,85
anon_0076610,100
anon_0076620,100
anon_0076620,85
anon_0076610,100
anon_0076611,85
anon_0076620,85
anon_0076628,100
anon_0076620,100
anon_0076611,85
anon_0076626,85
anon_0076620,90
anon_0076628,100
anon_0076620,85
anon_0076611,70
anon_0076611,75
anon_0076626,90
anon_0076610,100
anon_0076611,90
anon_0076620,85
anon_0076626,85
anon_0076610,85
anon_0076628,90
anon_0076628,95
anon_0076628,75
anon_0076628,100
anon_0076611,85
anon_0076611,70
anon_0076620,75
anon_0076610,100
anon_0076611,85
anon_0076628,85
anon_0076611,85
anon_0076611,90
anon_0076620,90
anon_0076611,90
anon_0076628,85
anon_0076628,NA
anon_0076620,85
anon_0076620,100
anon_0076611,85
anon_0076620,100
anon_0076628,50
anon_0076611,100
anon_0076620,100
anon_0076611,90
anon_0076620,90
anon_0076610,100
anon_0076620,100
anon_0076628,85
anon_0076620,100
anon_0076610,90
anon_0076611,85
anon_0076620,100
anon_0076611,85
anon_0076620,90
anon_0076620,85
anon_0076620,95
anon_0076610,90
anon_0076620,85
anon_0076620,85
anon_0076611,100
anon_0076611,85
anon_0076628,90
anon_0076620,85
anon_0076628,100
anon_0076620,100
anon_0076620,95
anon_0076626,85
anon_0076620,85
anon_0076611,85
anon_0076562,85
anon_0076611,90
anon_0076626,90
anon_0076620,85
anon_0076620,95
anon_0076628,85
anon_0076610,90
anon_0076610,100
anon_0076620,100
anon_0076620,90
anon_0076620,95
anon_0076620,85
anon_0076620,90
anon_0076620,100
anon_0076620,100
anon_0076611,85
anon_0076620,95
anon_0076611,85
anon_0076662,100
anon_0076620,90
anon_0076647,100
anon_0076620,90
anon_0076637,100
anon_0076640,100
anon_0076659,85
anon_0076659,95
anon_0076663,100
anon_0076640,100
anon_0076637,85
anon_0076659,100
anon_0076628,90
anon_0076637,100
anon_0076659,90
anon_0076659,100
anon_0076640,100
anon_0076645,100
anon_0076662,90
anon_0076640,100
anon_0076637,95
anon_0076630,90
anon_0076647,100
anon_0076637,100
anon_0076663,100
anon_0076637,100
anon_0076662,85
anon_0076637,95
anon_0076662,85
anon_0076645,90
anon_0076640,90
anon_0076637,100
anon_0076659,80
anon_0076630,75
anon_0076659,90
anon_0076640,85
anon_0076663,85
anon_0076640,90
anon_0076630,95
anon_0076640,85
anon_0076663,90
anon_0076659,100
anon_0076645,100
anon_0076637,90
anon_0076647,100
anon_0076637,100
anon_0076659,100
anon_0076640,85
anon_0076637,75
anon_0076630,75
anon_0076637,85
anon_0076637,85
anon_0076640,85
anon_0076626,100
anon_0076630,85
anon_0076637,100
anon_0076620,85
anon_0076626,100
anon_0076645,85
anon_0076626,100
anon_0076637,90
anon_0076663,100
anon_0076626,85
anon_0076647,60
anon_0076637,50
anon_0076656,85
anon_0076640,50
anon_0076620,85
anon_0076637,85
anon_0076626,95
anon_0076626,90
anon_0076626,100
anon_0076640,90
anon_0076626,100
anon_0076637,85
anon_0076620,95
anon_0076656,85
anon_0076626,85
anon_0076656,90
anon_0076626,100
anon_0076637,95
anon_0076626,100
anon_0076626,90
anon_0076640,100
anon_0076626,95
anon_0076626,100
anon_0076640,85
anon_0076626,90
anon_0076659,100
anon_0076640,100
anon_0076620,100
anon_0076626,85
anon_0076640,100
anon_0076620,85
anon_0076637,100
anon_0076637,85
anon_0076626,90
anon_0076626,85
anon_0076626,85
anon_0076626,95
anon_0076626,100
anon_0076637,90
anon_0076640,85
anon_0076637,70
anon_0076626,100
anon_0076620,100
anon_0076626,85
anon_0076637,85
anon_0076637,85
anon_0076637,100
anon_0076640,100
anon_0076637,90
anon_0076626,100
anon_0076626,85
anon_0076626,85
anon_0076637,100
anon_0076626,95
anon_0076659,90
anon_0076645,85
anon_0076626,85
anon_0076626,100
anon_0076626,80
anon_0076640,50
anon_0076626,100
anon_0076626,90
anon_0076626,95
anon_0076637,100
anon_0076637,85
anon_0076637,85
anon_0076626,85
anon_0076637,100
anon_0076626,90
anon_0076637,85
anon_0076640,85
anon_0076626,85
anon_0076620,90
anon_0076637,85
anon_0076637,85
anon_0076626,60
anon_0076656,85
anon_0076637,85
anon_0076626,90
anon_0076637,60
anon_0076626,70
anon_0076637,100
anon_0076626,90
anon_0076656,100
anon_0076640,90
anon_0076656,90
anon_0076637,90
anon_0076637,85
anon_0076626,100
anon_0076637,100
anon_0076637,100
anon_0076637,95
anon_0076637,85
anon_0076626,100
anon_0076637,85
anon_0076640,85
anon_0076637,85
anon_0076630,90
anon_0076637,100
anon_0076637,100
anon_0076637,95
anon_0076656,100
anon_0076626,100
anon_0076637,90
anon_0076637,85
anon_0076637,85
anon_0076667,75
anon_0076693,95
anon_0076665,90
anon_0076667,90
anon_0076664,100
anon_0076665,85
anon_0076664,100
anon_0076665,85
anon_0076693,100
anon_0076659,95
anon_0076670,100
anon_0076693,95
anon_0076665,90
anon_0076670,90
anon_0076659,90
anon_0076667,85
anon_0076667,NA
anon_0076696,100
anon_0076693,90
anon_0076670,90
anon_0076665,90
anon_0076696,100
anon_0076696,90
anon_0076696,85
anon_0076670,85
anon_0076664,100
anon_0076659,90
anon_0076667,85
anon_0076693,85
anon_0076670,90
anon_0076696,85
anon_0076663,100
anon_0076665,85
anon_0076663,85
anon_0076663,100
anon_0076664,100
anon_0076659,85
anon_0076659,85
anon_0076670,50
anon_0076663,100
anon_0076696,95
anon_0076665,85
anon_0076696,85
anon_0076659,100
anon_0076696,85
anon_0076665,85
anon_0076663,100
anon_0076659,85
anon_0076665,100
anon_0076667,85
anon_0076665,85
anon_0076667,100
anon_0076667,85
anon_0076659,85
anon_0076667,85
anon_0076663,100
anon_0076659,95
anon_0076667,85
anon_0076665,100
anon_0076665,85
anon_0076665,100
anon_0076659,100
anon_0076667,70
anon_0076696,100
anon_0076659,90
anon_0076680,100
anon_0076667,85
anon_0076665,85
anon_0076680,95
anon_0076659,90
anon_0076680,90
anon_0076659,90
anon_0076664,90
anon_0076693,100
anon_0076680,85
anon_0076665,85
anon_0076680,100
anon_0076696,85
anon_0076665,85
anon_0076665,85
anon_0076663,95
anon_0076680,85
anon_0076659,90
anon_0076667,85
anon_0076659,90
anon_0076667,100
anon_0076693,100
anon_0076665,90
anon_0076693,100
anon_0076667,85
anon_0076693,100
anon_0076664,50
anon_0076667,85
anon_0076665,70
anon_0076680,70
anon_0076664,85
anon_0076693,90
anon_0076693,50
anon_0076693,85
anon_0076693,85
anon_0076693,100
anon_0076693,50
anon_0076693,100
anon_0076680,85
anon_0076659,85
anon_0076664,50
anon_0076693,95
anon_0076693,90
anon_0076665,85
anon_0076664,90
anon_0076693,90
anon_0076693,95
anon_0076693,85
anon_0076693,90
anon_0076693,50
anon_0076680,85
anon_0076665,85
anon_0076664,95
anon_0076693,90
anon_0076693,90
anon_0076693,50
anon_0076693,85
anon_0076659,90
anon_0076693,85
anon_0076659,90
anon_0076659,85
anon_0076680,90
anon_0076693,50
anon_0076670,100
anon_0076753,90
anon_0076752,90
anon_0076670,100
anon_0076713,85
anon_0076725,85
anon_0076696,100
anon_0076752,100
anon_0076752,100
anon_0076725,90
anon_0076696,85
anon_0076770,100
anon_0076753,85
anon_0076758,90
anon_0076725,100
anon_0076725,85
anon_0076725,85
anon_0076725,85
anon_0076696,85
anon_0076696,90
anon_0076725,85
anon_0076713,100
anon_0076670,100
anon_0076725,90
anon_0076696,75
anon_0076725,100
anon_0076752,100
anon_0076752,90
anon_0076753,85
anon_0076758,85
anon_0076696,85
anon_0076696,85
anon_0076770,90
anon_0076770,85
anon_0076753,90
anon_0076725,85
anon_0076752,100
anon_0076713,90
anon_0076758,85
anon_0076713,100
anon_0076770,100
anon_0076696,85
anon_0076696,90
anon_0076713,95
anon_0076696,85
anon_0076696,90
anon_0076713,100
anon_0076725,90
anon_0076752,100
anon_0076713,90
anon_0076693,100
anon_0076693,100
anon_0076670,100
anon_0076713,100
anon_0076758,90
anon_0076753,100
anon_0076693,100
anon_0076693,100
anon_0076753,75
anon_0076759,90
anon_0076693,100
anon_0076693,100
anon_0076713,100
anon_0076693,100
anon_0076758,90
anon_0076713,100
anon_0076696,70
anon_0076713,85
anon_0076759,85
anon_0076693,100
anon_0076670,100
anon_0076693,100
anon_0076693,100
anon_0076759,90
anon_0076758,100
anon_0076713,90
anon_0076758,85
anon_0076693,100
anon_0076693,100
anon_0076713,85
anon_0076752,95
anon_0076759,85
anon_0076759,100
anon_0076693,100
anon_0076670,90
anon_0076713,90
anon_0076752,100
anon_0076758,100
anon_0076752,95
anon_0076713,95
anon_0076758,95
anon_0076713,85
anon_0076759,85
anon_0076670,85
anon_0076752,90
anon_0076752,100
anon_0076693,100
anon_0076752,100
anon_0076758,85
anon_0076759,85
anon_0076759,90
anon_0076693,100
anon_0076693,100
anon_0076670,100
anon_0076759,90
anon_0076713,85
anon_0076759,85
anon_0076759,85
anon_0076753,100
anon_0076752,90
anon_0076752,85
anon_0076693,100
anon_0076759,95
anon_0076752,85
anon_0076759,85
anon_0076759,50
anon_0076693,100
anon_0076753,95
anon_0076759,90
anon_0076670,90
anon_0076759,85
anon_0076753,85
anon_0076752,85
anon_0076759,75
anon_0076808,90
anon_0076811,90
anon_0076829,90
anon_0076808,85
anon_0076792,100
anon_0076811,85
anon_0076817,100
anon_0076817,90
anon_0076808,85
anon_0076811,85
anon_0076817,100
anon_0076787,100
anon_0076829,100
anon_0076811,85
anon_0076835,85
anon_0076841,85
anon_0076817,85
anon_0076808,85
anon_0076817,100
anon_0076829,100
anon_0076770,0
anon_0076817,85
anon_0076808,85
anon_0076835,85
anon_0076817,90
anon_0076792,90
anon_0076792,100
anon_0076817,90
anon_0076835,100
anon_0076811,90
anon_0076835,100
anon_0076817,85
anon_0076841,90
anon_0076792,85
anon_0076829,85
anon_0076817,85
anon_0076787,85
anon_0076838,50
anon_0076817,90
anon_0076841,85
anon_0076829,85
anon_0076808,95
anon_0076817,90
anon_0076787,95
anon_0076808,85
anon_0076835,95
anon_0076835,90
anon_0076808,85
anon_0076792,100
anon_0076817,100
anon_0076817,85
anon_0076792,85
anon_0076829,85
anon_0076792,100
anon_0076835,100
anon_0076792,90
anon_0076808,85
anon_0076808,90
anon_0076829,90
anon_0076817,90
anon_0076817,95
anon_0076792,100
anon_0076829,90
anon_0076787,90
anon_0076817,85
anon_0076817,90
anon_0076808,90
anon_0076829,85
anon_0076811,85
anon_0076811,100
anon_0076792,85
anon_0076811,90
anon_0076808,0
anon_0076787,100
anon_0076808,85
anon_0076838,85
anon_0076787,100
anon_0076792,100
anon_0076829,85
anon_0076787,100
anon_0076808,90
anon_0076829,90
anon_0076792,85
anon_0076829,85
anon_0076811,85
anon_0076829,95
anon_0076787,100
anon_0076838,90
anon_0076808,85
anon_0076808,50
anon_0076811,90
anon_0076787,100
anon_0076808,90
anon_0076787,100
anon_0076787,100
anon_0076787,100
anon_0076808,90
anon_0076808,85
anon_0076787,90
anon_0076787,100
anon_0076792,100
anon_0076787,100
anon_0076787,100
anon_0076792,95
anon_0076808,85
anon_0076808,90
anon_0076792,100
anon_0076808,85
anon_0076817,90
anon_0076808,85
anon_0076792,85
anon_0076835,90
anon_0076787,90
anon_0076808,90
anon_0076792,75
anon_0076808,85
anon_0076808,85
anon_0076808,95
anon_0076792,95
anon_0076808,85
anon_0076787,100
anon_0076829,85
anon_0076808,85
anon_0076792,100
anon_0076808,90
anon_0076808,85
anon_0076808,85
anon_0076808,85
anon_0076808,85
anon_0076808,85
anon_0076817,85
anon_0076787,100
anon_0076792,100
anon_0076808,85
anon_0076792,90
anon_0076808,95
anon_0076787,100
anon_0076808,100
anon_0076808,90
anon_0076792,85
anon_0076808,90
anon_0076834,100
anon_0076865,85
anon_0076865,100
anon_0076847,85
anon_0076865,100
anon_0076848,95
anon_0076865,100
anon_0076847,90
anon_0076865,100
anon_0076865,90
anon_0076857,100
anon_0076865,85
anon_0076865,100
anon_0076847,85
anon_0076857,100
anon_0076848,100
anon_0076847,85
anon_0076848,85
anon_0076847,85
anon_0076834,90
anon_0076834,85
anon_0076857,100
anon_0076865,100
anon_0076865,100
anon_0076862,95
anon_0076841,85
anon_0076848,100
anon_0076848,90
anon_0076865,70
anon_0076848,100
anon_0076848,85
anon_0076857,85
anon_0076841,95
anon_0076834,85
anon_0076848,100
anon_0076862,85
anon_0076862,50
anon_0076841,100
anon_0076834,100
anon_0076847,85
anon_0076847,95
anon_0076865,90
anon_0076857,100
anon_0076857,85
anon_0076848,85
anon_0076857,75
anon_0076841,85
anon_0076841,70
anon_0076847,90
anon_0076834,60
anon_0076862,90
anon_0076841,50
anon_0076865,85
anon_0076865,100
anon_0076865,100
anon_0076857,85
anon_0076847,85
anon_0076862,30
anon_0076847,85
anon_0076841,85
anon_0076862,90
anon_0076847,95
anon_0076862,85
anon_0076865,100
anon_0076841,90
anon_0076848,85
anon_0076841,90
anon_0076862,90
anon_0076862,85
anon_0076847,75
anon_0076847,100
anon_0076865,90
anon_0076862,85
anon_0076865,100
anon_0076847,95
anon_0076847,90
anon_0076848,85
anon_0076865,85
anon_0076865,85
anon_0076862,100
anon_0076847,70
anon_0076834,90
anon_0076848,90
anon_0076865,100
anon_0076841,40
anon_0076865,85
anon_0076865,100
anon_0076841,85
anon_0076862,90
anon_0076847,90
anon_0076848,100
anon_0076862,50
anon_0076847,90
anon_0076847,85
anon_0076848,90
anon_0076847,90
anon_0076848,85
anon_0076847,85
anon_0076847,85
anon_0076873,80
anon_0076938,95
anon_0076922,100
anon_0076938,100
anon_0076873,85
anon_0076938,100
anon_0076865,100
anon_0076938,90
anon_0076873,100
anon_0076947,100
anon_0076938,90
anon_0076865,85
anon_0076922,85
anon_0076916,85
anon_0076848,100
anon_0076938,100
anon_0076938,90
anon_0076947,90
anon_0076913,90
anon_0076848,100
anon_0076922,100
anon_0076865,100
anon_0076913,90
anon_0076916,85
anon_0076938,100
anon_0076916,50
anon_0076938,70
anon_0076922,85
anon_0076913,75
anon_0076922,85
anon_0076916,100
anon_0076913,90
anon_0076873,95
anon_0076848,100
anon_0076873,95
anon_0076913,95
anon_0076922,100
anon_0076913,95
anon_0076848,85
anon_0076873,85
anon_0076848,90
anon_0076938,100
anon_0076938,90
anon_0076922,90
anon_0076873,95
anon_0076938,90
anon_0076865,85
anon_0076938,100
anon_0076938,90
anon_0076938,100
anon_0076865,85
anon_0076938,90
anon_0076938,100
anon_0076916,95
anon_0076865,90
anon_0076848,95
anon_0076939,90
anon_0076922,95
anon_0076922,90
anon_0076939,85
anon_0076922,90
anon_0076848,100
anon_0076873,85
anon_0076873,90
anon_0076873,90
anon_0076938,90
anon_0076922,100
anon_0076922,95
anon_0076938,90
anon_0076922,90
anon_0076913,95
anon_0076922,95
anon_0076848,95
anon_0076922,85
anon_0076848,90
anon_0076916,95
anon_0076922,100
anon_0076848,85
anon_0076873,90
anon_0076848,100
anon_0076848,85
anon_0076913,85
anon_0076865,85
anon_0076848,100
anon_0076848,85
anon_0076922,85
anon_0076938,90
anon_0076922,85
anon_0076865,95
anon_0076848,100
anon_0076873,90
anon_0076922,85
anon_0076916,95
anon_0076922,85
anon_0076908,100
anon_0076922,85
anon_0076922,90
anon_0076908,100
anon_0076922,95
anon_0076865,85
anon_0076873,20
anon_0076939,85
anon_0076908,95
anon_0076916,100
anon_0076916,85
anon_0076877,85
anon_0076865,90
anon_0076848,85
anon_0076908,85
anon_0076922,100
anon_0076922,100
anon_0076922,90
anon_0076916,85
anon_0076916,85
anon_0076873,85
anon_0076916,85
anon_0076916,95
anon_0076877,95
anon_0076908,90
anon_0076922,95
anon_0076916,95
anon_0076916,85
anon_0076877,100
anon_0076922,85
anon_0076922,85
anon_0076922,50
anon_0076916,85
anon_0076908,85
anon_0076877,100
anon_0076848,75
anon_0076922,85
anon_0076873,90
anon_0076877,95
anon_0076877,85
anon_0076873,100
anon_0076922,85
anon_0076873,90
anon_0076877,85
anon_0076916,85
anon_0076922,85
anon_0076873,85
anon_0076877,90
anon_0076865,100
anon_0076873,90
anon_0076877,90
anon_0076877,100
anon_0076873,90
anon_0076916,90
anon_0076877,100
anon_0076877,100
anon_0076922,85
anon_0076877,85
anon_0076873,85
anon_0076877,100
anon_0076916,95
anon_0076873,85
anon_0076877,90
anon_0076916,100
anon_0076877,100
anon_0076873,95
anon_0076916,85
anon_0076877,90
anon_0076877,100
anon_0076877,85
anon_0076908,50
anon_0076873,85
anon_0076922,85
anon_0076939,90
anon_0076877,90
anon_0076922,85
anon_0076877,75
anon_0076908,90
anon_0076873,90
anon_0076877,100
anon_0076939,90
anon_0076939,100
anon_0076939,90
anon_0076877,85
anon_0076873,85
anon_0076922,85
anon_0076939,90
anon_0076939,100
anon_0076939,95
anon_0076877,90
anon_0076877,85
anon_0076873,85
anon_0076916,85
anon_0076939,85
anon_0076916,90
anon_0076908,85
anon_0076939,90
anon_0076877,90
anon_0076873,85
anon_0076939,90
anon_0076916,90
anon_0076939,100
anon_0076877,100
anon_0076877,85
anon_0076939,90
anon_0076877,90
anon_0076873,90
anon_0076877,95
anon_0076939,50
anon_0076939,90
anon_0076939,85
anon_0076987,100
anon_0076954,100
anon_0076987,0
anon_0076954,100
anon_0077015,0
anon_0076995,100
anon_0076954,100
anon_0076987,100
anon_0077006,90
anon_0076954,100
anon_0076954,100
anon_0076958,100
anon_0076995,85
anon_0077006,100
anon_0076958,100
anon_0076987,100
anon_0077023,100
anon_0076954,100
anon_0076992,100
anon_0077023,100
anon_0076987,85
anon_0076954,100
anon_0076992,90
anon_0076992,100
anon_0077023,100
anon_0076992,100
anon_0076987,100
anon_0076954,100
anon_0076992,85
anon_0076954,100
anon_0077015,90
anon_0077006,95
anon_0076992,95
anon_0077006,95
anon_0077015,100
anon_0076987,100
anon_0076992,85
anon_0077015,100
anon_0077006,85
anon_0077015,85
anon_0076995,90
anon_0076987,100
anon_0076987,95
anon_0076992,85
anon_0076992,100
anon_0077006,85
anon_0077023,90
anon_0076987,95
anon_0077023,100
anon_0076992,90
anon_0076954,95
anon_0076958,100
anon_0076954,100
anon_0076954,100
anon_0077015,85
anon_0077015,85
anon_0076992,85
anon_0076954,100
anon_0077006,100
anon_0077015,90
anon_0077015,90
anon_0076992,90
anon_0077006,50
anon_0077006,90
anon_0076992,100
anon_0076992,85
anon_0076984,90
anon_0076992,95
anon_0077006,85
anon_0076984,85
anon_0077015,90
anon_0076954,90
anon_0077015,95
anon_0076992,95
anon_0077015,90
anon_0076984,90
anon_0077015,85
anon_0076954,100
anon_0076984,85
anon_0076992,85
anon_0076954,95
anon_0076987,85
anon_0076984,90
anon_0076958,85
anon_0077015,85
anon_0076958,70
anon_0077006,80
anon_0076984,60
anon_0077015,95
anon_0076984,85
anon_0077006,0
anon_0077015,100
anon_0076984,95
anon_0076992,100
anon_0077015,90
anon_0077015,90
anon_0076992,85
anon_0077015,85
anon_0077015,85
anon_0076984,95
anon_0077015,85
anon_0076954,100
anon_0076984,95
anon_0076992,0
anon_0076984,90
anon_0076984,95
anon_0076984,95
anon_0076992,85
anon_0077015,85
anon_0077015,90
anon_0077006,50
anon_0077015,95
anon_0077006,50
anon_0076984,95
anon_0077023,100
anon_0076992,90
anon_0076992,50
anon_0076984,95
anon_0076992,90
anon_0076987,90
anon_0077015,85
anon_0077006,85
anon_0077006,50
anon_0077015,85
anon_0076984,90
anon_0076958,90
anon_0076992,90
anon_0077015,85
anon_0076992,85
anon_0076984,90
anon_0077015,85
anon_0076992,90
anon_0076992,85
anon_0077006,85
anon_0076984,95
anon_0077006,90
anon_0076984,85
anon_0076992,85
anon_0076984,90
anon_0076984,95
anon_0077015,90
anon_0077006,85
anon_0077015,85
anon_0076984,40
anon_0077015,100
anon_0076992,85
anon_0077006,90
anon_0077015,90
anon_0076984,50
anon_0077015,0
anon_0076984,90
anon_0076984,85
anon_0076992,90
anon_0076984,100
anon_0076987,90
anon_0076992,75
anon_0076984,85
anon_0076984,85
anon_0076984,95
anon_0076984,95
anon_0077043,0
anon_0077053,100
anon_0077043,100
anon_0077030,100
anon_0077053,100
anon_0077053,85
anon_0077053,70
anon_0077043,90
anon_0077055,85
anon_0077058,85
anon_0077053,100
anon_0077052,90
anon_0077053,90
anon_0077043,100
anon_0077053,100
anon_0077058,50
anon_0077055,100
anon_0077053,90
anon_0077058,95
anon_0077058,85
anon_0077043,85
anon_0077023,100
anon_0077023,85
anon_0077053,90
anon_0077052,85
anon_0077052,85
anon_0077043,100
anon_0077052,85
anon_0077052,30
anon_0077058,90
anon_0077058,85
anon_0077030,90
anon_0077043,85
anon_0077030,90
anon_0077058,100
anon_0077043,100
anon_0077058,100
anon_0077058,90
anon_0077052,100
anon_0077052,100
anon_0077043,85
anon_0077052,85
anon_0077078,80
anon_0077043,85
anon_0077055,90
anon_0077043,70
anon_0077058,95
anon_0077052,90
anon_0077078,85
anon_0077052,90
anon_0077052,95
anon_0077078,95
anon_0077052,70
anon_0077030,95
anon_0077078,50
anon_0077058,85
anon_0077043,85
anon_0077053,100
anon_0077043,100
anon_0077052,85
anon_0077055,100
anon_0077052,100
anon_0077058,90
anon_0077058,100
anon_0077078,75
anon_0077043,85
anon_0077043,85
anon_0077043,95
anon_0077058,100
anon_0077052,85
anon_0077055,100
anon_0077058,85
anon_0077058,100
anon_0077058,85
anon_0077052,95
anon_0077058,85
anon_0077058,75
anon_0077030,85
anon_0077078,85
anon_0077058,85
anon_0077053,100
anon_0077052,100
anon_0077053,100
anon_0077053,85
anon_0077023,90
anon_0077052,100
anon_0077052,90
anon_0077052,95
anon_0077052,85
anon_0077052,85
anon_0077052,90
anon_0077052,100
anon_0077023,100
anon_0077023,100
anon_0077030,100
anon_0077043,100
anon_0077023,100
anon_0077023,100
anon_0077078,85
anon_0077052,90
anon_0077023,50
anon_0077058,90
anon_0077023,85
anon_0077030,90
anon_0077052,100
anon_0077030,50
anon_0077052,90
anon_0077055,70
anon_0077030,95
anon_0077058,85
anon_0077030,100
anon_0077052,100
anon_0077052,100
anon_0077030,85
anon_0077030,85
anon_0077058,100
anon_0077030,85
anon_0077052,85
anon_0077030,85
anon_0077043,100
anon_0077030,90
anon_0077052,100
anon_0077058,85
anon_0077030,100
anon_0077052,50
anon_0077030,90
anon_0077030,95
anon_0077052,90
anon_0077030,90
anon_0077030,90
anon_0077030,85
anon_0077030,100
anon_0077053,90
anon_0077052,85
anon_0077030,85
anon_0077030,85
anon_0077030,85
anon_0077052,85
anon_0077052,50
anon_0077052,85
anon_0077023,90
anon_0077023,85
anon_0077078,90
anon_0077125,0
anon_0077123,85
anon_0077081,100
anon_0077155,95
anon_0077123,85
anon_0077102,95
anon_0077125,90
anon_0077123,85
anon_0077102,95
anon_0077123,85
anon_0077168,90
anon_0077148,100
anon_0077123,100
anon_0077102,0
anon_0077161,50
anon_0077081,85
anon_0077155,85
anon_0077148,100
anon_0077123,85
anon_0077123,85
anon_0077162,80
anon_0077168,85
anon_0077155,100
anon_0077117,85
anon_0077155,50
anon_0077102,85
anon_0077102,100
anon_0077155,90
anon_0077102,100
anon_0077148,85
anon_0077148,90
anon_0077117,85
anon_0077125,85
anon_0077102,90
anon_0077155,100
anon_0077148,100
anon_0077081,100
anon_0077148,70
anon_0077148,90
anon_0077125,100
anon_0077155,100
anon_0077148,90
anon_0077168,100
anon_0077081,85
anon_0077125,100
anon_0077125,85
anon_0077148,85
anon_0077155,95
anon_0077102,95
anon_0077148,90
anon_0077102,85
anon_0077148,85
anon_0077161,60
anon_0077148,90
anon_0077162,90
anon_0077148,95
anon_0077102,85
anon_0077161,90
anon_0077148,85
anon_0077148,75
anon_0077148,100
anon_0077123,90
anon_0077125,100
anon_0077148,50
anon_0077155,85
anon_0077117,90
anon_0077148,85
anon_0077102,85
anon_0077155,90
anon_0077161,95
anon_0077162,70
anon_0077155,90
anon_0077162,90
anon_0077162,85
anon_0077162,85
anon_0077148,85
anon_0077125,95
anon_0077161,90
anon_0077125,90
anon_0077148,85
anon_0077148,85
anon_0077155,85
anon_0077155,95
anon_0077148,85
anon_0077081,90
anon_0077155,100
anon_0077123,90
anon_0077155,85
anon_0077117,85
anon_0077102,100
anon_0077117,85
anon_0077162,100
anon_0077155,100
anon_0077161,85
anon_0077102,100
anon_0077102,100
anon_0077102,95
anon_0077155,95
anon_0077102,100
anon_0077102,100
anon_0077123,90
anon_0077155,80
anon_0077148,85
anon_0077155,100
anon_0077155,85
anon_0077125,85
anon_0077148,85
anon_0077102,100
anon_0077155,100
anon_0077102,95
anon_0077125,100
anon_0077102,100
anon_0077102,95
anon_0077117,90
anon_0077102,90
anon_0077102,100
anon_0077102,90
anon_0077102,85
anon_0077155,85
anon_0077155,90
anon_0077148,90
anon_0077102,90
anon_0077102,90
anon_0077117,85
anon_0077155,90
anon_0077102,85
anon_0077102,100
anon_0077102,90
anon_0077102,85
anon_0077102,100
anon_0077102,85
anon_0077102,100
anon_0077102,100
anon_0077102,85
anon_0077102,100
anon_0077178,90
anon_0077191,100
anon_0077217,100
anon_0077217,100
anon_0077191,90
anon_0077191,100
anon_0077173,95
anon_0077222,100
anon_0077173,100
anon_0077191,100
anon_0077176,100
anon_0077191,100
anon_0077173,100
anon_0077210,85
anon_0077210,90
anon_0077196,100
anon_0077196,100
anon_0077173,100
anon_0077173,100
anon_0077178,85
anon_0077178,85
anon_0077178,85
anon_0077196,95
anon_0077176,85
anon_0077210,100
anon_0077196,95
anon_0077217,100
anon_0077178,90
anon_0077191,90
anon_0077191,90
anon_0077178,90
anon_0077173,100
anon_0077178,85
anon_0077210,85
anon_0077191,90
anon_0077178,100
anon_0077191,85
anon_0077191,100
anon_0077217,100
anon_0077210,90
anon_0077191,85
anon_0077210,90
anon_0077178,85
anon_0077173,100
anon_0077178,85
anon_0077221,90
anon_0077178,85
anon_0077221,100
anon_0077217,90
anon_0077178,90
anon_0077176,100
anon_0077178,90
anon_0077210,100
anon_0077191,85
anon_0077221,100
anon_0077210,95
anon_0077191,85
anon_0077178,90
anon_0077178,90
anon_0077222,100
anon_0077178,85
anon_0077210,100
anon_0077173,90
anon_0077191,90
anon_0077210,90
anon_0077176,100
anon_0077210,90
anon_0077196,95
anon_0077178,50
anon_0077173,85
anon_0077178,85
anon_0077178,95
anon_0077178,100
anon_0077178,90
anon_0077173,90
anon_0077217,90
anon_0077217,90
anon_0077217,85
anon_0077178,85
anon_0077178,85
anon_0077222,100
anon_0077221,100
anon_0077178,90
anon_0077217,85
anon_0077191,90
anon_0077178,90
anon_0077196,100
anon_0077191,85
anon_0077176,100
anon_0077217,90
anon_0077217,90
anon_0077191,85
anon_0077178,85
anon_0077191,85
anon_0077176,100
anon_0077178,85
anon_0077217,90
anon_0077196,100
anon_0077176,95
anon_0077178,90
anon_0077176,85
anon_0077210,90
anon_0077178,85
anon_0077196,100
anon_0077196,100
anon_0077196,95
anon_0077178,85
anon_0077178,90
anon_0077178,90
anon_0077178,90
anon_0077178,85
anon_0077217,85
anon_0077217,95
anon_0077196,100
anon_0077178,75
anon_0077178,85
anon_0077217,85
anon_0077178,90
anon_0077176,100
anon_0077217,90
anon_0077196,100
anon_0077196,95
anon_0077196,90
anon_0077196,100
anon_0077176,85
anon_0077221,100
anon_0077178,85
anon_0077196,100
anon_0077191,90
anon_0077178,85
anon_0077173,100
anon_0077178,75
anon_0077176,90
anon_0077191,100
anon_0077221,90
anon_0077178,90
anon_0077196,100
anon_0077196,85
anon_0077178,60
anon_0077196,80
anon_0077176,70
anon_0077196,100
anon_0077178,85
anon_0077196,100
anon_0077176,95
anon_0077196,90
anon_0077196,100
anon_0077176,85
anon_0077176,85
anon_0077196,100
anon_0077196,95
anon_0077196,95
anon_0077178,85
anon_0077176,85
anon_0077178,85
anon_0077196,100
anon_0077191,90
anon_0077178,95
anon_0077196,90
anon_0077196,95
anon_0077217,85
anon_0077191,100
anon_0077210,90
anon_0077196,100
anon_0077196,100
anon_0077178,85
anon_0077176,85
anon_0077196,95
anon_0077191,95
anon_0077191,95
anon_0077191,85
anon_0077196,90
anon_0077196,100
anon_0077196,85
anon_0077222,90
anon_0077191,100
anon_0077191,90
anon_0077176,70
anon_0077173,70
anon_0077196,85
anon_0077178,90
anon_0077196,100
anon_0077178,85
anon_0077222,90
anon_0077196,50
anon_0077178,90
anon_0077178,85
anon_0077178,95
anon_0077222,90
anon_0077191,90
anon_0077196,100
anon_0077178,95
anon_0077196,100
anon_0077173,85
anon_0077222,100
anon_0077191,90
anon_0077222,85
anon_0077173,85
anon_0077173,100
anon_0077196,95
anon_0077173,85
anon_0077222,85
anon_0077178,90
anon_0077178,100
anon_0077173,85
anon_0077173,90
anon_0077173,80
anon_0077173,100
anon_0077196,95
anon_0077196,100
anon_0077196,90
anon_0077173,100
anon_0077196,100
anon_0077178,95
anon_0077173,85
anon_0077191,90
anon_0077173,85
anon_0077178,90
anon_0077173,90
anon_0077196,100
anon_0077196,90
anon_0077173,85
anon_0077173,95
anon_0077173,90
anon_0077196,100
anon_0077173,85
anon_0077196,100
anon_0077196,80
anon_0077173,90
anon_0077173,95
anon_0077191,75
anon_0077222,100
anon_0077173,85
anon_0077222,90
anon_0077191,85
anon_0077173,85
anon_0077178,85
anon_0077173,100
anon_0077173,85
anon_0077178,85
anon_0077282,100
anon_0077222,100
anon_0077255,90
anon_0077270,100
anon_0077228,100
anon_0077255,90
anon_0077222,100
anon_0077255,90
anon_0077222,100
anon_0077282,85
anon_0077257,100
anon_0077270,100
anon_0077282,100
anon_0077282,95
anon_0077255,100
anon_0077257,85
anon_0077265,100
anon_0077282,100
anon_0077222,90
anon_0077257,90
anon_0077255,90
anon_0077222,100
anon_0077270,100
anon_0077222,90
anon_0077257,80
anon_0077282,100
anon_0077259,100
anon_0077270,85
anon_0077255,85
anon_0077257,90
anon_0077255,100
anon_0077257,85
anon_0077257,40
anon_0077255,NA
anon_0077257,85
anon_0077255,85
anon_0077282,85
anon_0077228,85
anon_0077270,95
anon_0077255,100
anon_0077228,100
anon_0077257,90
anon_0077257,95
anon_0077270,100
anon_0077222,80
anon_0077265,100
anon_0077270,85
anon_0077255,85
anon_0077257,100
anon_0077222,90
anon_0077257,95
anon_0077265,85
anon_0077255,100
anon_0077257,85
anon_0077222,100
anon_0077257,85
anon_0077228,90
anon_0077255,90
anon_0077222,90
anon_0077255,100
anon_0077228,90
anon_0077255,90
anon_0077270,100
anon_0077257,85
anon_0077255,85
anon_0077257,85
anon_0077255,85
anon_0077282,100
anon_0077255,85
anon_0077228,30
anon_0077255,100
anon_0077255,85
anon_0077265,100
anon_0077257,20
anon_0077228,85
anon_0077270,100
anon_0077222,100
anon_0077270,90
anon_0077255,90
anon_0077257,85
anon_0077255,90
anon_0077222,100
anon_0077222,90
anon_0077255,100
anon_0077257,85
anon_0077222,100
anon_0077257,85
anon_0077259,90
anon_0077270,85
anon_0077257,75
anon_0077257,95
anon_0077255,100
anon_0077265,90
anon_0077257,85
anon_0077255,90
anon_0077259,95
anon_0077270,90
anon_0077265,85
anon_0077255,85
anon_0077270,50
anon_0077265,85
anon_0077265,85
anon_0077255,100
anon_0077222,100
anon_0077265,85
anon_0077265,90
anon_0077255,100
anon_0077270,90
anon_0077270,90
anon_0077222,100
anon_0077222,0
anon_0077222,100
anon_0077255,90
anon_0077257,85
anon_0077259,85
anon_0077270,85
anon_0077222,95
anon_0077259,100
anon_0077270,95
anon_0077259,85
anon_0077222,90
anon_0077255,85
anon_0077265,85
anon_0077257,95
anon_0077265,85
anon_0077270,100
anon_0077270,100
anon_0077257,90
anon_0077222,90
anon_0077257,85
anon_0077257,85
anon_0077259,90
anon_0077259,95
anon_0077262,85
anon_0077259,85
anon_0077262,85
anon_0077259,90
anon_0077259,90
anon_0077259,85
anon_0077265,85
anon_0077262,90
anon_0077265,85
anon_0077257,85
anon_0077262,100
anon_0077270,85
anon_0077270,100
anon_0077255,85
anon_0077259,85
anon_0077257,75
anon_0077259,90
anon_0077222,90
anon_0077259,85
anon_0077259,90
anon_0077259,90
anon_0077259,85
anon_0077265,85
anon_0077222,90
anon_0077262,85
anon_0077255,85
anon_0077257,100
anon_0077259,90
anon_0077262,70
anon_0077259,85
anon_0077257,60
anon_0077270,90
anon_0077259,90
anon_0077259,95
anon_0077257,85
anon_0077259,85
anon_0077259,90
anon_0077262,85
anon_0077257,95
anon_0077257,95
anon_0077270,85
anon_0077259,85
anon_0077257,95
anon_0077259,85
anon_0077259,85
anon_0077289,100
anon_0077280,100
anon_0077280,100
anon_0077306,100
anon_0077300,90
anon_0077306,75
anon_0077280,100
anon_0077285,85
anon_0077295,90
anon_0077306,100
anon_0077295,95
anon_0077306,100
anon_0077289,100
anon_0077306,85
anon_0077295,85
anon_0077306,100
anon_0077300,100
anon_0077295,85
anon_0077300,85
anon_0077300,100
anon_0077300,85
anon_0077300,100
anon_0077280,100
anon_0077280,95
anon_0077300,100
anon_0077300,100
anon_0077280,90
anon_0077280,90
anon_0077300,100
anon_0077282,85
anon_0077306,100
anon_0077286,100
anon_0077300,90
anon_0077280,90
anon_0077300,95
anon_0077295,20
anon_0077280,100
anon_0077300,100
anon_0077300,100
anon_0077300,90
anon_0077300,100
anon_0077280,90
anon_0077289,75
anon_0077295,80
anon_0077300,100
anon_0077306,85
anon_0077295,90
anon_0077295,95
anon_0077280,100
anon_0077306,85
anon_0077300,85
anon_0077286,85
anon_0077280,95
anon_0077285,95
anon_0077280,85
anon_0077300,90
anon_0077300,0
anon_0077300,90
anon_0077300,0
anon_0077285,90
anon_0077280,100
anon_0077300,100
anon_0077282,85
anon_0077286,85
anon_0077300,90
anon_0077286,90
anon_0077285,90
anon_0077289,75
anon_0077289,85
anon_0077289,85
anon_0077285,85
anon_0077289,90
anon_0077286,100
anon_0077280,85
anon_0077300,85
anon_0077280,90
anon_0077285,90
anon_0077306,100
anon_0077300,100
anon_0077289,85
anon_0077285,85
anon_0077295,100
anon_0077306,85
anon_0077282,85
anon_0077295,85
anon_0077295,75
anon_0077300,100
anon_0077306,85
anon_0077295,100
anon_0077285,85
anon_0077285,75
anon_0077295,85
anon_0077300,90
anon_0077285,90
anon_0077300,90
anon_0077300,90
anon_0077289,75
anon_0077300,90
anon_0077280,95
anon_0077295,85
anon_0077280,100
anon_0077300,85
anon_0077285,85
anon_0077289,85
anon_0077295,85
anon_0077300,0
anon_0077280,90
anon_0077295,100
anon_0077295,90
anon_0077289,100
anon_0077286,90
anon_0077295,100
anon_0077300,100
anon_0077285,85
anon_0077306,85
anon_0077300,100
anon_0077300,100
anon_0077282,85
anon_0077285,100
anon_0077300,100
anon_0077300,85
anon_0077295,100
anon_0077285,90
anon_0077300,95
anon_0077286,50
anon_0077295,90
anon_0077300,100
anon_0077295,95
anon_0077295,75
anon_0077300,100
anon_0077306,85
anon_0077300,90
anon_0077285,85
anon_0077300,50
anon_0077300,100
anon_0077286,95
anon_0077306,85
anon_0077300,100
anon_0077295,85
anon_0077295,85
anon_0077285,100
anon_0077300,85
anon_0077286,85
anon_0077300,90
anon_0077300,100
anon_0077295,90
anon_0077285,100
anon_0077295,85
anon_0077300,100
anon_0077295,85
anon_0077286,85
anon_0077300,85
anon_0077285,85
anon_0077295,85
anon_0077286,85
anon_0077300,90
anon_0077285,100
anon_0077295,95
anon_0077300,90
anon_0077300,100
anon_0077285,85
anon_0077286,85
anon_0077295,85
anon_0077285,85
anon_0077295,90
anon_0077285,90
anon_0077306,85
anon_0077286,85
anon_0077300,100
anon_0077300,90
anon_0077300,50
anon_0077300,100
anon_0077300,85
anon_0077300,90
anon_0077295,85
anon_0077300,90
anon_0077300,85
anon_0077300,90
anon_0077285,50
anon_0077285,85
anon_0077300,100
anon_0077306,85
anon_0077331,100
anon_0077306,100
anon_0077350,85
anon_0077306,100
anon_0077306,100
anon_0077306,100
anon_0077331,90
anon_0077300,90
anon_0077331,100
anon_0077300,100
anon_0077341,100
anon_0077350,85
anon_0077324,100
anon_0077341,100
anon_0077350,100
anon_0077306,90
anon_0077350,95
anon_0077324,90
anon_0077350,90
anon_0077357,90
anon_0077306,100
anon_0077341,100
anon_0077350,85
anon_0077306,100
anon_0077350,100
anon_0077331,95
anon_0077331,50
anon_0077350,90
anon_0077324,85
anon_0077341,90
anon_0077306,100
anon_0077350,90
anon_0077306,90
anon_0077350,95
anon_0077324,100
anon_0077345,90
anon_0077341,90
anon_0077350,85
anon_0077324,100
anon_0077350,90
anon_0077350,40
anon_0077341,100
anon_0077331,100
anon_0077324,50
anon_0077350,100
anon_0077306,100
anon_0077306,100
anon_0077324,85
anon_0077350,85
anon_0077324,85
anon_0077324,85
anon_0077357,85
anon_0077341,90
anon_0077350,85
anon_0077341,95
anon_0077350,90
anon_0077350,20
anon_0077341,85
anon_0077350,90
anon_0077324,85
anon_0077324,85
anon_0077341,85
anon_0077345,90
anon_0077331,85
anon_0077350,90
anon_0077345,100
anon_0077350,85
anon_0077300,100
anon_0077306,90
anon_0077324,85
anon_0077306,90
anon_0077345,100
anon_0077341,85
anon_0077357,60
anon_0077350,75
anon_0077350,85
anon_0077350,75
anon_0077350,85
anon_0077300,90
anon_0077350,90
anon_0077331,95
anon_0077357,90
anon_0077350,85
anon_0077306,85
anon_0077345,100
anon_0077341,95
anon_0077324,100
anon_0077324,100
anon_0077350,85
anon_0077331,100
anon_0077350,95
anon_0077357,100
anon_0077350,85
anon_0077341,85
anon_0077345,100
anon_0077357,85
anon_0077324,50
anon_0077357,90
anon_0077350,95
anon_0077357,90
anon_0077324,85
anon_0077324,85
anon_0077341,90
anon_0077331,100
anon_0077357,90
anon_0077357,100
anon_0077357,90
anon_0077306,85
anon_0077341,100
anon_0077357,90
anon_0077350,85
anon_0077345,95
anon_0077350,90
anon_0077345,90
anon_0077324,85
anon_0077345,100
anon_0077341,100
anon_0077357,85
anon_0077341,90
anon_0077341,90
anon_0077357,90
anon_0077341,85
anon_0077345,100
anon_0077345,85
anon_0077357,95
anon_0077341,100
anon_0077350,0
anon_0077345,100
anon_0077345,100
anon_0077345,95
anon_0077357,90
anon_0077350,85
anon_0077357,50
anon_0077357,100
anon_0077350,90
anon_0077357,90
anon_0077345,100
anon_0077350,85
anon_0077345,100
anon_0077357,85
anon_0077341,100
anon_0077306,90
anon_0077357,100
anon_0077350,90
anon_0077331,90
anon_0077350,30
anon_0077345,85
anon_0077345,90
anon_0077331,85
anon_0077345,100
anon_0077341,100
anon_0077350,85
anon_0077331,90
anon_0077345,90
anon_0077350,90
anon_0077357,90
anon_0077341,85
anon_0077357,85
anon_0077341,85
anon_0077350,30
anon_0077357,90
anon_0077341,100
anon_0077341,50
anon_0077324,100
anon_0077350,90
anon_0077324,100
anon_0077324,100
anon_0077350,20
anon_0077345,90
anon_0077350,90
anon_0077350,85
anon_0077345,100
anon_0077350,85
anon_0077350,85
anon_0077357,85
anon_0077350,85
anon_0077324,100
anon_0077357,100
anon_0077341,80
anon_0077341,100
anon_0077331,90
anon_0077331,100
anon_0077350,85
anon_0077357,90
anon_0077324,100
anon_0077324,100
anon_0077324,100
anon_0077324,100
anon_0077331,85
anon_0077357,80
anon_0077324,100
anon_0077345,95
anon_0077350,90
anon_0077324,100
anon_0077341,85
anon_0077341,95
anon_0077345,90
anon_0077324,100
anon_0077350,85
anon_0077341,100
anon_0077324,95
anon_0077350,75
anon_0077376,100
anon_0077376,100
anon_0077438,100
anon_0077424,100
anon_0077379,100
anon_0077376,85
anon_0077425,90
anon_0077424,100
anon_0077424,100
anon_0077438,90
anon_0077376,95
anon_0077424,90
anon_0077424,100
anon_0077424,100
anon_0077425,100
anon_0077424,100
anon_0077424,85
anon_0077376,85
anon_0077424,100
anon_0077438,100
anon_0077376,90
anon_0077438,100
anon_0077401,85
anon_0077438,100
anon_0077376,100
anon_0077438,100
anon_0077379,85
anon_0077376,85
anon_0077438,100
anon_0077424,100
anon_0077376,100
anon_0077424,100
anon_0077376,90
anon_0077438,85
anon_0077425,85
anon_0077425,85
anon_0077438,100
anon_0077425,85
anon_0077439,100
anon_0077376,90
anon_0077439,85
anon_0077425,90
anon_0077439,85
anon_0077424,85
anon_0077438,85
anon_0077438,90
anon_0077376,100
anon_0077424,95
anon_0077424,90
anon_0077376,100
anon_0077401,90
anon_0077424,100
anon_0077379,100
anon_0077438,95
anon_0077401,100
anon_0077424,100
anon_0077438,100
anon_0077424,100
anon_0077438,100
anon_0077424,90
anon_0077438,90
anon_0077425,85
anon_0077439,90
anon_0077424,100
anon_0077439,100
anon_0077424,100
anon_0077438,85
anon_0077424,100
anon_0077424,100
anon_0077438,100
anon_0077425,90
anon_0077425,85
anon_0077438,100
anon_0077438,100
anon_0077438,100
anon_0077401,85
anon_0077438,100
anon_0077424,95
anon_0077438,100
anon_0077424,100
anon_0077439,85
anon_0077425,85
anon_0077401,100
anon_0077401,90
anon_0077424,100
anon_0077424,100
anon_0077424,100
anon_0077424,100
anon_0077438,90
anon_0077401,90
anon_0077424,100
anon_0077438,100
anon_0077376,100
anon_0077424,100
anon_0077424,100
anon_0077401,100
anon_0077424,100
anon_0077376,100
anon_0077376,100
anon_0077424,100
anon_0077424,85
anon_0077424,85
anon_0077404,90
anon_0077401,90
anon_0077401,100
anon_0077424,100
anon_0077424,90
anon_0077424,85
anon_0077401,85
anon_0077379,100
anon_0077424,100
anon_0077401,100
anon_0077404,80
anon_0077401,90
anon_0077404,85
anon_0077404,85
anon_0077401,90
anon_0077401,100
anon_0077401,90
anon_0077401,95
anon_0077425,100
anon_0077425,85
anon_0077425,90
anon_0077424,100
anon_0077404,100
anon_0077404,85
anon_0077401,90
anon_0077425,90
anon_0077424,100
anon_0077401,100
anon_0077404,100
anon_0077404,85
anon_0077424,100
anon_0077401,90
anon_0077401,90
anon_0077424,100
anon_0077404,90
anon_0077424,100
anon_0077404,100
anon_0077401,85
anon_0077401,85
anon_0077425,100
anon_0077401,90
anon_0077401,90
anon_0077438,90
anon_0077401,100
anon_0077404,85
anon_0077404,85
anon_0077425,85
anon_0077425,75
anon_0077425,85
anon_0077404,85
anon_0077424,95
anon_0077404,85
anon_0077425,85
anon_0077401,100
anon_0077424,100
anon_0077404,85
anon_0077425,85
anon_0077401,95
anon_0077425,90
anon_0077463,100
anon_0077463,100
anon_0077489,100
anon_0077489,85
anon_0077468,100
anon_0077466,95
anon_0077498,90
anon_0077498,100
anon_0077471,90
anon_0077463,100
anon_0077463,100
anon_0077490,90
anon_0077463,50
anon_0077466,90
anon_0077463,95
anon_0077490,90
anon_0077466,90
anon_0077498,85
anon_0077498,50
anon_0077463,85
anon_0077466,85
anon_0077468,100
anon_0077468,85
anon_0077466,95
anon_0077466,90
anon_0077498,85
anon_0077463,100
anon_0077463,100
anon_0077463,100
anon_0077463,90
anon_0077466,85
anon_0077471,85
anon_0077466,75
anon_0077490,100
anon_0077466,100
anon_0077466,90
anon_0077490,100
anon_0077463,90
anon_0077468,100
anon_0077471,85
anon_0077471,90
anon_0077466,95
anon_0077463,90
anon_0077471,85
anon_0077466,90
anon_0077466,85
anon_0077487,100
anon_0077463,100
anon_0077471,85
anon_0077466,85
anon_0077490,100
anon_0077463,85
anon_0077463,90
anon_0077466,85
anon_0077490,85
anon_0077468,100
anon_0077489,85
anon_0077466,50
anon_0077496,90
anon_0077471,60
anon_0077466,90
anon_0077471,90
anon_0077466,85
anon_0077490,70
anon_0077468,90
anon_0077471,70
anon_0077490,50
anon_0077466,85
anon_0077498,100
anon_0077498,70
anon_0077466,85
anon_0077487,70
anon_0077463,50
anon_0077466,90
anon_0077466,85
anon_0077498,90
anon_0077466,100
anon_0077466,85
anon_0077466,85
anon_0077466,50
anon_0077498,90
anon_0077471,85
anon_0077490,95
anon_0077490,85
anon_0077466,85
anon_0077490,85
anon_0077466,85
anon_0077463,95
anon_0077466,95
anon_0077466,95
anon_0077498,100
anon_0077463,100
anon_0077496,75
anon_0077505,85
anon_0077463,85
anon_0077496,90
anon_0077466,85
anon_0077471,95
anon_0077490,60
anon_0077489,100
anon_0077490,85
anon_0077496,85
anon_0077496,90
anon_0077487,90
anon_0077468,85
anon_0077489,90
anon_0077466,75
anon_0077489,85
anon_0077466,90
anon_0077463,85
anon_0077487,90
anon_0077466,90
anon_0077487,90
anon_0077505,95
anon_0077471,85
anon_0077489,100
anon_0077505,90
anon_0077463,85
anon_0077463,90
anon_0077471,90
anon_0077471,100
anon_0077466,75
anon_0077463,90
anon_0077489,90
anon_0077468,85
anon_0077466,85
anon_0077463,85
anon_0077471,75
anon_0077496,90
anon_0077466,85
anon_0077466,85
anon_0077466,85
anon_0077505,50
anon_0077471,100
anon_0077471,85
anon_0077505,90
anon_0077466,85
anon_0077471,85
anon_0077487,90
anon_0077487,85
anon_0077489,85
anon_0077463,90
anon_0077487,90
anon_0077466,85
anon_0077471,95
anon_0077471,90
anon_0077496,85
anon_0077466,70
anon_0077471,50
anon_0077471,85
anon_0077471,70
anon_0077471,100
anon_0077466,70
anon_0077487,85
anon_0077505,85
anon_0077466,85
anon_0077471,90
anon_0077487,90
anon_0077471,85
anon_0077471,100
anon_0077471,85
anon_0077471,90
anon_0077471,95
anon_0077471,75
anon_0077471,90
anon_0077471,100
anon_0077505,85
anon_0077487,95
anon_0077489,85
anon_0077505,70
anon_0077505,90
anon_0077487,85
anon_0077466,50
anon_0077471,95
anon_0077471,60
anon_0077471,85
anon_0077471,90
anon_0077466,90
anon_0077471,85
anon_0077471,85
anon_0077471,85
anon_0077471,75
anon_0077505,85
anon_0077471,85
anon_0077489,100
anon_0077505,85
anon_0077466,85
anon_0077471,85
anon_0077471,85
anon_0077487,85
anon_0077471,85
anon_0077505,100
anon_0077498,85
anon_0077508,90
anon_0077513,100
anon_0077513,100
anon_0077540,85
anon_0077540,85
anon_0077513,100
anon_0077508,100
anon_0077513,100
anon_0077533,100
anon_0077498,85
anon_0077508,90
anon_0077513,85
anon_0077551,90
anon_0077508,30
anon_0077508,100
anon_0077513,100
anon_0077508,100
anon_0077551,85
anon_0077533,NA
anon_0077551,85
anon_0077533,85
anon_0077508,95
anon_0077533,100
anon_0077533,100
anon_0077508,95
anon_0077533,90
anon_0077533,85
anon_0077540,90
anon_0077505,85
anon_0077533,85
anon_0077540,90
anon_0077496,85
anon_0077513,100
anon_0077508,90
anon_0077508,95
anon_0077533,90
anon_0077540,50
anon_0077513,100
anon_0077508,85
anon_0077533,85
anon_0077508,100
anon_0077496,70
anon_0077498,90
anon_0077526,100
anon_0077540,70
anon_0077540,95
anon_0077513,100
anon_0077533,95
anon_0077508,90
anon_0077513,90
anon_0077513,100
anon_0077508,90
anon_0077540,85
anon_0077508,90
anon_0077513,85
anon_0077513,90
anon_0077508,85
anon_0077526,90
anon_0077513,90
anon_0077526,90
anon_0077513,85
anon_0077513,100
anon_0077508,100
anon_0077508,90
anon_0077508,85
anon_0077508,85
anon_0077508,85
anon_0077508,100
anon_0077526,90
anon_0077508,95
anon_0077551,90
anon_0077513,90
anon_0077508,95
anon_0077513,100
anon_0077508,75
anon_0077508,95
anon_0077540,95
anon_0077513,90
anon_0077505,100
anon_0077540,85
anon_0077513,100
anon_0077551,90
anon_0077508,90
anon_0077513,85
anon_0077513,90
anon_0077533,85
anon_0077508,85
anon_0077533,90
anon_0077551,95
anon_0077533,85
anon_0077513,100
anon_0077540,90
anon_0077508,85
anon_0077533,100
anon_0077533,85
anon_0077533,85
anon_0077513,85
anon_0077533,100
anon_0077526,85
anon_0077508,100
anon_0077533,85
anon_0077513,85
anon_0077508,90
anon_0077533,100
anon_0077540,90
anon_0077508,90
anon_0077615,100
anon_0077615,100
anon_0077617,95
anon_0077614,100
anon_0077589,90
anon_0077591,100
anon_0077575,90
anon_0077575,90
anon_0077591,85
anon_0077614,50
anon_0077585,85
anon_0077508,85
anon_0077585,90
anon_0077614,85
anon_0077575,85
anon_0077615,85
anon_0077617,90
anon_0077615,90
anon_0077508,85
anon_0077617,85
anon_0077589,100
anon_0077601,90
anon_0077585,100
anon_0077615,90
anon_0077591,85
anon_0077575,85
anon_0077617,100
anon_0077601,90
anon_0077575,85
anon_0077591,95
anon_0077575,90
anon_0077575,95
anon_0077601,90
anon_0077575,85
anon_0077551,85
anon_0077585,100
anon_0077615,90
anon_0077508,85
anon_0077575,85
anon_0077575,85
anon_0077575,100
anon_0077589,90
anon_0077615,85
anon_0077617,100
anon_0077601,90
anon_0077621,100
anon_0077575,100
anon_0077601,100
anon_0077615,100
anon_0077617,100
anon_0077575,85
anon_0077621,100
anon_0077551,85
anon_0077575,100
anon_0077575,95
anon_0077575,90
anon_0077575,85
anon_0077575,50
anon_0077615,100
anon_0077591,100
anon_0077615,95
anon_0077617,95
anon_0077615,90
anon_0077601,95
anon_0077591,100
anon_0077615,90
anon_0077601,85
anon_0077614,95
anon_0077589,90
anon_0077575,95
anon_0077614,85
anon_0077615,90
anon_0077601,70
anon_0077575,85
anon_0077601,100
anon_0077575,85
anon_0077575,85
anon_0077575,90
anon_0077585,85
anon_0077615,90
anon_0077585,85
anon_0077614,85
anon_0077601,100
anon_0077585,100
anon_0077614,100
anon_0077621,90
anon_0077614,90
anon_0077614,100
anon_0077591,90
anon_0077575,90
anon_0077614,100
anon_0077601,85
anon_0077575,100
anon_0077585,85
anon_0077575,85
anon_0077551,70
anon_0077575,85
anon_0077585,90
anon_0077614,90
anon_0077615,85
anon_0077585,85
anon_0077591,90
anon_0077575,85
anon_0077614,85
anon_0077591,85
anon_0077614,95
anon_0077551,90
anon_0077575,90
anon_0077585,100
anon_0077575,90
anon_0077575,85
anon_0077585,85
anon_0077585,100
anon_0077575,85
anon_0077508,90
anon_0077585,100
anon_0077575,85
anon_0077575,95
anon_0077585,90
anon_0077575,90
anon_0077585,85
anon_0077575,100
anon_0077614,85
anon_0077575,90
anon_0077585,100
anon_0077614,90
anon_0077614,90
anon_0077575,85
anon_0077575,85
anon_0077575,90
anon_0077614,85
anon_0077614,100
anon_0077575,85
anon_0077575,85
anon_0077575,90
anon_0077575,85
anon_0077575,85
anon_0077575,95
anon_0077575,95
anon_0077575,85
anon_0077575,90
anon_0077575,100
anon_0077575,95
anon_0077575,85
anon_0077508,90
anon_0077575,100
anon_0077575,95
anon_0077585,85
anon_0077575,85
anon_0077585,85
anon_0077575,95
anon_0077575,95
anon_0077575,90
anon_0077575,85
anon_0077614,90
anon_0077575,90
anon_0077575,85
anon_0077575,85
anon_0077575,95
anon_0077575,60
anon_0077575,85
anon_0077614,100
anon_0077575,85
anon_0077575,100
anon_0077575,85
anon_0077575,90
anon_0077575,85
anon_0077575,85
anon_0077575,90
anon_0077575,85
anon_0077575,95
anon_0077575,70
anon_0077614,90
anon_0077575,85
anon_0077614,95
anon_0077575,90
anon_0077575,95
anon_0077575,85
anon_0077575,85
anon_0077575,100
anon_0077575,85
anon_0077585,0
anon_0077575,95
anon_0077575,85
anon_0077575,85
anon_0077614,90
anon_0077575,95
anon_0077575,85
anon_0077575,85
anon_0077575,95
anon_0077575,85
anon_0077575,100
anon_0077575,85
anon_0077575,95
anon_0077575,85
anon_0077575,90
anon_0077575,85
anon_0077575,90
anon_0077575,85
anon_0077575,85
anon_0077575,85
anon_0077614,100
anon_0077575,95
anon_0077575,90
anon_0077575,95
anon_0077575,90
anon_0077575,85
anon_0077575,85
anon_0077575,90
anon_0077575,90
anon_0077575,85
anon_0077575,100
anon_0077575,85
anon_0077575,85
anon_0077575,100
anon_0077575,90
anon_0077575,95
anon_0077575,90
anon_0077575,85
anon_0077614,90
anon_0077575,85
anon_0077575,85
anon_0077575,90
anon_0077575,95
anon_0077575,90
anon_0077575,85
anon_0077575,85
anon_0077575,85
anon_0077575,85
anon_0077575,85
anon_0077575,90
anon_0077575,95
anon_0077575,85
anon_0077575,85
anon_0077575,90
anon_0077575,90
anon_0077575,100
anon_0077575,85
anon_0077678,100
anon_0077665,100
anon_0077628,100
anon_0077681,85
anon_0077678,100
anon_0077678,100
anon_0077681,85
anon_0077665,40
anon_0077665,100
anon_0077678,100
anon_0077671,100
anon_0077681,90
anon_0077681,100
anon_0077678,100
anon_0077617,100
anon_0077628,0
anon_0077615,100
anon_0077617,100
anon_0077628,100
anon_0077678,100
anon_0077678,100
anon_0077676,100
anon_0077615,85
anon_0077681,100
anon_0077678,100
anon_0077676,85
anon_0077676,100
anon_0077678,95
anon_0077671,85
anon_0077665,100
anon_0077678,90
anon_0077615,90
anon_0077617,100
anon_0077678,100
anon_0077631,100
anon_0077678,90
anon_0077617,100
anon_0077678,100
anon_0077678,100
anon_0077617,90
anon_0077678,100
anon_0077678,100
anon_0077665,70
anon_0077678,85
anon_0077678,100
anon_0077617,100
anon_0077615,100
anon_0077678,100
anon_0077617,90
anon_0077676,85
anon_0077678,100
anon_0077631,90
anon_0077678,100
anon_0077676,90
anon_0077628,90
anon_0077665,85
anon_0077678,100
anon_0077678,90
anon_0077617,100
anon_0077676,75
anon_0077615,90
anon_0077631,100
anon_0077671,85
anon_0077665,100
anon_0077678,100
anon_0077628,85
anon_0077678,100
anon_0077617,100
anon_0077631,100
anon_0077671,100
anon_0077628,50
anon_0077678,100
anon_0077628,85
anon_0077678,100
anon_0077631,85
anon_0077615,100
anon_0077676,85
anon_0077665,50
anon_0077617,100
anon_0077678,100
anon_0077678,100
anon_0077681,85
anon_0077628,90
anon_0077681,90
anon_0077676,90
anon_0077665,85
anon_0077631,100
anon_0077617,85
anon_0077678,100
anon_0077676,85
anon_0077617,100
anon_0077665,100
anon_0077665,85
anon_0077678,100
anon_0077678,100
anon_0077665,50
anon_0077671,85
anon_0077617,95
anon_0077665,85
anon_0077676,100
anon_0077617,70
anon_0077665,85
anon_0077665,90
anon_0077676,95
anon_0077681,85
anon_0077617,100
anon_0077676,80
anon_0077615,100
anon_0077681,90
anon_0077681,50
anon_0077617,100
anon_0077681,90
anon_0077681,90
anon_0077681,85
anon_0077681,70
anon_0077681,85
anon_0077678,100
anon_0077617,100
anon_0077678,95
anon_0077678,90
anon_0077617,85
anon_0077681,90
anon_0077617,100
anon_0077686,90
anon_0077665,60
anon_0077676,85
anon_0077676,85
anon_0077678,100
anon_0077678,100
anon_0077676,85
anon_0077681,100
anon_0077676,100
anon_0077686,100
anon_0077681,85
anon_0077681,50
anon_0077617,90
anon_0077686,85
anon_0077686,85
anon_0077681,85
anon_0077681,90
anon_0077678,90
anon_0077686,100
anon_0077686,85
anon_0077686,85
anon_0077686,90
anon_0077676,90
anon_0077665,90
anon_0077676,85
anon_0077617,85
anon_0077665,100
anon_0077681,85
anon_0077681,85
anon_0077686,70
anon_0077678,95
anon_0077665,50
anon_0077681,50
anon_0077681,85
anon_0077678,100
anon_0077665,100
anon_0077681,95
anon_0077665,100
anon_0077681,90
anon_0077665,100
anon_0077681,100
anon_0077678,70
anon_0077665,100
anon_0077631,50
anon_0077631,100
anon_0077676,85
anon_0077681,85
anon_0077686,60
anon_0077631,80
anon_0077665,100
anon_0077671,100
anon_0077665,100
anon_0077665,90
anon_0077681,100
anon_0077665,100
anon_0077681,70
anon_0077631,90
anon_0077665,100
anon_0077681,90
anon_0077631,85
anon_0077681,85
anon_0077665,100
anon_0077671,90
anon_0077678,0
anon_0077671,85
anon_0077665,100
anon_0077671,100
anon_0077681,90
anon_0077681,90
anon_0077665,100
anon_0077681,90
anon_0077665,90
anon_0077681,85
anon_0077665,100
anon_0077631,90
anon_0077681,100
anon_0077678,85
anon_0077631,90
anon_0077665,100
anon_0077681,90
anon_0077671,95
anon_0077631,90
anon_0077681,70
anon_0077681,90
anon_0077665,100
anon_0077671,95
anon_0077681,85
anon_0077631,90
anon_0077671,85
anon_0077631,100
anon_0077681,90
anon_0077671,95
anon_0077665,100
anon_0077681,95
anon_0077631,90
anon_0077681,100
anon_0077681,85
anon_0077681,85
anon_0077681,75
anon_0077715,100
anon_0077699,100
anon_0077708,0
anon_0077699,95
anon_0077690,100
anon_0077719,100
anon_0077731,100
anon_0077698,100
anon_0077699,95
anon_0077708,95
anon_0077715,100
anon_0077737,85
anon_0077698,85
anon_0077699,100
anon_0077698,90
anon_0077715,100
anon_0077690,95
anon_0077698,100
anon_0077690,90
anon_0077719,90
anon_0077715,100
anon_0077722,85
anon_0077690,85
anon_0077715,100
anon_0077708,95
anon_0077708,100
anon_0077699,95
anon_0077715,100
anon_0077731,100
anon_0077715,95
anon_0077719,100
anon_0077699,70
anon_0077722,95
anon_0077699,100
anon_0077699,85
anon_0077731,95
anon_0077722,100
anon_0077737,90
anon_0077699,90
anon_0077731,100
anon_0077719,100
anon_0077699,95
anon_0077722,75
anon_0077719,85
anon_0077699,85
anon_0077690,85
anon_0077715,95
anon_0077699,100
anon_0077715,50
anon_0077715,100
anon_0077699,85
anon_0077699,85
anon_0077719,90
anon_0077708,85
anon_0077719,70
anon_0077708,85
anon_0077690,100
anon_0077715,85
anon_0077699,100
anon_0077715,90
anon_0077715,90
anon_0077719,90
anon_0077722,85
anon_0077715,100
anon_0077699,90
anon_0077737,90
anon_0077722,95
anon_0077722,85
anon_0077715,85
anon_0077699,85
anon_0077708,90
anon_0077722,50
anon_0077737,100
anon_0077699,90
anon_0077722,85
anon_0077715,100
anon_0077731,100
anon_0077719,85
anon_0077690,85
anon_0077690,85
anon_0077726,100
anon_0077737,90
anon_0077737,90
anon_0077719,50
anon_0077737,85
anon_0077690,95
anon_0077722,70
anon_0077690,90
anon_0077690,85
anon_0077719,90
anon_0077690,85
anon_0077708,90
anon_0077708,100
anon_0077690,100
anon_0077719,100
anon_0077726,85
anon_0077690,90
anon_0077699,100
anon_0077737,85
anon_0077737,95
anon_0077719,90
anon_0077726,80
anon_0077699,85
anon_0077722,85
anon_0077726,90
anon_0077699,90
anon_0077690,90
anon_0077726,100
anon_0077708,100
anon_0077690,90
anon_0077726,95
anon_0077698,100
anon_0077690,85
anon_0077690,85
anon_0077690,95
anon_0077699,95
anon_0077726,100
anon_0077708,85
anon_0077726,90
anon_0077698,100
anon_0077726,100
anon_0077708,90
anon_0077731,85
anon_0077726,90
anon_0077708,50
anon_0077698,90
anon_0077731,85
anon_0077731,85
anon_0077699,85
anon_0077726,90
anon_0077690,75
anon_0077699,85
anon_0077726,85
anon_0077722,85
anon_0077698,100
anon_0077699,90
anon_0077698,100
anon_0077698,90
anon_0077698,100
anon_0077690,50
anon_0077731,90
anon_0077690,75
anon_0077690,90
anon_0077708,90
anon_0077722,85
anon_0077690,85
anon_0077731,85
anon_0077698,90
anon_0077731,85
anon_0077698,90
anon_0077698,85
anon_0077726,100
anon_0077731,90
anon_0077726,100
anon_0077731,85
anon_0077726,85
anon_0077726,90
anon_0077708,85
anon_0077731,85
anon_0077698,90
anon_0077726,85
anon_0077715,100
anon_0077760,100
anon_0077763,90
anon_0077715,100
anon_0077772,85
anon_0077760,100
anon_0077715,100
anon_0077715,100
anon_0077760,100
anon_0077715,100
anon_0077759,100
anon_0077769,95
anon_0077760,100
anon_0077763,95
anon_0077715,100
anon_0077759,100
anon_0077760,100
anon_0077775,90
anon_0077763,85
anon_0077763,70
anon_0077769,85
anon_0077763,85
anon_0077719,85
anon_0077763,100
anon_0077759,90
anon_0077763,100
anon_0077719,60
anon_0077772,90
anon_0077760,95
anon_0077719,100
anon_0077760,90
anon_0077763,90
anon_0077760,85
anon_0077769,85
anon_0077719,90
anon_0077737,85
anon_0077772,85
anon_0077763,90
anon_0077763,100
anon_0077769,85
anon_0077775,85
anon_0077715,100
anon_0077769,100
anon_0077719,85
anon_0077769,90
anon_0077737,75
anon_0077737,100
anon_0077760,100
anon_0077775,80
anon_0077737,90
anon_0077719,85
anon_0077759,95
anon_0077763,90
anon_0077760,100
anon_0077775,50
anon_0077737,90
anon_0077759,85
anon_0077737,85
anon_0077719,90
anon_0077760,85
anon_0077737,85
anon_0077737,90
anon_0077737,90
anon_0077737,95
anon_0077760,90
anon_0077759,85
anon_0077763,90
anon_0077763,85
anon_0077759,60
anon_0077763,90
anon_0077769,85
anon_0077763,95
anon_0077763,85
anon_0077719,50
anon_0077759,90
anon_0077737,95
anon_0077737,85
anon_0077763,85
anon_0077763,85
anon_0077737,75
anon_0077772,100
anon_0077737,85
anon_0077763,90
anon_0077763,85
anon_0077763,85
anon_0077737,90
anon_0077737,85
anon_0077737,85
anon_0077737,90
anon_0077763,85
anon_0077763,70
anon_0077737,90
anon_0077775,90
anon_0077763,50
anon_0077737,85
anon_0077737,85
anon_0077737,95
anon_0077719,50
anon_0077763,85
anon_0077737,90
anon_0077763,85
anon_0077760,85
anon_0077737,85
anon_0077737,95
anon_0077775,85
anon_0077737,30
anon_0077719,85
anon_0077737,85
anon_0077830,85
anon_0077830,100
anon_0077801,85
anon_0077801,100
anon_0077840,90
anon_0077801,85
anon_0077789,85
anon_0077786,100
anon_0077801,85
anon_0077840,85
anon_0077801,70
anon_0077789,90
anon_0077786,95
anon_0077840,90
anon_0077801,100
anon_0077840,95
anon_0077795,100
anon_0077786,95
anon_0077801,90
anon_0077801,0
anon_0077795,85
anon_0077789,85
anon_0077789,85
anon_0077795,30
anon_0077786,95
anon_0077775,80
anon_0077789,100
anon_0077840,0
anon_0077775,85
anon_0077801,90
anon_0077840,95
anon_0077801,100
anon_0077840,100
anon_0077795,85
anon_0077789,85
anon_0077786,90
anon_0077801,50
anon_0077830,85
anon_0077795,95
anon_0077795,85
anon_0077840,90
anon_0077801,95
anon_0077795,85
anon_0077786,85
anon_0077801,85
anon_0077830,85
anon_0077830,85
anon_0077789,85
anon_0077840,100
anon_0077801,100
anon_0077789,75
anon_0077818,100
anon_0077801,100
anon_0077801,85
anon_0077840,95
anon_0077795,85
anon_0077801,95
anon_0077818,75
anon_0077801,0
anon_0077801,100
anon_0077818,100
anon_0077801,90
anon_0077801,90
anon_0077801,100
anon_0077801,85
anon_0077801,90
anon_0077801,100
anon_0077789,85
anon_0077789,85
anon_0077818,90
anon_0077795,100
anon_0077801,85
anon_0077818,85
anon_0077801,85
anon_0077801,85
anon_0077786,95
anon_0077786,85
anon_0077801,100
anon_0077818,100
anon_0077840,85
anon_0077801,85
anon_0077801,90
anon_0077801,100
anon_0077786,100
anon_0077801,85
anon_0077801,90
anon_0077801,90
anon_0077801,85
anon_0077840,95
anon_0077801,90
anon_0077818,100
anon_0077840,100
anon_0077801,90
anon_0077801,85
anon_0077801,90
anon_0077786,85
anon_0077801,100
anon_0077801,90
anon_0077786,85
anon_0077801,85
anon_0077789,85
anon_0077786,95
anon_0077786,95
anon_0077840,100
anon_0077818,95
anon_0077801,85
anon_0077789,95
anon_0077801,85
anon_0077840,100
anon_0077786,85
anon_0077801,70
anon_0077786,100
anon_0077786,90
anon_0077818,85
anon_0077786,100
anon_0077789,100
anon_0077818,85
anon_0077882,100
anon_0077881,100
anon_0077881,100
anon_0077881,90
anon_0077881,95
anon_0077876,100
anon_0077881,100
anon_0077882,85
anon_0077840,100
anon_0077876,90
anon_0077840,90
anon_0077876,95
anon_0077881,85
anon_0077840,85
anon_0077882,90
anon_0077881,100
anon_0077840,100
anon_0077882,100
anon_0077882,100
anon_0077840,100
anon_0077840,95
anon_0077840,100
anon_0077858,70
anon_0077881,85
anon_0077858,85
anon_0077881,100
anon_0077858,90
anon_0077840,100
anon_0077849,100
anon_0077881,85
anon_0077863,85
anon_0077840,100
anon_0077840,100
anon_0077882,100
anon_0077863,85
anon_0077858,90
anon_0077881,100
anon_0077850,95
anon_0077863,85
anon_0077881,100
anon_0077863,90
anon_0077858,85
anon_0077858,85
anon_0077840,100
anon_0077849,85
anon_0077840,85
anon_0077881,100
anon_0077840,85
anon_0077863,95
anon_0077858,85
anon_0077840,90
anon_0077850,90
anon_0077881,90
anon_0077840,85
anon_0077850,85
anon_0077876,100
anon_0077882,85
anon_0077858,85
anon_0077849,90
anon_0077840,90
anon_0077840,100
anon_0077882,90
anon_0077876,85
anon_0077850,90
anon_0077858,100
anon_0077881,100
anon_0077881,85
anon_0077849,85
anon_0077876,100
anon_0077840,100
anon_0077849,85
anon_0077850,85
anon_0077881,100
anon_0077858,70
anon_0077876,100
anon_0077881,100
anon_0077840,100
anon_0077849,90
anon_0077881,85
anon_0077882,85
anon_0077858,85
anon_0077881,100
anon_0077840,90
anon_0077881,100
anon_0077840,100
anon_0077840,85
anon_0077887,85
anon_0077881,85
anon_0077881,85
anon_0077858,85
anon_0077849,90
anon_0077876,95
anon_0077882,100
anon_0077887,90
anon_0077881,85
anon_0077887,100
anon_0077858,70
anon_0077849,85
anon_0077840,90
anon_0077858,100
anon_0077876,100
anon_0077876,100
anon_0077881,50
anon_0077840,85
anon_0077881,100
anon_0077876,95
anon_0077882,85
anon_0077887,100
anon_0077876,0
anon_0077887,90
anon_0077887,100
anon_0077876,90
anon_0077881,100
anon_0077887,100
anon_0077887,100
anon_0077887,90
anon_0077849,85
anon_0077876,90
anon_0077881,85
anon_0077858,85
anon_0077881,100
anon_0077881,100
anon_0077882,100
anon_0077887,85
anon_0077887,90
anon_0077876,90
anon_0077876,85
anon_0077967,85
anon_0077925,100
anon_0077925,95
anon_0077954,90
anon_0077925,100
anon_0077928,90
anon_0077928,100
anon_0077967,90
anon_0077946,100
anon_0077946,100
anon_0077917,75
anon_0077954,100
anon_0077959,100
anon_0077946,100
anon_0077946,100
anon_0077944,100
anon_0077944,90
anon_0077959,100
anon_0077944,100
anon_0077944,100
anon_0077959,100
anon_0077954,90
anon_0077959,100
anon_0077951,100
anon_0077959,90
anon_0077954,95
anon_0077959,85
anon_0077925,100
anon_0077951,85
anon_0077959,100
anon_0077946,95
anon_0077928,90
anon_0077917,85
anon_0077944,85
anon_0077928,85
anon_0077946,85
anon_0077967,85
anon_0077959,90
anon_0077944,75
anon_0077917,85
anon_0077967,90
anon_0077959,85
anon_0077954,100
anon_0077959,90
anon_0077944,85
anon_0077967,100
anon_0077925,85
anon_0077944,100
anon_0077944,90
anon_0077967,100
anon_0077944,100
anon_0077967,90
anon_0077928,80
anon_0077951,90
anon_0077954,85
anon_0077944,90
anon_0077928,95
anon_0077925,90
anon_0077944,85
anon_0077951,95
anon_0077925,90
anon_0077944,100
anon_0077917,85
anon_0077925,90
anon_0077951,85
anon_0077917,85
anon_0077954,95
anon_0077928,85
anon_0077959,85
anon_0077925,100
anon_0077954,100
anon_0077951,100
anon_0077944,85
anon_0077946,100
anon_0077917,85
anon_0077954,95
anon_0077946,90
anon_0077967,100
anon_0077967,90
anon_0077944,85
anon_0077967,90
anon_0077928,85
anon_0077967,95
anon_0077944,85
anon_0077944,85
anon_0077959,85
anon_0077967,100
anon_0077967,85
anon_0077946,90
anon_0077917,85
anon_0077945,100
anon_0077967,100
anon_0077959,100
anon_0077945,75
anon_0077967,100
anon_0077946,90
anon_0077944,90
anon_0077967,85
anon_0077945,90
anon_0077944,90
anon_0077944,100
anon_0077959,85
anon_0077917,90
anon_0077944,90
anon_0077967,95
anon_0077946,90
anon_0077928,90
anon_0077967,90
anon_0077944,85
anon_0077898,100
anon_0077925,85
anon_0077928,95
anon_0077946,100
anon_0077951,85
anon_0077898,100
anon_0077925,100
anon_0077951,85
anon_0077925,100
anon_0077925,100
anon_0077928,50
anon_0077917,90
anon_0077898,100
anon_0077925,0
anon_0077928,100
anon_0077925,100
anon_0077925,85
anon_0077917,85
anon_0077898,100
anon_0077967,90
anon_0077925,100
anon_0077944,85
anon_0077898,85
anon_0077959,85
anon_0077945,90
anon_0077945,90
anon_0077962,90
anon_0077946,100
anon_0077917,85
anon_0077917,90
anon_0077928,100
anon_0077898,95
anon_0077962,90
anon_0077925,90
anon_0077945,85
anon_0077928,85
anon_0077945,85
anon_0077898,85
anon_0077967,90
anon_0077925,90
anon_0077917,85
anon_0077925,85
anon_0077928,100
anon_0077962,100
anon_0077925,90
anon_0077925,100
anon_0077946,85
anon_0077945,85
anon_0077925,100
anon_0077946,95
anon_0077925,100
anon_0077925,90
anon_0077925,100
anon_0077917,90
anon_0077898,85
anon_0077945,50
anon_0077925,90
anon_0077946,80
anon_0077925,100
anon_0077898,100
anon_0077925,90
anon_0077898,95
anon_0077945,100
anon_0077945,100
anon_0077898,90
anon_0077945,100
anon_0077917,95
anon_0077962,100
anon_0077945,90
anon_0077962,90
anon_0077962,95
anon_0077925,85
anon_0077925,85
anon_0077945,50
anon_0077945,30
anon_0077962,100
anon_0077945,100
anon_0077945,100
anon_0077917,90
anon_0077962,100
anon_0077898,90
anon_0077917,100
anon_0077925,100
anon_0077962,85
anon_0077962,85
anon_0077945,85
anon_0077962,85
anon_0077962,85
anon_0077945,100
anon_0077917,100
anon_0077945,95
anon_0077925,85
anon_0077945,85
anon_0077962,100
anon_0077962,85
anon_0077898,85
anon_0077967,90
anon_0077945,100
anon_0077945,100
anon_0077945,90
anon_0077925,85
anon_0077917,85
anon_0077925,90
anon_0077945,85
anon_0077898,90
anon_0077945,100
anon_0077945,85
anon_0077962,100
anon_0077945,100
anon_0077945,85
anon_0077898,95
anon_0077925,85
anon_0077962,75
anon_0077917,85
anon_0077945,100
anon_0077925,90
anon_0077928,85
anon_0077945,95
anon_0077962,85
anon_0078016,90
anon_0078016,90
anon_0078017,70
anon_0077959,100
anon_0078026,85
anon_0078016,100
anon_0077959,100
anon_0077993,90
anon_0078034,100
anon_0078034,85
anon_0078007,100
anon_0077967,85
anon_0077993,50
anon_0078026,85
anon_0077993,100
anon_0078026,85
anon_0078007,90
anon_0077993,90
anon_0078034,95
anon_0078034,90
anon_0078026,85
anon_0078007,100
anon_0078007,90
anon_0077993,100
anon_0077959,85
anon_0078026,85
anon_0078007,100
anon_0078017,80
anon_0077967,85
anon_0077993,85
anon_0078034,100
anon_0078034,85
anon_0078007,100
anon_0078034,100
anon_0077959,85
anon_0077959,50
anon_0077967,95
anon_0078017,85
anon_0077959,85
anon_0078007,0
anon_0077993,100
anon_0077959,85
anon_0078018,95
anon_0078034,90
anon_0078034,85
anon_0078034,90
anon_0078018,85
anon_0078016,100
anon_0078034,100
anon_0077993,85
anon_0077993,85
anon_0078007,95
anon_0078016,85
anon_0078007,95
anon_0077993,85
anon_0077993,95
anon_0077959,50
anon_0078018,95
anon_0078017,90
anon_0077993,80
anon_0078007,95
anon_0078016,90
anon_0078026,100
anon_0078007,85
anon_0078026,85
anon_0077993,85
anon_0078034,85
anon_0077959,85
anon_0078034,90
anon_0077959,85
anon_0078017,90
anon_0078018,85
anon_0078026,85
anon_0077959,90
anon_0077993,90
anon_0077993,85
anon_0078018,100
anon_0078018,85
anon_0077959,90
anon_0078018,100
anon_0077993,85
anon_0078034,90
anon_0077959,85
anon_0078018,85
anon_0077993,85
anon_0077993,90
anon_0077993,75
anon_0077993,85
anon_0078007,100
anon_0077993,75
anon_0078007,100
anon_0078018,90
anon_0078018,100
anon_0077993,85
anon_0078016,100
anon_0078045,95
anon_0078017,85
anon_0077993,100
anon_0077959,85
anon_0077993,100
anon_0077993,85
anon_0077993,85
anon_0077993,100
anon_0078007,100
anon_0078018,90
anon_0078007,100
anon_0078018,85
anon_0078007,85
anon_0078007,100
anon_0077962,85
anon_0077993,95
anon_0078018,90
anon_0078026,85
anon_0078045,95
anon_0077962,90
anon_0078018,90
anon_0078007,90
anon_0078007,100
anon_0078034,95
anon_0078045,85
anon_0078007,95
anon_0077993,85
anon_0078034,85
anon_0077986,90
anon_0077993,85
anon_0077962,90
anon_0078045,85
anon_0078034,100
anon_0077993,60
anon_0077986,100
anon_0077993,75
anon_0078017,85
anon_0078034,100
anon_0077986,95
anon_0077993,85
anon_0077993,85
anon_0077993,85
anon_0077986,90
anon_0078045,85
anon_0077993,100
anon_0077986,100
anon_0078045,85
anon_0078045,70
anon_0078045,95
anon_0077962,70
anon_0078045,85
anon_0077962,90
anon_0078018,95
anon_0078018,85
anon_0078007,85
anon_0077986,75
anon_0078007,100
anon_0078045,90
anon_0077986,100
anon_0078045,85
anon_0077986,90
anon_0078034,100
anon_0078045,90
anon_0078045,90
anon_0077962,95
anon_0077986,90
anon_0078045,100
anon_0077993,90
anon_0078017,95
anon_0078045,50
anon_0078045,85
anon_0077962,50
anon_0077993,85
anon_0078045,85
anon_0078034,90
anon_0078045,85
anon_0078045,85
anon_0077959,90
anon_0078007,85
anon_0078026,85
anon_0077959,100
anon_0077993,85
anon_0077959,85
anon_0077993,100
anon_0078017,90
anon_0078018,85
anon_0078026,85
anon_0078018,90
anon_0078018,90
anon_0077959,90
anon_0078018,100
anon_0078007,75
anon_0077993,90
anon_0078007,95
anon_0077993,100
anon_0078017,100
anon_0078018,100
anon_0077993,100
anon_0078026,90
anon_0078026,85
anon_0078017,85
anon_0078026,90
anon_0078026,70
anon_0078017,95
anon_0077959,85
anon_0078026,85
anon_0078017,90
anon_0078018,85
anon_0077959,85
anon_0078026,90
anon_0078026,85
anon_0078026,85
anon_0077959,85
anon_0077993,90
anon_0078026,85
anon_0078016,100
anon_0078018,90
anon_0078018,85
anon_0078026,85
anon_0078016,100
anon_0078017,85
anon_0077959,100
anon_0078026,85
anon_0078016,90
anon_0078016,100
anon_0078018,95
anon_0078026,85
anon_0077993,95
anon_0077962,85
anon_0078026,85
anon_0078018,100
anon_0078026,100
anon_0078016,100
anon_0078016,85
anon_0078026,50
anon_0078026,85
anon_0078016,90
anon_0077962,85
anon_0078016,100
anon_0078026,85
anon_0078018,85
anon_0078016,100
anon_0078018,85
anon_0077962,85
anon_0077993,95
anon_0077993,85
anon_0078016,90
anon_0077993,85
anon_0077959,85
anon_0078026,95
anon_0077962,75
anon_0077962,85
anon_0077962,50
anon_0077993,95
anon_0077993,90
anon_0078017,85
anon_0078016,85
anon_0078018,85
anon_0078007,95
anon_0078026,85
anon_0078016,100
anon_0078018,85
anon_0077962,85
anon_0078026,75
anon_0078059,100
anon_0078058,100
anon_0078093,60
anon_0078059,100
anon_0078093,95
anon_0078059,95
anon_0078058,85
anon_0078026,85
anon_0078058,100
anon_0078058,100
anon_0078079,100
anon_0078059,100
anon_0078058,85
anon_0078058,100
anon_0078042,100
anon_0078052,95
anon_0078058,75
anon_0078059,100
anon_0078042,100
anon_0078059,100
anon_0078052,90
anon_0078093,100
anon_0078059,85
anon_0078045,85
anon_0078042,95
anon_0078042,100
anon_0078088,100
anon_0078088,90
anon_0078058,100
anon_0078042,100
anon_0078058,50
anon_0078045,90
anon_0078059,100
anon_0078088,95
anon_0078059,20
anon_0078042,80
anon_0078042,60
anon_0078058,90
anon_0078059,95
anon_0078088,90
anon_0078042,100
anon_0078026,95
anon_0078017,90
anon_0078093,95
anon_0078058,0
anon_0078058,100
anon_0078042,90
anon_0078058,75
anon_0078042,50
anon_0078088,100
anon_0078058,95
anon_0078045,90
anon_0078017,95
anon_0078042,100
anon_0078045,95
anon_0078059,100
anon_0078058,85
anon_0078017,90
anon_0078088,100
anon_0078059,50
anon_0078088,90
anon_0078059,90
anon_0078058,95
anon_0078088,50
anon_0078045,95
anon_0078017,90
anon_0078017,85
anon_0078093,90
anon_0078052,100
anon_0078042,85
anon_0078017,85
anon_0078088,100
anon_0078045,90
anon_0078088,100
anon_0078059,85
anon_0078079,90
anon_0078017,90
anon_0078052,95
anon_0078079,85
anon_0078042,90
anon_0078042,85
anon_0078088,100
anon_0078058,85
anon_0078042,85
anon_0078052,100
anon_0078059,85
anon_0078052,100
anon_0078017,85
anon_0078042,95
anon_0078017,85
anon_0078042,90
anon_0078058,0
anon_0078042,100
anon_0078088,95
anon_0078042,100
anon_0078042,90
anon_0078059,85
anon_0078052,100
anon_0078052,20
anon_0078058,85
anon_0078042,95
anon_0078058,100
anon_0078052,100
anon_0078058,0
anon_0078052,90
anon_0078058,80
anon_0078052,100
anon_0078058,100
anon_0078052,100
anon_0078052,100
anon_0078042,100
anon_0078052,90
anon_0078017,85
anon_0078042,75
anon_0078059,90
anon_0078017,0
anon_0078059,100
anon_0078058,100
anon_0078079,100
anon_0078059,90
anon_0078058,85
anon_0078042,100
anon_0078059,100
anon_0078052,90
anon_0078059,90
anon_0078059,85
anon_0078052,100
anon_0078059,90
anon_0078042,90
anon_0078052,90
anon_0078058,100
anon_0078052,85
anon_0078042,100
anon_0078017,90
anon_0078058,0
anon_0078017,85
anon_0078079,95
anon_0078042,100
anon_0078058,100
anon_0078058,85
anon_0078017,90
anon_0078017,85
anon_0078017,85
anon_0078058,90
anon_0078042,100
anon_0078059,100
anon_0078026,75
anon_0078042,90
anon_0078079,90
anon_0078059,100
anon_0078026,95
anon_0078059,100
anon_0078017,95
anon_0078059,85
anon_0078059,90
anon_0078017,100
anon_0078058,0
anon_0078059,100
anon_0078059,85
anon_0078017,85
anon_0078026,100
anon_0078058,50
anon_0078017,85
anon_0078042,100
anon_0078042,85
anon_0078017,85
anon_0078017,90
anon_0078042,95
anon_0078058,50
anon_0078052,90
anon_0078052,85
anon_0078058,100
anon_0078017,90
anon_0078093,100
anon_0078135,100
anon_0078079,100
anon_0078135,100
anon_0078145,100
anon_0078145,100
anon_0078118,100
anon_0078093,90
anon_0078118,90
anon_0078141,90
anon_0078131,85
anon_0078118,90
anon_0078100,90
anon_0078145,95
anon_0078093,100
anon_0078131,95
anon_0078145,90
anon_0078118,100
anon_0078111,90
anon_0078118,95
anon_0078093,95
anon_0078079,90
anon_0078135,100
anon_0078131,100
anon_0078079,85
anon_0078079,90
anon_0078111,95
anon_0078141,90
anon_0078118,100
anon_0078100,100
anon_0078079,90
anon_0078118,85
anon_0078111,70
anon_0078117,100
anon_0078111,100
anon_0078131,70
anon_0078118,90
anon_0078079,85
anon_0078111,85
anon_0078141,85
anon_0078100,100
anon_0078118,85
anon_0078076,85
anon_0078079,85
anon_0078079,90
anon_0078079,95
anon_0078117,95
anon_0078076,100
anon_0078079,95
anon_0078141,85
anon_0078076,50
anon_0078076,50
anon_0078135,100
anon_0078117,90
anon_0078117,75
anon_0078131,85
anon_0078141,85
anon_0078141,85
anon_0078076,90
anon_0078141,95
anon_0078100,50
anon_0078141,85
anon_0078135,100
anon_0078111,85
anon_0078118,90
anon_0078117,75
anon_0078141,100
anon_0078079,30
anon_0078117,85
anon_0078141,85
anon_0078141,95
anon_0078117,85
anon_0078118,100
anon_0078135,100
anon_0078100,85
anon_0078076,50
anon_0078076,85
anon_0078118,100
anon_0078131,50
anon_0078093,95
anon_0078111,60
anon_0078135,85
anon_0078093,85
anon_0078141,85
anon_0078116,95
anon_0078135,85
anon_0078093,100
anon_0078076,85
anon_0078141,100
anon_0078111,90
anon_0078093,20
anon_0078093,95
anon_0078141,95
anon_0078111,85
anon_0078076,90
anon_0078093,85
anon_0078111,90
anon_0078131,70
anon_0078135,100
anon_0078135,90
anon_0078093,95
anon_0078135,90
anon_0078116,90
anon_0078117,90
anon_0078111,95
anon_0078111,85
anon_0078117,85
anon_0078093,70
anon_0078093,85
anon_0078116,50
anon_0078116,85
anon_0078079,95
anon_0078117,100
anon_0078076,90
anon_0078093,85
anon_0078141,95
anon_0078116,50
anon_0078116,90
anon_0078131,100
anon_0078100,100
anon_0078111,100
anon_0078117,100
anon_0078100,100
anon_0078093,85
anon_0078117,85
anon_0078076,100
anon_0078100,90
anon_0078111,75
anon_0078117,85
anon_0078100,100
anon_0078076,100
anon_0078116,95
anon_0078100,85
anon_0078117,95
anon_0078079,85
anon_0078117,85
anon_0078100,85
anon_0078117,90
anon_0078079,90
anon_0078117,90
anon_0078100,85
anon_0078111,75
anon_0078117,85
anon_0078117,85
anon_0078117,85
anon_0078117,85
anon_0078117,95
anon_0078111,85
anon_0078076,70
anon_0078116,95
anon_0078093,90
anon_0078117,85
anon_0078076,100
anon_0078100,90
anon_0078100,85
anon_0078100,100
anon_0078116,85
anon_0078100,50
anon_0078135,100
anon_0078079,90
anon_0078116,85
anon_0078076,85
anon_0078100,90
anon_0078100,90
anon_0078100,85
anon_0078116,85
anon_0078116,50
anon_0078100,100
anon_0078076,100
anon_0078116,85
anon_0078100,85
anon_0078116,85
anon_0078079,100
anon_0078079,85
anon_0078116,85
anon_0078135,100
anon_0078116,50
anon_0078116,85
anon_0078100,90
anon_0078100,85
anon_0078135,85
anon_0078118,95
anon_0078111,85
anon_0078118,100
anon_0078135,90
anon_0078135,85
anon_0078118,100
anon_0078135,85
anon_0078117,90
anon_0078118,85
anon_0078118,100
anon_0078118,95
anon_0078135,90
anon_0078135,85
anon_0078117,95
anon_0078100,70
anon_0078135,90
anon_0078117,95
anon_0078118,85
anon_0078117,95
anon_0078118,85
anon_0078100,70
anon_0078118,100
anon_0078100,85
anon_0078135,85
anon_0078118,95
anon_0078117,85
anon_0078079,90
anon_0078116,90
anon_0078116,90
anon_0078116,95
anon_0078135,80
anon_0078076,85
anon_0078079,90
anon_0078116,90
anon_0078117,90
anon_0078117,95
anon_0078135,50
anon_0078135,85
anon_0078100,85
anon_0078100,95
anon_0078079,85
anon_0078118,95
anon_0078135,75
anon_0078131,100
anon_0078117,90
anon_0078131,100
anon_0078079,85
anon_0078141,85
anon_0078141,85
anon_0078141,60
anon_0078141,90
anon_0078141,85
anon_0078141,85
anon_0078141,85
anon_0078117,85
anon_0078131,100
anon_0078131,100
anon_0078141,85
anon_0078141,85
anon_0078131,85
anon_0078135,100
anon_0078141,85
anon_0078141,85
anon_0078141,85
anon_0078131,90
anon_0078141,100
anon_0078131,90
anon_0078141,70
anon_0078135,100
anon_0078141,85
anon_0078141,85
anon_0078141,85
anon_0078141,85
anon_0078135,100
anon_0078141,90
anon_0078141,60
anon_0078141,90
anon_0078135,90
anon_0078135,85
anon_0078135,100
anon_0078135,85
anon_0078131,100
anon_0078141,85
anon_0078141,85
anon_0078135,85
anon_0078135,100
anon_0078117,85
anon_0078117,85
anon_0078141,85
anon_0078131,95
anon_0078141,90
anon_0078135,100
anon_0078135,100
anon_0078135,85
anon_0078141,75
anon_0078135,75
anon_0078135,85
anon_0078135,100
anon_0078135,90
anon_0078135,90
anon_0078135,85
anon_0078131,100
anon_0078135,85
anon_0078135,85
anon_0078131,95
anon_0078141,50
anon_0078141,85
anon_0078135,90
anon_0078131,100
anon_0078135,85
anon_0078135,100
anon_0078141,95
anon_0078141,85
anon_0078141,20
anon_0078135,100
anon_0078135,85
anon_0078141,90
anon_0078135,85
anon_0078135,100
anon_0078141,75
anon_0078141,85
anon_0078135,100
anon_0078135,90
anon_0078135,85
anon_0078135,90
anon_0078141,90
anon_0078141,85
anon_0078141,85
anon_0078135,90
anon_0078141,90
anon_0078131,90
anon_0078219,100
anon_0078178,50
anon_0078219,100
anon_0078234,100
anon_0078178,100
anon_0078212,90
anon_0078152,85
anon_0078152,85
anon_0078152,85
anon_0078178,100
anon_0078131,90
anon_0078135,0
anon_0078212,100
anon_0078234,100
anon_0078152,85
anon_0078212,85
anon_0078212,100
anon_0078219,100
anon_0078212,90
anon_0078145,85
anon_0078152,90
anon_0078212,85
anon_0078212,90
anon_0078145,100
anon_0078219,85
anon_0078145,100
anon_0078135,100
anon_0078135,90
anon_0078152,90
anon_0078135,90
anon_0078145,85
anon_0078152,90
anon_0078135,100
anon_0078135,80
anon_0078152,85
anon_0078152,100
anon_0078145,85
anon_0078152,100
anon_0078212,100
anon_0078178,85
anon_0078131,100
anon_0078152,85
anon_0078145,85
anon_0078152,85
anon_0078131,90
anon_0078152,95
anon_0078145,100
anon_0078212,85
anon_0078212,95
anon_0078212,85
anon_0078219,85
anon_0078152,85
anon_0078152,90
anon_0078212,95
anon_0078212,90
anon_0078212,90
anon_0078212,100
anon_0078212,100
anon_0078152,85
anon_0078152,90
anon_0078145,100
anon_0078212,85
anon_0078152,90
anon_0078212,95
anon_0078135,80
anon_0078219,100
anon_0078212,95
anon_0078212,85
anon_0078212,90
anon_0078212,85
anon_0078212,90
anon_0078178,85
anon_0078219,85
anon_0078219,85
anon_0078212,100
anon_0078219,100
anon_0078212,100
anon_0078152,90
anon_0078178,85
anon_0078152,85
anon_0078212,85
anon_0078152,100
anon_0078212,85
anon_0078145,100
anon_0078145,90
anon_0078212,75
anon_0078145,100
anon_0078173,85
anon_0078212,90
anon_0078173,100
anon_0078173,100
anon_0078145,100
anon_0078145,100
anon_0078173,50
anon_0078145,100
anon_0078145,100
anon_0078145,100
anon_0078173,90
anon_0078145,85
anon_0078166,85
anon_0078145,100
anon_0078145,100
anon_0078173,50
anon_0078145,90
anon_0078173,75
anon_0078145,100
anon_0078145,100
anon_0078173,85
anon_0078145,90
anon_0078145,100
anon_0078166,90
anon_0078173,50
anon_0078166,90
anon_0078145,100
anon_0078173,90
anon_0078173,90
anon_0078145,100
anon_0078145,75
anon_0078166,100
anon_0078145,100
anon_0078152,85
anon_0078166,100
anon_0078145,85
anon_0078145,100
anon_0078173,90
anon_0078145,100
anon_0078166,85
anon_0078173,85
anon_0078173,85
anon_0078173,85
anon_0078173,85
anon_0078173,90
anon_0078166,100
anon_0078173,90
anon_0078145,100
anon_0078173,85
anon_0078166,85
anon_0078145,100
anon_0078173,85
anon_0078253,100
anon_0078247,100
anon_0078247,100
anon_0078247,90
anon_0078240,100
anon_0078273,95
anon_0078247,85
anon_0078240,90
anon_0078237,85
anon_0078247,90
anon_0078247,100
anon_0078247,100
anon_0078247,100
anon_0078237,90
anon_0078262,100
anon_0078253,100
anon_0078247,100
anon_0078247,100
anon_0078237,85
anon_0078247,100
anon_0078237,85
anon_0078240,100
anon_0078247,100
anon_0078262,85
anon_0078273,90
anon_0078273,85
anon_0078240,85
anon_0078237,100
anon_0078273,85
anon_0078247,100
anon_0078247,100
anon_0078247,85
anon_0078240,70
anon_0078247,90
anon_0078253,100
anon_0078240,85
anon_0078247,85
anon_0078247,100
anon_0078251,85
anon_0078273,90
anon_0078251,85
anon_0078240,95
anon_0078262,90
anon_0078251,100
anon_0078253,100
anon_0078253,85
anon_0078273,85
anon_0078262,90
anon_0078251,85
anon_0078262,90
anon_0078273,85
anon_0078240,100
anon_0078262,100
anon_0078262,100
anon_0078240,100
anon_0078273,100
anon_0078251,95
anon_0078238,100
anon_0078247,90
anon_0078262,90
anon_0078273,100
anon_0078273,100
anon_0078247,100
anon_0078247,100
anon_0078240,95
anon_0078237,85
anon_0078262,100
anon_0078247,100
anon_0078247,85
anon_0078262,100
anon_0078240,85
anon_0078270,90
anon_0078272,85
anon_0078253,100
anon_0078272,90
anon_0078234,100
anon_0078270,95
anon_0078273,90
anon_0078247,85
anon_0078262,85
anon_0078272,95
anon_0078273,85
anon_0078262,90
anon_0078262,85
anon_0078272,50
anon_0078272,85
anon_0078272,85
anon_0078234,100
anon_0078272,85
anon_0078251,90
anon_0078251,0
anon_0078234,100
anon_0078238,100
anon_0078272,85
anon_0078240,90
anon_0078273,100
anon_0078270,95
anon_0078272,85
anon_0078234,90
anon_0078234,100
anon_0078253,85
anon_0078273,85
anon_0078238,85
anon_0078238,70
anon_0078234,100
anon_0078238,85
anon_0078253,100
anon_0078234,100
anon_0078238,80
anon_0078270,85
anon_0078262,90
anon_0078270,100
anon_0078238,100
anon_0078240,85
anon_0078270,95
anon_0078253,100
anon_0078234,90
anon_0078270,85
anon_0078270,90
anon_0078279,80
anon_0078240,85
anon_0078234,100
anon_0078240,100
anon_0078251,95
anon_0078270,85
anon_0078262,90
anon_0078251,100
anon_0078238,100
anon_0078279,90
anon_0078270,100
anon_0078240,85
anon_0078240,85
anon_0078279,85
anon_0078270,90
anon_0078270,85
anon_0078240,90
anon_0078247,90
anon_0078253,40
anon_0078270,85
anon_0078270,85
anon_0078240,90
anon_0078238,85
anon_0078279,85
anon_0078240,85
anon_0078253,85
anon_0078240,85
anon_0078270,85
anon_0078279,100
anon_0078234,100
anon_0078240,100
anon_0078234,100
anon_0078240,85
anon_0078279,100
anon_0078240,85
anon_0078279,85
anon_0078240,90
anon_0078270,85
anon_0078238,90
anon_0078253,60
anon_0078302,100
anon_0078302,100
anon_0078302,95
anon_0078307,100
anon_0078350,85
anon_0078307,85
anon_0078279,95
anon_0078302,50
anon_0078295,85
anon_0078350,85
anon_0078279,100
anon_0078279,85
anon_0078307,100
anon_0078302,85
anon_0078279,85
anon_0078338,100
anon_0078316,90
anon_0078279,100
anon_0078279,85
anon_0078340,95
anon_0078302,85
anon_0078350,85
anon_0078286,85
anon_0078307,100
anon_0078340,100
anon_0078307,100
anon_0078270,85
anon_0078350,90
anon_0078350,85
anon_0078316,100
anon_0078316,90
anon_0078286,100
anon_0078307,85
anon_0078302,70
anon_0078279,100
anon_0078307,90
anon_0078338,85
anon_0078307,85
anon_0078302,90
anon_0078340,90
anon_0078350,85
anon_0078286,90
anon_0078295,90
anon_0078270,85
anon_0078279,90
anon_0078316,90
anon_0078338,85
anon_0078286,95
anon_0078270,100
anon_0078286,90
anon_0078279,85
anon_0078340,100
anon_0078286,100
anon_0078270,90
anon_0078279,70
anon_0078316,90
anon_0078270,95
anon_0078286,100
anon_0078311,95
anon_0078311,90
anon_0078316,100
anon_0078270,90
anon_0078286,100
anon_0078270,95
anon_0078316,70
anon_0078270,85
anon_0078286,100
anon_0078286,100
anon_0078286,85
anon_0078286,50
anon_0078295,100
anon_0078286,85
anon_0078311,90
anon_0078316,85
anon_0078295,70
anon_0078270,95
anon_0078270,100
anon_0078270,90
anon_0078279,100
anon_0078316,85
anon_0078286,100
anon_0078311,85
anon_0078285,90
anon_0078302,90
anon_0078285,70
anon_0078316,90
anon_0078286,100
anon_0078270,95
anon_0078270,95
anon_0078316,85
anon_0078316,95
anon_0078270,85
anon_0078286,100
anon_0078285,90
anon_0078286,90
anon_0078302,100
anon_0078316,85
anon_0078338,85
anon_0078270,90
anon_0078270,90
anon_0078316,85
anon_0078302,100
anon_0078270,95
anon_0078286,85
anon_0078338,100
anon_0078295,85
anon_0078279,100
anon_0078286,100
anon_0078286,90
anon_0078302,100
anon_0078338,100
anon_0078286,100
anon_0078285,85
anon_0078302,85
anon_0078311,90
anon_0078279,75
anon_0078286,100
anon_0078316,90
anon_0078316,40
anon_0078270,85
anon_0078338,80
anon_0078338,100
anon_0078311,85
anon_0078316,90
anon_0078270,90
anon_0078338,100
anon_0078316,85
anon_0078302,100
anon_0078285,100
anon_0078286,100
anon_0078338,85
anon_0078286,100
anon_0078295,85
anon_0078270,85
anon_0078338,80
anon_0078279,85
anon_0078338,85
anon_0078285,30
anon_0078286,95
anon_0078302,95
anon_0078285,100
anon_0078270,85
anon_0078279,90
anon_0078286,100
anon_0078338,100
anon_0078286,85
anon_0078285,90
anon_0078338,85
anon_0078302,100
anon_0078270,85
anon_0078286,100
anon_0078302,100
anon_0078316,85
anon_0078270,85
anon_0078338,90
anon_0078311,85
anon_0078316,75
anon_0078285,100
anon_0078338,85
anon_0078316,85
anon_0078302,100
anon_0078302,100
anon_0078311,70
anon_0078285,85
anon_0078285,85
anon_0078302,95
anon_0078285,85
anon_0078302,95
anon_0078285,90
anon_0078302,85
anon_0078302,75
anon_0078285,95
anon_0078302,90
anon_0078302,100
anon_0078302,90
anon_0078286,90
anon_0078302,90
anon_0078302,100
anon_0078285,90
anon_0078302,95
anon_0078316,85
anon_0078286,90
anon_0078357,100
anon_0078357,95
anon_0078357,100
anon_0078367,85
anon_0078367,90
anon_0078357,100
anon_0078360,90
anon_0078350,50
anon_0078357,85
anon_0078350,85
anon_0078350,85
anon_0078370,100
anon_0078370,85
anon_0078342,100
anon_0078360,90
anon_0078362,90
anon_0078360,100
anon_0078357,100
anon_0078362,50
anon_0078357,85
anon_0078360,85
anon_0078357,100
anon_0078362,90
anon_0078360,100
anon_0078367,90
anon_0078350,20
anon_0078357,85
anon_0078360,100
anon_0078360,100
anon_0078362,95
anon_0078364,100
anon_0078362,85
anon_0078367,85
anon_0078362,100
anon_0078342,100
anon_0078364,95
anon_0078350,60
anon_0078342,90
anon_0078340,100
anon_0078357,100
anon_0078340,100
anon_0078360,95
anon_0078367,100
anon_0078360,90
anon_0078370,90
anon_0078340,100
anon_0078364,95
anon_0078364,90
anon_0078367,90
anon_0078360,85
anon_0078360,85
anon_0078362,100
anon_0078364,75
anon_0078360,30
anon_0078364,50
anon_0078340,100
anon_0078364,95
anon_0078362,85
anon_0078362,90
anon_0078360,85
anon_0078340,95
anon_0078342,90
anon_0078342,100
anon_0078350,85
anon_0078362,100
anon_0078360,95
anon_0078362,85
anon_0078342,90
anon_0078367,90
anon_0078340,100
anon_0078342,85
anon_0078362,85
anon_0078360,100
anon_0078360,100
anon_0078362,85
anon_0078360,85
anon_0078370,100
anon_0078340,90
anon_0078362,85
anon_0078360,90
anon_0078362,85
anon_0078360,90
anon_0078357,80
anon_0078357,90
anon_0078370,90
anon_0078367,90
anon_0078360,100
anon_0078362,85
anon_0078342,90
anon_0078342,85
anon_0078340,85
anon_0078364,85
anon_0078362,90
anon_0078360,90
anon_0078362,85
anon_0078360,85
anon_0078342,85
anon_0078360,90
anon_0078360,95
anon_0078364,85
anon_0078357,100
anon_0078360,85
anon_0078360,0
anon_0078360,100
anon_0078357,100
anon_0078362,95
anon_0078340,85
anon_0078360,100
anon_0078340,85
anon_0078357,85
anon_0078357,100
anon_0078360,90
anon_0078360,95
anon_0078357,90
anon_0078357,85
anon_0078340,90
anon_0078360,90
anon_0078360,100
anon_0078340,85
anon_0078360,85
anon_0078340,85
anon_0078360,100
anon_0078350,70
anon_0078360,90
anon_0078340,95
anon_0078367,90
anon_0078360,90
anon_0078360,85
anon_0078360,100
anon_0078357,100
anon_0078340,100
anon_0078357,85
anon_0078360,100
anon_0078360,100
anon_0078360,90
anon_0078340,95
anon_0078360,90
anon_0078360,85
anon_0078360,85
anon_0078357,85
anon_0078364,95
anon_0078360,100
anon_0078357,85
anon_0078360,90
anon_0078342,50
anon_0078360,95
anon_0078360,90
anon_0078357,85
anon_0078357,85
anon_0078340,70
anon_0078360,95
anon_0078360,95
anon_0078357,85
anon_0078370,100
anon_0078402,90
anon_0078402,100
anon_0078370,100
anon_0078342,85
anon_0078421,85
anon_0078427,100
anon_0078421,85
anon_0078421,90
anon_0078342,90
anon_0078417,100
anon_0078342,90
anon_0078370,100
anon_0078421,100
anon_0078360,85
anon_0078342,85
anon_0078342,85
anon_0078402,90
anon_0078410,85
anon_0078342,95
anon_0078427,100
anon_0078417,100
anon_0078360,90
anon_0078427,90
anon_0078360,85
anon_0078360,90
anon_0078364,100
anon_0078360,85
anon_0078370,100
anon_0078431,70
anon_0078370,100
anon_0078402,100
anon_0078427,100
anon_0078431,100
anon_0078417,90
anon_0078431,100
anon_0078402,100
anon_0078421,85
anon_0078370,90
anon_0078370,90
anon_0078342,85
anon_0078380,100
anon_0078402,100
anon_0078417,100
anon_0078431,90
anon_0078402,85
anon_0078380,100
anon_0078342,100
anon_0078431,95
anon_0078342,85
anon_0078410,90
anon_0078342,90
anon_0078431,70
anon_0078380,90
anon_0078431,100
anon_0078342,90
anon_0078342,90
anon_0078402,85
anon_0078380,90
anon_0078431,90
anon_0078380,95
anon_0078360,85
anon_0078380,90
anon_0078342,85
anon_0078402,90
anon_0078427,90
anon_0078410,90
anon_0078360,85
anon_0078417,85
anon_0078380,60
anon_0078364,100
anon_0078431,70
anon_0078370,100
anon_0078380,85
anon_0078360,85
anon_0078421,90
anon_0078370,75
anon_0078417,90
anon_0078431,60
anon_0078417,100
anon_0078370,90
anon_0078417,100
anon_0078380,100
anon_0078431,85
anon_0078380,90
anon_0078402,85
anon_0078431,95
anon_0078402,100
anon_0078431,100
anon_0078402,90
anon_0078421,80
anon_0078402,90
anon_0078380,95
anon_0078402,85
anon_0078410,100
anon_0078380,90
anon_0078364,75
anon_0078364,85
anon_0078402,100
anon_0078370,85
anon_0078380,100
anon_0078370,100
anon_0078370,75
anon_0078402,85
anon_0078380,90
anon_0078370,85
anon_0078364,85
anon_0078431,100
anon_0078380,85
anon_0078342,90
anon_0078370,100
anon_0078370,100
anon_0078402,85
anon_0078364,85
anon_0078364,85
anon_0078402,90
anon_0078360,85
anon_0078360,100
anon_0078370,85
anon_0078364,95
anon_0078431,85
anon_0078364,90
anon_0078402,85
anon_0078380,90
anon_0078370,85
anon_0078364,85
anon_0078364,100
anon_0078367,90
anon_0078364,100
anon_0078360,90
anon_0078370,100
anon_0078367,100
anon_0078364,90
anon_0078364,85
anon_0078402,90
anon_0078364,100
anon_0078364,100
anon_0078427,90
anon_0078380,85
anon_0078380,85
anon_0078364,85
anon_0078402,75
anon_0078364,95
anon_0078364,90
anon_0078364,90
anon_0078380,85
anon_0078342,90
anon_0078380,100
anon_0078367,90
anon_0078421,100
anon_0078380,90
anon_0078342,85
anon_0078367,85
anon_0078380,85
anon_0078380,90
anon_0078380,90
anon_0078364,95
anon_0078367,90
anon_0078367,50
anon_0078364,85
anon_0078367,85
anon_0078431,85
anon_0078380,85
anon_0078431,85
anon_0078380,85
anon_0078370,85
anon_0078380,85
anon_0078380,85
anon_0078370,75
anon_0078402,100
anon_0078370,100
anon_0078367,100
anon_0078360,100
anon_0078458,100
anon_0078447,100
anon_0078446,85
anon_0078452,100
anon_0078431,90
anon_0078463,100
anon_0078452,85
anon_0078447,100
anon_0078446,100
anon_0078463,90
anon_0078447,100
anon_0078452,85
anon_0078452,100
anon_0078464,100
anon_0078452,100
anon_0078446,90
anon_0078452,85
anon_0078464,100
anon_0078431,85
anon_0078452,100
anon_0078463,90
anon_0078452,85
anon_0078464,85
anon_0078452,90
anon_0078342,90
anon_0078431,100
anon_0078464,85
anon_0078464,100
anon_0078452,85
anon_0078446,70
anon_0078452,85
anon_0078452,85
anon_0078447,85
anon_0078452,85
anon_0078446,90
anon_0078446,90
anon_0078458,85
anon_0078452,85
anon_0078446,85
anon_0078446,60
anon_0078452,100
anon_0078464,85
anon_0078452,90
anon_0078446,85
anon_0078452,85
anon_0078446,50
anon_0078452,75
anon_0078446,100
anon_0078464,100
anon_0078464,90
anon_0078464,100
anon_0078446,95
anon_0078446,90
anon_0078452,85
anon_0078464,85
anon_0078446,90
anon_0078431,85
anon_0078452,85
anon_0078446,85
anon_0078446,90
anon_0078452,100
anon_0078447,85
anon_0078446,95
anon_0078446,95
anon_0078464,85
anon_0078452,50
anon_0078458,85
anon_0078446,60
anon_0078464,90
anon_0078464,100
anon_0078464,95
anon_0078464,90
anon_0078458,90
anon_0078464,100
anon_0078464,85
anon_0078431,100
anon_0078452,85
anon_0078464,100
anon_0078464,95
anon_0078452,85
anon_0078452,85
anon_0078464,100
anon_0078464,90
anon_0078464,85
anon_0078458,100
anon_0078463,100
anon_0078452,90
anon_0078447,85
anon_0078464,100
anon_0078452,85
anon_0078452,85
anon_0078458,85
anon_0078464,85
anon_0078452,85
anon_0078463,100
anon_0078452,50
anon_0078458,85
anon_0078464,90
anon_0078458,95
anon_0078464,90
anon_0078458,100
anon_0078458,90
anon_0078452,85
anon_0078458,100
anon_0078458,90
anon_0078458,85
anon_0078464,95
anon_0078458,85
anon_0078458,85
anon_0078446,85
anon_0078458,85
anon_0078458,100
anon_0078464,100
anon_0078458,85
anon_0078464,85
anon_0078464,85
anon_0078458,75
anon_0078458,85
anon_0078464,85
anon_0078511,100
anon_0078464,100
anon_0078505,100
anon_0078464,90
anon_0078511,100
anon_0078505,100
anon_0078464,90
anon_0078464,100
anon_0078481,90
anon_0078505,90
anon_0078505,100
anon_0078505,90
anon_0078482,85
anon_0078511,90
anon_0078511,90
anon_0078511,85
anon_0078464,100
anon_0078505,90
anon_0078464,100
anon_0078505,100
anon_0078511,100
anon_0078481,100
anon_0078475,75
anon_0078511,50
anon_0078481,85
anon_0078505,85
anon_0078464,90
anon_0078511,85
anon_0078505,90
anon_0078464,95
anon_0078505,100
anon_0078464,90
anon_0078475,90
anon_0078481,90
anon_0078481,100
anon_0078481,95
anon_0078464,100
anon_0078511,100
anon_0078482,100
anon_0078481,85
anon_0078464,95
anon_0078511,85
anon_0078482,100
anon_0078511,100
anon_0078464,90
anon_0078505,85
anon_0078482,100
anon_0078464,90
anon_0078482,100
anon_0078482,100
anon_0078494,50
anon_0078511,100
anon_0078482,95
anon_0078482,90
anon_0078482,100
anon_0078511,90
anon_0078505,100
anon_0078494,85
anon_0078475,85
anon_0078482,95
anon_0078511,95
anon_0078494,95
anon_0078481,90
anon_0078464,100
anon_0078511,85
anon_0078494,85
anon_0078464,90
anon_0078464,85
anon_0078511,90
anon_0078505,85
anon_0078505,100
anon_0078464,85
anon_0078481,95
anon_0078511,90
anon_0078464,85
anon_0078505,100
anon_0078482,90
anon_0078482,85
anon_0078482,100
anon_0078505,90
anon_0078511,90
anon_0078505,85
anon_0078505,85
anon_0078482,90
anon_0078505,100
anon_0078464,90
anon_0078463,100
anon_0078494,85
anon_0078505,90
anon_0078464,80
anon_0078464,85
anon_0078464,90
anon_0078494,95
anon_0078482,95
anon_0078505,95
anon_0078463,85
anon_0078494,90
anon_0078463,50
anon_0078505,85
anon_0078494,90
anon_0078481,100
anon_0078463,50
anon_0078494,85
anon_0078505,100
anon_0078511,95
anon_0078494,85
anon_0078463,95
anon_0078494,90
anon_0078505,100
anon_0078481,85
anon_0078511,85
anon_0078494,90
anon_0078505,100
anon_0078494,85
anon_0078494,95
anon_0078481,85
anon_0078481,85
anon_0078463,85
anon_0078494,90
anon_0078505,100
anon_0078505,100
anon_0078494,90
anon_0078494,90
anon_0078464,85
anon_0078463,100
anon_0078481,100
anon_0078481,50
anon_0078511,90
anon_0078494,85
anon_0078463,85
anon_0078494,85
anon_0078494,90
anon_0078481,90
anon_0078494,85
anon_0078481,100
anon_0078463,85
anon_0078481,50
anon_0078463,85
anon_0078481,90
anon_0078481,90
anon_0078481,85
anon_0078481,85
anon_0078481,90
anon_0078494,85
anon_0078481,85
anon_0078494,85
anon_0078481,85
anon_0078494,100
anon_0078481,85
anon_0078481,85
anon_0078463,75
anon_0078481,85
anon_0078463,90
anon_0078481,85
anon_0078481,85
anon_0078526,95
anon_0078531,85
anon_0078530,100
anon_0078526,100
anon_0078526,90
anon_0078537,100
anon_0078530,100
anon_0078526,85
anon_0078526,50
anon_0078526,100
anon_0078531,100
anon_0078531,90
anon_0078526,100
anon_0078526,85
anon_0078526,85
anon_0078537,100
anon_0078531,90
anon_0078526,90
anon_0078531,90
anon_0078531,100
anon_0078526,0
anon_0078531,85
anon_0078537,90
anon_0078530,95
anon_0078537,90
anon_0078526,100
anon_0078531,100
anon_0078530,85
anon_0078528,90
anon_0078526,50
anon_0078531,85
anon_0078537,95
anon_0078537,85
anon_0078531,85
anon_0078526,50
anon_0078526,90
anon_0078531,100
anon_0078531,90
anon_0078528,90
anon_0078526,100
anon_0078526,85
anon_0078537,75
anon_0078531,85
anon_0078530,85
anon_0078537,85
anon_0078531,100
anon_0078526,95
anon_0078526,85
anon_0078526,85
anon_0078531,85
anon_0078528,85
anon_0078526,85
anon_0078537,90
anon_0078528,90
anon_0078528,85
anon_0078537,100
anon_0078531,90
anon_0078530,85
anon_0078526,100
anon_0078531,85
anon_0078530,50
anon_0078531,80
anon_0078531,95
anon_0078531,100
anon_0078531,95
anon_0078530,100
anon_0078530,100
anon_0078537,85
anon_0078528,85
anon_0078531,85
anon_0078526,85
anon_0078530,95
anon_0078531,90
anon_0078530,100
anon_0078537,85
anon_0078530,100
anon_0078530,100
anon_0078531,85
anon_0078531,85
anon_0078531,90
anon_0078530,85
anon_0078531,100
anon_0078531,90
anon_0078530,100
anon_0078530,100
anon_0078531,85
anon_0078530,95
anon_0078530,100
anon_0078530,100
anon_0078531,100
anon_0078530,100
anon_0078531,90
anon_0078531,85
anon_0078528,85
anon_0078531,95
anon_0078528,85
anon_0078526,100
anon_0078531,95
anon_0078537,85
anon_0078531,85
anon_0078528,50
anon_0078530,100
anon_0078531,85
anon_0078531,90
anon_0078531,85
anon_0078531,85
anon_0078528,85
anon_0078528,75
anon_0078530,100
anon_0078531,85
anon_0078530,100
anon_0078531,85
anon_0078528,85
anon_0078528,NA
