chat_session_id,veracity_score
anon_0066121,100
anon_0066144,100
anon_0066144,100
anon_0066200,0
anon_0066121,100
anon_0066209,90
anon_0066121,85
anon_0066127,0
anon_0066127,85
anon_0066126,100
anon_0066144,0
anon_0066144,0
anon_0066121,100
anon_0066224,100
anon_0066209,90
anon_0066221,100
anon_0066125,0
anon_0066121,90
anon_0066127,95
anon_0066126,100
anon_0066121,85
anon_0066121,85
anon_0066221,100
anon_0066209,90
anon_0066125,100
anon_0066224,100
anon_0066209,85
anon_0066209,100
anon_0066125,100
anon_0066125,95
anon_0066221,100
anon_0066209,85
anon_0066121,90
anon_0066224,95
anon_0066121,100
anon_0066127,85
anon_0066144,90
anon_0066127,60
anon_0066200,0
anon_0066221,85
anon_0066209,100
anon_0066224,100
anon_0066209,85
anon_0066209,100
anon_0066209,90
anon_0066224,100
anon_0066209,90
anon_0066121,100
anon_0066221,80
anon_0066121,90
anon_0066121,90
anon_0066121,95
anon_0066125,90
anon_0066126,85
anon_0066221,75
anon_0066221,100
anon_0066125,100
anon_0066221,100
anon_0066125,0
anon_0066121,100
anon_0066126,50
anon_0066221,100
anon_0066126,85
anon_0066121,100
anon_0066200,100
anon_0066121,85
anon_0066121,95
anon_0066144,85
anon_0066125,85
anon_0066200,85
anon_0066125,0
anon_0066127,95
anon_0066127,85
anon_0066126,85
anon_0066144,85
anon_0066127,0
anon_0066121,95
anon_0066127,50
anon_0066126,90
anon_0066224,95
anon_0066126,50
anon_0066125,50
anon_0066221,85
anon_0066200,50
anon_0066126,100
anon_0066209,100
anon_0066144,100
anon_0066121,90
anon_0066127,60
anon_0066221,85
anon_0066127,90
anon_0066125,85
anon_0066127,85
anon_0066126,90
anon_0066127,90
anon_0066121,90
anon_0066200,85
anon_0066126,100
anon_0066221,100
anon_0066144,90
anon_0066126,90
anon_0066125,90
anon_0066125,0
anon_0066125,50
anon_0066200,85
anon_0066126,90
anon_0066144,85
anon_0066126,100
anon_0066127,95
anon_0066221,100
anon_0066126,100
anon_0066144,50
anon_0066126,0
anon_0066126,100
anon_0066126,0
anon_0066200,90
anon_0066221,95
anon_0066209,90
anon_0066200,100
anon_0066126,100
anon_0066221,85
anon_0066221,85
anon_0066209,100
anon_0066126,95
anon_0066126,100
anon_0066221,100
anon_0066126,100
anon_0066144,95
anon_0066126,100
anon_0066221,100
anon_0066121,NA
anon_0066126,50
anon_0066144,90
anon_0066144,85
anon_0066126,90
anon_0066126,80
anon_0066221,90
anon_0066221,100
anon_0066200,85
anon_0066144,90
anon_0066200,85
anon_0066144,90
anon_0066144,95
anon_0066126,80
anon_0066209,95
anon_0066200,100
anon_0066221,20
anon_0066209,85
anon_0066127,90
anon_0066127,90
anon_0066126,100
anon_0066221,100
anon_0066144,85
anon_0066144,85
anon_0066126,90
anon_0066200,85
anon_0066209,85
anon_0066221,95
anon_0066200,85
anon_0066127,85
anon_0066277,100
anon_0066221,100
anon_0066209,100
anon_0066126,100
anon_0066209,40
anon_0066269,100
anon_0066278,0
anon_0066277,100
anon_0066209,0
anon_0066126,100
anon_0066209,85
anon_0066209,100
anon_0066126,50
anon_0066278,100
anon_0066284,100
anon_0066305,0
anon_0066284,95
anon_0066305,85
anon_0066200,100
anon_0066277,100
anon_0066277,90
anon_0066126,100
anon_0066297,100
anon_0066277,100
anon_0066269,0
anon_0066221,100
anon_0066284,100
anon_0066209,90
anon_0066305,0
anon_0066221,100
anon_0066209,95
anon_0066269,100
anon_0066224,85
anon_0066284,100
anon_0066126,95
anon_0066200,100
anon_0066126,50
anon_0066277,90
anon_0066200,85
anon_0066200,85
anon_0066277,90
anon_0066224,100
anon_0066284,0
anon_0066269,0
anon_0066209,90
anon_0066221,100
anon_0066284,90
anon_0066209,90
anon_0066278,90
anon_0066277,90
anon_0066277,85
anon_0066284,90
anon_0066200,100
anon_0066224,85
anon_0066284,100
anon_0066297,90
anon_0066269,90
anon_0066224,85
anon_0066200,85
anon_0066209,90
anon_0066209,85
anon_0066126,95
anon_0066200,85
anon_0066269,85
anon_0066284,85
anon_0066269,100
anon_0066284,85
anon_0066284,95
anon_0066126,90
anon_0066200,85
anon_0066200,50
anon_0066277,85
anon_0066200,50
anon_0066277,100
anon_0066284,85
anon_0066297,85
anon_0066126,90
anon_0066284,100
anon_0066284,100
anon_0066284,90
anon_0066221,85
anon_0066221,90
anon_0066284,85
anon_0066221,90
anon_0066200,85
anon_0066277,0
anon_0066284,90
anon_0066284,90
anon_0066284,100
anon_0066224,85
anon_0066224,0
anon_0066200,90
anon_0066200,100
anon_0066278,100
anon_0066209,NA
anon_0066224,100
anon_0066200,100
anon_0066224,50
anon_0066200,80
anon_0066221,90
anon_0066284,90
anon_0066278,100
anon_0066221,85
anon_0066221,85
anon_0066278,100
anon_0066221,0
anon_0066221,85
anon_0066277,75
anon_0066277,85
anon_0066278,100
anon_0066278,100
anon_0066278,85
anon_0066126,80
anon_0066221,100
anon_0066209,100
anon_0066278,100
anon_0066277,85
anon_0066284,85
anon_0066278,100
anon_0066200,50
anon_0066278,100
anon_0066278,0
anon_0066278,100
anon_0066284,85
anon_0066284,100
anon_0066221,100
anon_0066278,50
anon_0066277,90
anon_0066221,100
anon_0066224,95
anon_0066221,85
anon_0066284,85
anon_0066277,100
anon_0066221,80
anon_0066200,85
anon_0066221,90
anon_0066284,90
anon_0066284,85
anon_0066209,50
anon_0066278,85
anon_0066277,95
anon_0066278,100
anon_0066277,85
anon_0066209,85
anon_0066209,85
anon_0066200,85
anon_0066277,85
anon_0066200,85
anon_0066284,85
anon_0066277,50
anon_0066209,85
anon_0066278,0
anon_0066221,100
anon_0066297,95
anon_0066269,100
anon_0066316,100
anon_0066327,100
anon_0066357,100
anon_0066338,85
anon_0066335,100
anon_0066316,85
anon_0066316,NA
anon_0066338,85
anon_0066297,100
anon_0066278,0
anon_0066316,100
anon_0066327,90
anon_0066316,100
anon_0066337,100
anon_0066316,50
anon_0066337,100
anon_0066337,100
anon_0066335,100
anon_0066337,95
anon_0066327,100
anon_0066337,90
anon_0066316,90
anon_0066278,100
anon_0066335,100
anon_0066316,50
anon_0066338,85
anon_0066316,100
anon_0066284,100
anon_0066269,0
anon_0066327,0
anon_0066337,100
anon_0066277,100
anon_0066284,90
anon_0066357,0
anon_0066277,95
anon_0066327,0
anon_0066337,100
anon_0066337,90
anon_0066284,100
anon_0066316,85
anon_0066278,100
anon_0066316,90
anon_0066337,90
anon_0066278,0
anon_0066327,90
anon_0066335,100
anon_0066337,0
anon_0066337,90
anon_0066316,0
anon_0066337,95
anon_0066337,100
anon_0066327,100
anon_0066327,85
anon_0066316,85
anon_0066316,100
anon_0066337,50
anon_0066278,85
anon_0066316,85
anon_0066278,100
anon_0066327,85
anon_0066297,100
anon_0066316,85
anon_0066327,100
anon_0066278,50
anon_0066278,90
anon_0066316,85
anon_0066284,20
anon_0066327,95
anon_0066284,85
anon_0066278,0
anon_0066316,85
anon_0066297,0
anon_0066327,100
anon_0066327,90
anon_0066327,90
anon_0066316,100
anon_0066297,50
anon_0066337,100
anon_0066316,90
anon_0066335,70
anon_0066357,85
anon_0066316,85
anon_0066327,90
anon_0066335,0
anon_0066327,100
anon_0066327,100
anon_0066316,95
anon_0066337,95
anon_0066316,90
anon_0066327,95
anon_0066327,90
anon_0066327,85
anon_0066337,90
anon_0066327,0
anon_0066337,95
anon_0066278,50
anon_0066316,0
anon_0066278,0
anon_0066305,100
anon_0066269,100
anon_0066327,50
anon_0066327,100
anon_0066277,85
anon_0066284,100
anon_0066327,95
anon_0066278,50
anon_0066277,85
anon_0066316,100
anon_0066316,100
anon_0066305,100
anon_0066278,100
anon_0066327,100
anon_0066327,85
anon_0066316,90
anon_0066327,85
anon_0066327,85
anon_0066327,90
anon_0066278,100
anon_0066269,50
anon_0066327,0
anon_0066327,100
anon_0066284,85
anon_0066278,90
anon_0066316,85
anon_0066277,90
anon_0066327,90
anon_0066277,95
anon_0066278,50
anon_0066269,90
anon_0066278,90
anon_0066284,0
anon_0066316,75
anon_0066327,100
anon_0066277,100
anon_0066278,100
anon_0066269,85
anon_0066278,100
anon_0066278,0
anon_0066269,85
anon_0066327,90
anon_0066305,100
anon_0066278,100
anon_0066284,85
anon_0066284,85
anon_0066284,85
anon_0066327,50
anon_0066316,70
anon_0066305,100
anon_0066327,0
anon_0066284,85
anon_0066327,95
anon_0066327,95
anon_0066278,100
anon_0066278,100
anon_0066278,100
anon_0066327,90
anon_0066284,90
anon_0066284,85
anon_0066284,85
anon_0066277,95
anon_0066277,90
anon_0066327,90
anon_0066327,90
anon_0066278,0
anon_0066338,90
anon_0066466,100
anon_0066433,95
anon_0066375,0
anon_0066422,100
anon_0066474,90
anon_0066458,85
anon_0066458,85
anon_0066458,100
anon_0066458,100
anon_0066433,85
anon_0066338,85
anon_0066422,95
anon_0066458,95
anon_0066458,95
anon_0066466,0
anon_0066458,85
anon_0066433,85
anon_0066458,90
anon_0066375,100
anon_0066433,90
anon_0066375,100
anon_0066433,90
anon_0066335,100
anon_0066335,100
anon_0066433,90
anon_0066375,100
anon_0066454,85
anon_0066433,90
anon_0066474,95
anon_0066422,100
anon_0066433,90
anon_0066433,100
anon_0066375,90
anon_0066335,100
anon_0066335,100
anon_0066447,85
anon_0066335,95
anon_0066422,90
anon_0066422,85
anon_0066474,0
anon_0066375,85
anon_0066458,100
anon_0066375,90
anon_0066335,100
anon_0066335,100
anon_0066458,100
anon_0066437,100
anon_0066375,0
anon_0066454,0
anon_0066447,100
anon_0066422,0
anon_0066278,0
anon_0066375,85
anon_0066437,90
anon_0066375,100
anon_0066422,0
anon_0066375,90
anon_0066437,0
anon_0066375,10
anon_0066447,100
anon_0066437,85
anon_0066375,50
anon_0066335,90
anon_0066437,0
anon_0066433,70
anon_0066422,95
anon_0066335,100
anon_0066278,50
anon_0066455,50
anon_0066335,90
anon_0066278,0
anon_0066422,100
anon_0066437,90
anon_0066437,100
anon_0066437,100
anon_0066338,90
anon_0066278,85
anon_0066375,75
anon_0066437,100
anon_0066455,30
anon_0066433,100
anon_0066474,90
anon_0066437,90
anon_0066455,85
anon_0066338,0
anon_0066447,50
anon_0066338,0
anon_0066455,0
anon_0066437,50
anon_0066458,90
anon_0066278,100
anon_0066433,90
anon_0066375,50
anon_0066455,85
anon_0066437,95
anon_0066278,85
anon_0066455,85
anon_0066422,95
anon_0066422,90
anon_0066454,0
anon_0066433,70
anon_0066454,85
anon_0066278,85
anon_0066375,100
anon_0066433,100
anon_0066422,90
anon_0066375,0
anon_0066474,90
anon_0066278,100
anon_0066433,0
anon_0066375,100
anon_0066278,100
anon_0066455,85
anon_0066335,85
anon_0066422,100
anon_0066455,50
anon_0066278,90
anon_0066278,100
anon_0066375,90
anon_0066375,100
anon_0066375,0
anon_0066422,100
anon_0066447,90
anon_0066375,100
anon_0066422,70
anon_0066455,90
anon_0066278,100
anon_0066422,100
anon_0066433,85
anon_0066278,75
anon_0066422,100
anon_0066454,50
anon_0066375,95
anon_0066447,100
anon_0066278,100
anon_0066375,100
anon_0066375,100
anon_0066447,85
anon_0066422,100
anon_0066422,90
anon_0066433,90
anon_0066454,85
anon_0066422,90
anon_0066447,95
anon_0066422,85
anon_0066375,85
anon_0066375,100
anon_0066447,85
anon_0066447,90
anon_0066375,50
anon_0066375,85
anon_0066447,95
anon_0066422,85
anon_0066447,85
anon_0066447,90
anon_0066447,90
anon_0066422,90
anon_0066422,90
anon_0066422,100
anon_0066447,85
anon_0066447,85
anon_0066447,95
anon_0066375,70
anon_0066447,100
anon_0066454,100
anon_0066458,0
anon_0066549,100
anon_0066561,100
anon_0066474,100
anon_0066466,95
anon_0066454,75
anon_0066561,100
anon_0066514,100
anon_0066474,0
anon_0066497,100
anon_0066549,100
anon_0066474,100
anon_0066466,100
anon_0066474,85
anon_0066454,100
anon_0066447,100
anon_0066497,95
anon_0066497,95
anon_0066474,90
anon_0066549,90
anon_0066454,100
anon_0066497,90
anon_0066474,100
anon_0066525,0
anon_0066525,50
anon_0066455,0
anon_0066497,95
anon_0066474,90
anon_0066454,90
anon_0066525,100
anon_0066455,40
anon_0066559,85
anon_0066549,90
anon_0066474,85
anon_0066454,100
anon_0066559,85
anon_0066474,0
anon_0066559,0
anon_0066525,85
anon_0066454,80
anon_0066514,100
anon_0066474,95
anon_0066497,85
anon_0066466,100
anon_0066549,0
anon_0066447,100
anon_0066525,90
anon_0066514,100
anon_0066454,85
anon_0066466,85
anon_0066447,85
anon_0066474,95
anon_0066497,100
anon_0066474,50
anon_0066474,90
anon_0066514,95
anon_0066454,90
anon_0066561,95
anon_0066466,85
anon_0066474,100
anon_0066447,90
anon_0066454,0
anon_0066447,100
anon_0066447,100
anon_0066497,95
anon_0066474,85
anon_0066514,50
anon_0066497,95
anon_0066474,50
anon_0066525,0
anon_0066514,50
anon_0066497,50
anon_0066514,90
anon_0066466,90
anon_0066474,85
anon_0066447,100
anon_0066454,85
anon_0066455,90
anon_0066455,95
anon_0066474,50
anon_0066474,50
anon_0066454,85
anon_0066474,90
anon_0066497,95
anon_0066514,85
anon_0066474,85
anon_0066454,50
anon_0066447,100
anon_0066447,85
anon_0066525,85
anon_0066474,100
anon_0066474,100
anon_0066447,100
anon_0066514,70
anon_0066525,50
anon_0066455,90
anon_0066447,85
anon_0066466,90
anon_0066447,85
anon_0066455,80
anon_0066455,100
anon_0066447,80
anon_0066474,100
anon_0066547,95
anon_0066466,50
anon_0066474,30
anon_0066547,60
anon_0066455,85
anon_0066454,90
anon_0066474,100
anon_0066454,0
anon_0066455,100
anon_0066455,85
anon_0066474,95
anon_0066474,90
anon_0066525,100
anon_0066547,50
anon_0066474,85
anon_0066455,100
anon_0066454,85
anon_0066455,50
anon_0066447,100
anon_0066474,90
anon_0066525,100
anon_0066454,85
anon_0066474,85
anon_0066447,95
anon_0066474,NA
anon_0066455,85
anon_0066525,100
anon_0066474,85
anon_0066474,85
anon_0066474,90
anon_0066447,90
anon_0066447,100
anon_0066466,90
anon_0066474,75
anon_0066525,100
anon_0066454,90
anon_0066525,100
anon_0066455,85
anon_0066525,100
anon_0066447,100
anon_0066547,85
anon_0066525,85
anon_0066447,100
anon_0066525,100
anon_0066447,70
anon_0066454,100
anon_0066525,85
anon_0066454,50
anon_0066474,85
anon_0066455,75
anon_0066454,0
anon_0066455,50
anon_0066447,85
anon_0066447,90
anon_0066525,85
anon_0066454,85
anon_0066447,90
anon_0066447,100
anon_0066447,90
anon_0066466,85
anon_0066447,90
anon_0066525,85
anon_0066525,85
anon_0066455,85
anon_0066447,90
anon_0066525,100
anon_0066447,100
anon_0066447,85
anon_0066455,90
anon_0066525,0
anon_0066447,85
anon_0066514,90
anon_0066579,100
anon_0066549,0
anon_0066554,85
anon_0066554,100
anon_0066554,100
anon_0066556,100
anon_0066554,100
anon_0066595,100
anon_0066598,100
anon_0066556,100
anon_0066545,100
anon_0066547,0
anon_0066554,95
anon_0066598,0
anon_0066554,100
anon_0066545,90
anon_0066579,100
anon_0066549,100
anon_0066594,90
anon_0066595,85
anon_0066579,100
anon_0066556,100
anon_0066596,100
anon_0066545,90
anon_0066547,30
anon_0066556,75
anon_0066549,0
anon_0066556,50
anon_0066547,90
anon_0066598,95
anon_0066547,0
anon_0066596,100
anon_0066556,100
anon_0066594,50
anon_0066554,100
anon_0066596,90
anon_0066547,0
anon_0066579,90
anon_0066596,85
anon_0066554,100
anon_0066547,0
anon_0066547,85
anon_0066556,90
anon_0066596,20
anon_0066549,90
anon_0066579,90
anon_0066556,100
anon_0066554,100
anon_0066545,85
anon_0066549,100
anon_0066547,75
anon_0066549,50
anon_0066556,100
anon_0066595,0
anon_0066549,90
anon_0066556,100
anon_0066545,100
anon_0066561,85
anon_0066547,85
anon_0066525,85
anon_0066579,0
anon_0066549,0
anon_0066554,50
anon_0066579,100
anon_0066594,90
anon_0066547,0
anon_0066549,100
anon_0066607,85
anon_0066579,90
anon_0066545,100
anon_0066561,100
anon_0066547,50
anon_0066561,0
anon_0066561,90
anon_0066556,90
anon_0066556,100
anon_0066547,100
anon_0066547,85
anon_0066556,100
anon_0066547,85
anon_0066556,50
anon_0066607,85
anon_0066549,100
anon_0066561,85
anon_0066596,85
anon_0066607,85
anon_0066607,85
anon_0066556,100
anon_0066549,50
anon_0066556,30
anon_0066561,85
anon_0066561,95
anon_0066545,85
anon_0066547,50
anon_0066596,90
anon_0066596,30
anon_0066561,85
anon_0066579,100
anon_0066547,90
anon_0066454,90
anon_0066596,0
anon_0066549,85
anon_0066561,100
anon_0066554,100
anon_0066561,85
anon_0066549,100
anon_0066561,100
anon_0066547,0
anon_0066549,90
anon_0066454,100
anon_0066596,100
anon_0066561,100
anon_0066454,90
anon_0066454,100
anon_0066547,0
anon_0066596,95
anon_0066561,90
anon_0066547,100
anon_0066554,100
anon_0066561,90
anon_0066545,90
anon_0066579,100
anon_0066549,90
anon_0066596,100
anon_0066549,100
anon_0066596,90
anon_0066549,100
anon_0066579,100
anon_0066554,100
anon_0066545,85
anon_0066549,90
anon_0066554,100
anon_0066547,100
anon_0066554,100
anon_0066554,0
anon_0066545,85
anon_0066545,95
anon_0066596,90
anon_0066579,95
anon_0066596,90
anon_0066556,100
anon_0066545,85
anon_0066549,85
anon_0066596,85
anon_0066545,100
anon_0066554,50
anon_0066596,85
anon_0066545,85
anon_0066545,90
anon_0066579,100
anon_0066545,95
anon_0066545,85
anon_0066579,95
anon_0066454,90
anon_0066554,100
anon_0066554,85
anon_0066554,100
anon_0066556,100
anon_0066545,95
anon_0066556,100
anon_0066596,85
anon_0066545,50
anon_0066554,10
anon_0066454,90
anon_0066556,100
anon_0066554,95
anon_0066545,85
anon_0066545,100
anon_0066556,90
anon_0066554,100
anon_0066596,90
anon_0066545,100
anon_0066545,85
anon_0066545,85
anon_0066549,90
anon_0066554,100
anon_0066596,20
anon_0066545,50
anon_0066556,0
anon_0066545,100
anon_0066554,85
anon_0066545,90
anon_0066596,85
anon_0066545,70
anon_0066545,85
anon_0066596,85
anon_0066554,90
anon_0066545,85
anon_0066545,50
anon_0066596,85
anon_0066596,85
anon_0066598,100
anon_0066594,100
anon_0066607,85
anon_0066594,100
anon_0066606,100
anon_0066635,85
anon_0066654,95
anon_0066595,85
anon_0066635,100
anon_0066648,100
anon_0066607,100
anon_0066598,90
anon_0066607,100
anon_0066607,100
anon_0066598,100
anon_0066561,100
anon_0066607,100
anon_0066595,100
anon_0066657,100
anon_0066594,100
anon_0066648,100
anon_0066648,100
anon_0066648,90
anon_0066607,100
anon_0066609,0
anon_0066594,90
anon_0066561,95
anon_0066598,100
anon_0066657,0
anon_0066654,95
anon_0066635,100
anon_0066598,90
anon_0066598,100
anon_0066606,100
anon_0066607,85
anon_0066657,100
anon_0066609,90
anon_0066598,95
anon_0066598,0
anon_0066607,50
anon_0066607,95
anon_0066607,100
anon_0066609,100
anon_0066635,90
anon_0066594,0
anon_0066606,100
anon_0066606,85
anon_0066607,85
anon_0066657,90
anon_0066607,100
anon_0066635,100
anon_0066596,100
anon_0066607,100
anon_0066606,95
anon_0066657,100
anon_0066594,85
anon_0066609,95
anon_0066594,0
anon_0066648,100
anon_0066607,100
anon_0066606,70
anon_0066607,85
anon_0066598,100
anon_0066648,90
anon_0066607,0
anon_0066654,100
anon_0066607,100
anon_0066654,85
anon_0066607,85
anon_0066607,80
anon_0066635,95
anon_0066607,100
anon_0066607,90
anon_0066657,50
anon_0066596,90
anon_0066606,75
anon_0066609,100
anon_0066596,85
anon_0066635,95
anon_0066561,90
anon_0066598,100
anon_0066606,85
anon_0066609,0
anon_0066635,95
anon_0066607,100
anon_0066657,100
anon_0066607,90
anon_0066607,90
anon_0066606,70
anon_0066609,90
anon_0066607,50
anon_0066594,90
anon_0066607,100
anon_0066596,85
anon_0066609,90
anon_0066607,95
anon_0066635,95
anon_0066609,100
anon_0066609,90
anon_0066579,95
anon_0066607,90
anon_0066635,100
anon_0066635,100
anon_0066648,85
anon_0066596,90
anon_0066607,70
anon_0066606,100
anon_0066607,85
anon_0066607,50
anon_0066607,100
anon_0066607,50
anon_0066579,50
anon_0066606,100
anon_0066607,100
anon_0066607,50
anon_0066635,100
anon_0066635,100
anon_0066545,90
anon_0066606,100
anon_0066609,50
anon_0066594,0
anon_0066607,85
anon_0066579,0
anon_0066607,85
anon_0066635,30
anon_0066607,100
anon_0066545,90
anon_0066606,100
anon_0066607,50
anon_0066606,100
anon_0066545,100
anon_0066609,100
anon_0066545,60
anon_0066545,90
anon_0066635,80
anon_0066607,85
anon_0066606,75
anon_0066579,85
anon_0066609,85
anon_0066635,90
anon_0066635,90
anon_0066609,95
anon_0066545,95
anon_0066635,100
anon_0066545,100
anon_0066545,95
anon_0066545,95
anon_0066606,90
anon_0066635,100
anon_0066545,90
anon_0066606,95
anon_0066545,85
anon_0066606,100
anon_0066635,95
anon_0066545,85
anon_0066635,85
anon_0066609,85
anon_0066635,90
anon_0066545,85
anon_0066545,85
anon_0066607,95
anon_0066607,85
anon_0066545,90
anon_0066545,85
anon_0066607,85
anon_0066545,85
anon_0066579,95
anon_0066545,85
anon_0066545,90
anon_0066607,100
anon_0066658,100
anon_0066743,90
anon_0066648,100
anon_0066710,85
anon_0066594,100
anon_0066648,100
anon_0066648,50
anon_0066595,85
anon_0066595,50
anon_0066648,100
anon_0066654,100
anon_0066648,85
anon_0066710,0
anon_0066595,85
anon_0066710,100
anon_0066687,100
anon_0066743,100
anon_0066710,100
anon_0066710,0
anon_0066635,90
anon_0066710,100
anon_0066658,0
anon_0066648,85
anon_0066687,100
anon_0066609,75
anon_0066687,90
anon_0066658,0
anon_0066654,90
anon_0066658,95
anon_0066648,85
anon_0066648,100
anon_0066654,100
anon_0066648,95
anon_0066648,100
anon_0066710,95
anon_0066658,90
anon_0066658,85
anon_0066715,0
anon_0066687,100
anon_0066743,90
anon_0066648,0
anon_0066635,100
anon_0066648,50
anon_0066648,100
anon_0066648,85
anon_0066654,85
anon_0066648,85
anon_0066687,0
anon_0066648,50
anon_0066743,50
anon_0066648,100
anon_0066648,100
anon_0066635,90
anon_0066648,100
anon_0066743,50
anon_0066648,0
anon_0066609,85
anon_0066654,70
anon_0066648,100
anon_0066710,85
anon_0066743,90
anon_0066687,85
anon_0066594,90
anon_0066648,100
anon_0066743,50
anon_0066654,85
anon_0066654,0
anon_0066648,100
anon_0066648,100
anon_0066654,100
anon_0066654,85
anon_0066606,85
anon_0066658,100
anon_0066606,90
anon_0066648,90
anon_0066594,85
anon_0066687,85
anon_0066648,90
anon_0066654,85
anon_0066687,100
anon_0066710,85
anon_0066648,100
anon_0066658,50
anon_0066648,100
anon_0066715,95
anon_0066687,90
anon_0066654,100
anon_0066658,90
anon_0066648,90
anon_0066715,85
anon_0066648,85
anon_0066658,100
anon_0066635,0
anon_0066648,85
anon_0066635,100
anon_0066743,85
anon_0066687,100
anon_0066648,95
anon_0066715,85
anon_0066658,50
anon_0066658,90
anon_0066654,95
anon_0066654,90
anon_0066710,90
anon_0066687,85
anon_0066715,90
anon_0066606,85
anon_0066635,100
anon_0066715,85
anon_0066687,100
anon_0066635,90
anon_0066658,100
anon_0066658,100
anon_0066606,85
anon_0066654,85
anon_0066654,100
anon_0066687,50
anon_0066658,100
anon_0066654,90
anon_0066648,90
anon_0066715,85
anon_0066658,85
anon_0066687,90
anon_0066715,90
anon_0066654,50
anon_0066710,95
anon_0066687,85
anon_0066658,90
anon_0066648,50
anon_0066710,85
anon_0066648,50
anon_0066658,85
anon_0066658,85
anon_0066715,95
anon_0066715,90
anon_0066743,90
anon_0066715,85
anon_0066715,90
anon_0066648,85
anon_0066710,85
anon_0066710,85
anon_0066635,100
anon_0066710,50
anon_0066710,50
anon_0066715,95
anon_0066715,95
anon_0066710,0
anon_0066715,70
anon_0066715,85
anon_0066715,90
anon_0066710,85
anon_0066648,50
anon_0066658,90
anon_0066715,0
anon_0066755,0
anon_0066820,100
anon_0066781,85
anon_0066751,85
anon_0066751,90
anon_0066818,100
anon_0066787,0
anon_0066767,100
anon_0066755,95
anon_0066755,100
anon_0066809,100
anon_0066767,100
anon_0066781,85
anon_0066743,100
anon_0066764,95
anon_0066818,100
anon_0066743,100
anon_0066743,95
anon_0066767,85
anon_0066764,95
anon_0066743,90
anon_0066764,90
anon_0066743,100
anon_0066755,85
anon_0066743,100
anon_0066743,90
anon_0066781,100
anon_0066767,90
anon_0066809,0
anon_0066820,100
anon_0066809,0
anon_0066755,90
anon_0066755,90
anon_0066755,100
anon_0066755,95
anon_0066787,100
anon_0066787,85
anon_0066743,90
anon_0066787,100
anon_0066755,95
anon_0066809,85
anon_0066743,100
anon_0066764,100
anon_0066751,85
anon_0066764,85
anon_0066764,85
anon_0066755,100
anon_0066743,100
anon_0066743,90
anon_0066755,90
anon_0066755,85
anon_0066743,95
anon_0066767,100
anon_0066764,95
anon_0066781,100
anon_0066781,85
anon_0066755,90
anon_0066781,100
anon_0066820,100
anon_0066818,70
anon_0066820,90
anon_0066781,100
anon_0066755,0
anon_0066755,90
anon_0066755,85
anon_0066755,85
anon_0066743,100
anon_0066764,85
anon_0066781,90
anon_0066781,70
anon_0066787,85
anon_0066764,100
anon_0066764,90
anon_0066743,85
anon_0066781,90
anon_0066787,90
anon_0066743,50
anon_0066751,85
anon_0066743,85
anon_0066755,100
anon_0066818,90
anon_0066743,95
anon_0066787,90
anon_0066764,85
anon_0066755,100
anon_0066751,70
anon_0066755,50
anon_0066781,85
anon_0066743,85
anon_0066743,85
anon_0066767,50
anon_0066767,90
anon_0066767,50
anon_0066767,90
anon_0066781,100
anon_0066767,0
anon_0066781,50
anon_0066764,50
anon_0066787,90
anon_0066767,90
anon_0066715,100
anon_0066781,95
anon_0066767,100
anon_0066781,0
anon_0066767,100
anon_0066755,85
anon_0066764,90
anon_0066767,100
anon_0066743,50
anon_0066781,85
anon_0066751,100
anon_0066751,100
anon_0066764,100
anon_0066751,95
anon_0066743,0
anon_0066767,85
anon_0066755,85
anon_0066794,90
anon_0066751,85
anon_0066764,100
anon_0066751,100
anon_0066764,85
anon_0066767,75
anon_0066764,95
anon_0066751,100
anon_0066751,90
anon_0066781,85
anon_0066781,100
anon_0066751,100
anon_0066794,20
anon_0066794,85
anon_0066715,85
anon_0066751,50
anon_0066781,100
anon_0066781,0
anon_0066751,70
anon_0066751,0
anon_0066781,85
anon_0066751,50
anon_0066751,90
anon_0066781,100
anon_0066715,95
anon_0066751,90
anon_0066743,30
anon_0066751,75
anon_0066781,100
anon_0066794,85
anon_0066751,80
anon_0066743,85
anon_0066751,20
anon_0066751,100
anon_0066751,90
anon_0066751,100
anon_0066751,80
anon_0066751,100
anon_0066794,85
anon_0066715,100
anon_0066751,100
anon_0066751,85
anon_0066781,85
anon_0066751,100
anon_0066751,70
anon_0066781,90
anon_0066781,90
anon_0066751,90
anon_0066751,100
anon_0066781,85
anon_0066715,70
anon_0066781,90
anon_0066715,85
anon_0066781,85
anon_0066820,95
anon_0066849,100
anon_0066849,85
anon_0066820,0
anon_0066844,100
anon_0066809,0
anon_0066849,100
anon_0066809,100
anon_0066839,0
anon_0066794,100
anon_0066820,100
anon_0066875,100
anon_0066875,100
anon_0066820,90
anon_0066849,100
anon_0066875,90
anon_0066844,50
anon_0066844,100
anon_0066809,85
anon_0066875,100
anon_0066820,90
anon_0066820,90
anon_0066875,0
anon_0066818,95
anon_0066844,90
anon_0066820,100
anon_0066839,85
anon_0066849,90
anon_0066818,0
anon_0066844,90
anon_0066849,100
anon_0066787,90
anon_0066849,90
anon_0066849,100
anon_0066875,100
anon_0066849,90
anon_0066875,95
anon_0066820,80
anon_0066875,85
anon_0066849,85
anon_0066820,85
anon_0066839,75
anon_0066794,90
anon_0066875,50
anon_0066787,30
anon_0066844,95
anon_0066787,90
anon_0066839,95
anon_0066849,100
anon_0066849,100
anon_0066794,100
anon_0066849,90
anon_0066794,100
anon_0066839,95
anon_0066849,90
anon_0066839,90
anon_0066875,85
anon_0066820,85
anon_0066849,85
anon_0066794,50
anon_0066839,100
anon_0066844,85
anon_0066809,80
anon_0066849,90
anon_0066809,50
anon_0066849,90
anon_0066844,0
anon_0066875,0
anon_0066820,100
anon_0066794,95
anon_0066839,100
anon_0066787,90
anon_0066787,0
anon_0066844,85
anon_0066820,60
anon_0066794,85
anon_0066849,95
anon_0066844,100
anon_0066787,100
anon_0066849,90
anon_0066787,100
anon_0066787,95
anon_0066787,100
anon_0066787,100
anon_0066787,100
anon_0066839,75
anon_0066794,95
anon_0066794,85
anon_0066787,100
anon_0066844,100
anon_0066787,0
anon_0066849,100
anon_0066794,90
anon_0066875,100
anon_0066809,90
anon_0066820,50
anon_0066794,85
anon_0066820,90
anon_0066844,0
anon_0066839,0
anon_0066875,85
anon_0066787,0
anon_0066875,0
anon_0066809,100
anon_0066809,85
anon_0066839,100
anon_0066794,85
anon_0066794,85
anon_0066787,85
anon_0066844,90
anon_0066809,100
anon_0066820,50
anon_0066839,100
anon_0066839,100
anon_0066844,100
anon_0066844,100
anon_0066787,90
anon_0066839,90
anon_0066787,0
anon_0066794,85
anon_0066844,0
anon_0066787,0
anon_0066809,85
anon_0066794,85
anon_0066839,0
anon_0066844,0
anon_0066839,90
anon_0066839,100
anon_0066839,0
anon_0066839,100
anon_0066809,85
anon_0066872,85
anon_0066839,100
anon_0066809,85
anon_0066820,90
anon_0066844,100
anon_0066839,100
anon_0066872,90
anon_0066872,100
anon_0066839,95
anon_0066809,100
anon_0066839,100
anon_0066820,0
anon_0066839,95
anon_0066820,30
anon_0066787,90
anon_0066839,95
anon_0066844,90
anon_0066839,100
anon_0066787,85
anon_0066820,50
anon_0066809,90
anon_0066872,90
anon_0066809,80
anon_0066809,50
anon_0066820,50
anon_0066839,85
anon_0066839,85
anon_0066872,85
anon_0066872,85
anon_0066839,0
anon_0066872,10
anon_0066875,100
anon_0066872,80
anon_0066839,85
anon_0066872,85
anon_0066872,50
anon_0066872,0
anon_0066872,85
anon_0066872,30
anon_0066872,0
anon_0066872,50
anon_0066872,85
anon_0066872,85
anon_0066872,85
anon_0066875,100
anon_0066872,50
anon_0066809,100
anon_0066912,100
anon_0066912,50
anon_0066956,100
anon_0066875,95
anon_0066839,0
anon_0066872,30
anon_0066912,95
anon_0066910,100
anon_0066912,0
anon_0066912,100
anon_0066912,95
anon_0066929,95
anon_0066909,90
anon_0066906,100
anon_0066972,90
anon_0066912,100
anon_0066889,90
anon_0066872,85
anon_0066906,100
anon_0066839,85
anon_0066909,100
anon_0066912,85
anon_0066906,100
anon_0066906,100
anon_0066912,100
anon_0066912,90
anon_0066839,0
anon_0066906,85
anon_0066910,100
anon_0066889,100
anon_0066910,100
anon_0066872,90
anon_0066910,0
anon_0066912,75
anon_0066956,85
anon_0066910,50
anon_0066912,85
anon_0066956,85
anon_0066875,100
anon_0066906,100
anon_0066956,100
anon_0066889,100
anon_0066956,85
anon_0066929,50
anon_0066912,85
anon_0066889,0
anon_0066889,100
anon_0066872,85
anon_0066912,95
anon_0066956,85
anon_0066889,85
anon_0066909,0
anon_0066912,85
anon_0066906,85
anon_0066972,85
anon_0066912,85
anon_0066912,100
anon_0066889,0
anon_0066929,70
anon_0066910,100
anon_0066839,90
anon_0066889,100
anon_0066889,85
anon_0066875,90
anon_0066912,80
anon_0066872,90
anon_0066956,85
anon_0066912,75
anon_0066889,95
anon_0066929,90
anon_0066872,85
anon_0066839,85
anon_0066889,85
anon_0066889,100
anon_0066929,85
anon_0066906,100
anon_0066872,85
anon_0066889,100
anon_0066872,50
anon_0066906,85
anon_0066906,100
anon_0066872,50
anon_0066906,100
anon_0066912,80
anon_0066929,90
anon_0066912,90
anon_0066906,85
anon_0066906,70
anon_0066906,85
anon_0066909,75
anon_0066906,90
anon_0066912,100
anon_0066906,85
anon_0066906,100
anon_0066872,85
anon_0066889,100
anon_0066912,100
anon_0066889,85
anon_0066839,85
anon_0066910,100
anon_0066910,85
anon_0066912,85
anon_0066889,100
anon_0066839,85
anon_0066875,95
anon_0066889,100
anon_0066889,100
anon_0066909,100
anon_0066909,85
anon_0066889,85
anon_0066909,0
anon_0066929,90
anon_0066875,0
anon_0066910,100
anon_0066910,100
anon_0066872,100
anon_0066909,95
anon_0066875,0
anon_0066909,70
anon_0066909,85
anon_0066875,100
anon_0066909,90
anon_0066909,95
anon_0066909,85
anon_0066889,80
anon_0066909,90
anon_0066875,0
anon_0066839,50
anon_0066910,85
anon_0066889,85
anon_0066875,90
anon_0066909,70
anon_0066909,85
anon_0066889,85
anon_0066875,85
anon_0066909,95
anon_0066909,100
anon_0066872,85
anon_0066909,85
anon_0066875,0
anon_0066909,85
anon_0066909,100
anon_0066872,85
anon_0066909,85
anon_0066910,85
anon_0066875,90
anon_0066875,90
anon_0066875,0
anon_0066909,85
anon_0066909,50
anon_0066909,85
anon_0066839,75
anon_0066875,85
anon_0066909,100
anon_0066875,85
anon_0066875,70
anon_0066910,50
anon_0066872,90
anon_0066872,90
anon_0066872,95
anon_0066909,100
anon_0066889,100
anon_0066909,85
anon_0066909,70
anon_0066872,95
anon_0066889,100
anon_0066909,95
anon_0066909,75
anon_0066909,85
anon_0066872,85
anon_0066909,30
anon_0066872,85
anon_0066875,50
anon_0066889,85
anon_0066909,70
anon_0066875,85
anon_0066875,100
anon_0066875,50
anon_0066909,90
anon_0066875,85
anon_0066875,85
anon_0066875,85
anon_0066889,100
anon_0066889,90
anon_0066909,85
anon_0066872,85
anon_0066909,85
anon_0066875,85
anon_0066909,85
anon_0066909,90
anon_0066875,85
anon_0066872,75
anon_0066889,0
anon_0066956,100
anon_0066999,0
anon_0066929,0
anon_0067007,100
anon_0066956,0
anon_0067051,0
anon_0067040,90
anon_0066999,100
anon_0067007,95
anon_0067051,100
anon_0066999,100
anon_0067040,100
anon_0066999,90
anon_0067040,95
anon_0067007,80
anon_0066912,70
anon_0067007,95
anon_0067051,100
anon_0067007,100
anon_0066956,85
anon_0067007,100
anon_0067040,95
anon_0067040,95
anon_0067040,100
anon_0067056,85
anon_0066912,100
anon_0067040,50
anon_0067056,95
anon_0066956,0
anon_0067007,50
anon_0067007,0
anon_0066956,85
anon_0066929,90
anon_0067007,100
anon_0067007,90
anon_0067007,90
anon_0067040,100
anon_0066912,100
anon_0066999,100
anon_0067007,90
anon_0067040,85
anon_0066912,50
anon_0066912,90
anon_0067007,100
anon_0066999,0
anon_0066999,100
anon_0067007,100
anon_0066988,85
anon_0067007,100
anon_0066999,100
anon_0066999,85
anon_0067040,90
anon_0066912,100
anon_0066912,50
anon_0066956,0
anon_0067051,0
anon_0067056,75
anon_0067056,75
anon_0066999,85
anon_0067051,100
anon_0067051,0
anon_0066912,85
anon_0066929,90
anon_0067051,90
anon_0066912,75
anon_0067056,85
anon_0067056,100
anon_0066988,85
anon_0067040,100
anon_0067007,0
anon_0066999,85
anon_0067056,0
anon_0066956,50
anon_0066912,100
anon_0067040,85
anon_0066929,85
anon_0066912,50
anon_0066972,100
anon_0067007,100
anon_0066929,85
anon_0067007,85
anon_0066929,85
anon_0066912,85
anon_0066929,100
anon_0066912,85
anon_0066929,100
anon_0067051,100
anon_0066929,90
anon_0066972,100
anon_0067056,100
anon_0067056,85
anon_0066929,100
anon_0067007,85
anon_0067040,100
anon_0067040,0
anon_0066912,85
anon_0067040,95
anon_0067056,95
anon_0067007,70
anon_0066929,85
anon_0066988,85
anon_0066929,0
anon_0066988,85
anon_0066929,100
anon_0066972,85
anon_0066912,100
anon_0066912,100
anon_0067056,100
anon_0066999,NA
anon_0067040,85
anon_0067056,100
anon_0067007,85
anon_0066929,100
anon_0066912,90
anon_0066929,50
anon_0067051,50
anon_0066929,70
anon_0066988,60
anon_0066929,90
anon_0066999,100
anon_0067051,100
anon_0066988,100
anon_0066999,100
anon_0066929,50
anon_0066988,100
anon_0066988,100
anon_0066929,90
anon_0067056,95
anon_0066988,90
anon_0066999,100
anon_0066929,90
anon_0066999,100
anon_0067040,95
anon_0066929,0
anon_0066929,85
anon_0066929,50
anon_0066929,85
anon_0066929,85
anon_0066929,100
anon_0066972,85
anon_0066972,100
anon_0066988,85
anon_0066929,90
anon_0066988,0
anon_0066929,85
anon_0066912,100
anon_0066929,85
anon_0066972,100
anon_0066929,70
anon_0066972,85
anon_0066929,20
anon_0066929,90
anon_0066929,100
anon_0066972,0
anon_0066999,90
anon_0066972,50
anon_0066929,75
anon_0066929,95
anon_0066999,100
anon_0066972,90
anon_0066929,85
anon_0066972,85
anon_0066929,100
anon_0066929,85
anon_0066988,90
anon_0066972,100
anon_0066929,85
anon_0066929,100
anon_0066929,90
anon_0066972,90
anon_0066929,85
anon_0066999,100
anon_0066929,50
anon_0066999,90
anon_0066999,100
anon_0066999,85
anon_0066972,85
anon_0066929,100
anon_0066929,100
anon_0066972,85
anon_0066988,85
anon_0066929,100
anon_0066988,100
anon_0066929,100
anon_0066929,85
anon_0066988,50
anon_0066929,90
anon_0066929,100
anon_0066929,90
anon_0066929,85
anon_0066929,85
anon_0067076,100
anon_0067056,100
anon_0067056,85
anon_0067040,95
anon_0067056,100
anon_0067056,85
anon_0067040,90
anon_0067040,75
anon_0067076,100
anon_0067056,85
anon_0067090,100
anon_0067102,85
anon_0067076,85
anon_0066988,90
anon_0067040,85
anon_0067076,0
anon_0066988,100
anon_0067056,0
anon_0066988,90
anon_0067056,0
anon_0067076,90
anon_0067098,0
anon_0067076,0
anon_0067076,95
anon_0067090,95
anon_0067056,100
anon_0067090,100
anon_0067137,100
anon_0067098,85
anon_0067076,100
anon_0067076,90
anon_0067098,85
anon_0066988,85
anon_0067056,95
anon_0067098,0
anon_0067090,100
anon_0067137,100
anon_0067056,0
anon_0067040,100
anon_0067076,0
anon_0067040,100
anon_0067098,60
anon_0066988,90
anon_0067040,95
anon_0067056,85
anon_0067076,100
anon_0067076,85
anon_0067056,100
anon_0067056,100
anon_0067056,95
anon_0067076,85
anon_0067056,90
anon_0067090,95
anon_0067076,85
anon_0067056,85
anon_0067076,90
anon_0066988,95
anon_0066988,90
anon_0067056,100
anon_0067098,0
anon_0067056,85
anon_0067107,100
anon_0067137,100
anon_0067056,90
anon_0067076,0
anon_0067056,100
anon_0067056,100
anon_0067076,85
anon_0067102,85
anon_0067137,100
anon_0067102,85
anon_0067107,0
anon_0067107,100
anon_0067056,85
anon_0066988,95
anon_0067102,85
anon_0067137,90
anon_0067107,100
anon_0067098,85
anon_0067056,90
anon_0067107,100
anon_0067076,85
anon_0067076,20
anon_0067107,50
anon_0067056,90
anon_0067090,100
anon_0067098,100
anon_0067076,0
anon_0066988,50
anon_0067102,85
anon_0067107,100
anon_0067120,100
anon_0067076,85
anon_0067107,100
anon_0067056,0
anon_0067120,50
anon_0067107,100
anon_0067076,90
anon_0067120,50
anon_0067107,90
anon_0067056,100
anon_0067056,90
anon_0067090,100
anon_0067056,90
anon_0067076,85
anon_0067120,100
anon_0067098,85
anon_0067076,85
anon_0067056,85
anon_0067107,100
anon_0067102,100
anon_0067120,62
anon_0067076,85
anon_0067120,100
anon_0067076,85
anon_0067120,90
anon_0067098,100
anon_0067098,100
anon_0067090,95
anon_0067107,70
anon_0067098,90
anon_0067056,85
anon_0067120,100
anon_0067137,100
anon_0067098,50
anon_0067120,86
anon_0067137,0
anon_0067137,95
anon_0067098,85
anon_0067107,80
anon_0067102,100
anon_0067120,95
anon_0067090,0
anon_0067056,85
anon_0067102,85
anon_0067102,100
anon_0067076,85
anon_0067102,0
anon_0067102,85
anon_0067102,100
anon_0067102,75
anon_0067098,90
anon_0067102,100
anon_0067076,85
anon_0067137,100
anon_0067137,0
anon_0067102,0
anon_0067102,85
anon_0067102,50
anon_0067102,100
anon_0067120,100
anon_0067120,95
anon_0067102,0
anon_0067098,85
anon_0067102,50
anon_0067102,90
anon_0067056,100
anon_0067102,50
anon_0067102,100
anon_0067102,50
anon_0067120,95
anon_0067137,100
anon_0067056,50
anon_0067056,90
anon_0067056,100
anon_0067102,100
anon_0067137,85
anon_0067056,10
anon_0067056,85
anon_0067102,80
anon_0067120,90
anon_0067102,100
anon_0067102,85
anon_0067102,80
anon_0067102,85
anon_0067056,50
anon_0067120,95
anon_0067098,85
anon_0067102,85
anon_0067098,75
anon_0067120,100
anon_0067120,85
anon_0067102,70
anon_0067102,85
anon_0067102,90
anon_0067102,95
anon_0067120,100
anon_0067120,90
anon_0067102,90
anon_0067102,85
anon_0067120,100
anon_0067137,100
anon_0067056,85
anon_0067056,85
anon_0067102,85
anon_0067120,85
anon_0067120,50
anon_0067137,100
anon_0067102,85
anon_0067102,20
anon_0067102,90
anon_0067137,100
anon_0067102,50
anon_0067102,95
anon_0067120,85
anon_0067102,0
anon_0067102,50
anon_0067137,85
anon_0067102,85
anon_0067137,0
anon_0067137,100
anon_0067137,100
anon_0067137,100
anon_0067137,80
anon_0067137,100
anon_0067137,85
anon_0067098,100
anon_0067245,100
anon_0067155,100
anon_0067208,100
anon_0067255,100
anon_0067255,100
anon_0067272,100
anon_0067219,0
anon_0067098,85
anon_0067120,100
anon_0067272,100
anon_0067217,90
anon_0067143,100
anon_0067143,100
anon_0067155,90
anon_0067098,50
anon_0067226,85
anon_0067217,85
anon_0067217,0
anon_0067102,90
anon_0067208,95
anon_0067261,90
anon_0067143,0
anon_0067098,85
anon_0067217,100
anon_0067143,0
anon_0067143,100
anon_0067217,100
anon_0067120,100
anon_0067208,85
anon_0067155,85
anon_0067245,95
anon_0067143,100
anon_0067226,0
anon_0067120,100
anon_0067217,85
anon_0067261,80
anon_0067155,90
anon_0067155,90
anon_0067261,100
anon_0067226,20
anon_0067143,0
anon_0067143,100
anon_0067255,100
anon_0067143,90
anon_0067208,100
anon_0067143,0
anon_0067245,100
anon_0067217,85
anon_0067208,95
anon_0067143,90
anon_0067226,85
anon_0067208,100
anon_0067255,100
anon_0067226,100
anon_0067155,90
anon_0067098,85
anon_0067120,50
anon_0067217,90
anon_0067255,50
anon_0067143,0
anon_0067143,0
anon_0067219,0
anon_0067143,85
anon_0067217,85
anon_0067261,85
anon_0067120,85
anon_0067226,85
anon_0067219,100
anon_0067098,85
anon_0067226,70
anon_0067217,85
anon_0067217,85
anon_0067155,85
anon_0067098,85
anon_0067155,95
anon_0067143,90
anon_0067155,100
anon_0067219,100
anon_0067226,85
anon_0067219,0
anon_0067217,85
anon_0067219,85
anon_0067217,85
anon_0067219,90
anon_0067219,100
anon_0067226,90
anon_0067143,100
anon_0067250,90
anon_0067219,90
anon_0067250,85
anon_0067098,100
anon_0067098,50
anon_0067219,100
anon_0067143,100
anon_0067120,95
anon_0067261,0
anon_0067219,100
anon_0067155,90
anon_0067143,100
anon_0067250,20
anon_0067226,60
anon_0067261,100
anon_0067261,90
anon_0067143,100
anon_0067250,100
anon_0067250,90
anon_0067250,100
anon_0067143,100
anon_0067250,100
anon_0067250,85
anon_0067250,100
anon_0067261,90
anon_0067250,100
anon_0067219,90
anon_0067255,100
anon_0067098,0
anon_0067250,95
anon_0067098,85
anon_0067219,0
anon_0067226,85
anon_0067219,50
anon_0067250,0
anon_0067255,0
anon_0067102,85
anon_0067250,85
anon_0067250,100
anon_0067250,90
anon_0067219,0
anon_0067208,100
anon_0067255,100
anon_0067261,95
anon_0067261,50
anon_0067250,100
anon_0067250,100
anon_0067250,100
anon_0067219,100
anon_0067208,95
anon_0067143,80
anon_0067250,90
anon_0067250,90
anon_0067250,50
anon_0067208,85
anon_0067208,50
anon_0067250,85
anon_0067250,50
anon_0067261,95
anon_0067102,60
anon_0067219,85
anon_0067102,85
anon_0067208,85
anon_0067261,95
anon_0067310,100
anon_0067320,95
anon_0067310,100
anon_0067310,100
anon_0067320,100
anon_0067318,100
anon_0067255,0
anon_0067291,90
anon_0067255,95
anon_0067269,100
anon_0067318,90
anon_0067310,100
anon_0067320,50
anon_0067320,100
anon_0067255,0
anon_0067269,50
anon_0067255,90
anon_0067318,85
anon_0067320,95
anon_0067318,0
anon_0067269,85
anon_0067291,0
anon_0067255,85
anon_0067269,100
anon_0067318,0
anon_0067255,85
anon_0067310,100
anon_0067310,95
anon_0067291,0
anon_0067255,100
anon_0067255,90
anon_0067255,0
anon_0067310,90
anon_0067291,95
anon_0067320,100
anon_0067255,100
anon_0067310,100
anon_0067310,85
anon_0067291,0
anon_0067269,95
anon_0067269,85
anon_0067320,85
anon_0067269,100
anon_0067255,85
anon_0067291,100
anon_0067320,100
anon_0067310,100
anon_0067310,100
anon_0067291,100
anon_0067255,90
anon_0067291,90
anon_0067320,100
anon_0067320,50
anon_0067310,100
anon_0067320,100
anon_0067269,90
anon_0067310,100
anon_0067310,100
anon_0067291,85
anon_0067261,100
anon_0067269,50
anon_0067291,95
anon_0067261,100
anon_0067269,85
anon_0067310,85
anon_0067291,95
anon_0067269,50
anon_0067269,100
anon_0067320,100
anon_0067310,85
anon_0067272,100
anon_0067272,85
anon_0067269,85
anon_0067320,85
anon_0067310,100
anon_0067320,100
anon_0067261,95
anon_0067291,100
anon_0067291,85
anon_0067269,85
anon_0067291,85
anon_0067272,0
anon_0067269,90
anon_0067320,100
anon_0067269,85
anon_0067261,100
anon_0067320,90
anon_0067310,100
anon_0067320,85
anon_0067310,90
anon_0067269,0
anon_0067269,60
anon_0067272,85
anon_0067269,60
anon_0067291,85
anon_0067272,85
anon_0067310,100
anon_0067320,80
anon_0067272,100
anon_0067320,100
anon_0067320,85
anon_0067272,50
anon_0067269,85
anon_0067269,85
anon_0067318,85
anon_0067269,95
anon_0067320,90
anon_0067272,50
anon_0067318,85
anon_0067272,85
anon_0067320,100
anon_0067318,85
anon_0067269,85
anon_0067269,85
anon_0067269,100
anon_0067318,90
anon_0067272,0
anon_0067310,85
anon_0067272,70
anon_0067310,90
anon_0067269,100
anon_0067339,100
anon_0067269,85
anon_0067272,85
anon_0067339,85
anon_0067272,85
anon_0067217,85
anon_0067291,85
anon_0067217,95
anon_0067339,100
anon_0067320,100
anon_0067339,85
anon_0067269,85
anon_0067318,0
anon_0067339,100
anon_0067272,100
anon_0067272,85
anon_0067250,100
anon_0067334,90
anon_0067339,85
anon_0067272,50
anon_0067269,85
anon_0067217,50
anon_0067250,100
anon_0067250,0
anon_0067272,90
anon_0067217,100
anon_0067269,60
anon_0067261,90
anon_0067272,100
anon_0067320,50
anon_0067334,100
anon_0067269,90
anon_0067272,100
anon_0067334,90
anon_0067318,90
anon_0067217,90
anon_0067272,50
anon_0067269,50
anon_0067334,85
anon_0067272,85
anon_0067272,80
anon_0067272,100
anon_0067272,80
anon_0067334,0
anon_0067334,100
anon_0067272,90
anon_0067217,85
anon_0067272,90
anon_0067272,50
anon_0067272,85
anon_0067272,0
anon_0067250,95
anon_0067272,85
anon_0067334,85
anon_0067452,100
anon_0067430,100
anon_0067369,85
anon_0067369,100
anon_0067364,0
anon_0067353,100
anon_0067334,85
anon_0067452,100
anon_0067410,90
anon_0067334,90
anon_0067364,0
anon_0067430,100
anon_0067334,85
anon_0067364,85
anon_0067424,50
anon_0067410,0
anon_0067369,100
anon_0067369,90
anon_0067369,100
anon_0067369,90
anon_0067369,100
anon_0067369,85
anon_0067369,50
anon_0067410,0
anon_0067430,95
anon_0067369,100
anon_0067410,100
anon_0067364,100
anon_0067369,100
anon_0067369,100
anon_0067334,100
anon_0067416,90
anon_0067394,100
anon_0067369,100
anon_0067369,100
anon_0067334,100
anon_0067364,85
anon_0067364,95
anon_0067364,0
anon_0067334,90
anon_0067369,85
anon_0067369,100
anon_0067410,0
anon_0067334,90
anon_0067410,100
anon_0067394,90
anon_0067339,100
anon_0067369,85
anon_0067394,85
anon_0067418,85
anon_0067416,90
anon_0067416,90
anon_0067339,95
anon_0067334,100
anon_0067369,85
anon_0067364,85
anon_0067353,0
anon_0067430,90
anon_0067410,90
anon_0067427,90
anon_0067353,100
anon_0067447,100
anon_0067410,50
anon_0067394,100
anon_0067369,100
anon_0067364,85
anon_0067394,100
anon_0067369,90
anon_0067334,85
anon_0067364,85
anon_0067418,60
anon_0067353,100
anon_0067418,50
anon_0067353,0
anon_0067369,90
anon_0067369,100
anon_0067334,20
anon_0067410,95
anon_0067334,90
anon_0067369,100
anon_0067418,90
anon_0067452,85
anon_0067394,100
anon_0067334,100
anon_0067369,50
anon_0067447,0
anon_0067394,0
anon_0067418,100
anon_0067447,90
anon_0067452,85
anon_0067369,100
anon_0067394,85
anon_0067334,0
anon_0067394,100
anon_0067353,100
anon_0067416,50
anon_0067369,85
anon_0067416,50
anon_0067334,0
anon_0067416,90
anon_0067364,85
anon_0067418,90
anon_0067427,85
anon_0067418,75
anon_0067353,0
anon_0067416,100
anon_0067334,85
anon_0067364,80
anon_0067353,85
anon_0067369,85
anon_0067353,90
anon_0067339,80
anon_0067334,85
anon_0067334,90
anon_0067418,100
anon_0067369,100
anon_0067369,100
anon_0067369,90
anon_0067447,90
anon_0067416,100
anon_0067416,100
anon_0067447,50
anon_0067416,100
anon_0067447,100
anon_0067418,95
anon_0067452,90
anon_0067416,80
anon_0067447,100
anon_0067394,85
anon_0067369,100
anon_0067369,85
anon_0067369,80
anon_0067447,100
anon_0067447,100
anon_0067339,100
anon_0067394,85
anon_0067369,90
anon_0067418,90
anon_0067339,75
anon_0067339,50
anon_0067339,75
anon_0067369,0
anon_0067418,85
anon_0067394,85
anon_0067418,85
anon_0067339,85
anon_0067339,85
anon_0067339,85
anon_0067369,95
anon_0067369,50
anon_0067339,85
anon_0067369,50
anon_0067334,95
anon_0067410,50
anon_0067447,100
anon_0067339,100
anon_0067353,100
anon_0067447,85
anon_0067353,100
anon_0067447,85
anon_0067410,85
anon_0067339,0
anon_0067410,90
anon_0067410,90
anon_0067369,90
anon_0067416,100
anon_0067339,100
anon_0067339,85
anon_0067339,85
anon_0067447,0
anon_0067339,90
anon_0067353,100
anon_0067353,85
anon_0067353,50
anon_0067447,85
anon_0067353,100
anon_0067339,85
anon_0067353,85
anon_0067452,90
anon_0067410,90
anon_0067394,75
anon_0067410,75
anon_0067353,100
anon_0067410,85
anon_0067339,90
anon_0067410,50
anon_0067427,50
anon_0067418,85
anon_0067478,85
anon_0067481,100
anon_0067462,100
anon_0067500,100
anon_0067416,90
anon_0067512,100
anon_0067488,100
anon_0067488,95
anon_0067488,85
anon_0067478,0
anon_0067512,100
anon_0067447,90
anon_0067447,90
anon_0067481,0
anon_0067462,100
anon_0067447,85
anon_0067418,100
anon_0067478,90
anon_0067500,85
anon_0067418,85
anon_0067447,90
anon_0067369,80
anon_0067481,0
anon_0067447,85
anon_0067512,95
anon_0067512,47
anon_0067462,0
anon_0067418,85
anon_0067488,100
anon_0067418,100
anon_0067488,85
anon_0067488,100
anon_0067462,100
anon_0067447,90
anon_0067500,95
anon_0067416,50
anon_0067416,85
anon_0067481,100
anon_0067481,0
anon_0067481,100
anon_0067481,100
anon_0067500,85
anon_0067488,85
anon_0067452,50
anon_0067488,90
anon_0067481,70
anon_0067512,100
anon_0067447,85
anon_0067444,85
anon_0067452,95
anon_0067488,100
anon_0067444,100
anon_0067416,90
anon_0067481,0
anon_0067488,90
anon_0067512,85
anon_0067430,100
anon_0067512,100
anon_0067478,95
anon_0067478,100
anon_0067500,90
anon_0067444,0
anon_0067418,85
anon_0067512,0
anon_0067512,64
anon_0067444,75
anon_0067430,90
anon_0067447,85
anon_0067481,100
anon_0067462,50
anon_0067512,100
anon_0067512,90
anon_0067444,85
anon_0067444,90
anon_0067524,85
anon_0067369,85
anon_0067447,100
anon_0067512,90
anon_0067512,95
anon_0067418,100
anon_0067462,100
anon_0067418,0
anon_0067462,100
anon_0067427,75
anon_0067478,70
anon_0067447,90
anon_0067488,85
anon_0067512,100
anon_0067447,50
anon_0067444,90
anon_0067452,90
anon_0067430,100
anon_0067481,100
anon_0067524,85
anon_0067488,85
anon_0067512,85
anon_0067444,95
anon_0067512,95
anon_0067444,85
anon_0067444,100
anon_0067512,0
anon_0067462,85
anon_0067512,90
anon_0067447,100
anon_0067369,85
anon_0067452,85
anon_0067447,85
anon_0067430,100
anon_0067462,100
anon_0067444,85
anon_0067512,0
anon_0067447,95
anon_0067447,100
anon_0067478,85
anon_0067478,100
anon_0067430,85
anon_0067430,100
anon_0067418,50
anon_0067427,90
anon_0067444,0
anon_0067430,95
anon_0067427,85
anon_0067512,85
anon_0067478,85
anon_0067427,90
anon_0067427,100
anon_0067462,90
anon_0067444,85
anon_0067427,0
anon_0067447,75
anon_0067512,85
anon_0067481,100
anon_0067512,85
anon_0067430,20
anon_0067427,90
anon_0067447,75
anon_0067427,85
anon_0067444,85
anon_0067427,85
anon_0067430,100
anon_0067418,85
anon_0067394,70
anon_0067418,100
anon_0067512,50
anon_0067512,90
anon_0067430,0
anon_0067427,85
anon_0067427,100
anon_0067444,90
anon_0067394,70
anon_0067394,85
anon_0067427,85
anon_0067418,85
anon_0067447,70
anon_0067481,90
anon_0067369,60
anon_0067481,90
anon_0067444,90
anon_0067481,100
anon_0067394,90
anon_0067427,90
anon_0067418,85
anon_0067427,90
anon_0067447,85
anon_0067481,100
anon_0067481,90
anon_0067427,100
anon_0067427,85
anon_0067394,85
anon_0067394,75
anon_0067427,95
anon_0067394,75
anon_0067394,85
anon_0067427,90
anon_0067478,90
anon_0067478,75
anon_0067447,100
anon_0067488,75
anon_0067430,95
anon_0067444,85
anon_0067462,80
anon_0067524,100
anon_0067512,100
anon_0067462,90
anon_0067512,90
anon_0067512,100
anon_0067529,100
anon_0067530,100
anon_0067462,0
anon_0067524,100
anon_0067530,100
anon_0067524,95
anon_0067512,0
anon_0067558,90
anon_0067556,100
anon_0067529,95
anon_0067530,90
anon_0067524,90
anon_0067512,0
anon_0067512,100
anon_0067556,85
anon_0067529,0
anon_0067529,50
anon_0067462,100
anon_0067588,100
anon_0067530,100
anon_0067462,100
anon_0067526,95
anon_0067512,100
anon_0067444,0
anon_0067588,100
anon_0067524,90
anon_0067588,95
anon_0067556,75
anon_0067524,0
anon_0067529,100
anon_0067529,100
anon_0067530,100
anon_0067500,100
anon_0067444,0
anon_0067462,100
anon_0067550,100
anon_0067530,95
anon_0067526,95
anon_0067550,100
anon_0067524,100
anon_0067524,100
anon_0067526,85
anon_0067530,90
anon_0067526,100
anon_0067524,0
anon_0067462,75
anon_0067529,100
anon_0067512,100
anon_0067550,100
anon_0067462,0
anon_0067530,100
anon_0067526,50
anon_0067462,75
anon_0067530,100
anon_0067524,80
anon_0067530,90
anon_0067444,50
anon_0067462,90
anon_0067530,95
anon_0067529,90
anon_0067462,100
anon_0067530,100
anon_0067500,85
anon_0067530,100
anon_0067526,100
anon_0067526,85
anon_0067530,100
anon_0067550,95
anon_0067526,50
anon_0067530,85
anon_0067444,85
anon_0067588,90
anon_0067524,50
anon_0067529,90
anon_0067526,75
anon_0067530,0
anon_0067462,100
anon_0067556,90
anon_0067588,95
anon_0067526,90
anon_0067500,85
anon_0067530,85
anon_0067530,85
anon_0067558,90
anon_0067550,0
anon_0067526,85
anon_0067500,85
anon_0067550,0
anon_0067444,85
anon_0067550,85
anon_0067558,0
anon_0067526,50
anon_0067530,90
anon_0067462,100
anon_0067444,100
anon_0067444,85
anon_0067550,85
anon_0067558,100
anon_0067550,90
anon_0067526,85
anon_0067526,90
anon_0067558,95
anon_0067558,100
anon_0067462,100
anon_0067550,50
anon_0067444,85
anon_0067558,100
anon_0067526,100
anon_0067488,90
anon_0067550,100
anon_0067530,85
anon_0067488,100
anon_0067444,70
anon_0067530,85
anon_0067529,90
anon_0067550,100
anon_0067500,75
anon_0067444,85
anon_0067444,90
anon_0067488,85
anon_0067529,90
anon_0067444,85
anon_0067550,100
anon_0067526,70
anon_0067529,100
anon_0067556,100
anon_0067488,100
anon_0067550,85
anon_0067529,85
anon_0067526,90
anon_0067550,85
anon_0067444,70
anon_0067488,100
anon_0067550,100
anon_0067529,100
anon_0067550,100
anon_0067550,100
anon_0067556,100
anon_0067550,100
anon_0067488,90
anon_0067488,85
anon_0067444,90
anon_0067529,95
anon_0067550,75
anon_0067488,70
anon_0067550,85
anon_0067556,100
anon_0067529,100
anon_0067556,100
anon_0067550,NA
anon_0067529,70
anon_0067558,0
anon_0067488,100
anon_0067529,50
anon_0067550,90
anon_0067556,95
anon_0067530,100
anon_0067488,85
anon_0067529,85
anon_0067462,85
anon_0067462,0
anon_0067526,90
anon_0067488,95
anon_0067529,100
anon_0067529,90
anon_0067462,95
anon_0067488,100
anon_0067529,100
anon_0067529,85
anon_0067556,85
anon_0067488,100
anon_0067526,95
anon_0067462,85
anon_0067444,85
anon_0067550,90
anon_0067556,100
anon_0067556,100
anon_0067529,70
anon_0067444,85
anon_0067462,100
anon_0067462,100
anon_0067488,85
anon_0067462,100
anon_0067462,100
anon_0067550,80
anon_0067550,80
anon_0067462,85
anon_0067462,85
anon_0067556,95
anon_0067488,75
anon_0067488,100
anon_0067462,0
anon_0067462,100
anon_0067462,100
anon_0067488,100
anon_0067462,85
anon_0067558,0
anon_0067462,85
anon_0067462,0
anon_0067587,85
anon_0067587,0
anon_0067444,85
anon_0067462,100
anon_0067594,0
anon_0067462,90
anon_0067594,0
anon_0067529,85
anon_0067588,90
anon_0067444,85
anon_0067595,95
anon_0067556,100
anon_0067587,50
anon_0067558,90
anon_0067588,85
anon_0067556,90
anon_0067613,100
anon_0067613,0
anon_0067550,85
anon_0067588,100
anon_0067602,85
anon_0067595,0
anon_0067550,100
anon_0067558,85
anon_0067529,85
anon_0067588,100
anon_0067588,100
anon_0067556,90
anon_0067587,90
anon_0067529,50
anon_0067550,100
anon_0067587,0
anon_0067587,100
anon_0067595,100
anon_0067558,85
anon_0067613,85
anon_0067588,100
anon_0067595,100
anon_0067500,95
anon_0067595,100
anon_0067588,85
anon_0067657,85
anon_0067595,100
anon_0067613,100
anon_0067556,100
anon_0067587,100
anon_0067613,95
anon_0067602,95
anon_0067587,80
anon_0067587,85
anon_0067529,0
anon_0067462,50
anon_0067602,100
anon_0067556,90
anon_0067588,90
anon_0067529,100
anon_0067587,85
anon_0067602,85
anon_0067558,70
anon_0067500,85
anon_0067588,0
anon_0067594,90
anon_0067588,100
anon_0067594,100
anon_0067595,100
anon_0067529,85
anon_0067594,85
anon_0067588,50
anon_0067529,95
anon_0067587,85
anon_0067588,90
anon_0067588,0
anon_0067627,0
anon_0067556,100
anon_0067595,0
anon_0067587,100
anon_0067594,70
anon_0067587,90
anon_0067500,40
anon_0067500,90
anon_0067550,100
anon_0067500,100
anon_0067657,85
anon_0067444,90
anon_0067500,70
anon_0067587,100
anon_0067500,75
anon_0067500,90
anon_0067588,0
anon_0067602,100
anon_0067529,90
anon_0067556,100
anon_0067595,95
anon_0067558,100
anon_0067602,100
anon_0067500,85
anon_0067558,85
anon_0067602,85
anon_0067595,0
anon_0067500,75
anon_0067602,100
anon_0067602,95
anon_0067500,90
anon_0067602,85
anon_0067602,50
anon_0067556,100
anon_0067627,100
anon_0067558,90
anon_0067602,90
anon_0067602,100
anon_0067627,100
anon_0067602,100
anon_0067500,100
anon_0067587,100
anon_0067558,90
anon_0067602,90
anon_0067500,100
anon_0067588,90
anon_0067627,95
anon_0067588,50
anon_0067556,90
anon_0067602,85
anon_0067556,95
anon_0067602,95
anon_0067627,95
anon_0067588,100
anon_0067602,100
anon_0067587,95
anon_0067588,100
anon_0067602,85
anon_0067556,100
anon_0067602,100
anon_0067500,100
anon_0067556,90
anon_0067556,100
anon_0067556,100
anon_0067602,100
anon_0067556,100
anon_0067556,100
anon_0067556,95
anon_0067556,95
anon_0067558,100
anon_0067500,85
anon_0067602,75
anon_0067556,90
anon_0067602,85
anon_0067587,75
anon_0067500,85
anon_0067556,0
anon_0067602,90
anon_0067500,100
anon_0067500,90
anon_0067556,85
anon_0067602,80
anon_0067602,90
anon_0067556,100
anon_0067556,90
anon_0067556,85
anon_0067587,75
anon_0067602,50
anon_0067556,NA
anon_0067627,100
anon_0067602,85
anon_0067587,100
anon_0067550,100
anon_0067602,90
anon_0067661,50
anon_0067651,90
anon_0067714,85
anon_0067657,0
anon_0067651,100
anon_0067651,90
anon_0067602,100
anon_0067651,100
anon_0067602,90
anon_0067668,85
anon_0067500,50
anon_0067661,100
anon_0067602,100
anon_0067602,95
anon_0067752,90
anon_0067724,0
anon_0067657,100
anon_0067668,85
anon_0067657,85
anon_0067661,100
anon_0067594,100
anon_0067651,100
anon_0067716,100
anon_0067594,85
anon_0067500,100
anon_0067714,95
anon_0067602,85
anon_0067602,100
anon_0067602,100
anon_0067657,85
anon_0067714,0
anon_0067729,100
anon_0067651,85
anon_0067500,85
anon_0067627,90
anon_0067724,95
anon_0067661,90
anon_0067661,100
anon_0067602,100
anon_0067716,100
anon_0067724,85
anon_0067752,100
anon_0067668,100
anon_0067602,85
anon_0067602,85
anon_0067602,60
anon_0067627,90
anon_0067657,90
anon_0067657,95
anon_0067668,85
anon_0067602,0
anon_0067724,85
anon_0067716,100
anon_0067661,95
anon_0067661,85
anon_0067661,90
anon_0067724,100
anon_0067729,85
anon_0067627,85
anon_0067627,85
anon_0067657,85
anon_0067729,90
anon_0067627,95
anon_0067651,70
anon_0067668,50
anon_0067657,95
anon_0067627,90
anon_0067714,90
anon_0067651,90
anon_0067627,95
anon_0067714,0
anon_0067729,100
anon_0067627,100
anon_0067627,85
anon_0067724,85
anon_0067657,75
anon_0067724,95
anon_0067627,0
anon_0067602,85
anon_0067627,95
anon_0067651,85
anon_0067716,0
anon_0067651,95
anon_0067602,90
anon_0067500,85
anon_0067729,90
anon_0067627,85
anon_0067716,100
anon_0067657,75
anon_0067714,85
anon_0067716,100
anon_0067661,100
anon_0067714,100
anon_0067651,100
anon_0067716,100
anon_0067668,85
anon_0067651,85
anon_0067729,85
anon_0067627,90
anon_0067729,0
anon_0067714,85
anon_0067661,100
anon_0067716,100
anon_0067729,90
anon_0067729,0
anon_0067627,50
anon_0067716,100
anon_0067714,100
anon_0067729,90
anon_0067556,100
anon_0067627,90
anon_0067556,90
anon_0067651,50
anon_0067627,85
anon_0067657,85
anon_0067668,100
anon_0067661,50
anon_0067661,85
anon_0067651,85
anon_0067668,0
anon_0067661,85
anon_0067661,85
anon_0067627,90
anon_0067668,50
anon_0067716,0
anon_0067657,0
anon_0067556,85
anon_0067714,90
anon_0067661,100
anon_0067729,85
anon_0067657,0
anon_0067661,100
anon_0067661,70
anon_0067657,0
anon_0067729,85
anon_0067661,100
anon_0067556,100
anon_0067556,90
anon_0067661,100
anon_0067668,90
anon_0067661,85
anon_0067661,100
anon_0067661,85
anon_0067657,90
anon_0067556,90
anon_0067668,50
anon_0067714,90
anon_0067657,90
anon_0067556,100
anon_0067714,85
anon_0067661,100
anon_0067627,100
anon_0067714,50
anon_0067668,70
anon_0067661,100
anon_0067661,75
anon_0067661,90
anon_0067661,85
anon_0067657,85
anon_0067556,100
anon_0067657,85
anon_0067661,85
anon_0067627,100
anon_0067661,90
anon_0067651,50
anon_0067627,85
anon_0067668,85
anon_0067758,0
anon_0067812,100
anon_0067812,95
anon_0067716,100
anon_0067812,85
anon_0067763,100
anon_0067716,85
anon_0067785,0
anon_0067724,90
anon_0067812,100
anon_0067716,100
anon_0067749,95
anon_0067749,95
anon_0067724,85
anon_0067749,90
anon_0067749,100
anon_0067714,0
anon_0067661,85
anon_0067758,100
anon_0067843,0
anon_0067749,95
anon_0067749,90
anon_0067716,100
anon_0067714,0
anon_0067850,90
anon_0067716,0
anon_0067749,100
anon_0067763,90
anon_0067758,50
anon_0067785,90
anon_0067716,100
anon_0067716,50
anon_0067758,100
anon_0067818,85
anon_0067749,85
anon_0067818,95
anon_0067850,100
anon_0067749,100
anon_0067724,100
anon_0067850,95
anon_0067758,100
anon_0067716,85
anon_0067850,95
anon_0067763,100
anon_0067758,0
anon_0067852,100
anon_0067785,100
anon_0067716,85
anon_0067749,85
anon_0067749,100
anon_0067651,0
anon_0067831,0
anon_0067758,100
anon_0067843,85
anon_0067716,100
anon_0067850,0
anon_0067758,100
anon_0067850,50
anon_0067651,0
anon_0067812,0
anon_0067852,95
anon_0067661,0
anon_0067749,100
anon_0067758,100
anon_0067831,100
anon_0067716,100
anon_0067839,85
anon_0067852,100
anon_0067850,90
anon_0067749,90
anon_0067831,100
anon_0067763,100
anon_0067785,75
anon_0067850,0
anon_0067831,100
anon_0067764,100
anon_0067831,85
anon_0067818,85
anon_0067850,85
anon_0067651,0
anon_0067839,90
anon_0067661,0
anon_0067651,0
anon_0067749,75
anon_0067758,50
anon_0067661,90
anon_0067831,100
anon_0067818,85
anon_0067749,100
anon_0067831,90
anon_0067651,85
anon_0067764,90
anon_0067758,95
anon_0067651,0
anon_0067758,85
anon_0067661,95
anon_0067758,100
anon_0067839,100
anon_0067758,100
anon_0067852,95
anon_0067831,100
anon_0067763,90
anon_0067764,85
anon_0067758,90
anon_0067818,85
anon_0067763,0
anon_0067764,80
anon_0067758,100
anon_0067661,95
anon_0067763,50
anon_0067785,100
anon_0067764,90
anon_0067758,100
anon_0067758,100
anon_0067661,85
anon_0067661,90
anon_0067716,100
anon_0067716,95
anon_0067785,80
anon_0067831,0
anon_0067716,50
anon_0067724,100
anon_0067831,95
anon_0067716,85
anon_0067831,0
anon_0067758,85
anon_0067724,100
anon_0067758,100
anon_0067758,80
anon_0067716,100
anon_0067831,95
anon_0067763,100
anon_0067724,100
anon_0067716,100
anon_0067758,100
anon_0067758,0
anon_0067716,100
anon_0067724,100
anon_0067758,80
anon_0067661,100
anon_0067716,90
anon_0067785,90
anon_0067724,95
anon_0067758,100
anon_0067724,100
anon_0067831,95
anon_0067785,75
anon_0067785,70
anon_0067758,100
anon_0067758,90
anon_0067661,90
anon_0067889,100
anon_0067852,90
anon_0067889,100
anon_0067878,100
anon_0067885,100
anon_0067850,100
anon_0067889,100
anon_0067889,100
anon_0067889,95
anon_0067889,85
anon_0067889,50
anon_0067889,50
anon_0067852,100
anon_0067852,100
anon_0067878,100
anon_0067852,100
anon_0067869,100
anon_0067852,90
anon_0067896,0
anon_0067852,0
anon_0067869,0
anon_0067831,60
anon_0067878,85
anon_0067869,90
anon_0067878,100
anon_0067881,95
anon_0067869,0
anon_0067881,100
anon_0067881,85
anon_0067852,50
anon_0067831,0
anon_0067878,100
anon_0067878,100
anon_0067890,90
anon_0067878,100
anon_0067878,85
anon_0067889,90
anon_0067852,100
anon_0067881,100
anon_0067852,0
anon_0067763,95
anon_0067852,100
anon_0067852,50
anon_0067763,100
anon_0067763,100
anon_0067878,85
anon_0067869,100
anon_0067763,85
anon_0067763,100
anon_0067852,100
anon_0067852,100
anon_0067881,95
anon_0067763,0
anon_0067763,85
anon_0067852,85
anon_0067869,100
anon_0067881,90
anon_0067881,100
anon_0067852,100
anon_0067869,85
anon_0067852,90
anon_0067869,85
anon_0067881,100
anon_0067852,100
anon_0067869,100
anon_0067869,50
anon_0067763,90
anon_0067881,95
anon_0067923,90
anon_0067896,100
anon_0067881,0
anon_0067881,100
anon_0067852,85
anon_0067763,100
anon_0067852,100
anon_0067885,90
anon_0067852,85
anon_0067852,100
anon_0067881,0
anon_0067852,85
anon_0067923,85
anon_0067831,50
anon_0067763,75
anon_0067881,100
anon_0067878,90
anon_0067850,90
anon_0067852,90
anon_0067850,90
anon_0067763,90
anon_0067878,85
anon_0067881,90
anon_0067869,85
anon_0067843,90
anon_0067850,100
anon_0067881,85
anon_0067885,100
anon_0067852,100
anon_0067881,85
anon_0067850,0
anon_0067878,0
anon_0067896,0
anon_0067869,100
anon_0067881,95
anon_0067890,100
anon_0067890,100
anon_0067885,95
anon_0067852,100
anon_0067881,85
anon_0067850,50
anon_0067881,95
anon_0067878,85
anon_0067890,90
anon_0067878,90
anon_0067896,80
anon_0067852,100
anon_0067852,85
anon_0067885,85
anon_0067890,90
anon_0067869,100
anon_0067869,100
anon_0067852,90
anon_0067818,100
anon_0067843,85
anon_0067869,100
anon_0067843,85
anon_0067890,95
anon_0067818,100
anon_0067878,100
anon_0067843,0
anon_0067843,85
anon_0067878,0
anon_0067843,85
anon_0067818,85
anon_0067889,90
anon_0067818,90
anon_0067843,90
anon_0067869,0
anon_0067852,100
anon_0067896,95
anon_0067818,85
anon_0067869,95
anon_0067869,50
anon_0067818,95
anon_0067869,100
anon_0067869,90
anon_0067869,100
anon_0067890,100
anon_0067869,100
anon_0067818,90
anon_0067843,70
anon_0067869,50
anon_0067831,90
anon_0067889,85
anon_0067885,85
anon_0067843,90
anon_0067818,90
anon_0067852,50
anon_0067869,75
anon_0067869,100
anon_0067896,85
anon_0067869,100
anon_0067818,95
anon_0067890,85
anon_0067889,95
anon_0067818,85
anon_0067869,85
anon_0067878,0
anon_0067889,85
anon_0067869,90
anon_0067890,90
anon_0067881,90
anon_0067843,85
anon_0067889,100
anon_0067818,85
anon_0067890,85
anon_0067869,85
anon_0067818,50
anon_0067890,90
anon_0067890,90
anon_0067850,100
anon_0067890,90
anon_0067843,85
anon_0067885,0
anon_0067763,95
anon_0067852,0
anon_0067885,85
anon_0067869,90
anon_0067869,100
anon_0067890,50
anon_0067878,100
anon_0067763,100
anon_0067763,100
anon_0067763,85
anon_0067931,100
anon_0067763,85
anon_0067931,100
anon_0067985,100
anon_0067931,100
anon_0067885,100
anon_0067869,90
anon_0067923,85
anon_0067929,95
anon_0067929,60
anon_0067931,86
anon_0067896,90
anon_0067885,100
anon_0067896,0
anon_0067931,100
anon_0067929,100
anon_0067923,95
anon_0067931,100
anon_0067929,100
anon_0067929,0
anon_0067929,90
anon_0067818,85
anon_0067923,100
anon_0067941,85
anon_0067929,0
anon_0067929,90
anon_0067985,100
anon_0067923,100
anon_0067941,90
anon_0067941,85
anon_0067896,50
anon_0067929,85
anon_0067929,85
anon_0067929,100
anon_0067890,85
anon_0067929,50
anon_0067971,100
anon_0067971,100
anon_0067985,100
anon_0067931,85
anon_0067869,100
anon_0067929,0
anon_0067852,100
anon_0067923,100
anon_0067971,90
anon_0067929,90
anon_0067931,0
anon_0067931,90
anon_0067941,90
anon_0067931,100
anon_0067941,90
anon_0067923,85
anon_0067941,95
anon_0067971,95
anon_0067931,100
anon_0067931,85
anon_0067852,85
anon_0067931,85
anon_0067852,100
anon_0067923,90
anon_0067931,0
anon_0067929,90
anon_0067971,100
anon_0067931,85
anon_0067929,85
anon_0067941,75
anon_0067931,85
anon_0067971,85
anon_0067929,95
anon_0067923,0
anon_0067971,0
anon_0067941,0
anon_0067885,90
anon_0067852,100
anon_0067923,85
anon_0067971,100
anon_0067941,100
anon_0067941,0
anon_0067971,100
anon_0067923,90
anon_0067941,100
anon_0067971,95
anon_0067941,85
anon_0067923,95
anon_0067971,30
anon_0067941,85
anon_0067929,85
anon_0067941,100
anon_0067923,85
anon_0067896,90
anon_0067890,100
anon_0067890,100
anon_0067890,90
anon_0067923,85
anon_0067971,100
anon_0067890,0
anon_0067971,100
anon_0067941,100
anon_0067763,80
anon_0067931,95
anon_0067818,90
anon_0067923,85
anon_0067923,85
anon_0067896,100
anon_0067843,0
anon_0067890,80
anon_0067971,90
anon_0067890,85
anon_0067896,50
anon_0067890,85
anon_0067890,85
anon_0067890,95
anon_0067931,85
anon_0067923,85
anon_0067763,90
anon_0067971,90
anon_0067971,100
anon_0067890,95
anon_0067763,85
anon_0067929,90
anon_0067843,75
anon_0067931,100
anon_0067890,70
anon_0067896,85
anon_0067818,50
anon_0067818,90
anon_0067971,95
anon_0067890,85
anon_0067929,90
anon_0067929,100
anon_0067971,100
anon_0067763,90
anon_0067896,90
anon_0067971,90
anon_0067890,90
anon_0067923,95
anon_0067971,85
anon_0067896,0
anon_0067763,95
anon_0067941,NA
anon_0067929,100
anon_0067818,90
anon_0067929,100
anon_0067941,90
anon_0067941,85
anon_0067896,90
anon_0067941,85
anon_0067941,80
anon_0067929,90
anon_0067941,85
anon_0067941,85
anon_0067929,90
anon_0067929,85
anon_0067941,85
anon_0067941,75
anon_0067896,85
anon_0067941,85
anon_0067941,85
anon_0067818,0
anon_0067941,90
anon_0067818,85
anon_0067763,70
anon_0067941,90
anon_0067941,90
anon_0067929,50
anon_0067818,95
anon_0067941,85
anon_0067818,100
anon_0067890,90
anon_0067941,85
anon_0067941,85
anon_0067929,NA
anon_0067941,40
anon_0067941,85
anon_0067941,95
anon_0067941,100
anon_0067941,100
anon_0067941,0
anon_0067941,75
anon_0067941,90
anon_0067843,85
anon_0067941,85
anon_0067941,85
anon_0067941,75
anon_0067941,85
anon_0067843,85
anon_0067941,85
anon_0067941,85
anon_0067923,85
anon_0067941,85
anon_0067941,95
anon_0067890,85
anon_0067763,60
anon_0067941,70
anon_0067971,0
anon_0068011,30
anon_0067971,100
anon_0068011,0
anon_0067971,50
anon_0067971,90
anon_0067985,100
anon_0068015,90
anon_0067985,90
anon_0068070,100
anon_0067971,0
anon_0068066,85
anon_0068016,100
anon_0067971,0
anon_0068011,85
anon_0068016,90
anon_0068066,100
anon_0068011,90
anon_0067985,50
anon_0067985,95
anon_0067941,85
anon_0068057,100
anon_0068015,100
anon_0068066,0
anon_0067971,85
anon_0068011,85
anon_0067985,100
anon_0068070,90
anon_0068016,100
anon_0067987,90
anon_0068057,85
anon_0068015,95
anon_0068016,100
anon_0068016,100
anon_0067941,90
anon_0068015,50
anon_0068016,100
anon_0068011,85
anon_0068016,95
anon_0068015,50
anon_0067985,100
anon_0068016,100
anon_0068066,100
anon_0068016,0
anon_0068048,100
anon_0067971,95
anon_0068016,50
anon_0067971,100
anon_0068070,100
anon_0067971,0
anon_0067971,90
anon_0068048,50
anon_0068015,100
anon_0068070,95
anon_0068015,100
anon_0067987,95
anon_0068057,100
anon_0067985,100
anon_0068015,0
anon_0067987,85
anon_0068016,50
anon_0067971,100
anon_0068070,100
anon_0068011,100
anon_0068015,95
anon_0068015,0
anon_0067941,90
anon_0068066,0
anon_0068016,100
anon_0067971,100
anon_0068015,85
anon_0068070,100
anon_0068057,85
anon_0068048,100
anon_0068015,90
anon_0068015,85
anon_0068015,50
anon_0068057,85
anon_0067987,95
anon_0068048,100
anon_0068057,85
anon_0067971,90
anon_0067987,100
anon_0067941,85
anon_0067985,50
anon_0067941,70
anon_0068057,85
anon_0068048,50
anon_0067941,85
anon_0068057,100
anon_0068066,100
anon_0068057,100
anon_0068057,50
anon_0068070,90
anon_0067941,90
anon_0067971,85
anon_0068070,100
anon_0068015,100
anon_0068015,95
anon_0067987,85
anon_0068070,85
anon_0067941,70
anon_0068070,100
anon_0068015,100
anon_0068015,100
anon_0068070,95
anon_0068048,100
anon_0068070,50
anon_0067941,100
anon_0067987,50
anon_0067971,100
anon_0068057,100
anon_0068057,90
anon_0068057,0
anon_0067987,95
anon_0067971,100
anon_0068066,100
anon_0067987,100
anon_0067971,85
anon_0067941,100
anon_0067941,90
anon_0067941,85
anon_0067971,75
anon_0068066,0
anon_0067941,100
anon_0067941,85
anon_0067987,90
anon_0067987,0
anon_0068048,100
anon_0068057,85
anon_0067987,50
anon_0068070,85
anon_0067971,90
anon_0067941,50
anon_0067941,85
anon_0067941,100
anon_0067971,85
anon_0068015,50
anon_0067941,85
anon_0067941,85
anon_0067971,85
anon_0068070,85
anon_0067987,75
anon_0067987,50
anon_0067941,90
anon_0068048,100
anon_0067987,85
anon_0067987,90
anon_0067941,20
anon_0067941,85
anon_0067971,90
anon_0067941,30
anon_0067941,60
anon_0068070,100
anon_0067941,90
anon_0067941,85
anon_0068066,80
anon_0067941,85
anon_0067941,100
anon_0067941,95
anon_0067941,85
anon_0067941,50
anon_0067941,75
anon_0068070,90
anon_0067941,85
anon_0067941,75
anon_0067971,60
anon_0068070,100
anon_0067941,70
anon_0067971,0
anon_0067941,85
anon_0068070,85
anon_0068070,100
anon_0067941,20
anon_0067941,85
anon_0068070,0
anon_0067941,85
anon_0068070,85
anon_0068070,90
anon_0068057,0
anon_0067941,85
anon_0068070,90
anon_0068066,100
anon_0067941,90
anon_0068016,85
anon_0067941,85
anon_0068048,100
anon_0067971,100
anon_0067985,100
anon_0068011,85
anon_0068119,100
anon_0068080,100
anon_0068135,100
anon_0068080,100
anon_0068106,100
anon_0068102,100
anon_0068048,95
anon_0068102,100
anon_0068105,100
anon_0068135,90
anon_0068131,95
anon_0068080,100
anon_0068105,95
anon_0068131,100
anon_0068119,90
anon_0068122,100
anon_0068057,50
anon_0068080,0
anon_0068048,85
anon_0068106,100
anon_0068048,100
anon_0068105,100
anon_0068105,100
anon_0068131,100
anon_0068131,85
anon_0068015,100
anon_0068106,100
anon_0068119,90
anon_0068015,90
anon_0068048,85
anon_0068102,95
anon_0068105,100
anon_0068151,0
anon_0068119,0
anon_0068131,90
anon_0068151,100
anon_0068057,100
anon_0068151,95
anon_0068122,90
anon_0068080,100
anon_0068151,100
anon_0068119,100
anon_0068105,100
anon_0068119,100
anon_0068057,100
anon_0068102,85
anon_0068080,100
anon_0068119,95
anon_0068102,80
anon_0068122,95
anon_0068131,85
anon_0068015,95
anon_0068057,80
anon_0068119,85
anon_0068131,100
anon_0068151,100
anon_0068151,80
anon_0068080,85
anon_0068015,90
anon_0068105,95
anon_0068105,85
anon_0068102,90
anon_0068105,85
anon_0068102,100
anon_0068119,100
anon_0068015,85
anon_0068119,60
anon_0068135,50
anon_0068048,0
anon_0068102,90
anon_0068080,0
anon_0067987,100
anon_0068119,75
anon_0068105,85
anon_0068057,85
anon_0068057,100
anon_0068119,50
anon_0068080,100
anon_0068105,100
anon_0068135,100
anon_0068106,100
anon_0068105,100
anon_0068135,90
anon_0068135,90
anon_0068102,90
anon_0068057,50
anon_0068080,100
anon_0068135,95
anon_0068135,100
anon_0068015,85
anon_0068106,100
anon_0068080,100
anon_0067987,85
anon_0068102,90
anon_0068048,100
anon_0068106,100
anon_0068048,95
anon_0067987,100
anon_0068048,50
anon_0068106,100
anon_0067987,90
anon_0067987,100
anon_0068048,85
anon_0068048,95
anon_0068151,85
anon_0068105,100
anon_0068155,100
anon_0068048,0
anon_0068155,100
anon_0068155,100
anon_0068106,100
anon_0068102,90
anon_0068102,0
anon_0068155,0
anon_0068015,85
anon_0068155,100
anon_0068106,85
anon_0068080,100
anon_0068102,80
anon_0068106,50
anon_0068106,85
anon_0068106,85
anon_0068106,100
anon_0068106,80
anon_0068119,100
anon_0068015,85
anon_0068048,85
anon_0068106,50
anon_0068048,100
anon_0068105,100
anon_0068106,50
anon_0068102,85
anon_0068106,90
anon_0068106,0
anon_0068015,85
anon_0068102,100
anon_0068102,20
anon_0068102,100
anon_0068102,85
anon_0067987,85
anon_0068155,100
anon_0068048,85
anon_0068102,100
anon_0068106,85
anon_0068106,100
anon_0068135,80
anon_0067987,0
anon_0067987,90
anon_0068102,0
anon_0068102,100
anon_0068102,50
anon_0068015,80
anon_0068155,85
anon_0068080,100
anon_0068135,100
anon_0068151,100
anon_0068151,100
anon_0068218,0
anon_0068080,100
anon_0068135,100
anon_0068155,90
anon_0068119,0
anon_0068135,100
anon_0068135,100
anon_0067987,0
anon_0067987,50
anon_0068151,0
anon_0067987,100
anon_0067987,100
anon_0068119,100
anon_0068237,100
anon_0068154,100
anon_0067987,85
anon_0068154,85
anon_0068230,100
anon_0068080,60
anon_0068151,100
anon_0068151,100
anon_0068151,90
anon_0068154,100
anon_0068135,90
anon_0067987,95
anon_0067987,100
anon_0068154,100
anon_0067987,100
anon_0068151,85
anon_0068151,90
anon_0068154,100
anon_0068151,95
anon_0068218,100
anon_0068154,100
anon_0068151,0
anon_0068151,85
anon_0068080,95
anon_0068154,100
anon_0068154,85
anon_0068080,85
anon_0067987,85
anon_0068230,100
anon_0068230,100
anon_0067987,90
anon_0068151,100
anon_0068080,86
anon_0068151,100
anon_0068135,100
anon_0068122,85
anon_0068154,80
anon_0067987,100
anon_0068154,70
anon_0068230,90
anon_0068154,100
anon_0068135,95
anon_0068154,100
anon_0068154,70
anon_0068151,100
anon_0068230,85
anon_0068155,100
anon_0068080,95
anon_0068151,100
anon_0068154,95
anon_0068230,100
anon_0068230,100
anon_0068155,100
anon_0068154,90
anon_0068154,50
anon_0068154,50
anon_0068237,100
anon_0068151,85
anon_0068154,80
anon_0068155,85
anon_0068080,85
anon_0068151,85
anon_0068135,90
anon_0068119,90
anon_0068155,100
anon_0068151,100
anon_0068155,85
anon_0068151,0
anon_0068122,0
anon_0068122,95
anon_0068154,85
anon_0068122,100
anon_0068119,85
anon_0068131,95
anon_0068155,100
anon_0068131,100
anon_0068151,0
anon_0068151,90
anon_0068155,100
anon_0068155,85
anon_0068151,100
anon_0068154,95
anon_0068154,100
anon_0068154,100
anon_0068131,100
anon_0068122,100
anon_0068131,85
anon_0068155,85
anon_0068131,80
anon_0068131,90
anon_0068131,100
anon_0068131,85
anon_0068154,100
anon_0068154,85
anon_0068131,100
anon_0068131,85
anon_0068122,85
anon_0068048,50
anon_0068151,90
anon_0068048,85
anon_0068151,90
anon_0068131,85
anon_0068154,85
anon_0068151,100
anon_0068048,50
anon_0068151,85
anon_0068151,85
anon_0068218,95
anon_0068151,85
anon_0068151,85
anon_0068151,100
anon_0068151,95
anon_0068131,100
anon_0068048,100
anon_0068048,50
anon_0068151,100
anon_0068154,100
anon_0068218,95
anon_0068122,90
anon_0068122,85
anon_0068122,100
anon_0068154,90
anon_0068154,100
anon_0068154,90
anon_0068151,85
anon_0068122,85
anon_0068122,90
anon_0068154,0
anon_0068218,80
anon_0068131,85
anon_0068154,85
anon_0068154,85
anon_0068151,90
anon_0068154,85
anon_0068154,100
anon_0068131,90
anon_0068048,85
anon_0068151,0
anon_0068154,50
anon_0068151,95
anon_0068048,50
anon_0067987,85
anon_0068151,95
anon_0068154,90
anon_0068154,90
anon_0068154,85
anon_0068154,95
anon_0068154,85
anon_0068151,95
anon_0068154,90
anon_0068218,0
anon_0068122,90
anon_0068122,85
anon_0068154,100
anon_0068131,0
anon_0068048,85
anon_0068286,100
anon_0068237,100
anon_0068304,50
anon_0068304,0
anon_0068237,95
anon_0068218,100
anon_0068246,100
anon_0068230,50
anon_0068230,0
anon_0068218,100
anon_0068237,100
anon_0068281,100
anon_0068283,100
anon_0068218,0
anon_0068246,100
anon_0068237,100
anon_0068283,85
anon_0068237,100
anon_0068237,0
anon_0068241,100
anon_0068237,100
anon_0068237,100
anon_0068283,95
anon_0068237,90
anon_0068218,0
anon_0068230,90
anon_0068246,95
anon_0068218,95
anon_0068251,100
anon_0068241,50
anon_0068218,0
anon_0068230,95
anon_0068251,90
anon_0068281,90
anon_0068286,85
anon_0068237,100
anon_0068283,95
anon_0068286,100
anon_0068237,70
anon_0068237,90
anon_0068283,90
anon_0068241,90
anon_0068237,100
anon_0068246,0
anon_0068283,85
anon_0068230,85
anon_0068286,50
anon_0068241,80
anon_0068241,80
anon_0068237,85
anon_0068246,100
anon_0068286,100
anon_0068283,85
anon_0068241,85
anon_0068230,100
anon_0068237,90
anon_0068286,90
anon_0068251,100
anon_0068237,85
anon_0068241,50
anon_0068246,100
anon_0068241,80
anon_0068218,85
anon_0068246,100
anon_0068237,75
anon_0068246,100
anon_0068251,85
anon_0068230,20
anon_0068251,100
anon_0068246,85
anon_0068230,90
anon_0068241,85
anon_0068283,85
anon_0068283,50
anon_0068281,90
anon_0068237,90
anon_0068237,85
anon_0068286,100
anon_0068241,85
anon_0068230,90
anon_0068230,95
anon_0068237,75
anon_0068230,90
anon_0068286,85
anon_0068241,90
anon_0068283,90
anon_0068304,85
anon_0068246,100
anon_0068246,90
anon_0068246,30
anon_0068218,85
anon_0068286,90
anon_0068286,95
anon_0068286,85
anon_0068241,100
anon_0068246,85
anon_0068230,100
anon_0068251,90
anon_0068251,90
anon_0068283,70
anon_0068288,100
anon_0068246,85
anon_0068251,90
anon_0068241,80
anon_0068283,100
anon_0068283,100
anon_0068241,100
anon_0068241,85
anon_0068241,70
anon_0068288,50
anon_0068283,100
anon_0068218,100
anon_0068288,50
anon_0068251,75
anon_0068241,85
anon_0068288,90
anon_0068241,50
anon_0068218,100
anon_0068251,95
anon_0068288,90
anon_0068286,90
anon_0068288,80
anon_0068230,90
anon_0068251,100
anon_0068218,100
anon_0068288,85
anon_0068241,85
anon_0068218,50
anon_0068218,100
anon_0068286,85
anon_0068251,100
anon_0068218,100
anon_0068241,90
anon_0068218,100
anon_0068251,90
anon_0068230,95
anon_0068251,100
anon_0068241,100
anon_0068286,85
anon_0068251,100
anon_0068218,85
anon_0068230,85
anon_0068241,50
anon_0068241,50
anon_0068286,90
anon_0068286,85
anon_0068230,60
anon_0068241,90
anon_0068237,85
anon_0068230,95
anon_0068251,100
anon_0068218,NA
anon_0068218,0
anon_0068230,100
anon_0068218,85
anon_0068251,50
anon_0068286,85
anon_0068251,100
anon_0068283,100
anon_0068288,70
anon_0068251,100
anon_0068251,90
anon_0068241,90
anon_0068251,100
anon_0068288,30
anon_0068230,85
anon_0068251,100
anon_0068230,85
anon_0068251,100
anon_0068251,95
anon_0068241,85
anon_0068251,100
anon_0068241,85
anon_0068241,85
anon_0068218,100
anon_0068246,95
anon_0068241,85
anon_0068218,50
anon_0068251,100
anon_0068251,90
anon_0068251,90
anon_0068230,90
anon_0068251,50
anon_0068251,100
anon_0068251,100
anon_0068218,85
anon_0068251,95
anon_0068288,90
anon_0068283,95
anon_0068251,85
anon_0068283,100
anon_0068241,50
anon_0068230,85
anon_0068251,100
anon_0068288,85
anon_0068401,85
anon_0068389,95
anon_0068281,100
anon_0068281,100
anon_0068389,95
anon_0068304,0
anon_0068401,0
anon_0068367,50
anon_0068401,0
anon_0068331,95
anon_0068401,100
anon_0068331,100
anon_0068401,100
anon_0068374,85
anon_0068389,100
anon_0068374,75
anon_0068396,100
anon_0068401,50
anon_0068389,50
anon_0068401,50
anon_0068401,100
anon_0068401,85
anon_0068401,50
anon_0068374,100
anon_0068281,85
anon_0068367,75
anon_0068401,85
anon_0068401,100
anon_0068401,85
anon_0068396,100
anon_0068374,100
anon_0068331,100
anon_0068401,100
anon_0068396,100
anon_0068435,20
anon_0068374,0
anon_0068389,90
anon_0068331,100
anon_0068286,85
anon_0068401,100
anon_0068304,80
anon_0068374,100
anon_0068374,85
anon_0068396,100
anon_0068367,85
anon_0068396,0
anon_0068401,0
anon_0068288,90
anon_0068331,100
anon_0068401,100
anon_0068374,0
anon_0068331,95
anon_0068396,100
anon_0068389,95
anon_0068374,100
anon_0068374,85
anon_0068288,90
anon_0068401,100
anon_0068286,85
anon_0068389,90
anon_0068389,85
anon_0068396,100
anon_0068401,0
anon_0068396,100
anon_0068304,90
anon_0068389,0
anon_0068396,100
anon_0068389,85
anon_0068389,90
anon_0068288,75
anon_0068389,85
anon_0068396,95
anon_0068396,100
anon_0068374,95
anon_0068401,85
anon_0068396,90
anon_0068389,85
anon_0068401,90
anon_0068281,100
anon_0068331,85
anon_0068389,50
anon_0068401,75
anon_0068435,85
anon_0068401,0
anon_0068396,100
anon_0068281,85
anon_0068389,50
anon_0068367,85
anon_0068396,85
anon_0068367,90
anon_0068396,90
anon_0068331,90
anon_0068401,85
anon_0068396,95
anon_0068423,100
anon_0068401,85
anon_0068396,100
anon_0068374,90
anon_0068401,100
anon_0068331,90
anon_0068367,85
anon_0068281,100
anon_0068367,100
anon_0068396,85
anon_0068396,100
anon_0068396,50
anon_0068304,100
anon_0068281,100
anon_0068396,80
anon_0068288,50
anon_0068396,100
anon_0068288,85
anon_0068304,100
anon_0068367,85
anon_0068288,85
anon_0068423,100
anon_0068396,85
anon_0068396,85
anon_0068423,100
anon_0068367,0
anon_0068288,50
anon_0068396,85
anon_0068304,85
anon_0068367,100
anon_0068288,50
anon_0068396,100
anon_0068288,75
anon_0068288,75
anon_0068396,100
anon_0068367,85
anon_0068423,50
anon_0068304,75
anon_0068423,100
anon_0068396,100
anon_0068367,0
anon_0068401,0
anon_0068288,95
anon_0068396,95
anon_0068396,90
anon_0068367,85
anon_0068396,90
anon_0068367,50
anon_0068304,50
anon_0068396,95
anon_0068367,90
anon_0068304,80
anon_0068396,100
anon_0068396,50
anon_0068304,85
anon_0068396,90
anon_0068286,50
anon_0068396,100
anon_0068401,90
anon_0068401,85
anon_0068396,100
anon_0068396,95
anon_0068367,85
anon_0068304,50
anon_0068396,85
anon_0068396,95
anon_0068389,85
anon_0068396,85
anon_0068401,100
anon_0068401,0
anon_0068331,100
anon_0068401,80
anon_0068367,85
anon_0068367,90
anon_0068508,100
anon_0068464,50
anon_0068478,85
anon_0068478,85
anon_0068435,85
anon_0068451,100
anon_0068464,100
anon_0068454,100
anon_0068451,100
anon_0068478,100
anon_0068478,100
anon_0068451,100
anon_0068435,95
anon_0068454,50
anon_0068478,0
anon_0068451,85
anon_0068464,100
anon_0068464,100
anon_0068451,85
anon_0068451,95
anon_0068508,95
anon_0068454,85
anon_0068435,85
anon_0068454,85
anon_0068454,95
anon_0068451,95
anon_0068478,100
anon_0068451,100
anon_0068454,100
anon_0068435,80
anon_0068478,100
anon_0068454,90
anon_0068478,100
anon_0068451,95
anon_0068464,95
anon_0068478,75
anon_0068396,100
anon_0068464,100
anon_0068451,100
anon_0068435,95
anon_0068478,100
anon_0068508,100
anon_0068396,20
anon_0068451,90
anon_0068478,0
anon_0068435,85
anon_0068435,85
anon_0068464,90
anon_0068454,0
anon_0068451,90
anon_0068508,100
anon_0068464,100
anon_0068478,90
anon_0068435,85
anon_0068435,85
anon_0068454,70
anon_0068451,85
anon_0068451,100
anon_0068478,100
anon_0068451,100
anon_0068508,90
anon_0068435,90
anon_0068451,85
anon_0068464,100
anon_0068396,100
anon_0068435,85
anon_0068508,90
anon_0068396,100
anon_0068435,100
anon_0068451,0
anon_0068435,90
anon_0068478,90
anon_0068454,0
anon_0068435,85
anon_0068423,100
anon_0068396,90
anon_0068396,100
anon_0068510,85
anon_0068435,95
anon_0068435,85
anon_0068508,90
anon_0068435,95
anon_0068520,100
anon_0068423,0
anon_0068454,90
anon_0068454,100
anon_0068451,85
anon_0068520,100
anon_0068508,100
anon_0068520,100
anon_0068508,85
anon_0068520,100
anon_0068520,100
anon_0068454,75
anon_0068435,85
anon_0068508,85
anon_0068423,100
anon_0068520,0
anon_0068454,85
anon_0068454,100
anon_0068549,100
anon_0068510,100
anon_0068520,100
anon_0068520,100
anon_0068454,50
anon_0068508,100
anon_0068520,100
anon_0068423,100
anon_0068520,100
anon_0068510,100
anon_0068549,100
anon_0068520,100
anon_0068520,100
anon_0068510,90
anon_0068510,90
anon_0068454,100
anon_0068508,85
anon_0068510,50
anon_0068520,50
anon_0068454,0
anon_0068423,100
anon_0068510,85
anon_0068549,100
anon_0068549,100
anon_0068454,95
anon_0068454,80
anon_0068454,100
anon_0068435,100
anon_0068508,85
anon_0068510,70
anon_0068423,100
anon_0068508,0
anon_0068508,100
anon_0068537,100
anon_0068537,85
anon_0068423,90
anon_0068454,100
anon_0068478,100
anon_0068478,100
anon_0068537,0
anon_0068478,100
anon_0068537,50
anon_0068508,90
anon_0068510,75
anon_0068510,90
anon_0068537,75
anon_0068464,0
anon_0068478,90
anon_0068454,100
anon_0068435,85
anon_0068508,70
anon_0068510,50
anon_0068549,0
anon_0068435,100
anon_0068508,50
anon_0068454,0
anon_0068423,50
anon_0068478,0
anon_0068537,85
anon_0068454,85
anon_0068478,95
anon_0068478,100
anon_0068508,60
anon_0068478,100
anon_0068454,100
anon_0068478,0
anon_0068464,0
anon_0068435,30
anon_0068454,95
anon_0068520,100
anon_0068451,95
anon_0068435,30
anon_0068549,100
anon_0068478,100
anon_0068520,100
anon_0068478,0
anon_0068510,85
anon_0068454,100
anon_0068435,85
anon_0068451,50
anon_0068435,95
anon_0068537,100
anon_0068454,90
anon_0068435,95
anon_0068537,100
anon_0068454,90
anon_0068537,100
anon_0068451,100
anon_0068451,100
anon_0068451,95
anon_0068454,50
anon_0068451,90
anon_0068454,85
anon_0068435,85
anon_0068478,85
anon_0068537,85
anon_0068454,90
anon_0068537,85
anon_0068510,85
anon_0068435,85
anon_0068510,85
anon_0068510,90
anon_0068451,85
anon_0068520,100
anon_0068451,50
anon_0068478,90
anon_0068451,100
anon_0068510,90
anon_0068423,85
anon_0068451,100
anon_0068573,100
anon_0068537,100
anon_0068586,0
anon_0068537,100
anon_0068558,85
anon_0068549,90
anon_0068573,95
anon_0068576,100
anon_0068575,0
anon_0068576,100
anon_0068558,0
anon_0068549,95
anon_0068576,100
anon_0068573,100
anon_0068576,85
anon_0068573,0
anon_0068573,90
anon_0068576,50
anon_0068575,0
anon_0068558,0
anon_0068557,90
anon_0068520,100
anon_0068573,85
anon_0068575,50
anon_0068573,85
anon_0068520,100
anon_0068537,100
anon_0068576,50
anon_0068558,100
anon_0068520,100
anon_0068573,100
anon_0068576,0
anon_0068573,90
anon_0068573,85
anon_0068566,100
anon_0068573,90
anon_0068573,85
anon_0068549,85
anon_0068549,100
anon_0068537,90
anon_0068537,100
anon_0068586,85
anon_0068537,100
anon_0068557,90
anon_0068566,100
anon_0068549,95
anon_0068576,50
anon_0068573,85
anon_0068576,100
anon_0068520,95
anon_0068573,85
anon_0068557,90
anon_0068537,90
anon_0068557,100
anon_0068566,50
anon_0068557,0
anon_0068557,50
anon_0068604,100
anon_0068566,90
anon_0068576,90
anon_0068520,100
anon_0068520,75
anon_0068549,50
anon_0068537,100
anon_0068520,0
anon_0068573,90
anon_0068549,85
anon_0068549,85
anon_0068520,90
anon_0068566,100
anon_0068575,50
anon_0068604,100
anon_0068537,100
anon_0068557,85
anon_0068573,90
anon_0068537,20
anon_0068537,0
anon_0068604,100
anon_0068557,85
anon_0068576,100
anon_0068537,100
anon_0068557,85
anon_0068557,20
anon_0068604,100
anon_0068566,0
anon_0068537,100
anon_0068573,95
anon_0068557,100
anon_0068576,85
anon_0068537,100
anon_0068604,100
anon_0068537,0
anon_0068566,85
anon_0068604,100
anon_0068604,50
anon_0068566,95
anon_0068576,0
anon_0068557,20
anon_0068566,0
anon_0068557,75
anon_0068537,0
anon_0068566,90
anon_0068557,30
anon_0068586,NA
anon_0068566,100
anon_0068566,100
anon_0068557,95
anon_0068566,100
anon_0068576,0
anon_0068566,100
anon_0068537,85
anon_0068573,100
anon_0068557,85
anon_0068557,75
anon_0068557,85
anon_0068537,50
anon_0068537,90
anon_0068557,50
anon_0068520,100
anon_0068557,75
anon_0068537,100
anon_0068520,95
anon_0068537,50
anon_0068557,90
anon_0068537,70
anon_0068557,85
anon_0068537,85
anon_0068520,90
anon_0068557,85
anon_0068520,90
anon_0068537,90
anon_0068566,50
anon_0068537,20
anon_0068520,85
anon_0068557,40
anon_0068537,100
anon_0068520,100
anon_0068557,85
anon_0068557,95
anon_0068566,0
anon_0068557,85
anon_0068557,85
anon_0068557,90
anon_0068557,90
anon_0068586,0
anon_0068575,0
anon_0068557,85
anon_0068557,95
anon_0068557,85
anon_0068520,100
anon_0068520,100
anon_0068557,50
anon_0068520,100
anon_0068557,60
anon_0068549,0
anon_0068586,50
anon_0068520,95
anon_0068573,85
anon_0068520,90
anon_0068573,85
anon_0068575,85
anon_0068558,100
anon_0068537,90
anon_0068537,100
anon_0068558,95
anon_0068558,100
anon_0068549,95
anon_0068558,90
anon_0068558,100
anon_0068558,100
anon_0068558,100
anon_0068576,100
anon_0068549,50
anon_0068558,85
anon_0068558,95
anon_0068520,100
anon_0068558,100
anon_0068549,85
anon_0068558,100
anon_0068549,85
anon_0068558,85
anon_0068566,100
anon_0068575,95
anon_0068511,100
anon_0068575,50
anon_0068511,100
anon_0068575,100
anon_0068511,100
anon_0068604,100
anon_0068669,0
anon_0068511,95
anon_0068575,95
anon_0068647,85
anon_0068647,100
anon_0068605,90
anon_0068604,95
anon_0068511,100
anon_0068604,50
anon_0068575,75
anon_0068647,100
anon_0068669,100
anon_0068647,85
anon_0068604,50
anon_0068669,90
anon_0068605,100
anon_0068670,100
anon_0068605,100
anon_0068647,100
anon_0068575,100
anon_0068670,100
anon_0068566,90
anon_0068605,90
anon_0068605,90
anon_0068605,100
anon_0068647,90
anon_0068670,100
anon_0068566,100
anon_0068670,100
anon_0068576,95
anon_0068605,0
anon_0068511,0
anon_0068647,100
anon_0068566,100
anon_0068659,95
anon_0068575,100
anon_0068605,0
anon_0068511,100
anon_0068679,85
anon_0068604,0
anon_0068605,90
anon_0068566,90
anon_0068679,85
anon_0068605,100
anon_0068575,85
anon_0068605,90
anon_0068604,90
anon_0068566,20
anon_0068511,85
anon_0068647,90
anon_0068677,90
anon_0068604,0
anon_0068659,90
anon_0068647,90
anon_0068669,100
anon_0068604,95
anon_0068604,100
anon_0068511,100
anon_0068566,85
anon_0068604,100
anon_0068605,85
anon_0068576,100
anon_0068647,0
anon_0068604,100
anon_0068647,85
anon_0068659,95
anon_0068647,85
anon_0068677,90
anon_0068605,95
anon_0068605,85
anon_0068647,85
anon_0068604,85
anon_0068604,85
anon_0068677,85
anon_0068647,100
anon_0068659,85
anon_0068605,0
anon_0068677,85
anon_0068604,95
anon_0068604,50
anon_0068604,95
anon_0068604,90
anon_0068605,100
anon_0068647,85
anon_0068651,100
anon_0068604,90
anon_0068605,90
anon_0068651,100
anon_0068647,90
anon_0068659,100
anon_0068659,85
anon_0068659,100
anon_0068566,100
anon_0068651,90
anon_0068651,85
anon_0068659,100
anon_0068586,100
anon_0068511,100
anon_0068605,100
anon_0068659,90
anon_0068566,85
anon_0068511,95
anon_0068566,100
anon_0068511,95
anon_0068658,95
anon_0068605,85
anon_0068659,70
anon_0068566,100
anon_0068605,95
anon_0068566,100
anon_0068566,100
anon_0068566,95
anon_0068586,100
anon_0068566,100
anon_0068651,90
anon_0068659,100
anon_0068647,85
anon_0068658,95
anon_0068566,100
anon_0068659,90
anon_0068651,85
anon_0068605,100
anon_0068651,75
anon_0068651,85
anon_0068647,85
anon_0068605,85
anon_0068647,90
anon_0068511,95
anon_0068659,95
anon_0068605,100
anon_0068659,70
anon_0068605,50
anon_0068566,100
anon_0068511,85
anon_0068658,85
anon_0068566,75
anon_0068586,85
anon_0068511,90
anon_0068566,90
anon_0068647,100
anon_0068651,100
anon_0068586,100
anon_0068566,85
anon_0068651,95
anon_0068651,85
anon_0068659,90
anon_0068659,90
anon_0068576,0
anon_0068575,0
anon_0068647,85
anon_0068658,95
anon_0068677,85
anon_0068669,100
anon_0068586,100
anon_0068586,85
anon_0068586,80
anon_0068586,85
anon_0068586,85
anon_0068659,0
anon_0068605,50
anon_0068697,100
anon_0068720,100
anon_0068658,100
anon_0068670,0
anon_0068669,100
anon_0068651,100
anon_0068692,100
anon_0068697,90
anon_0068720,100
anon_0068679,95
anon_0068658,50
anon_0068720,100
anon_0068677,95
anon_0068692,0
anon_0068669,100
anon_0068712,0
anon_0068670,100
anon_0068720,100
anon_0068720,100
anon_0068658,85
anon_0068670,95
anon_0068670,100
anon_0068670,85
anon_0068712,50
anon_0068697,85
anon_0068712,85
anon_0068692,100
anon_0068697,100
anon_0068715,90
anon_0068679,85
anon_0068677,100
anon_0068651,95
anon_0068712,100
anon_0068658,85
anon_0068692,95
anon_0068679,90
anon_0068677,90
anon_0068658,100
anon_0068692,100
anon_0068692,0
anon_0068712,0
anon_0068669,0
anon_0068670,95
anon_0068669,90
anon_0068651,85
anon_0068677,100
anon_0068679,85
anon_0068677,90
anon_0068679,90
anon_0068647,100
anon_0068692,85
anon_0068697,95
anon_0068712,100
anon_0068670,100
anon_0068677,85
anon_0068677,100
anon_0068658,70
anon_0068697,100
anon_0068669,85
anon_0068712,85
anon_0068670,85
anon_0068647,100
anon_0068670,100
anon_0068647,100
anon_0068679,85
anon_0068670,100
anon_0068647,100
anon_0068712,100
anon_0068697,85
anon_0068679,85
anon_0068669,0
anon_0068670,85
anon_0068669,50
anon_0068670,100
anon_0068670,90
anon_0068658,70
anon_0068670,0
anon_0068670,80
anon_0068692,90
anon_0068670,100
anon_0068670,90
anon_0068720,100
anon_0068677,50
anon_0068670,100
anon_0068670,100
anon_0068647,85
anon_0068720,85
anon_0068658,100
anon_0068679,85
anon_0068647,50
anon_0068670,100
anon_0068692,85
anon_0068670,90
anon_0068692,85
anon_0068658,90
anon_0068679,90
anon_0068670,85
anon_0068670,95
anon_0068720,90
anon_0068670,85
anon_0068715,85
anon_0068658,100
anon_0068670,85
anon_0068670,75
anon_0068670,90
anon_0068670,30
anon_0068647,0
anon_0068679,50
anon_0068670,80
anon_0068679,100
anon_0068679,85
anon_0068692,85
anon_0068679,90
anon_0068679,70
anon_0068679,50
anon_0068658,95
anon_0068720,100
anon_0068679,100
anon_0068670,90
anon_0068670,85
anon_0068720,75
anon_0068697,85
anon_0068658,95
anon_0068697,100
anon_0068692,95
anon_0068658,100
anon_0068670,100
anon_0068720,80
anon_0068679,90
anon_0068670,75
anon_0068692,75
anon_0068715,100
anon_0068720,0
anon_0068692,95
anon_0068712,100
anon_0068697,100
anon_0068670,50
anon_0068715,100
anon_0068720,100
anon_0068712,100
anon_0068647,0
anon_0068670,85
anon_0068647,85
anon_0068679,85
anon_0068658,90
anon_0068670,0
anon_0068658,85
anon_0068697,100
anon_0068670,85
anon_0068692,30
anon_0068647,100
anon_0068679,85
anon_0068647,100
anon_0068692,20
anon_0068697,75
anon_0068735,75
anon_0068720,90
anon_0068720,95
anon_0068692,50
anon_0068720,85
anon_0068697,85
anon_0068735,90
anon_0068647,100
anon_0068658,100
anon_0068692,85
anon_0068720,100
anon_0068658,100
anon_0068692,75
anon_0068658,100
anon_0068658,90
anon_0068720,95
anon_0068658,100
anon_0068712,0
anon_0068697,85
anon_0068712,50
anon_0068692,50
anon_0068670,0
anon_0068697,50
anon_0068720,90
anon_0068712,100
anon_0068679,90
anon_0068677,90
anon_0068720,85
anon_0068679,100
anon_0068669,100
anon_0068670,0
anon_0068679,100
anon_0068679,85
anon_0068647,100
anon_0068679,50
anon_0068670,90
anon_0068658,100
anon_0068670,90
anon_0068647,100
anon_0068679,70
anon_0068670,100
anon_0068670,85
anon_0068647,85
anon_0068746,100
anon_0068780,100
anon_0068715,100
anon_0068788,85
anon_0068749,100
anon_0068785,90
anon_0068779,85
anon_0068789,100
anon_0068779,95
anon_0068770,100
anon_0068749,100
anon_0068746,90
anon_0068789,100
anon_0068762,90
anon_0068780,100
anon_0068779,100
anon_0068720,0
anon_0068720,100
anon_0068780,95
anon_0068788,0
anon_0068780,90
anon_0068712,85
anon_0068720,95
anon_0068779,100
anon_0068785,95
anon_0068720,100
anon_0068746,100
anon_0068762,90
anon_0068735,100
anon_0068785,90
anon_0068779,100
anon_0068754,95
anon_0068779,95
anon_0068789,100
anon_0068712,85
anon_0068770,100
anon_0068780,100
anon_0068779,95
anon_0068780,85
anon_0068735,100
anon_0068720,100
anon_0068789,90
anon_0068749,95
anon_0068762,100
anon_0068754,100
anon_0068785,100
anon_0068799,50
anon_0068712,85
anon_0068720,100
anon_0068785,100
anon_0068749,100
anon_0068780,100
anon_0068785,85
anon_0068720,100
anon_0068780,75
anon_0068754,100
anon_0068712,85
anon_0068789,100
anon_0068720,50
anon_0068785,100
anon_0068720,100
anon_0068754,85
anon_0068749,95
anon_0068754,100
anon_0068799,95
anon_0068762,100
anon_0068789,NA
anon_0068754,0
anon_0068785,85
anon_0068788,75
anon_0068754,85
anon_0068746,90
anon_0068785,100
anon_0068754,0
anon_0068780,90
anon_0068754,100
anon_0068715,90
anon_0068735,100
anon_0068712,NA
anon_0068735,0
anon_0068754,80
anon_0068715,100
anon_0068780,85
anon_0068762,85
anon_0068780,100
anon_0068789,95
anon_0068785,90
anon_0068762,90
anon_0068780,100
anon_0068754,80
anon_0068789,90
anon_0068754,85
anon_0068749,85
anon_0068749,100
anon_0068712,100
anon_0068749,95
anon_0068749,100
anon_0068789,85
anon_0068780,85
anon_0068749,50
anon_0068712,100
anon_0068762,100
anon_0068749,0
anon_0068762,100
anon_0068715,100
anon_0068762,90
anon_0068749,85
anon_0068749,100
anon_0068762,85
anon_0068762,100
anon_0068762,90
anon_0068789,85
anon_0068762,100
anon_0068749,100
anon_0068762,100
anon_0068712,100
anon_0068762,85
anon_0068746,100
anon_0068746,100
anon_0068762,90
anon_0068712,85
anon_0068712,90
anon_0068712,90
anon_0068780,75
anon_0068712,85
anon_0068749,100
anon_0068789,85
anon_0068720,85
anon_0068712,100
anon_0068712,100
anon_0068762,100
anon_0068762,90
anon_0068746,90
anon_0068762,95
anon_0068780,90
anon_0068749,90
anon_0068762,90
anon_0068720,95
anon_0068715,85
anon_0068749,50
anon_0068762,95
anon_0068746,95
anon_0068780,95
anon_0068762,95
anon_0068715,95
anon_0068746,100
anon_0068749,85
anon_0068749,85
anon_0068712,95
anon_0068712,90
anon_0068762,85
anon_0068754,90
anon_0068712,85
anon_0068746,90
anon_0068720,100
anon_0068720,95
anon_0068720,95
anon_0068749,80
anon_0068720,100
anon_0068780,90
anon_0068762,100
anon_0068780,90
anon_0068720,90
anon_0068780,90
anon_0068789,95
anon_0068788,85
anon_0068712,90
anon_0068785,50
anon_0068712,100
anon_0068785,85
anon_0068712,85
anon_0068789,85
anon_0068712,0
anon_0068712,85
anon_0068712,85
anon_0068712,85
anon_0068712,85
anon_0068762,90
anon_0068805,85
anon_0068817,100
anon_0068779,100
anon_0068799,0
anon_0068825,0
anon_0068825,95
anon_0068779,0
anon_0068834,90
anon_0068779,85
anon_0068799,100
anon_0068789,90
anon_0068810,100
anon_0068825,85
anon_0068813,100
anon_0068834,90
anon_0068825,100
anon_0068813,90
anon_0068817,85
anon_0068788,50
anon_0068799,90
anon_0068802,95
anon_0068802,100
anon_0068813,90
anon_0068779,90
anon_0068779,100
anon_0068779,90
anon_0068802,100
anon_0068805,90
anon_0068805,85
anon_0068817,90
anon_0068779,90
anon_0068779,100
anon_0068805,90
anon_0068834,0
anon_0068770,100
anon_0068817,95
anon_0068770,100
anon_0068817,85
anon_0068788,85
anon_0068802,90
anon_0068825,0
anon_0068825,0
anon_0068825,0
anon_0068805,85
anon_0068779,0
anon_0068789,90
anon_0068799,90
anon_0068825,0
anon_0068799,100
anon_0068779,90
anon_0068825,0
anon_0068817,70
anon_0068789,90
anon_0068802,90
anon_0068810,85
anon_0068817,85
anon_0068817,90
anon_0068817,100
anon_0068825,0
anon_0068789,85
anon_0068799,100
anon_0068770,95
anon_0068770,90
anon_0068817,85
anon_0068779,85
anon_0068805,40
anon_0068805,90
anon_0068805,90
anon_0068780,95
anon_0068805,30
anon_0068825,0
anon_0068780,100
anon_0068780,95
anon_0068779,100
anon_0068810,85
anon_0068779,30
anon_0068805,85
anon_0068770,85
anon_0068779,85
anon_0068779,85
anon_0068805,85
anon_0068754,90
anon_0068770,95
anon_0068810,100
anon_0068810,0
anon_0068789,100
anon_0068813,90
anon_0068813,0
anon_0068788,85
anon_0068788,100
anon_0068754,85
anon_0068788,100
anon_0068754,100
anon_0068754,90
anon_0068810,100
anon_0068754,0
anon_0068788,100
anon_0068810,85
anon_0068813,100
anon_0068789,85
anon_0068810,100
anon_0068788,100
anon_0068789,100
anon_0068771,85
anon_0068802,0
anon_0068799,50
anon_0068817,85
anon_0068831,80
anon_0068802,100
anon_0068771,100
anon_0068789,100
anon_0068813,95
anon_0068789,100
anon_0068813,95
anon_0068802,85
anon_0068789,90
anon_0068813,90
anon_0068788,100
anon_0068788,90
anon_0068789,85
anon_0068771,90
anon_0068788,100
anon_0068813,85
anon_0068831,95
anon_0068831,85
anon_0068802,100
anon_0068802,85
anon_0068779,60
anon_0068799,85
anon_0068813,85
anon_0068771,0
anon_0068788,85
anon_0068799,95
anon_0068771,90
anon_0068802,100
anon_0068771,85
anon_0068831,100
anon_0068817,85
anon_0068810,85
anon_0068771,85
anon_0068810,85
anon_0068771,100
anon_0068802,85
anon_0068771,95
anon_0068802,100
anon_0068813,85
anon_0068771,85
anon_0068771,85
anon_0068802,50
anon_0068770,90
anon_0068813,0
anon_0068817,85
anon_0068770,100
anon_0068770,0
anon_0068780,95
anon_0068817,60
anon_0068817,90
anon_0068770,0
anon_0068817,75
anon_0068770,90
anon_0068805,85
anon_0068810,100
anon_0068810,100
anon_0068810,90
anon_0068810,100
anon_0068810,85
anon_0068810,100
anon_0068810,50
anon_0068810,100
anon_0068825,90
anon_0068810,100
anon_0068825,90
anon_0068837,75
anon_0068834,90
anon_0068825,95
anon_0068770,100
anon_0068830,0
anon_0068834,100
anon_0068788,100
anon_0068825,75
anon_0068770,85
anon_0068810,95
anon_0068799,85
anon_0068831,100
anon_0068770,75
anon_0068810,90
anon_0068770,100
anon_0068810,20
anon_0068754,100
anon_0068834,95
anon_0068799,75
anon_0068788,85
anon_0068831,95
anon_0068802,85
anon_0068837,0
anon_0068780,85
anon_0068813,100
anon_0068780,85
anon_0068802,85
anon_0068754,95
anon_0068834,100
anon_0068810,90
anon_0068810,100
anon_0068802,90
anon_0068834,0
anon_0068802,0
anon_0068813,90
anon_0068834,90
anon_0068825,85
anon_0068810,85
anon_0068830,0
anon_0068830,90
anon_0068770,100
anon_0068799,0
anon_0068848,90
anon_0068837,90
anon_0068834,85
anon_0068810,100
anon_0068802,100
anon_0068754,30
anon_0068834,0
anon_0068825,85
anon_0068799,100
anon_0068831,100
anon_0068834,90
anon_0068825,100
anon_0068788,100
anon_0068836,85
anon_0068810,100
anon_0068830,75
anon_0068834,100
anon_0068825,50
anon_0068780,90
anon_0068802,85
anon_0068754,70
anon_0068770,95
anon_0068825,85
anon_0068810,95
anon_0068831,90
anon_0068810,100
anon_0068788,85
anon_0068848,90
anon_0068834,90
anon_0068754,100
anon_0068813,90
anon_0068810,85
anon_0068810,100
anon_0068788,100
anon_0068825,85
anon_0068825,100
anon_0068780,85
anon_0068831,95
anon_0068830,80
anon_0068802,85
anon_0068754,100
anon_0068810,85
anon_0068810,90
anon_0068848,100
anon_0068825,0
anon_0068810,0
anon_0068825,90
anon_0068754,50
anon_0068780,85
anon_0068754,70
anon_0068754,85
anon_0068834,100
anon_0068802,100
anon_0068802,90
anon_0068802,90
anon_0068825,100
anon_0068810,100
anon_0068825,95
anon_0068817,100
anon_0068817,50
anon_0068810,70
anon_0068799,100
anon_0068834,100
anon_0068799,85
anon_0068799,85
anon_0068825,100
anon_0068817,50
anon_0068810,50
anon_0068802,100
anon_0068834,100
anon_0068810,100
anon_0068825,0
anon_0068834,100
anon_0068825,90
anon_0068799,100
anon_0068834,100
anon_0068817,95
anon_0068802,100
anon_0068825,85
anon_0068834,85
anon_0068848,85
anon_0068817,70
anon_0068825,100
anon_0068802,100
anon_0068779,100
anon_0068754,90
anon_0068817,0
anon_0068834,100
anon_0068825,85
anon_0068817,85
anon_0068825,0
anon_0068830,50
anon_0068802,50
anon_0068802,85
anon_0068834,100
anon_0068817,30
anon_0068817,0
anon_0068817,95
anon_0068802,100
anon_0068830,0
anon_0068810,50
anon_0068817,85
anon_0068810,100
anon_0068779,85
anon_0068825,85
anon_0068802,50
anon_0068817,85
anon_0068825,90
anon_0068831,90
anon_0068817,60
anon_0068834,80
anon_0068802,85
anon_0068831,100
anon_0068834,0
anon_0068817,90
anon_0068831,90
anon_0068779,0
anon_0068817,85
anon_0068779,90
anon_0068834,100
anon_0068830,0
anon_0068802,85
anon_0068834,90
anon_0068834,90
anon_0068825,85
anon_0068779,90
anon_0068834,85
anon_0068802,100
anon_0068817,85
anon_0068817,85
anon_0068825,90
anon_0068830,85
anon_0068825,50
anon_0068837,0
anon_0068837,95
anon_0068885,90
anon_0068836,100
anon_0068837,90
anon_0068831,95
anon_0068885,100
anon_0068799,85
anon_0068885,100
anon_0068847,100
anon_0068885,100
anon_0068831,100
anon_0068837,90
anon_0068836,50
anon_0068837,70
anon_0068830,85
anon_0068848,70
anon_0068831,85
anon_0068885,0
anon_0068848,85
anon_0068885,100
anon_0068837,85
anon_0068802,50
anon_0068848,60
anon_0068836,85
anon_0068771,90
anon_0068837,20
anon_0068802,80
anon_0068836,100
anon_0068802,50
anon_0068847,100
anon_0068810,85
anon_0068885,100
anon_0068885,100
anon_0068810,90
anon_0068848,50
anon_0068836,85
anon_0068885,90
anon_0068837,90
anon_0068847,95
anon_0068885,100
anon_0068836,95
anon_0068848,85
anon_0068847,85
anon_0068848,70
anon_0068831,85
anon_0068848,75
anon_0068771,90
anon_0068810,90
anon_0068885,85
anon_0068802,100
anon_0068885,100
anon_0068810,100
anon_0068848,50
anon_0068885,85
anon_0068799,85
anon_0068848,100
anon_0068847,90
anon_0068885,100
anon_0068836,50
anon_0068837,50
anon_0068834,100
anon_0068836,85
anon_0068885,100
anon_0068834,100
anon_0068836,70
anon_0068837,50
anon_0068799,85
anon_0068885,100
anon_0068885,100
anon_0068834,95
anon_0068848,85
anon_0068848,85
anon_0068885,100
anon_0068885,85
anon_0068848,85
anon_0068885,100
anon_0068771,85
anon_0068771,85
anon_0068771,75
anon_0068837,50
anon_0068799,90
anon_0068834,95
anon_0068848,100
anon_0068834,100
anon_0068848,85
anon_0068848,95
anon_0068885,75
anon_0068848,100
anon_0068848,100
anon_0068834,95
anon_0068834,95
anon_0068848,85
anon_0068837,0
anon_0068837,0
anon_0068885,100
anon_0068885,100
anon_0068810,90
anon_0068885,90
anon_0068834,100
anon_0068837,0
anon_0068834,80
anon_0068885,95
anon_0068848,85
anon_0068837,100
anon_0068834,90
anon_0068848,50
anon_0068848,100
anon_0068848,85
anon_0068834,95
anon_0068837,0
anon_0068834,95
anon_0068885,85
anon_0068848,85
anon_0068847,90
anon_0068810,85
anon_0068837,0
anon_0068847,100
anon_0068834,100
anon_0068885,85
anon_0068885,90
anon_0068810,85
anon_0068848,50
anon_0068848,90
anon_0068885,85
anon_0068848,50
anon_0068848,90
anon_0068771,95
anon_0068847,85
anon_0068810,50
anon_0068771,85
anon_0068885,0
anon_0068837,0
anon_0068848,50
anon_0068771,85
anon_0068771,100
anon_0068848,100
anon_0068810,95
anon_0068810,85
anon_0068885,85
anon_0068847,100
anon_0068771,100
anon_0068847,90
anon_0068837,85
anon_0068885,50
anon_0068885,100
anon_0068810,95
anon_0068848,90
anon_0068848,95
anon_0068771,85
anon_0068848,0
anon_0068848,85
anon_0068771,90
anon_0068885,85
anon_0068847,85
anon_0068771,95
anon_0068848,0
anon_0068885,100
anon_0068918,85
anon_0069070,0
anon_0069020,100
anon_0069070,90
anon_0068997,0
anon_0068997,85
anon_0069020,100
anon_0068917,85
anon_0068918,85
anon_0069070,0
anon_0068905,100
anon_0068917,0
anon_0068997,90
anon_0069019,0
anon_0068917,100
anon_0068944,90
anon_0069019,100
anon_0069002,100
anon_0069019,95
anon_0069019,85
anon_0069019,100
anon_0068944,100
anon_0068918,85
anon_0068905,100
anon_0068905,100
anon_0068905,100
anon_0068905,90
anon_0068917,95
anon_0069020,95
anon_0069019,90
anon_0068917,100
anon_0069020,85
anon_0068905,90
anon_0068944,95
anon_0068944,90
anon_0069002,100
anon_0069019,50
anon_0068944,90
anon_0068905,90
anon_0069081,100
anon_0068997,90
anon_0068917,95
anon_0068905,85
anon_0069020,50
anon_0068917,100
anon_0068997,85
anon_0069081,100
anon_0068944,100
anon_0069002,100
anon_0069081,100
anon_0069002,100
anon_0069002,100
anon_0069020,95
anon_0069019,50
anon_0069020,100
anon_0068944,100
anon_0069020,90
anon_0068905,85
anon_0068905,90
anon_0069019,100
anon_0068905,85
anon_0068997,90
anon_0069020,90
anon_0068997,100
anon_0068905,85
anon_0069020,100
anon_0068997,85
anon_0068944,100
anon_0069019,85
anon_0069002,0
anon_0069020,85
anon_0068918,75
anon_0069019,100
anon_0068905,85
anon_0069002,95
anon_0068944,90
anon_0068905,90
anon_0069002,95
anon_0069002,0
anon_0069019,100
anon_0068944,100
anon_0068917,85
anon_0069002,90
anon_0069002,85
anon_0069019,95
anon_0069002,0
anon_0069002,85
anon_0069002,85
anon_0068944,100
anon_0068905,85
anon_0069019,85
anon_0069020,85
anon_0068918,85
anon_0069019,100
anon_0068905,75
anon_0069002,100
anon_0069019,85
anon_0069019,85
anon_0068918,85
anon_0069002,90
anon_0069019,85
anon_0068918,85
anon_0069019,95
anon_0069002,85
anon_0069019,100
anon_0068905,95
anon_0069002,95
anon_0069019,100
anon_0068905,95
anon_0068905,100
anon_0069019,90
anon_0069002,0
anon_0068918,100
anon_0069019,100
anon_0069002,90
anon_0068944,100
anon_0068905,75
anon_0069019,100
anon_0068905,85
anon_0069019,100
anon_0068918,0
anon_0069019,95
anon_0068905,95
anon_0069019,90
anon_0069019,100
anon_0068918,90
anon_0069020,95
anon_0069070,100
anon_0069020,95
anon_0068917,85
anon_0069070,50
anon_0068997,100
anon_0068918,50
anon_0069019,95
anon_0068917,85
anon_0068905,90
anon_0068918,95
anon_0068917,0
anon_0069070,50
anon_0068905,100
anon_0069019,95
anon_0068918,85
anon_0068997,0
anon_0068905,90
anon_0068944,85
anon_0069070,100
anon_0068917,100
anon_0069019,85
anon_0069002,75
anon_0068905,95
anon_0069070,85
anon_0069020,100
anon_0069019,90
anon_0068918,85
anon_0068997,100
anon_0069002,90
anon_0068997,100
anon_0069002,100
anon_0069002,80
anon_0068944,85
anon_0068918,95
anon_0069070,85
anon_0068997,85
anon_0068905,80
anon_0069002,50
anon_0068918,100
anon_0069002,75
anon_0068918,95
anon_0069002,60
anon_0068944,85
anon_0068944,90
anon_0068997,100
anon_0069002,85
anon_0069002,100
anon_0069002,90
anon_0069002,60
anon_0068917,70
anon_0069002,50
anon_0069002,40
anon_0069002,100
anon_0069002,85
anon_0069002,40
anon_0069002,85
anon_0069002,85
anon_0069002,85
anon_0069002,90
anon_0068905,0
anon_0069002,75
anon_0069002,85
anon_0069002,85
anon_0069075,85
anon_0069161,0
anon_0069130,0
anon_0069084,80
anon_0069084,100
anon_0069150,90
anon_0069084,100
anon_0069084,100
anon_0069075,90
anon_0069120,0
anon_0069019,100
anon_0069075,95
anon_0069120,100
anon_0069130,100
anon_0069084,85
anon_0069084,50
anon_0069130,95
anon_0069130,100
anon_0069084,95
anon_0069084,95
anon_0069084,100
anon_0069084,95
anon_0069075,90
anon_0069130,100
anon_0069130,0
anon_0069084,90
anon_0069173,95
anon_0069084,50
anon_0069084,85
anon_0069084,90
anon_0069075,85
anon_0069130,0
anon_0069019,0
anon_0069173,95
anon_0069084,90
anon_0069084,85
anon_0069084,100
anon_0069173,85
anon_0069075,95
anon_0069130,0
anon_0069084,90
anon_0069084,85
anon_0069130,0
anon_0069084,90
anon_0069173,85
anon_0069020,90
anon_0069130,100
anon_0069120,95
anon_0069075,85
anon_0069130,100
anon_0069084,90
anon_0069070,85
anon_0069075,85
anon_0069075,100
anon_0069070,85
anon_0069075,85
anon_0069130,50
anon_0069081,90
anon_0069075,85
anon_0069130,100
anon_0069084,0
anon_0069130,100
anon_0069020,100
anon_0069019,95
anon_0069081,0
anon_0069084,95
anon_0069075,95
anon_0069081,100
anon_0069084,85
anon_0069084,90
anon_0069130,100
anon_0069130,100
anon_0069084,90
anon_0069120,100
anon_0069084,95
anon_0069130,60
anon_0069130,100
anon_0069120,100
anon_0069084,85
anon_0069020,85
anon_0069075,20
anon_0069075,85
anon_0069182,100
anon_0069150,85
anon_0069084,85
anon_0069081,85
anon_0069020,85
anon_0069081,0
anon_0069020,50
anon_0069084,100
anon_0069173,90
anon_0069075,50
anon_0069084,90
anon_0069084,85
anon_0069173,95
anon_0069084,100
anon_0069081,85
anon_0069130,90
anon_0069150,85
anon_0069161,50
anon_0069081,100
anon_0069084,100
anon_0069081,100
anon_0069161,100
anon_0069161,100
anon_0069020,85
anon_0069161,85
anon_0069081,100
anon_0069084,100
anon_0069150,95
anon_0069150,85
anon_0069075,0
anon_0069150,100
anon_0069075,95
anon_0069084,100
anon_0069075,0
anon_0069182,100
anon_0069019,85
anon_0069161,90
anon_0069019,100
anon_0069150,85
anon_0069150,90
anon_0069081,100
anon_0069081,85
anon_0069019,85
anon_0069130,100
anon_0069081,90
anon_0069173,85
anon_0069173,100
anon_0069150,75
anon_0069075,85
anon_0069075,100
anon_0069081,0
anon_0069084,90
anon_0069130,90
anon_0069075,50
anon_0069081,90
anon_0069075,0
anon_0069173,95
anon_0069075,50
anon_0069081,100
anon_0069120,90
anon_0069173,100
anon_0069150,85
anon_0069075,85
anon_0069173,100
anon_0069173,90
anon_0069075,50
anon_0069019,100
anon_0069120,50
anon_0069075,85
anon_0069182,85
anon_0069150,100
anon_0069173,90
anon_0069150,85
anon_0069150,90
anon_0069120,85
anon_0069173,95
anon_0069150,75
anon_0069019,90
anon_0069150,85
anon_0069150,85
anon_0069182,95
anon_0069019,50
anon_0069150,85
anon_0069173,100
anon_0069084,90
anon_0069161,0
anon_0069194,100
anon_0069225,100
anon_0069258,100
anon_0069209,85
anon_0069209,90
anon_0069225,90
anon_0069225,100
anon_0069225,100
anon_0069210,86
anon_0069194,100
anon_0069210,100
anon_0069225,100
anon_0069173,100
anon_0069130,0
anon_0069225,95
anon_0069194,100
anon_0069225,100
anon_0069225,100
anon_0069194,85
anon_0069258,100
anon_0069237,85
anon_0069225,95
anon_0069225,90
anon_0069150,85
anon_0069173,95
anon_0069209,100
anon_0069210,100
anon_0069194,100
anon_0069130,100
anon_0069225,50
anon_0069194,100
anon_0069210,89
anon_0069237,95
anon_0069225,50
anon_0069194,95
anon_0069210,100
anon_0069194,90
anon_0069194,100
anon_0069225,100
anon_0069225,85
anon_0069210,100
anon_0069194,100
anon_0069194,0
anon_0069225,85
anon_0069210,95
anon_0069182,100
anon_0069225,100
anon_0069194,100
anon_0069209,85
anon_0069209,85
anon_0069237,85
anon_0069173,85
anon_0069210,90
anon_0069182,90
anon_0069210,100
anon_0069182,85
anon_0069225,100
anon_0069209,85
anon_0069173,85
anon_0069237,90
anon_0069150,95
anon_0069225,75
anon_0069258,100
anon_0069150,95
anon_0069225,85
anon_0069210,0
anon_0069209,85
anon_0069182,50
anon_0069210,95
anon_0069225,100
anon_0069225,85
anon_0069225,85
anon_0069194,90
anon_0069150,90
anon_0069194,100
anon_0069237,100
anon_0069225,85
anon_0069210,100
anon_0069173,50
anon_0069182,85
anon_0069130,0
anon_0069130,100
anon_0069173,NA
anon_0069225,85
anon_0069194,100
anon_0069209,90
anon_0069173,85
anon_0069182,50
anon_0069209,60
anon_0069130,0
anon_0069209,100
anon_0069225,100
anon_0069194,0
anon_0069225,0
anon_0069130,100
anon_0069209,85
anon_0069173,95
anon_0069210,100
anon_0069194,85
anon_0069209,85
anon_0069209,100
anon_0069225,85
anon_0069237,30
anon_0069173,100
anon_0069210,100
anon_0069209,100
anon_0069209,85
anon_0069210,0
anon_0069173,60
anon_0069173,85
anon_0069237,85
anon_0069173,90
anon_0069225,100
anon_0069237,100
anon_0069194,85
anon_0069258,85
anon_0069210,90
anon_0069237,90
anon_0069173,50
anon_0069194,20
anon_0069237,95
anon_0069173,90
anon_0069173,100
anon_0069258,100
anon_0069182,85
anon_0069225,50
anon_0069237,90
anon_0069182,100
anon_0069237,95
anon_0069210,85
anon_0069210,100
anon_0069173,90
anon_0069225,95
anon_0069237,90
anon_0069182,0
anon_0069194,90
anon_0069210,0
anon_0069210,100
anon_0069209,50
anon_0069130,100
anon_0069258,100
anon_0069258,100
anon_0069210,100
anon_0069182,80
anon_0069182,100
anon_0069182,100
anon_0069210,85
anon_0069182,90
anon_0069173,50
anon_0069182,0
anon_0069173,85
anon_0069173,85
anon_0069209,90
anon_0069173,90
anon_0069173,85
anon_0069209,85
anon_0069209,85
anon_0069210,85
anon_0069173,100
anon_0069194,100
anon_0069173,90
anon_0069173,0
anon_0069173,70
anon_0069194,85
anon_0069182,100
anon_0069173,70
anon_0069182,90
anon_0069210,0
anon_0069210,85
anon_0069182,100
anon_0069258,85
anon_0069210,100
anon_0069173,85
anon_0069210,85
anon_0069173,75
anon_0069237,50
anon_0069210,50
anon_0069182,95
anon_0069210,100
anon_0069173,90
anon_0069173,90
anon_0069173,85
anon_0069352,100
anon_0069320,100
anon_0069289,0
anon_0069258,80
anon_0069289,0
anon_0069332,50
anon_0069320,85
anon_0069225,85
anon_0069289,100
anon_0069352,100
anon_0069345,0
anon_0069289,85
anon_0069320,0
anon_0069320,85
anon_0069304,0
anon_0069289,100
anon_0069345,90
anon_0069301,100
anon_0069320,100
anon_0069289,70
anon_0069289,100
anon_0069307,100
anon_0069320,100
anon_0069307,100
anon_0069332,85
anon_0069307,100
anon_0069301,100
anon_0069289,100
anon_0069289,85
anon_0069307,85
anon_0069332,90
anon_0069307,100
anon_0069225,85
anon_0069301,100
anon_0069289,90
anon_0069258,85
anon_0069258,100
anon_0069307,100
anon_0069304,95
anon_0069289,95
anon_0069304,85
anon_0069225,60
anon_0069301,95
anon_0069332,85
anon_0069289,100
anon_0069304,85
anon_0069225,50
anon_0069225,85
anon_0069225,70
anon_0069304,95
anon_0069225,85
anon_0069301,0
anon_0069301,85
anon_0069289,85
anon_0069289,100
anon_0069307,85
anon_0069301,100
anon_0069225,40
anon_0069307,100
anon_0069332,0
anon_0069307,0
anon_0069289,85
anon_0069332,60
anon_0069307,0
anon_0069332,90
anon_0069289,95
anon_0069351,85
anon_0069225,85
anon_0069307,85
anon_0069304,90
anon_0069301,50
anon_0069332,85
anon_0069332,95
anon_0069225,85
anon_0069301,100
anon_0069307,80
anon_0069345,0
anon_0069345,100
anon_0069258,85
anon_0069289,100
anon_0069289,85
anon_0069332,85
anon_0069351,90
anon_0069345,60
anon_0069345,0
anon_0069304,75
anon_0069304,85
anon_0069258,100
anon_0069289,100
anon_0069320,100
anon_0069225,85
anon_0069332,100
anon_0069345,0
anon_0069304,100
anon_0069304,90
anon_0069332,95
anon_0069304,95
anon_0069320,100
anon_0069332,95
anon_0069351,85
anon_0069345,85
anon_0069320,100
anon_0069307,100
anon_0069258,90
anon_0069304,85
anon_0069301,85
anon_0069301,100
anon_0069332,75
anon_0069289,100
anon_0069320,100
anon_0069258,85
anon_0069304,90
anon_0069301,85
anon_0069301,85
anon_0069345,85
anon_0069345,100
anon_0069304,90
anon_0069304,90
anon_0069307,85
anon_0069351,85
anon_0069345,100
anon_0069307,60
anon_0069258,100
anon_0069345,100
anon_0069304,85
anon_0069301,90
anon_0069301,90
anon_0069289,100
anon_0069301,85
anon_0069351,90
anon_0069301,90
anon_0069332,100
anon_0069351,90
anon_0069301,90
anon_0069351,85
anon_0069258,85
anon_0069320,100
anon_0069289,85
anon_0069351,85
anon_0069320,50
anon_0069351,90
anon_0069258,95
anon_0069345,90
anon_0069307,95
anon_0069258,85
anon_0069289,100
anon_0069258,80
anon_0069307,85
anon_0069258,85
anon_0069307,85
anon_0069301,100
anon_0069301,0
anon_0069301,100
anon_0069301,100
anon_0069301,90
anon_0069332,90
anon_0069304,85
anon_0069289,90
anon_0069345,85
anon_0069289,95
anon_0069332,85
anon_0069307,100
anon_0069289,85
anon_0069307,100
anon_0069307,90
anon_0069301,50
anon_0069332,90
anon_0069332,85
anon_0069258,100
anon_0069307,90
anon_0069258,85
anon_0069351,70
anon_0069307,100
anon_0069289,90
anon_0069289,100
anon_0069289,90
anon_0069307,85
anon_0069289,85
anon_0069301,85
anon_0069301,85
anon_0069289,95
anon_0069307,90
anon_0069289,100
anon_0069258,100
anon_0069258,95
anon_0069332,75
anon_0069258,85
anon_0069258,85
anon_0069304,85
anon_0069289,95
anon_0069258,100
anon_0069258,85
anon_0069258,85
anon_0069304,100
anon_0069304,90
anon_0069332,85
anon_0069258,85
anon_0069258,100
anon_0069304,85
anon_0069258,0
anon_0069304,90
anon_0069289,90
anon_0069289,90
anon_0069304,90
anon_0069258,50
anon_0069258,90
anon_0069258,50
anon_0069258,85
anon_0069304,85
anon_0069258,85
anon_0069289,85
anon_0069289,90
anon_0069258,90
anon_0069258,90
anon_0069289,90
anon_0069304,70
anon_0069258,85
anon_0069258,90
anon_0069289,85
anon_0069258,50
anon_0069304,95
anon_0069304,50
anon_0069258,NA
anon_0069301,100
anon_0069301,100
anon_0069289,85
anon_0069366,100
anon_0069378,85
anon_0069387,95
anon_0069387,100
anon_0069398,0
anon_0069387,100
anon_0069332,100
anon_0069366,85
anon_0069258,100
anon_0069378,85
anon_0069387,100
anon_0069366,100
anon_0069377,100
anon_0069377,100
anon_0069352,95
anon_0069378,0
anon_0069377,100
anon_0069378,0
anon_0069398,100
anon_0069366,100
anon_0069351,50
anon_0069378,95
anon_0069377,85
anon_0069352,85
anon_0069378,0
anon_0069378,100
anon_0069352,40
anon_0069377,85
anon_0069398,90
anon_0069352,85
anon_0069378,85
anon_0069378,100
anon_0069398,90
anon_0069377,90
anon_0069351,90
anon_0069377,90
anon_0069389,85
anon_0069258,90
anon_0069387,100
anon_0069389,85
anon_0069366,90
anon_0069387,100
anon_0069351,50
anon_0069389,90
anon_0069387,0
anon_0069387,90
anon_0069389,100
anon_0069351,90
anon_0069389,50
anon_0069351,90
anon_0069387,0
anon_0069387,100
anon_0069377,95
anon_0069378,85
anon_0069398,0
anon_0069387,90
anon_0069398,0
anon_0069389,90
anon_0069389,85
anon_0069389,100
anon_0069352,75
anon_0069352,95
anon_0069366,0
anon_0069398,100
anon_0069389,85
anon_0069398,85
anon_0069366,95
anon_0069377,85
anon_0069366,95
anon_0069398,0
anon_0069398,100
anon_0069351,100
anon_0069398,90
anon_0069378,90
anon_0069366,100
anon_0069427,100
anon_0069387,95
anon_0069398,90
anon_0069427,90
anon_0069427,80
anon_0069387,90
anon_0069352,90
anon_0069377,85
anon_0069427,100
anon_0069351,90
anon_0069351,90
anon_0069351,90
anon_0069366,100
anon_0069351,75
anon_0069351,85
anon_0069332,85
anon_0069389,85
anon_0069377,95
anon_0069352,85
anon_0069387,85
anon_0069351,85
anon_0069387,100
anon_0069366,90
anon_0069398,100
anon_0069389,85
anon_0069377,90
anon_0069398,100
anon_0069389,60
anon_0069427,85
anon_0069377,95
anon_0069352,100
anon_0069351,70
anon_0069387,85
anon_0069378,85
anon_0069389,85
anon_0069352,0
anon_0069389,60
anon_0069351,90
anon_0069352,90
anon_0069352,85
anon_0069398,95
anon_0069398,50
anon_0069389,90
anon_0069427,85
anon_0069398,100
anon_0069398,100
anon_0069398,85
anon_0069398,50
anon_0069398,90
anon_0069351,85
anon_0069398,100
anon_0069398,90
anon_0069387,100
anon_0069387,100
anon_0069398,100
anon_0069398,90
anon_0069366,0
anon_0069427,100
anon_0069427,85
anon_0069387,85
anon_0069389,100
anon_0069352,85
anon_0069377,85
anon_0069389,85
anon_0069398,100
anon_0069389,70
anon_0069352,85
anon_0069389,100
anon_0069398,50
anon_0069398,85
anon_0069352,60
anon_0069398,50
anon_0069351,90
anon_0069366,85
anon_0069398,90
anon_0069389,85
anon_0069398,85
anon_0069366,100
anon_0069389,85
anon_0069352,60
anon_0069387,100
anon_0069366,90
anon_0069389,70
anon_0069366,90
anon_0069352,85
anon_0069351,100
anon_0069398,100
anon_0069389,100
anon_0069351,85
anon_0069351,85
anon_0069351,85
anon_0069387,95
anon_0069351,85
anon_0069351,85
anon_0069389,85
anon_0069389,85
anon_0069352,86
anon_0069352,50
anon_0069387,95
anon_0069352,100
anon_0069352,100
anon_0069387,100
anon_0069387,100
anon_0069387,85
anon_0069352,85
anon_0069389,85
anon_0069389,85
anon_0069536,100
anon_0069377,100
anon_0069378,100
anon_0069493,100
anon_0069536,100
anon_0069493,0
anon_0069538,95
anon_0069427,85
anon_0069460,100
anon_0069378,100
anon_0069556,90
anon_0069538,100
anon_0069427,90
anon_0069460,85
anon_0069377,100
anon_0069536,100
anon_0069511,30
anon_0069506,0
anon_0069506,90
anon_0069511,90
anon_0069506,95
anon_0069460,0
anon_0069493,30
anon_0069490,95
anon_0069506,100
anon_0069378,20
anon_0069511,95
anon_0069460,0
anon_0069506,0
anon_0069493,85
anon_0069538,100
anon_0069389,90
anon_0069536,100
anon_0069427,50
anon_0069377,85
anon_0069427,85
anon_0069427,100
anon_0069536,100
anon_0069511,45
anon_0069460,85
anon_0069389,30
anon_0069536,100
anon_0069536,100
anon_0069377,85
anon_0069511,100
anon_0069460,100
anon_0069490,100
anon_0069493,0
anon_0069377,0
anon_0069493,90
anon_0069536,85
anon_0069493,0
anon_0069556,90
anon_0069511,90
anon_0069506,100
anon_0069538,100
anon_0069460,90
anon_0069460,90
anon_0069536,100
anon_0069460,85
anon_0069490,90
anon_0069511,100
anon_0069389,100
anon_0069511,60
anon_0069506,85
anon_0069511,90
anon_0069511,80
anon_0069511,90
anon_0069536,85
anon_0069378,85
anon_0069460,75
anon_0069377,100
anon_0069493,85
anon_0069511,90
anon_0069378,85
anon_0069493,0
anon_0069493,100
anon_0069536,75
anon_0069538,100
anon_0069377,75
anon_0069460,0
anon_0069490,100
anon_0069511,90
anon_0069389,85
anon_0069493,50
anon_0069536,85
anon_0069511,85
anon_0069506,100
anon_0069427,85
anon_0069506,100
anon_0069493,70
anon_0069460,85
anon_0069558,100
anon_0069536,90
anon_0069506,85
anon_0069389,50
anon_0069460,95
anon_0069493,85
anon_0069460,100
anon_0069506,50
anon_0069398,100
anon_0069389,85
anon_0069511,100
anon_0069506,100
anon_0069460,85
anon_0069398,60
anon_0069460,100
anon_0069493,85
anon_0069536,90
anon_0069511,90
anon_0069506,100
anon_0069389,90
anon_0069493,90
anon_0069506,100
anon_0069536,85
anon_0069460,100
anon_0069460,95
anon_0069511,95
anon_0069460,100
anon_0069398,90
anon_0069506,85
anon_0069506,50
anon_0069460,100
anon_0069558,100
anon_0069460,50
anon_0069389,50
anon_0069536,85
anon_0069493,85
anon_0069558,100
anon_0069558,100
anon_0069558,0
anon_0069506,85
anon_0069493,85
anon_0069493,90
anon_0069389,50
anon_0069378,100
anon_0069536,85
anon_0069493,100
anon_0069506,100
anon_0069493,85
anon_0069558,100
anon_0069558,90
anon_0069398,85
anon_0069378,30
anon_0069536,100
anon_0069398,85
anon_0069378,80
anon_0069378,85
anon_0069460,90
anon_0069378,90
anon_0069378,95
anon_0069378,85
anon_0069538,90
anon_0069506,85
anon_0069568,100
anon_0069594,100
anon_0069597,80
anon_0069569,100
anon_0069597,100
anon_0069493,0
anon_0069573,100
anon_0069506,100
anon_0069573,100
anon_0069594,86
anon_0069573,90
anon_0069598,90
anon_0069594,62
anon_0069573,100
anon_0069506,0
anon_0069573,100
anon_0069578,100
anon_0069573,0
anon_0069597,100
anon_0069558,90
anon_0069597,100
anon_0069569,100
anon_0069568,0
anon_0069594,90
anon_0069558,100
anon_0069590,100
anon_0069594,90
anon_0069506,90
anon_0069594,85
anon_0069573,50
anon_0069573,90
anon_0069594,100
anon_0069578,85
anon_0069493,85
anon_0069556,95
anon_0069558,100
anon_0069578,70
anon_0069597,100
anon_0069558,0
anon_0069594,0
anon_0069590,100
anon_0069568,85
anon_0069578,95
anon_0069578,100
anon_0069573,90
anon_0069594,100
anon_0069506,0
anon_0069538,90
anon_0069573,100
anon_0069568,95
anon_0069538,100
anon_0069558,100
anon_0069590,100
anon_0069556,100
anon_0069597,100
anon_0069538,100
anon_0069573,85
anon_0069558,85
anon_0069597,100
anon_0069594,88
anon_0069578,85
anon_0069597,85
anon_0069578,85
anon_0069493,50
anon_0069558,90
anon_0069506,100
anon_0069573,100
anon_0069556,85
anon_0069597,0
anon_0069598,85
anon_0069578,100
anon_0069578,85
anon_0069556,100
anon_0069569,0
anon_0069578,85
anon_0069556,75
anon_0069568,100
anon_0069578,70
anon_0069558,100
anon_0069597,100
anon_0069556,85
anon_0069558,85
anon_0069573,90
anon_0069556,85
anon_0069578,90
anon_0069538,0
anon_0069590,90
anon_0069538,90
anon_0069490,85
anon_0069558,100
anon_0069578,90
anon_0069597,80
anon_0069558,90
anon_0069573,95
anon_0069506,85
anon_0069556,85
anon_0069569,90
anon_0069606,95
anon_0069556,85
anon_0069590,85
anon_0069569,90
anon_0069606,100
anon_0069590,100
anon_0069493,95
anon_0069591,100
anon_0069569,90
anon_0069493,100
anon_0069591,90
anon_0069556,100
anon_0069568,85
anon_0069590,95
anon_0069597,100
anon_0069568,100
anon_0069590,90
anon_0069606,95
anon_0069493,100
anon_0069606,100
anon_0069493,85
anon_0069569,90
anon_0069493,85
anon_0069590,95
anon_0069573,85
anon_0069556,95
anon_0069556,85
anon_0069538,100
anon_0069493,95
anon_0069569,85
anon_0069538,50
anon_0069506,90
anon_0069569,90
anon_0069556,50
anon_0069569,100
anon_0069569,90
anon_0069556,0
anon_0069591,85
anon_0069556,100
anon_0069573,75
anon_0069538,95
anon_0069556,85
anon_0069568,100
anon_0069493,100
anon_0069538,90
anon_0069506,70
anon_0069490,90
anon_0069556,85
anon_0069569,75
anon_0069556,90
anon_0069493,100
anon_0069493,80
anon_0069569,95
anon_0069556,85
anon_0069556,40
anon_0069556,90
anon_0069606,85
anon_0069493,85
anon_0069573,85
anon_0069493,90
anon_0069538,100
anon_0069493,80
anon_0069568,90
anon_0069556,95
anon_0069538,100
anon_0069490,85
anon_0069538,95
anon_0069556,100
anon_0069568,90
anon_0069556,100
anon_0069490,85
anon_0069556,90
anon_0069556,90
anon_0069569,100
anon_0069556,70
anon_0069569,85
anon_0069597,95
anon_0069538,0
anon_0069578,100
anon_0069649,50
anon_0069573,85
anon_0069573,100
anon_0069598,100
anon_0069569,100
anon_0069597,100
anon_0069597,100
anon_0069606,100
anon_0069578,85
anon_0069631,90
anon_0069590,100
anon_0069597,100
anon_0069606,100
anon_0069568,90
anon_0069631,85
anon_0069622,60
anon_0069573,50
anon_0069569,0
anon_0069606,0
anon_0069594,100
anon_0069569,100
anon_0069573,85
anon_0069569,100
anon_0069649,100
anon_0069591,60
anon_0069538,0
anon_0069622,0
anon_0069598,50
anon_0069591,0
anon_0069569,85
anon_0069538,85
anon_0069538,85
anon_0069631,90
anon_0069573,0
anon_0069649,0
anon_0069569,0
anon_0069606,100
anon_0069578,50
anon_0069538,100
anon_0069590,0
anon_0069598,100
anon_0069590,90
anon_0069590,0
anon_0069569,0
anon_0069591,85
anon_0069538,85
anon_0069622,0
anon_0069573,100
anon_0069569,100
anon_0069606,100
anon_0069578,60
anon_0069578,85
anon_0069538,85
anon_0069622,50
anon_0069606,100
anon_0069597,100
anon_0069568,100
anon_0069590,90
anon_0069569,95
anon_0069578,85
anon_0069569,85
anon_0069569,90
anon_0069606,90
anon_0069594,85
anon_0069569,100
anon_0069594,100
anon_0069578,85
anon_0069573,100
anon_0069573,100
anon_0069573,0
anon_0069578,75
anon_0069573,85
anon_0069606,100
anon_0069597,85
anon_0069568,90
anon_0069490,85
anon_0069594,90
anon_0069622,95
anon_0069598,90
anon_0069594,70
anon_0069606,50
anon_0069569,90
anon_0069590,50
anon_0069594,70
anon_0069620,95
anon_0069620,100
anon_0069606,0
anon_0069606,95
anon_0069631,100
anon_0069538,85
anon_0069594,70
anon_0069591,90
anon_0069578,95
anon_0069594,100
anon_0069598,100
anon_0069597,100
anon_0069594,100
anon_0069620,95
anon_0069606,0
anon_0069578,75
anon_0069568,100
anon_0069606,50
anon_0069578,100
anon_0069606,90
anon_0069620,90
anon_0069594,100
anon_0069568,100
anon_0069622,85
anon_0069538,85
anon_0069598,100
anon_0069606,85
anon_0069594,85
anon_0069538,85
anon_0069538,90
anon_0069578,85
anon_0069578,100
anon_0069568,100
anon_0069578,70
anon_0069597,90
anon_0069594,100
anon_0069490,85
anon_0069594,95
anon_0069578,75
anon_0069538,0
anon_0069620,85
anon_0069597,100
anon_0069620,85
anon_0069606,50
anon_0069606,50
anon_0069568,100
anon_0069606,100
anon_0069591,95
anon_0069622,0
anon_0069591,90
anon_0069591,90
anon_0069620,50
anon_0069594,100
anon_0069606,75
anon_0069568,100
anon_0069578,90
anon_0069606,85
anon_0069594,100
anon_0069631,100
anon_0069594,0
anon_0069598,NA
anon_0069594,100
anon_0069620,50
anon_0069598,85
anon_0069620,85
anon_0069597,100
anon_0069622,100
anon_0069490,85
anon_0069591,0
anon_0069569,50
anon_0069598,90
anon_0069606,85
anon_0069622,85
anon_0069606,90
anon_0069578,85
anon_0069622,100
anon_0069594,100
anon_0069598,90
anon_0069631,85
anon_0069594,100
anon_0069594,90
anon_0069684,100
anon_0069684,90
anon_0069652,85
anon_0069692,90
anon_0069682,100
anon_0069652,0
anon_0069692,85
anon_0069631,0
anon_0069692,50
anon_0069703,100
anon_0069684,90
anon_0069682,100
anon_0069703,95
anon_0069649,85
anon_0069620,80
anon_0069631,90
anon_0069665,0
anon_0069622,0
anon_0069652,90
anon_0069682,100
anon_0069692,85
anon_0069652,85
anon_0069652,100
anon_0069652,85
anon_0069684,85
anon_0069631,0
anon_0069703,90
anon_0069692,85
anon_0069620,100
anon_0069692,100
anon_0069703,100
anon_0069665,85
anon_0069684,85
anon_0069652,95
anon_0069692,90
anon_0069703,100
anon_0069652,85
anon_0069649,0
anon_0069703,100
anon_0069665,90
anon_0069684,95
anon_0069684,85
anon_0069652,95
anon_0069620,85
anon_0069620,85
anon_0069652,85
anon_0069684,30
anon_0069665,90
anon_0069652,90
anon_0069652,30
anon_0069684,0
anon_0069652,100
anon_0069703,100
anon_0069652,100
anon_0069665,100
anon_0069652,85
anon_0069684,90
anon_0069649,100
anon_0069703,100
anon_0069703,90
anon_0069703,100
anon_0069649,100
anon_0069622,50
anon_0069684,90
anon_0069649,100
anon_0069652,100
anon_0069665,0
anon_0069652,90
anon_0069652,100
anon_0069631,100
anon_0069649,90
anon_0069665,95
anon_0069703,0
anon_0069665,0
anon_0069652,80
anon_0069538,95
anon_0069684,90
anon_0069682,100
anon_0069692,90
anon_0069620,85
anon_0069703,85
anon_0069703,100
anon_0069652,95
anon_0069620,85
anon_0069675,90
anon_0069649,100
anon_0069675,85
anon_0069665,85
anon_0069682,100
anon_0069652,90
anon_0069675,85
anon_0069665,85
anon_0069692,60
anon_0069665,85
anon_0069703,90
anon_0069665,85
anon_0069620,90
anon_0069682,100
anon_0069675,80
anon_0069665,100
anon_0069682,100
anon_0069652,85
anon_0069682,100
anon_0069703,100
anon_0069682,100
anon_0069703,85
anon_0069538,100
anon_0069675,95
anon_0069675,100
anon_0069675,NA
anon_0069675,100
anon_0069675,100
anon_0069665,85
anon_0069703,50
anon_0069682,95
anon_0069665,85
anon_0069665,100
anon_0069675,95
anon_0069665,100
anon_0069703,100
anon_0069675,80
anon_0069692,90
anon_0069682,90
anon_0069675,100
anon_0069665,100
anon_0069692,85
anon_0069665,50
anon_0069665,85
anon_0069703,95
anon_0069675,85
anon_0069665,95
anon_0069703,90
anon_0069665,100
anon_0069665,50
anon_0069692,50
anon_0069675,NA
anon_0069620,85
anon_0069682,100
anon_0069682,100
anon_0069665,90
anon_0069692,75
anon_0069620,90
anon_0069665,85
anon_0069692,80
anon_0069675,85
anon_0069665,90
anon_0069649,85
anon_0069665,85
anon_0069538,90
anon_0069742,100
anon_0069771,100
anon_0069652,85
anon_0069771,100
anon_0069722,100
anon_0069771,50
anon_0069684,100
anon_0069682,0
anon_0069703,0
anon_0069703,85
anon_0069778,100
anon_0069684,90
anon_0069742,90
anon_0069684,100
anon_0069771,100
anon_0069722,90
anon_0069729,0
anon_0069703,100
anon_0069682,85
anon_0069722,85
anon_0069682,100
anon_0069771,0
anon_0069722,0
anon_0069722,100
anon_0069703,50
anon_0069778,0
anon_0069741,85
anon_0069703,100
anon_0069682,85
anon_0069778,90
anon_0069741,100
anon_0069703,95
anon_0069742,85
anon_0069729,0
anon_0069771,90
anon_0069722,80
anon_0069742,100
anon_0069741,85
anon_0069790,95
anon_0069682,85
anon_0069722,0
anon_0069682,85
anon_0069741,0
anon_0069703,100
anon_0069722,100
anon_0069729,100
anon_0069771,90
anon_0069741,85
anon_0069682,100
anon_0069703,100
anon_0069682,0
anon_0069682,90
anon_0069771,100
anon_0069790,100
anon_0069675,0
anon_0069771,90
anon_0069771,95
anon_0069703,100
anon_0069790,90
anon_0069722,100
anon_0069771,95
anon_0069703,90
anon_0069722,70
anon_0069741,0
anon_0069771,90
anon_0069729,85
anon_0069765,85
anon_0069729,95
anon_0069729,85
anon_0069703,90
anon_0069703,85
anon_0069703,50
anon_0069703,100
anon_0069652,90
anon_0069682,85
anon_0069771,100
anon_0069729,85
anon_0069778,90
anon_0069778,90
anon_0069742,100
anon_0069703,50
anon_0069778,100
anon_0069675,100
anon_0069729,0
anon_0069771,90
anon_0069765,90
anon_0069675,85
anon_0069703,85
anon_0069703,0
anon_0069741,90
anon_0069722,95
anon_0069765,70
anon_0069675,95
anon_0069729,100
anon_0069778,95
anon_0069722,0
anon_0069722,85
anon_0069742,100
anon_0069675,50
anon_0069722,85
anon_0069742,85
anon_0069742,50
anon_0069722,90
anon_0069722,100
anon_0069675,85
anon_0069675,100
anon_0069722,85
anon_0069703,100
anon_0069675,90
anon_0069675,50
anon_0069722,75
anon_0069675,75
anon_0069684,100
anon_0069703,100
anon_0069790,NA
anon_0069703,100
anon_0069722,50
anon_0069729,85
anon_0069675,100
anon_0069722,100
anon_0069722,100
anon_0069675,0
anon_0069703,100
anon_0069742,100
anon_0069684,100
anon_0069675,100
anon_0069778,100
anon_0069778,90
anon_0069778,100
anon_0069675,100
anon_0069703,100
anon_0069675,90
anon_0069703,0
anon_0069742,90
anon_0069703,100
anon_0069684,85
anon_0069778,95
anon_0069675,100
anon_0069722,85
anon_0069722,90
anon_0069675,100
anon_0069675,90
anon_0069778,95
anon_0069778,100
anon_0069778,100
anon_0069722,100
anon_0069722,100
anon_0069684,80
anon_0069703,100
anon_0069771,85
anon_0069771,0
anon_0069684,85
anon_0069742,95
anon_0069675,0
anon_0069722,50
anon_0069722,90
anon_0069722,100
anon_0069684,50
anon_0069771,95
anon_0069778,95
anon_0069722,85
anon_0069771,85
anon_0069771,85
anon_0069722,50
anon_0069771,90
anon_0069729,50
anon_0069771,0
anon_0069722,85
anon_0069771,90
anon_0069771,85
anon_0069771,85
anon_0069675,100
anon_0069765,50
anon_0069765,85
anon_0069765,100
anon_0069765,85
anon_0069722,95
anon_0069765,95
anon_0069771,85
anon_0069765,100
anon_0069809,100
anon_0069809,100
anon_0069832,95
anon_0069824,0
anon_0069834,90
anon_0069862,100
anon_0069722,100
anon_0069862,100
anon_0069834,100
anon_0069830,0
anon_0069834,100
anon_0069722,90
anon_0069834,0
anon_0069830,75
anon_0069809,0
anon_0069834,70
anon_0069722,90
anon_0069868,50
anon_0069830,0
anon_0069809,85
anon_0069862,85
anon_0069832,90
anon_0069771,100
anon_0069722,100
anon_0069824,0
anon_0069809,95
anon_0069771,0
anon_0069834,50
anon_0069771,90
anon_0069834,100
anon_0069809,0
anon_0069771,100
anon_0069809,100
anon_0069824,95
anon_0069729,90
anon_0069834,95
anon_0069771,100
anon_0069771,100
anon_0069790,85
anon_0069722,100
anon_0069790,0
anon_0069824,90
anon_0069809,90
anon_0069868,95
anon_0069809,90
anon_0069809,85
anon_0069729,100
anon_0069868,100
anon_0069824,100
anon_0069722,100
anon_0069722,85
anon_0069771,85
anon_0069809,100
anon_0069824,95
anon_0069830,90
anon_0069832,0
anon_0069729,85
anon_0069834,90
anon_0069809,90
anon_0069765,85
anon_0069790,0
anon_0069862,85
anon_0069722,90
anon_0069830,85
anon_0069809,100
anon_0069832,95
anon_0069834,90
anon_0069862,0
anon_0069868,100
anon_0069722,90
anon_0069729,85
anon_0069862,100
anon_0069834,50
anon_0069771,0
anon_0069809,85
anon_0069790,50
anon_0069834,100
anon_0069830,85
anon_0069809,50
anon_0069722,90
anon_0069729,85
anon_0069809,85
anon_0069868,85
anon_0069862,80
anon_0069729,85
anon_0069790,85
anon_0069771,100
anon_0069824,0
anon_0069729,85
anon_0069729,0
anon_0069722,90
anon_0069852,30
anon_0069790,85
anon_0069809,NA
anon_0069722,85
anon_0069862,90
anon_0069809,0
anon_0069824,0
anon_0069722,100
anon_0069771,90
anon_0069778,95
anon_0069771,50
anon_0069852,90
anon_0069824,90
anon_0069778,100
anon_0069771,100
anon_0069830,100
anon_0069765,100
anon_0069778,100
anon_0069729,90
anon_0069852,85
anon_0069824,95
anon_0069771,90
anon_0069722,85
anon_0069778,50
anon_0069765,85
anon_0069771,90
anon_0069778,100
anon_0069852,90
anon_0069771,100
anon_0069771,100
anon_0069722,85
anon_0069830,90
anon_0069765,50
anon_0069824,100
anon_0069824,100
anon_0069765,50
anon_0069832,100
anon_0069830,85
anon_0069771,90
anon_0069830,100
anon_0069852,50
anon_0069729,100
anon_0069824,100
anon_0069824,100
anon_0069830,85
anon_0069742,95
anon_0069824,100
anon_0069824,95
anon_0069729,85
anon_0069778,100
anon_0069832,85
anon_0069778,85
anon_0069765,50
anon_0069778,75
anon_0069771,95
anon_0069832,50
anon_0069832,85
anon_0069771,100
anon_0069778,85
anon_0069729,100
anon_0069765,85
anon_0069771,0
anon_0069778,90
anon_0069771,95
anon_0069778,85
anon_0069771,100
anon_0069729,30
anon_0069778,50
anon_0069771,100
anon_0069771,100
anon_0069742,85
anon_0069809,0
anon_0069742,85
anon_0069765,100
anon_0069729,100
anon_0069729,85
anon_0069824,90
anon_0069765,90
anon_0069742,85
anon_0069765,75
anon_0069742,60
anon_0069729,50
anon_0069778,85
anon_0069852,100
anon_0069881,0
anon_0069868,100
anon_0069852,100
anon_0069834,100
anon_0069868,100
anon_0069932,100
anon_0069907,100
anon_0069891,100
anon_0069907,100
anon_0069862,100
anon_0069852,85
anon_0069891,90
anon_0069862,100
anon_0069907,85
anon_0069832,100
anon_0069830,100
anon_0069933,100
anon_0069881,0
anon_0069881,95
anon_0069830,100
anon_0069891,100
anon_0069830,85
anon_0069883,60
anon_0069891,90
anon_0069862,100
anon_0069932,90
anon_0069852,100
anon_0069891,95
anon_0069881,100
anon_0069881,85
anon_0069883,50
anon_0069852,75
anon_0069883,90
anon_0069891,90
anon_0069852,85
anon_0069907,100
anon_0069891,85
anon_0069928,90
anon_0069891,100
anon_0069886,100
anon_0069933,100
anon_0069862,100
anon_0069891,100
anon_0069932,85
anon_0069883,100
anon_0069834,0
anon_0069886,100
anon_0069862,80
anon_0069907,85
anon_0069933,100
anon_0069862,90
anon_0069729,100
anon_0069907,95
anon_0069832,100
anon_0069928,100
anon_0069928,95
anon_0069933,50
anon_0069862,90
anon_0069928,90
anon_0069830,90
anon_0069907,85
anon_0069862,50
anon_0069729,70
anon_0069891,90
anon_0069868,0
anon_0069928,90
anon_0069862,90
anon_0069862,85
anon_0069832,85
anon_0069862,70
anon_0069862,90
anon_0069729,80
anon_0069891,90
anon_0069886,90
anon_0069933,85
anon_0069883,100
anon_0069852,100
anon_0069830,20
anon_0069862,50
anon_0069892,90
anon_0069862,60
anon_0069892,100
anon_0069729,100
anon_0069883,50
anon_0069886,85
anon_0069886,100
anon_0069933,0
anon_0069886,95
anon_0069886,0
anon_0069907,90
anon_0069892,95
anon_0069883,85
anon_0069883,100
anon_0069729,0
anon_0069928,85
anon_0069891,85
anon_0069886,90
anon_0069907,100
anon_0069883,90
anon_0069892,100
anon_0069892,100
anon_0069834,100
anon_0069886,90
anon_0069891,100
anon_0069892,100
anon_0069883,85
anon_0069729,85
anon_0069892,90
anon_0069886,85
anon_0069729,90
anon_0069928,85
anon_0069729,100
anon_0069886,90
anon_0069886,100
anon_0069886,90
anon_0069933,95
anon_0069832,50
anon_0069886,100
anon_0069832,85
anon_0069892,100
anon_0069892,85
anon_0069886,85
anon_0069862,85
anon_0069891,90
anon_0069883,85
anon_0069862,100
anon_0069886,0
anon_0069883,85
anon_0069886,90
anon_0069834,100
anon_0069886,95
anon_0069907,85
anon_0069881,95
anon_0069881,100
anon_0069852,100
anon_0069883,100
anon_0069862,100
anon_0069892,100
anon_0069881,100
anon_0069883,80
anon_0069834,100
anon_0069886,0
anon_0069891,85
anon_0069852,100
anon_0069886,100
anon_0069881,100
anon_0069892,90
anon_0069881,100
anon_0069862,85
anon_0069868,50
anon_0069891,40
anon_0069892,100
anon_0069881,0
anon_0069852,90
anon_0069883,80
anon_0069852,100
anon_0069852,100
anon_0069886,100
anon_0069881,100
anon_0069729,90
anon_0069862,90
anon_0069892,85
anon_0069891,90
anon_0069881,85
anon_0069868,100
anon_0069892,85
anon_0069881,85
anon_0069881,90
anon_0069868,100
anon_0069892,95
anon_0069881,50
anon_0069832,85
anon_0069892,85
anon_0069881,85
anon_0069892,85
anon_0069892,90
anon_0069892,85
anon_0069892,50
anon_0069881,50
anon_0069868,85
anon_0069881,90
anon_0069852,90
anon_0069883,90
anon_0070033,95
anon_0069928,90
anon_0069976,100
anon_0069936,95
anon_0069932,0
anon_0069936,95
anon_0069852,100
anon_0070012,100
anon_0069932,100
anon_0070012,50
anon_0070029,95
anon_0070029,100
anon_0069928,100
anon_0069976,100
anon_0069936,100
anon_0069961,100
anon_0069976,90
anon_0069961,100
anon_0069936,100
anon_0069932,100
anon_0069932,90
anon_0069886,0
anon_0069852,95
anon_0070033,100
anon_0069932,85
anon_0069976,90
anon_0069832,100
anon_0069932,100
anon_0069932,50
anon_0069976,90
anon_0069886,100
anon_0069976,0
anon_0069976,100
anon_0069936,95
anon_0070033,100
anon_0069891,90
anon_0069976,50
anon_0069907,85
anon_0069976,80
anon_0069932,100
anon_0069932,85
anon_0069961,85
anon_0069907,90
anon_0069976,80
anon_0069932,85
anon_0069932,90
anon_0070019,100
anon_0069932,85
anon_0069832,100
anon_0069852,100
anon_0069932,100
anon_0069961,70
anon_0069928,95
anon_0069932,100
anon_0069976,80
anon_0069832,95
anon_0069976,85
anon_0069961,85
anon_0069976,90
anon_0069936,95
anon_0069832,100
anon_0069928,95
anon_0069936,100
anon_0069932,100
anon_0069932,95
anon_0069976,100
anon_0069976,100
anon_0069976,100
anon_0069976,100
anon_0069976,85
anon_0069932,0
anon_0069936,90
anon_0070033,85
anon_0069852,100
anon_0069932,100
anon_0069832,95
anon_0069891,85
anon_0069976,100
anon_0069852,100
anon_0070012,100
anon_0069886,90
anon_0069932,95
anon_0069852,100
anon_0070019,85
anon_0069961,95
anon_0069976,100
anon_0069976,100
anon_0069852,100
anon_0069832,90
anon_0069891,85
anon_0069932,100
anon_0070012,100
anon_0069961,90
anon_0069932,90
anon_0069961,50
anon_0069928,85
anon_0069891,50
anon_0070019,NA
anon_0069928,90
anon_0069928,90
anon_0069933,100
anon_0069961,90
anon_0069891,85
anon_0069933,100
anon_0069932,0
anon_0069961,85
anon_0069933,100
anon_0069907,95
anon_0069907,85
anon_0069933,0
anon_0069932,85
anon_0069928,85
anon_0070012,100
anon_0069933,100
anon_0069932,95
anon_0070012,100
anon_0069976,100
anon_0069928,90
anon_0069936,100
anon_0069976,100
anon_0069932,90
anon_0069936,100
anon_0070012,95
anon_0070012,95
anon_0070012,95
anon_0070019,100
anon_0069932,50
anon_0070029,0
anon_0069976,85
anon_0070029,100
anon_0069961,50
anon_0069976,100
anon_0069976,100
anon_0069932,50
anon_0069928,85
anon_0069976,50
anon_0069907,85
anon_0069936,90
anon_0070012,100
anon_0070029,90
anon_0069961,85
anon_0069933,0
anon_0070019,0
anon_0069961,85
anon_0070012,100
anon_0069928,90
anon_0069976,85
anon_0070019,85
anon_0070019,95
anon_0069976,95
anon_0070012,90
anon_0069933,100
anon_0069832,100
anon_0069936,95
anon_0069936,90
anon_0070029,90
anon_0069936,90
anon_0070019,70
anon_0069933,85
anon_0069933,100
anon_0070019,85
anon_0069976,85
anon_0069933,85
anon_0069933,50
anon_0070012,0
anon_0070012,90
anon_0069976,85
anon_0069936,95
anon_0069832,100
anon_0069936,90
anon_0069933,90
anon_0069961,60
anon_0069933,95
anon_0069961,80
anon_0069936,85
anon_0069936,85
anon_0069961,90
anon_0069961,85
anon_0069961,95
anon_0070012,50
anon_0070029,50
anon_0069933,100
anon_0069832,90
anon_0069832,95
anon_0069936,90
anon_0069936,90
anon_0069933,100
anon_0069961,85
anon_0069832,85
anon_0069832,100
anon_0069976,85
anon_0069936,85
anon_0069933,100
anon_0069936,85
anon_0069936,85
anon_0069832,95
anon_0069936,90
anon_0069933,50
anon_0069933,90
anon_0069832,100
anon_0069832,60
anon_0070012,0
anon_0070012,0
anon_0070029,0
anon_0070012,0
anon_0070033,0
anon_0070033,100
anon_0070033,85
anon_0070033,85
anon_0070033,100
anon_0070029,85
anon_0070029,85
anon_0070029,90
anon_0069976,100
anon_0070029,95
anon_0070012,90
anon_0069976,100
anon_0069936,90
anon_0070019,85
anon_0070012,90
anon_0070019,50
anon_0070033,0
anon_0069976,100
anon_0070029,100
anon_0070012,70
anon_0070012,100
anon_0070029,100
anon_0070089,0
anon_0069936,85
anon_0070089,0
anon_0070074,100
anon_0070033,85
anon_0070012,100
anon_0069936,90
anon_0070012,90
anon_0069936,85
anon_0070115,90
anon_0070012,100
anon_0070012,90
anon_0070012,100
anon_0069976,100
anon_0070115,100
anon_0070106,90
anon_0070029,95
anon_0070089,100
anon_0070012,100
anon_0070019,90
anon_0069976,100
anon_0070074,85
anon_0070129,0
anon_0070089,85
anon_0070074,100
anon_0069936,90
anon_0070074,85
anon_0069976,85
anon_0070029,85
anon_0070083,100
anon_0069976,100
anon_0070029,85
anon_0070083,100
anon_0070074,95
anon_0070012,85
anon_0069936,85
anon_0069936,85
anon_0070033,90
anon_0070029,100
anon_0070074,0
anon_0070089,100
anon_0070019,85
anon_0070029,85
anon_0070029,85
anon_0070129,85
anon_0070029,100
anon_0069976,100
anon_0069936,90
anon_0070029,85
anon_0070033,100
anon_0070083,100
anon_0070029,100
anon_0070033,90
anon_0070083,100
anon_0069976,100
anon_0070012,90
anon_0070019,85
anon_0070029,90
anon_0070083,100
anon_0070033,90
anon_0069976,100
anon_0070029,100
anon_0070012,85
anon_0069936,95
anon_0070012,85
anon_0069936,70
anon_0069936,85
anon_0070083,100
anon_0069936,95
anon_0070033,85
anon_0070029,75
anon_0070115,90
anon_0070083,90
anon_0070106,85
anon_0070089,90
anon_0069936,90
anon_0070106,85
anon_0070083,100
anon_0070115,100
anon_0070083,95
anon_0070083,100
anon_0070012,100
anon_0070029,90
anon_0070029,85
anon_0070089,0
anon_0070029,100
anon_0070121,0
anon_0070012,50
anon_0070029,90
anon_0070083,100
anon_0070115,100
anon_0070083,0
anon_0070115,100
anon_0070121,100
anon_0070121,100
anon_0070115,100
anon_0070029,100
anon_0070074,100
anon_0070029,0
anon_0070083,85
anon_0070129,100
anon_0070115,100
anon_0070074,100
anon_0070029,100
anon_0070029,100
anon_0070089,0
anon_0069936,95
anon_0070089,100
anon_0070115,100
anon_0070129,100
anon_0070083,0
anon_0070115,0
anon_0070083,100
anon_0070012,90
anon_0070074,95
anon_0070012,85
anon_0070089,100
anon_0070115,100
anon_0070074,0
anon_0070012,85
anon_0070129,90
anon_0070115,100
anon_0070029,90
anon_0070029,85
anon_0070029,50
anon_0070115,50
anon_0070089,85
anon_0070129,0
anon_0070083,90
anon_0070029,85
anon_0070083,95
anon_0070089,0
anon_0070121,100
anon_0070029,95
anon_0070089,85
anon_0070089,85
anon_0070029,85
anon_0070083,100
anon_0070129,0
anon_0070129,85
anon_0070089,100
anon_0070129,85
anon_0070115,0
anon_0070083,0
anon_0070083,90
anon_0070029,85
anon_0070089,100
anon_0070083,100
anon_0070083,85
anon_0070089,90
anon_0070029,85
anon_0070083,85
anon_0070136,100
anon_0070149,95
anon_0070149,0
anon_0070149,100
anon_0070143,0
anon_0070115,100
anon_0070149,90
anon_0070130,85
anon_0070143,100
anon_0070143,100
anon_0070115,100
anon_0070136,95
anon_0070106,85
anon_0070143,0
anon_0070149,85
anon_0070129,90
anon_0070129,100
anon_0070130,100
anon_0070149,100
anon_0070149,90
anon_0070149,95
anon_0070149,0
anon_0070149,90
anon_0070130,85
anon_0070130,90
anon_0070106,100
anon_0070129,90
anon_0070115,75
anon_0070115,NA
anon_0070129,100
anon_0070129,90
anon_0070121,100
anon_0070121,90
anon_0070129,100
anon_0070121,100
anon_0070121,100
anon_0070115,85
anon_0070129,95
anon_0070129,90
anon_0070129,100
anon_0070106,50
anon_0070252,90
anon_0070129,100
anon_0070149,100
anon_0070121,95
anon_0070129,90
anon_0070106,100
anon_0070115,100
anon_0070121,100
anon_0070136,0
anon_0070149,100
anon_0070129,85
anon_0070115,100
anon_0070149,100
anon_0070130,0
anon_0070115,80
anon_0070121,85
anon_0070129,85
anon_0070129,90
anon_0070130,90
anon_0070185,100
anon_0070129,100
anon_0070115,95
anon_0070115,85
anon_0070185,100
anon_0070106,100
anon_0070121,80
anon_0070143,40
anon_0070106,85
anon_0070185,95
anon_0070149,85
anon_0070106,50
anon_0070136,75
anon_0070252,85
anon_0070129,95
anon_0070258,95
anon_0070129,NA
anon_0070106,NA
anon_0070130,85
anon_0070129,100
anon_0070121,90
anon_0070130,0
anon_0070149,100
anon_0070225,85
anon_0070252,95
anon_0070149,95
anon_0070129,95
anon_0070106,85
anon_0070129,85
anon_0070149,100
anon_0070185,0
anon_0070106,50
anon_0070185,95
anon_0070258,90
anon_0070129,85
anon_0070185,85
anon_0070256,100
anon_0070149,100
anon_0070115,85
anon_0070258,95
anon_0070256,100
anon_0070225,100
anon_0070225,0
anon_0070225,85
anon_0070149,100
anon_0070225,50
anon_0070149,95
anon_0070106,90
anon_0070225,100
anon_0070252,100
anon_0070185,100
anon_0070149,100
anon_0070225,90
anon_0070256,100
anon_0070225,100
anon_0070185,0
anon_0070252,100
anon_0070256,85
anon_0070136,100
anon_0070136,100
anon_0070185,0
anon_0070136,85
anon_0070136,95
anon_0070185,100
anon_0070136,90
anon_0070136,100
anon_0070149,75
anon_0070149,85
anon_0070136,100
anon_0070185,100
anon_0070252,90
anon_0070225,85
anon_0070225,85
anon_0070185,85
anon_0070185,100
anon_0070136,100
anon_0070149,100
anon_0070185,85
anon_0070149,85
anon_0070136,100
anon_0070149,85
anon_0070149,0
anon_0070149,100
anon_0070252,70
anon_0070143,100
anon_0070136,95
anon_0070149,90
anon_0070225,70
anon_0070149,85
anon_0070149,90
anon_0070136,100
anon_0070149,95
anon_0070136,100
anon_0070149,85
anon_0070185,0
anon_0070136,90
anon_0070136,95
anon_0070185,100
anon_0070136,50
anon_0070136,100
anon_0070256,85
anon_0070149,90
anon_0070136,100
anon_0070136,90
anon_0070143,85
anon_0070185,85
anon_0070136,50
anon_0070149,85
anon_0070143,85
anon_0070136,100
anon_0070136,90
anon_0070149,85
anon_0070136,90
anon_0070149,85
anon_0070143,90
anon_0070149,85
anon_0070149,85
anon_0070149,85
anon_0070149,95
anon_0070136,95
anon_0070143,50
anon_0070149,75
anon_0070136,50
anon_0070149,85
anon_0070136,90
anon_0070136,90
anon_0070149,90
anon_0070149,85
anon_0070136,75
anon_0070136,100
anon_0070136,90
anon_0070136,90
anon_0070252,100
anon_0070258,50
anon_0070259,100
anon_0070339,100
anon_0070259,90
anon_0070259,100
anon_0070258,100
anon_0070310,100
anon_0070310,100
anon_0070339,85
anon_0070259,100
anon_0070339,85
anon_0070310,90
anon_0070326,90
anon_0070339,95
anon_0070256,90
anon_0070258,75
anon_0070258,100
anon_0070258,100
anon_0070310,50
anon_0070326,85
anon_0070259,95
anon_0070339,90
anon_0070258,85
anon_0070258,100
anon_0070258,95
anon_0070258,85
anon_0070310,90
anon_0070259,100
anon_0070259,85
anon_0070258,0
anon_0070258,80
anon_0070337,100
anon_0070258,100
anon_0070259,75
anon_0070252,95
anon_0070259,70
anon_0070326,100
anon_0070258,100
anon_0070252,100
anon_0070326,100
anon_0070258,90
anon_0070310,95
anon_0070310,95
anon_0070310,100
anon_0070258,75
anon_0070337,100
anon_0070302,0
anon_0070258,90
anon_0070259,100
anon_0070326,100
anon_0070337,100
anon_0070302,0
anon_0070302,100
anon_0070259,90
anon_0070310,90
anon_0070337,100
anon_0070258,90
anon_0070259,90
anon_0070339,90
anon_0070259,100
anon_0070258,100
anon_0070259,85
anon_0070302,100
anon_0070339,0
anon_0070326,95
anon_0070339,100
anon_0070337,100
anon_0070326,90
anon_0070326,90
anon_0070256,100
anon_0070256,85
anon_0070259,100
anon_0070326,85
anon_0070310,NA
anon_0070310,90
anon_0070310,0
anon_0070302,100
anon_0070310,85
anon_0070326,100
anon_0070259,50
anon_0070252,95
anon_0070302,85
anon_0070259,90
anon_0070326,100
anon_0070339,100
anon_0070259,85
anon_0070259,100
anon_0070259,50
anon_0070310,85
anon_0070259,95
anon_0070256,100
anon_0070259,100
anon_0070326,100
anon_0070259,85
anon_0070339,85
anon_0070259,50
anon_0070302,50
anon_0070259,85
anon_0070302,85
anon_0070259,85
anon_0070302,90
anon_0070302,85
anon_0070256,0
anon_0070259,85
anon_0070256,100
anon_0070259,90
anon_0070259,90
anon_0070259,100
anon_0070326,85
anon_0070256,100
anon_0070259,85
anon_0070259,50
anon_0070256,100
anon_0070310,90
anon_0070310,100
anon_0070259,100
anon_0070256,0
anon_0070256,100
anon_0070302,50
anon_0070258,100
anon_0070256,100
anon_0070302,100
anon_0070256,100
anon_0070259,90
anon_0070259,100
anon_0070337,100
anon_0070326,0
anon_0070337,100
anon_0070326,90
anon_0070258,85
anon_0070256,100
anon_0070259,90
anon_0070259,85
anon_0070256,90
anon_0070339,100
anon_0070310,85
anon_0070259,85
anon_0070256,95
anon_0070337,50
anon_0070259,85
anon_0070302,100
anon_0070326,90
anon_0070339,100
anon_0070259,90
anon_0070302,80
anon_0070258,85
anon_0070337,0
anon_0070326,85
anon_0070258,85
anon_0070302,95
anon_0070258,100
anon_0070339,100
anon_0070356,85
anon_0070310,85
anon_0070302,85
anon_0070337,90
anon_0070337,95
anon_0070337,95
anon_0070259,85
anon_0070326,90
anon_0070339,90
anon_0070337,95
anon_0070326,85
anon_0070339,100
anon_0070339,85
anon_0070337,95
anon_0070337,100
anon_0070337,50
anon_0070337,0
anon_0070256,90
anon_0070356,85
anon_0070326,85
anon_0070302,90
anon_0070258,85
anon_0070258,90
anon_0070258,70
anon_0070258,85
anon_0070337,85
anon_0070337,85
anon_0070373,100
anon_0070373,100
anon_0070373,50
anon_0070356,90
anon_0070356,100
anon_0070337,85
anon_0070433,85
anon_0070354,95
anon_0070302,20
anon_0070302,30
anon_0070337,85
anon_0070433,85
anon_0070337,0
anon_0070373,100
anon_0070302,50
anon_0070373,100
anon_0070354,100
anon_0070354,90
anon_0070302,95
anon_0070302,100
anon_0070373,100
anon_0070410,100
anon_0070337,100
anon_0070373,0
anon_0070337,90
anon_0070302,90
anon_0070433,0
anon_0070410,100
anon_0070373,90
anon_0070354,100
anon_0070373,90
anon_0070373,95
anon_0070373,100
anon_0070354,85
anon_0070356,90
anon_0070433,90
anon_0070433,85
anon_0070373,85
anon_0070337,85
anon_0070337,0
anon_0070356,100
anon_0070337,50
anon_0070373,85
anon_0070413,85
anon_0070386,85
anon_0070356,75
anon_0070356,95
anon_0070383,95
anon_0070386,90
anon_0070422,100
anon_0070356,0
anon_0070413,90
anon_0070356,95
anon_0070356,90
anon_0070433,100
anon_0070354,85
anon_0070354,85
anon_0070373,90
anon_0070337,100
anon_0070413,100
anon_0070373,0
anon_0070373,50
anon_0070354,100
anon_0070408,95
anon_0070356,85
anon_0070373,100
anon_0070373,75
anon_0070373,85
anon_0070373,30
anon_0070433,0
anon_0070386,85
anon_0070386,90
anon_0070433,100
anon_0070433,100
anon_0070356,85
anon_0070354,90
anon_0070408,85
anon_0070433,100
anon_0070354,100
anon_0070386,90
anon_0070373,75
anon_0070356,85
anon_0070354,85
anon_0070373,85
anon_0070383,95
anon_0070354,100
anon_0070354,85
anon_0070386,95
anon_0070354,90
anon_0070356,85
anon_0070337,100
anon_0070337,0
anon_0070356,60
anon_0070386,85
anon_0070337,100
anon_0070337,90
anon_0070433,0
anon_0070337,100
anon_0070337,85
anon_0070354,100
anon_0070386,0
anon_0070354,85
anon_0070373,85
anon_0070356,85
anon_0070386,90
anon_0070433,90
anon_0070433,85
anon_0070383,100
anon_0070383,85
anon_0070433,50
anon_0070354,85
anon_0070422,85
anon_0070337,0
anon_0070383,100
anon_0070383,100
anon_0070422,85
anon_0070422,85
anon_0070373,95
anon_0070337,0
anon_0070354,100
anon_0070408,50
anon_0070354,85
anon_0070422,85
anon_0070354,90
anon_0070422,50
anon_0070386,90
anon_0070386,85
anon_0070408,100
anon_0070433,0
anon_0070373,85
anon_0070354,90
anon_0070373,0
anon_0070386,85
anon_0070433,85
anon_0070386,90
anon_0070410,85
anon_0070386,100
anon_0070383,0
anon_0070383,85
anon_0070413,100
anon_0070337,50
anon_0070386,NA
anon_0070383,100
anon_0070410,90
anon_0070408,95
anon_0070386,85
anon_0070373,85
anon_0070413,85
anon_0070386,0
anon_0070408,100
anon_0070383,90
anon_0070383,90
anon_0070413,100
anon_0070410,90
anon_0070413,100
anon_0070337,85
anon_0070413,100
anon_0070408,0
anon_0070433,85
anon_0070413,100
anon_0070410,20
anon_0070386,85
anon_0070386,85
anon_0070410,70
anon_0070386,85
anon_0070354,100
anon_0070433,85
anon_0070422,90
anon_0070383,95
anon_0070433,85
anon_0070422,90
anon_0070386,85
anon_0070337,100
anon_0070386,85
anon_0070410,90
anon_0070383,0
anon_0070422,90
anon_0070373,85
anon_0070408,90
anon_0070408,85
anon_0070383,85
anon_0070512,100
anon_0070482,100
anon_0070433,0
anon_0070422,100
anon_0070474,100
anon_0070548,90
anon_0070433,50
anon_0070474,100
anon_0070482,95
anon_0070433,90
anon_0070534,100
anon_0070474,100
anon_0070525,95
anon_0070482,100
anon_0070474,95
anon_0070433,100
anon_0070413,90
anon_0070543,85
anon_0070482,10
anon_0070482,80
anon_0070474,100
anon_0070482,100
anon_0070492,85
anon_0070433,100
anon_0070534,50
anon_0070410,100
anon_0070512,85
anon_0070512,90
anon_0070482,100
anon_0070474,90
anon_0070525,90
anon_0070482,100
anon_0070482,50
anon_0070482,100
anon_0070525,0
anon_0070482,100
anon_0070482,95
anon_0070492,85
anon_0070482,100
anon_0070482,90
anon_0070474,85
anon_0070410,100
anon_0070474,85
anon_0070492,80
anon_0070492,85
anon_0070482,100
anon_0070482,100
anon_0070474,100
anon_0070482,85
anon_0070482,85
anon_0070525,95
anon_0070482,90
anon_0070410,100
anon_0070474,0
anon_0070482,85
anon_0070482,95
anon_0070482,90
anon_0070540,95
anon_0070474,90
anon_0070482,90
anon_0070482,50
anon_0070525,95
anon_0070482,90
anon_0070482,90
anon_0070474,0
anon_0070482,85
anon_0070464,100
anon_0070474,90
anon_0070482,85
anon_0070474,90
anon_0070464,100
anon_0070383,100
anon_0070540,90
anon_0070482,85
anon_0070410,100
anon_0070413,70
anon_0070474,90
anon_0070482,50
anon_0070482,85
anon_0070540,85
anon_0070482,80
anon_0070464,70
anon_0070474,100
anon_0070474,95
anon_0070543,0
anon_0070482,100
anon_0070482,85
anon_0070413,100
anon_0070474,85
anon_0070482,85
anon_0070482,85
anon_0070518,100
anon_0070482,90
anon_0070482,90
anon_0070383,90
anon_0070482,100
anon_0070482,100
anon_0070518,100
anon_0070543,0
anon_0070482,100
anon_0070540,85
anon_0070482,85
anon_0070543,0
anon_0070518,90
anon_0070512,85
anon_0070543,85
anon_0070433,85
anon_0070492,90
anon_0070433,85
anon_0070482,85
anon_0070492,100
anon_0070464,90
anon_0070383,75
anon_0070518,100
anon_0070518,85
anon_0070383,85
anon_0070512,90
anon_0070492,100
anon_0070383,85
anon_0070464,85
anon_0070433,85
anon_0070464,100
anon_0070383,0
anon_0070433,85
anon_0070433,85
anon_0070383,95
anon_0070543,95
anon_0070512,90
anon_0070512,90
anon_0070482,85
anon_0070512,100
anon_0070464,100
anon_0070433,85
anon_0070383,100
anon_0070512,50
anon_0070433,100
anon_0070383,90
anon_0070433,100
anon_0070482,100
anon_0070433,90
anon_0070464,0
anon_0070433,85
anon_0070464,0
anon_0070464,0
anon_0070383,75
anon_0070383,75
anon_0070518,100
anon_0070543,100
anon_0070512,85
anon_0070433,100
anon_0070408,90
anon_0070383,100
anon_0070482,50
anon_0070464,100
anon_0070492,90
anon_0070482,90
anon_0070482,100
anon_0070464,90
anon_0070433,0
anon_0070512,100
anon_0070512,85
anon_0070512,85
anon_0070492,85
anon_0070482,90
anon_0070433,75
anon_0070518,90
anon_0070408,90
anon_0070512,85
anon_0070464,100
anon_0070408,60
anon_0070433,85
anon_0070408,85
anon_0070433,85
anon_0070464,100
anon_0070464,100
anon_0070518,100
anon_0070492,85
anon_0070408,85
anon_0070464,90
anon_0070482,85
anon_0070512,85
anon_0070408,90
anon_0070492,0
anon_0070518,100
anon_0070408,85
anon_0070464,85
anon_0070464,90
anon_0070433,85
anon_0070518,100
anon_0070408,85
anon_0070464,90
anon_0070408,85
anon_0070464,0
anon_0070408,85
anon_0070408,85
anon_0070408,85
anon_0070575,100
anon_0070595,100
anon_0070518,85
anon_0070548,100
anon_0070573,100
anon_0070543,0
anon_0070540,85
anon_0070543,100
anon_0070551,90
anon_0070548,100
anon_0070543,0
anon_0070543,0
anon_0070550,100
anon_0070518,100
anon_0070543,100
anon_0070518,100
anon_0070518,75
anon_0070525,0
anon_0070548,85
anon_0070573,85
anon_0070518,100
anon_0070492,85
anon_0070543,85
anon_0070575,95
anon_0070595,0
anon_0070595,80
anon_0070573,100
anon_0070518,85
anon_0070551,100
anon_0070548,85
anon_0070518,100
anon_0070573,100
anon_0070518,100
anon_0070573,90
anon_0070550,95
anon_0070492,0
anon_0070518,100
anon_0070540,90
anon_0070575,95
anon_0070543,50
anon_0070540,85
anon_0070540,85
anon_0070573,100
anon_0070534,85
anon_0070525,0
anon_0070534,100
anon_0070550,100
anon_0070573,95
anon_0070518,100
anon_0070550,85
anon_0070543,100
anon_0070573,100
anon_0070573,100
anon_0070550,85
anon_0070525,50
anon_0070525,50
anon_0070573,90
anon_0070518,100
anon_0070551,85
anon_0070548,95
anon_0070548,85
anon_0070543,95
anon_0070534,90
anon_0070525,50
anon_0070543,85
anon_0070551,85
anon_0070543,100
anon_0070575,90
anon_0070575,0
anon_0070551,90
anon_0070518,100
anon_0070540,50
anon_0070573,100
anon_0070543,85
anon_0070534,85
anon_0070543,90
anon_0070540,0
anon_0070525,85
anon_0070540,85
anon_0070575,85
anon_0070534,100
anon_0070518,90
anon_0070550,95
anon_0070550,100
anon_0070492,100
anon_0070540,90
anon_0070550,0
anon_0070534,90
anon_0070540,90
anon_0070573,100
anon_0070548,85
anon_0070492,100
anon_0070540,85
anon_0070573,20
anon_0070492,100
anon_0070551,85
anon_0070525,85
anon_0070575,70
anon_0070575,50
anon_0070551,100
anon_0070548,95
anon_0070492,90
anon_0070534,85
anon_0070525,95
anon_0070492,100
anon_0070534,90
anon_0070540,100
anon_0070518,100
anon_0070540,100
anon_0070575,95
anon_0070534,85
anon_0070525,0
anon_0070540,100
anon_0070540,0
anon_0070543,0
anon_0070543,50
anon_0070551,85
anon_0070540,100
anon_0070548,90
anon_0070540,90
anon_0070543,85
anon_0070525,75
anon_0070551,95
anon_0070540,100
anon_0070548,85
anon_0070540,85
anon_0070518,0
anon_0070540,85
anon_0070551,100
anon_0070551,100
anon_0070548,90
anon_0070518,100
anon_0070551,50
anon_0070550,90
anon_0070543,90
anon_0070543,85
anon_0070540,85
anon_0070540,90
anon_0070540,100
anon_0070540,90
anon_0070548,85
anon_0070518,100
anon_0070518,100
anon_0070548,85
anon_0070551,100
anon_0070551,50
anon_0070575,85
anon_0070540,85
anon_0070551,100
anon_0070551,100
anon_0070492,90
anon_0070525,70
anon_0070551,100
anon_0070551,80
anon_0070551,70
anon_0070551,100
anon_0070551,100
anon_0070575,90
anon_0070551,90
anon_0070551,100
anon_0070548,50
anon_0070575,90
anon_0070551,100
anon_0070551,100
anon_0070551,95
anon_0070543,75
anon_0070548,75
anon_0070551,50
anon_0070548,85
anon_0070551,100
anon_0070540,0
anon_0070575,50
anon_0070540,85
anon_0070551,100
anon_0070575,85
anon_0070551,100
anon_0070551,50
anon_0070551,100
anon_0070551,90
anon_0070551,0
anon_0070551,100
anon_0070548,100
anon_0070575,75
anon_0070551,100
anon_0070548,90
anon_0070551,85
anon_0070551,60
anon_0070575,85
anon_0070551,85
anon_0070575,90
anon_0070551,100
anon_0070551,0
anon_0070551,100
anon_0070551,50
anon_0070525,0
anon_0070551,90
anon_0070551,90
anon_0070687,100
anon_0070550,0
anon_0070687,0
anon_0070609,0
anon_0070723,90
anon_0070687,100
anon_0070723,100
anon_0070550,90
anon_0070626,0
anon_0070595,100
anon_0070550,100
anon_0070723,95
anon_0070723,100
anon_0070687,100
anon_0070626,0
anon_0070723,100
anon_0070626,100
anon_0070723,100
anon_0070741,95
anon_0070733,90
anon_0070723,100
anon_0070609,100
anon_0070626,100
anon_0070723,70
anon_0070550,90
anon_0070687,100
anon_0070687,0
anon_0070603,50
anon_0070550,100
anon_0070595,50
anon_0070573,50
anon_0070626,100
anon_0070595,100
anon_0070603,0
anon_0070737,95
anon_0070733,100
anon_0070603,85
anon_0070550,95
anon_0070737,100
anon_0070603,100
anon_0070609,95
anon_0070550,50
anon_0070687,100
anon_0070573,90
anon_0070745,100
anon_0070626,85
anon_0070595,85
anon_0070723,85
anon_0070723,100
anon_0070687,85
anon_0070741,90
anon_0070550,85
anon_0070723,100
anon_0070687,85
anon_0070733,0
anon_0070603,85
anon_0070626,100
anon_0070550,85
anon_0070626,0
anon_0070741,90
anon_0070550,85
anon_0070603,100
anon_0070550,90
anon_0070745,0
anon_0070723,85
anon_0070723,100
anon_0070626,100
anon_0070733,95
anon_0070737,90
anon_0070706,100
anon_0070595,0
anon_0070723,95
anon_0070687,50
anon_0070550,85
anon_0070626,85
anon_0070603,30
anon_0070723,100
anon_0070737,85
anon_0070595,100
anon_0070626,100
anon_0070573,85
anon_0070733,0
anon_0070687,85
anon_0070550,100
anon_0070723,100
anon_0070550,85
anon_0070687,85
anon_0070603,85
anon_0070595,85
anon_0070723,100
anon_0070603,90
anon_0070626,90
anon_0070706,100
anon_0070687,0
anon_0070626,100
anon_0070706,90
anon_0070626,100
anon_0070737,75
anon_0070706,90
anon_0070550,100
anon_0070603,0
anon_0070737,50
anon_0070706,95
anon_0070603,20
anon_0070737,50
anon_0070737,85
anon_0070737,85
anon_0070550,90
anon_0070550,0
anon_0070737,100
anon_0070603,100
anon_0070687,85
anon_0070626,95
anon_0070603,80
anon_0070550,0
anon_0070603,0
anon_0070737,30
anon_0070737,85
anon_0070687,0
anon_0070550,0
anon_0070603,85
anon_0070626,100
anon_0070609,100
anon_0070550,90
anon_0070626,85
anon_0070687,85
anon_0070737,90
anon_0070626,100
anon_0070626,95
anon_0070626,100
anon_0070687,100
anon_0070687,100
anon_0070626,95
anon_0070603,100
anon_0070626,100
anon_0070550,85
anon_0070609,100
anon_0070550,85
anon_0070550,0
anon_0070723,85
anon_0070687,100
anon_0070687,90
anon_0070575,70
anon_0070550,90
anon_0070609,85
anon_0070575,90
anon_0070609,95
anon_0070603,0
anon_0070603,50
anon_0070723,100
anon_0070603,90
anon_0070575,50
anon_0070575,90
anon_0070737,85
anon_0070723,100
anon_0070575,85
anon_0070550,100
anon_0070687,85
anon_0070550,100
anon_0070626,100
anon_0070550,85
anon_0070550,100
anon_0070626,85
anon_0070626,100
anon_0070575,0
anon_0070609,90
anon_0070626,90
anon_0070626,95
anon_0070550,100
anon_0070603,0
anon_0070603,0
anon_0070575,70
anon_0070550,85
anon_0070550,75
anon_0070550,85
anon_0070745,0
anon_0070723,50
anon_0070766,100
anon_0070766,90
anon_0070745,95
anon_0070723,50
anon_0070766,100
anon_0070733,50
anon_0070766,50
anon_0070796,0
anon_0070766,100
anon_0070766,50
anon_0070766,100
anon_0070745,100
anon_0070766,0
anon_0070766,100
anon_0070758,90
anon_0070796,95
anon_0070723,90
anon_0070796,85
anon_0070745,100
anon_0070758,85
anon_0070758,85
anon_0070796,80
anon_0070777,0
anon_0070758,0
anon_0070723,100
anon_0070777,100
anon_0070766,100
anon_0070777,100
anon_0070766,85
anon_0070796,85
anon_0070745,100
anon_0070745,90
anon_0070758,100
anon_0070745,50
anon_0070766,95
anon_0070745,0
anon_0070777,100
anon_0070830,95
anon_0070745,85
anon_0070733,75
anon_0070777,0
anon_0070758,90
anon_0070745,0
anon_0070766,90
anon_0070777,100
anon_0070777,100
anon_0070777,100
anon_0070766,100
anon_0070737,0
anon_0070777,100
anon_0070766,90
anon_0070777,100
anon_0070758,0
anon_0070723,80
anon_0070723,85
anon_0070777,85
anon_0070796,0
anon_0070758,85
anon_0070758,100
anon_0070777,100
anon_0070758,0
anon_0070737,100
anon_0070766,50
anon_0070777,90
anon_0070766,50
anon_0070830,95
anon_0070777,100
anon_0070758,85
anon_0070766,100
anon_0070766,90
anon_0070777,100
anon_0070766,50
anon_0070766,50
anon_0070737,50
anon_0070737,60
anon_0070777,85
anon_0070829,100
anon_0070758,50
anon_0070777,95
anon_0070811,90
anon_0070811,100
anon_0070813,85
anon_0070758,90
anon_0070796,90
anon_0070813,0
anon_0070777,85
anon_0070796,90
anon_0070777,90
anon_0070745,50
anon_0070758,70
anon_0070809,95
anon_0070723,85
anon_0070811,100
anon_0070829,100
anon_0070758,75
anon_0070777,90
anon_0070745,95
anon_0070777,100
anon_0070809,100
anon_0070777,95
anon_0070777,85
anon_0070809,100
anon_0070829,100
anon_0070809,90
anon_0070811,0
anon_0070811,90
anon_0070811,100
anon_0070777,100
anon_0070829,100
anon_0070811,100
anon_0070830,90
anon_0070809,80
anon_0070796,100
anon_0070811,100
anon_0070796,90
anon_0070809,85
anon_0070811,100
anon_0070796,100
anon_0070811,85
anon_0070811,100
anon_0070829,0
anon_0070811,85
anon_0070811,85
anon_0070828,90
anon_0070828,100
anon_0070811,100
anon_0070829,100
anon_0070828,100
anon_0070777,100
anon_0070811,90
anon_0070811,100
anon_0070777,85
anon_0070777,50
anon_0070829,85
anon_0070828,90
anon_0070829,85
anon_0070777,100
anon_0070829,100
anon_0070811,20
anon_0070777,85
anon_0070796,50
anon_0070758,100
anon_0070829,90
anon_0070796,50
anon_0070829,100
anon_0070796,85
anon_0070811,85
anon_0070829,100
anon_0070809,80
anon_0070758,100
anon_0070796,100
anon_0070758,75
anon_0070766,85
anon_0070796,0
anon_0070796,85
anon_0070809,75
anon_0070809,90
anon_0070809,95
anon_0070809,95
anon_0070811,85
anon_0070809,0
anon_0070796,95
anon_0070811,100
anon_0070811,95
anon_0070811,100
anon_0070796,95
anon_0070811,90
anon_0070758,100
anon_0070758,100
anon_0070758,50
anon_0070758,90
anon_0070758,50
anon_0070758,85
anon_0070811,90
anon_0070777,30
anon_0070811,0
anon_0070825,50
anon_0070813,100
anon_0070828,100
anon_0070828,0
anon_0070825,100
anon_0070838,90
anon_0070825,100
anon_0070813,100
anon_0070874,0
anon_0070813,95
anon_0070830,80
anon_0070876,100
anon_0070838,95
anon_0070825,100
anon_0070825,100
anon_0070796,0
anon_0070825,50
anon_0070834,100
anon_0070828,100
anon_0070876,50
anon_0070882,90
anon_0070838,100
anon_0070828,0
anon_0070838,95
anon_0070828,95
anon_0070876,90
anon_0070825,100
anon_0070825,100
anon_0070834,100
anon_0070830,100
anon_0070830,95
anon_0070830,100
anon_0070834,100
anon_0070813,100
anon_0070825,100
anon_0070874,85
anon_0070825,100
anon_0070813,85
anon_0070825,100
anon_0070828,85
anon_0070830,0
anon_0070830,100
anon_0070825,50
anon_0070825,70
anon_0070882,85
anon_0070834,100
anon_0070834,90
anon_0070813,100
anon_0070834,100
anon_0070874,100
anon_0070838,90
anon_0070876,85
anon_0070828,100
anon_0070834,100
anon_0070838,100
anon_0070825,85
anon_0070830,90
anon_0070834,50
anon_0070838,100
anon_0070834,100
anon_0070813,100
anon_0070825,0
anon_0070811,95
anon_0070876,85
anon_0070813,90
anon_0070876,0
anon_0070796,100
anon_0070825,90
anon_0070825,85
anon_0070813,100
anon_0070830,95
anon_0070828,0
anon_0070830,95
anon_0070828,85
anon_0070838,100
anon_0070838,0
anon_0070834,90
anon_0070838,100
anon_0070813,85
anon_0070838,90
anon_0070876,85
anon_0070830,80
anon_0070882,85
anon_0070813,90
anon_0070874,90
anon_0070874,85
anon_0070874,0
anon_0070811,95
anon_0070884,100
anon_0070809,100
anon_0070830,90
anon_0070882,100
anon_0070838,100
anon_0070829,95
anon_0070882,100
anon_0070838,50
anon_0070828,85
anon_0070811,50
anon_0070828,100
anon_0070829,0
anon_0070796,85
anon_0070834,80
anon_0070829,0
anon_0070838,40
anon_0070882,100
anon_0070884,100
anon_0070811,30
anon_0070884,100
anon_0070838,85
anon_0070811,90
anon_0070829,90
anon_0070809,90
anon_0070829,90
anon_0070838,50
anon_0070829,85
anon_0070829,100
anon_0070829,100
anon_0070876,100
anon_0070828,90
anon_0070825,100
anon_0070829,100
anon_0070825,85
anon_0070830,100
anon_0070838,100
anon_0070829,85
anon_0070828,100
anon_0070884,100
anon_0070882,85
anon_0070828,100
anon_0070834,100
anon_0070876,90
anon_0070796,75
anon_0070829,85
anon_0070828,100
anon_0070811,90
anon_0070829,100
anon_0070882,85
anon_0070830,0
anon_0070838,85
anon_0070830,85
anon_0070830,100
anon_0070828,100
anon_0070825,100
anon_0070838,100
anon_0070809,85
anon_0070828,0
anon_0070830,85
anon_0070830,90
anon_0070809,85
anon_0070834,90
anon_0070828,85
anon_0070828,100
anon_0070828,100
anon_0070830,0
anon_0070828,50
anon_0070876,50
anon_0070825,100
anon_0070838,95
anon_0070829,80
anon_0070828,100
anon_0070876,90
anon_0070838,90
anon_0070825,90
anon_0070830,90
anon_0070882,75
anon_0070830,70
anon_0070825,90
anon_0070828,90
anon_0070829,85
anon_0070829,85
anon_0070828,85
anon_0070921,100
anon_0070903,100
anon_0070903,0
anon_0070903,0
anon_0070921,100
anon_0070876,85
anon_0070876,100
anon_0070882,100
anon_0070903,100
anon_0070882,0
anon_0070882,100
anon_0070884,100
anon_0070903,85
anon_0070884,0
anon_0070876,100
anon_0070876,100
anon_0070903,100
anon_0070921,100
anon_0070903,0
anon_0070895,100
anon_0070895,100
anon_0070903,0
anon_0070876,100
anon_0070834,85
anon_0070921,100
anon_0070882,100
anon_0070882,90
anon_0070876,85
anon_0070876,100
anon_0070882,100
anon_0070876,100
anon_0070834,100
anon_0070882,85
anon_0070921,100
anon_0070903,95
anon_0070903,100
anon_0070882,95
anon_0070834,100
anon_0070876,90
anon_0070903,100
anon_0070882,0
anon_0070876,75
anon_0070834,0
anon_0070874,100
anon_0070882,85
anon_0070882,100
anon_0070874,0
anon_0070903,85
anon_0070941,100
anon_0070876,0
anon_0070903,85
anon_0070876,100
anon_0070882,85
anon_0070903,80
anon_0070903,100
anon_0070895,90
anon_0070834,20
anon_0070876,85
anon_0070828,90
anon_0070834,100
anon_0070828,0
anon_0070874,100
anon_0070834,85
anon_0070941,100
anon_0070903,85
anon_0070936,100
anon_0070882,0
anon_0070903,85
anon_0070834,95
anon_0070876,85
anon_0070936,100
anon_0070884,75
anon_0070903,0
anon_0070936,100
anon_0070834,100
anon_0070936,100
anon_0070903,85
anon_0070941,100
anon_0070903,85
anon_0070921,90
anon_0070903,95
anon_0070834,85
anon_0070834,100
anon_0070882,100
anon_0070876,100
anon_0070921,100
anon_0070834,80
anon_0070834,85
anon_0070895,95
anon_0070882,100
anon_0070882,100
anon_0070876,100
anon_0070874,100
anon_0070834,0
anon_0070884,100
anon_0070895,50
anon_0070895,95
anon_0070895,85
anon_0070874,90
anon_0070882,90
anon_0070895,90
anon_0070876,90
anon_0070936,90
anon_0070884,90
anon_0070936,90
anon_0070876,90
anon_0070834,85
anon_0070941,0
anon_0070884,95
anon_0070884,100
anon_0070876,85
anon_0070876,100
anon_0070895,85
anon_0070876,90
anon_0070876,90
anon_0070941,0
anon_0070834,100
anon_0070936,85
anon_0070834,95
anon_0070876,85
anon_0070884,80
anon_0070895,85
anon_0070834,75
anon_0070876,50
anon_0070884,100
anon_0070834,90
anon_0070876,90
anon_0070884,50
anon_0070876,90
anon_0070895,95
anon_0070884,100
anon_0070884,20
anon_0070876,85
anon_0070895,90
anon_0070884,100
anon_0070876,100
anon_0070936,85
anon_0070834,100
anon_0070936,95
anon_0070876,100
anon_0070884,100
anon_0070876,85
anon_0070876,85
anon_0070895,90
anon_0070996,100
anon_0070968,85
anon_0070996,100
anon_0070982,90
anon_0070982,90
anon_0070968,90
anon_0070982,85
anon_0070982,90
anon_0070992,95
anon_0070968,100
anon_0070968,85
anon_0070992,100
anon_0070968,100
anon_0070968,0
anon_0070996,90
anon_0070982,0
anon_0070968,100
anon_0070968,95
anon_0070968,85
anon_0070968,100
anon_0070982,95
anon_0070921,80
anon_0070968,100
anon_0070968,30
anon_0070968,85
anon_0070921,85
anon_0070982,90
anon_0070975,90
anon_0070968,100
anon_0070968,85
anon_0070968,100
anon_0070968,85
anon_0070996,100
anon_0070968,60
anon_0070936,90
anon_0070921,100
anon_0070974,100
anon_0070968,95
anon_0071014,95
anon_0070982,90
anon_0070975,100
anon_0070936,100
anon_0070936,90
anon_0070968,85
anon_0070968,85
anon_0071014,90
anon_0070996,100
anon_0070975,100
anon_0070884,100
anon_0070941,100
anon_0070936,100
anon_0070974,100
anon_0070941,100
anon_0070975,0
anon_0070968,100
anon_0070936,100
anon_0070982,90
anon_0070968,90
anon_0070974,0
anon_0070882,85
anon_0070941,100
anon_0070936,90
anon_0070996,100
anon_0070936,85
anon_0070884,100
anon_0070975,90
anon_0070936,0
anon_0070936,85
anon_0070936,90
anon_0070936,100
anon_0070936,85
anon_0070974,100
anon_0070941,85
anon_0070974,90
anon_0070936,85
anon_0070941,NA
anon_0070936,85
anon_0070941,100
anon_0070941,0
anon_0070996,100
anon_0070975,85
anon_0070968,50
anon_0070974,90
anon_0070941,85
anon_0070941,100
anon_0070968,100
anon_0070882,100
anon_0070974,100
anon_0070996,85
anon_0070941,100
anon_0070941,70
anon_0070974,100
anon_0070941,100
anon_0070941,95
anon_0070941,95
anon_0070936,85
anon_0070936,90
anon_0070996,80
anon_0070975,90
anon_0070941,85
anon_0070996,90
anon_0070936,95
anon_0070975,95
anon_0071022,100
anon_0070968,90
anon_0070974,100
anon_0070996,100
anon_0070936,85
anon_0070941,100
anon_0070936,100
anon_0070936,85
anon_0070936,85
anon_0070936,90
anon_0070936,85
anon_0070941,90
anon_0070941,85
anon_0070975,90
anon_0070882,85
anon_0070936,85
anon_0070968,85
anon_0070884,50
anon_0070936,90
anon_0071014,85
anon_0070936,85
anon_0070996,50
anon_0070996,0
anon_0071022,85
anon_0070975,85
anon_0070936,95
anon_0070882,80
anon_0070936,100
anon_0070996,90
anon_0070996,80
anon_0070884,90
anon_0070882,90
anon_0070975,50
anon_0070974,100
anon_0071022,90
anon_0070996,85
anon_0070996,85
anon_0070974,100
anon_0070921,0
anon_0070936,85
anon_0070936,100
anon_0070975,100
anon_0070975,100
anon_0070921,85
anon_0070975,95
anon_0070882,75
anon_0070996,50
anon_0070975,85
anon_0070968,85
anon_0070968,100
anon_0070968,85
anon_0070975,90
anon_0070936,85
anon_0070936,95
anon_0070936,0
anon_0070996,85
anon_0070996,85
anon_0070974,100
anon_0070968,85
anon_0071022,75
anon_0070974,90
anon_0070974,100
anon_0070975,85
anon_0070921,85
anon_0070921,95
anon_0070921,85
anon_0070975,100
anon_0070936,100
anon_0070974,100
anon_0070974,85
anon_0070975,100
anon_0070936,85
anon_0070968,100
anon_0070974,100
anon_0070936,85
anon_0070921,95
anon_0070936,85
anon_0070936,85
anon_0070936,85
anon_0071050,100
anon_0071050,100
anon_0071050,50
anon_0071022,95
anon_0071050,100
anon_0071050,95
anon_0071050,90
anon_0071022,100
anon_0071050,85
anon_0070996,50
anon_0071050,95
anon_0071050,90
anon_0071022,100
anon_0071050,85
anon_0071050,100
anon_0071022,50
anon_0071050,85
anon_0071022,100
anon_0070996,85
anon_0071022,100
anon_0070996,85
anon_0071050,NA
anon_0071022,100
anon_0071022,0
anon_0071022,90
anon_0071022,60
anon_0071022,70
anon_0071022,90
anon_0070996,85
anon_0070996,100
anon_0071022,100
anon_0070996,20
anon_0071022,85
anon_0071050,0
anon_0070996,85
anon_0071022,85
anon_0071022,75
anon_0071022,95
anon_0071022,100
anon_0070996,85
anon_0071022,100
anon_0070996,85
anon_0070996,85
anon_0070996,100
anon_0070996,85
anon_0071050,85
anon_0071050,100
anon_0071022,40
anon_0071022,50
anon_0070996,85
anon_0071022,50
anon_0071022,85
anon_0070996,60
anon_0070996,85
anon_0071022,100
anon_0071022,50
anon_0070996,40
anon_0070996,95
anon_0071022,85
anon_0070996,70
anon_0070996,85
anon_0070996,100
anon_0070996,100
anon_0070996,100
anon_0070996,100
anon_0070996,85
anon_0070996,90
anon_0070996,95
anon_0070996,90
