chat_session_id,veracity_score
anon_0045500,100
anon_0045435,0
anon_0045487,100
anon_0045435,100
anon_0045419,100
anon_0045528,100
anon_0045535,100
anon_0045462,100
anon_0045462,100
anon_0045528,90
anon_0045456,100
anon_0045435,90
anon_0045419,95
anon_0045462,95
anon_0045419,90
anon_0045462,100
anon_0045447,100
anon_0045462,50
anon_0045462,100
anon_0045456,100
anon_0045462,100
anon_0045456,80
anon_0045423,100
anon_0045435,0
anon_0045456,85
anon_0045419,95
anon_0045462,100
anon_0045423,100
anon_0045447,85
anon_0045535,100
anon_0045528,85
anon_0045456,100
anon_0045515,75
anon_0045423,100
anon_0045435,85
anon_0045435,90
anon_0045535,100
anon_0045456,100
anon_0045500,100
anon_0045419,46
anon_0045462,85
anon_0045423,90
anon_0045487,0
anon_0045423,100
anon_0045526,0
anon_0045435,90
anon_0045462,85
anon_0045500,100
anon_0045462,100
anon_0045462,100
anon_0045500,100
anon_0045535,85
anon_0045526,100
anon_0045462,90
anon_0045423,100
anon_0045423,70
anon_0045456,100
anon_0045462,100
anon_0045423,90
anon_0045490,0
anon_0045419,100
anon_0045535,100
anon_0045462,100
anon_0045456,85
anon_0045528,90
anon_0045435,95
anon_0045462,90
anon_0045500,85
anon_0045456,100
anon_0045500,100
anon_0045456,20
anon_0045535,50
anon_0045423,100
anon_0045462,100
anon_0045515,50
anon_0045419,100
anon_0045524,85
anon_0045535,0
anon_0045524,85
anon_0045419,90
anon_0045528,85
anon_0045535,100
anon_0045528,90
anon_0045526,100
anon_0045423,85
anon_0045456,90
anon_0045430,100
anon_0045535,90
anon_0045487,85
anon_0045462,100
anon_0045423,95
anon_0045419,100
anon_0045447,85
anon_0045456,50
anon_0045462,85
anon_0045524,85
anon_0045490,70
anon_0045526,90
anon_0045456,100
anon_0045524,95
anon_0045423,100
anon_0045430,50
anon_0045528,50
anon_0045500,95
anon_0045487,0
anon_0045430,100
anon_0045456,85
anon_0045423,80
anon_0045456,70
anon_0045524,85
anon_0045487,85
anon_0045430,100
anon_0045423,0
anon_0045423,0
anon_0045526,95
anon_0045535,0
anon_0045526,95
anon_0045462,100
anon_0045419,100
anon_0045423,95
anon_0045456,85
anon_0045528,50
anon_0045423,100
anon_0045430,100
anon_0045419,100
anon_0045419,100
anon_0045487,100
anon_0045456,100
anon_0045463,85
anon_0045419,100
anon_0045456,100
anon_0045430,100
anon_0045524,90
anon_0045456,95
anon_0045423,0
anon_0045456,100
anon_0045528,100
anon_0045423,100
anon_0045456,85
anon_0045487,90
anon_0045462,90
anon_0045515,90
anon_0045430,100
anon_0045419,100
anon_0045419,100
anon_0045463,90
anon_0045463,85
anon_0045423,100
anon_0045419,50
anon_0045423,95
anon_0045419,50
anon_0045423,90
anon_0045463,95
anon_0045524,85
anon_0045463,85
anon_0045528,100
anon_0045462,90
anon_0045528,90
anon_0045515,100
anon_0045419,0
anon_0045423,85
anon_0045515,100
anon_0045419,0
anon_0045463,90
anon_0045463,50
anon_0045423,85
anon_0045423,90
anon_0045423,85
anon_0045463,85
anon_0045456,80
anon_0045463,85
anon_0045419,95
anon_0045423,85
anon_0045423,100
anon_0045463,85
anon_0045423,100
anon_0045463,85
anon_0045423,100
anon_0045515,100
anon_0045524,85
anon_0045463,90
anon_0045463,85
anon_0045423,90
anon_0045463,85
anon_0045463,85
anon_0045463,85
anon_0045515,90
anon_0045456,100
anon_0045423,85
anon_0045463,95
anon_0045419,85
anon_0045515,90
anon_0045419,85
anon_0045528,90
anon_0045419,100
anon_0045487,95
anon_0045463,85
anon_0045419,85
anon_0045463,60
anon_0045463,85
anon_0045419,50
anon_0045569,100
anon_0045547,85
anon_0045515,100
anon_0045535,0
anon_0045423,100
anon_0045555,90
anon_0045487,100
anon_0045462,100
anon_0045535,95
anon_0045574,100
anon_0045574,100
anon_0045585,95
anon_0045562,100
anon_0045541,85
anon_0045462,100
anon_0045585,100
anon_0045535,100
anon_0045585,85
anon_0045535,100
anon_0045528,100
anon_0045535,100
anon_0045585,100
anon_0045462,100
anon_0045462,100
anon_0045554,100
anon_0045462,100
anon_0045423,85
anon_0045554,100
anon_0045524,100
anon_0045554,50
anon_0045574,100
anon_0045462,100
anon_0045585,100
anon_0045535,100
anon_0045487,50
anon_0045462,100
anon_0045569,100
anon_0045547,50
anon_0045547,85
anon_0045462,0
anon_0045554,90
anon_0045569,100
anon_0045462,100
anon_0045541,100
anon_0045574,85
anon_0045541,95
anon_0045554,70
anon_0045569,90
anon_0045526,0
anon_0045562,100
anon_0045535,100
anon_0045569,0
anon_0045547,85
anon_0045423,85
anon_0045487,100
anon_0045562,90
anon_0045554,95
anon_0045487,100
anon_0045555,90
anon_0045462,100
anon_0045541,95
anon_0045526,0
anon_0045535,90
anon_0045585,50
anon_0045515,90
anon_0045547,95
anon_0045487,100
anon_0045569,90
anon_0045574,100
anon_0045487,85
anon_0045574,90
anon_0045515,90
anon_0045526,90
anon_0045526,100
anon_0045594,85
anon_0045515,100
anon_0045462,100
anon_0045594,95
anon_0045562,80
anon_0045526,85
anon_0045562,100
anon_0045535,85
anon_0045554,0
anon_0045562,85
anon_0045528,80
anon_0045462,100
anon_0045594,100
anon_0045535,85
anon_0045524,85
anon_0045515,95
anon_0045526,85
anon_0045541,85
anon_0045547,100
anon_0045524,100
anon_0045569,85
anon_0045541,85
anon_0045585,95
anon_0045526,85
anon_0045423,100
anon_0045526,85
anon_0045524,95
anon_0045547,100
anon_0045526,85
anon_0045562,85
anon_0045423,85
anon_0045562,90
anon_0045423,95
anon_0045524,90
anon_0045524,90
anon_0045547,100
anon_0045547,100
anon_0045547,0
anon_0045547,100
anon_0045547,100
anon_0045423,100
anon_0045423,100
anon_0045423,85
anon_0045526,100
anon_0045535,95
anon_0045423,85
anon_0045526,85
anon_0045547,100
anon_0045574,85
anon_0045547,100
anon_0045524,90
anon_0045526,85
anon_0045547,95
anon_0045524,85
anon_0045554,95
anon_0045547,0
anon_0045423,0
anon_0045554,85
anon_0045535,95
anon_0045423,80
anon_0045554,90
anon_0045554,75
anon_0045423,0
anon_0045487,100
anon_0045547,90
anon_0045423,50
anon_0045535,100
anon_0045574,0
anon_0045588,0
anon_0045487,20
anon_0045423,95
anon_0045423,100
anon_0045554,85
anon_0045588,100
anon_0045535,100
anon_0045423,100
anon_0045574,90
anon_0045535,100
anon_0045524,75
anon_0045487,60
anon_0045535,90
anon_0045423,100
anon_0045535,85
anon_0045524,85
anon_0045574,95
anon_0045547,100
anon_0045535,90
anon_0045487,50
anon_0045423,80
anon_0045547,85
anon_0045535,0
anon_0045526,85
anon_0045588,90
anon_0045487,90
anon_0045423,30
anon_0045588,100
anon_0045487,90
anon_0045588,100
anon_0045574,85
anon_0045535,80
anon_0045487,100
anon_0045541,85
anon_0045541,85
anon_0045541,85
anon_0045535,85
anon_0045588,100
anon_0045588,100
anon_0045535,0
anon_0045541,0
anon_0045541,85
anon_0045574,90
anon_0045574,100
anon_0045541,85
anon_0045423,100
anon_0045602,100
anon_0045487,100
anon_0045602,95
anon_0045423,50
anon_0045535,100
anon_0045535,100
anon_0045574,70
anon_0045535,100
anon_0045541,100
anon_0045423,100
anon_0045541,95
anon_0045547,100
anon_0045535,85
anon_0045606,90
anon_0045487,85
anon_0045602,100
anon_0045524,50
anon_0045562,50
anon_0045423,85
anon_0045585,85
anon_0045585,85
anon_0045562,100
anon_0045423,50
anon_0045602,100
anon_0045602,90
anon_0045602,NA
anon_0045585,0
anon_0045602,50
anon_0045487,75
anon_0045569,90
anon_0045535,100
anon_0045585,90
anon_0045569,90
anon_0045588,100
anon_0045562,75
anon_0045535,90
anon_0045547,100
anon_0045423,50
anon_0045569,95
anon_0045602,85
anon_0045487,100
anon_0045602,90
anon_0045487,90
anon_0045547,100
anon_0045606,85
anon_0045602,90
anon_0045588,85
anon_0045602,90
anon_0045574,90
anon_0045524,85
anon_0045585,95
anon_0045569,70
anon_0045524,85
anon_0045524,90
anon_0045588,90
anon_0045487,85
anon_0045585,100
anon_0045562,100
anon_0045574,0
anon_0045574,90
anon_0045562,NA
anon_0045524,80
anon_0045594,95
anon_0045547,NA
anon_0045588,0
anon_0045585,80
anon_0045524,85
anon_0045574,85
anon_0045606,100
anon_0045606,85
anon_0045606,85
anon_0045588,50
anon_0045602,85
anon_0045535,0
anon_0045606,95
anon_0045524,85
anon_0045602,90
anon_0045547,90
anon_0045562,90
anon_0045585,100
anon_0045524,80
anon_0045574,100
anon_0045562,50
anon_0045562,90
anon_0045423,85
anon_0045574,90
anon_0045535,85
anon_0045562,85
anon_0045487,85
anon_0045574,70
anon_0045574,95
anon_0045562,100
anon_0045602,95
anon_0045594,90
anon_0045554,0
anon_0045569,100
anon_0045594,90
anon_0045625,95
anon_0045574,95
anon_0045588,100
anon_0045515,100
anon_0045574,85
anon_0045574,85
anon_0045515,95
anon_0045625,90
anon_0045594,0
anon_0045524,85
anon_0045606,90
anon_0045554,100
anon_0045574,100
anon_0045524,50
anon_0045625,90
anon_0045606,100
anon_0045606,90
anon_0045554,0
anon_0045606,85
anon_0045524,90
anon_0045625,50
anon_0045569,100
anon_0045515,75
anon_0045524,85
anon_0045524,75
anon_0045554,95
anon_0045554,90
anon_0045515,100
anon_0045574,95
anon_0045555,100
anon_0045574,100
anon_0045602,90
anon_0045574,100
anon_0045585,100
anon_0045585,90
anon_0045569,70
anon_0045607,100
anon_0045555,0
anon_0045607,100
anon_0045515,85
anon_0045625,85
anon_0045607,0
anon_0045601,90
anon_0045588,100
anon_0045569,90
anon_0045585,100
anon_0045574,100
anon_0045606,75
anon_0045574,100
anon_0045554,100
anon_0045607,100
anon_0045607,95
anon_0045463,90
anon_0045594,0
anon_0045463,85
anon_0045585,100
anon_0045602,100
anon_0045463,90
anon_0045625,85
anon_0045569,50
anon_0045585,85
anon_0045524,85
anon_0045555,90
anon_0045601,100
anon_0045602,90
anon_0045569,100
anon_0045625,75
anon_0045569,85
anon_0045569,85
anon_0045594,85
anon_0045463,60
anon_0045463,85
anon_0045625,85
anon_0045554,85
anon_0045625,90
anon_0045569,100
anon_0045463,85
anon_0045625,95
anon_0045607,50
anon_0045594,95
anon_0045601,100
anon_0045554,85
anon_0045588,85
anon_0045594,100
anon_0045601,90
anon_0045602,90
anon_0045524,85
anon_0045607,90
anon_0045569,100
anon_0045574,100
anon_0045594,100
anon_0045554,85
anon_0045463,90
anon_0045463,70
anon_0045569,100
anon_0045463,85
anon_0045463,85
anon_0045463,90
anon_0045463,85
anon_0045463,85
anon_0045555,85
anon_0045569,50
anon_0045463,100
anon_0045463,50
anon_0045463,85
anon_0045594,100
anon_0045602,100
anon_0045594,100
anon_0045601,100
anon_0045554,0
anon_0045625,100
anon_0045594,0
anon_0045569,85
anon_0045569,100
anon_0045601,100
anon_0045585,100
anon_0045594,85
anon_0045602,0
anon_0045601,100
anon_0045625,95
anon_0045628,90
anon_0045628,100
anon_0045606,90
anon_0045606,100
anon_0045625,85
anon_0045569,90
anon_0045632,100
anon_0045554,100
anon_0045632,0
anon_0045594,100
anon_0045628,85
anon_0045628,85
anon_0045554,100
anon_0045524,50
anon_0045607,100
anon_0045625,100
anon_0045606,60
anon_0045594,0
anon_0045602,90
anon_0045607,100
anon_0045524,85
anon_0045569,50
anon_0045653,90
anon_0045625,85
anon_0045618,0
anon_0045569,85
anon_0045602,50
anon_0045562,90
anon_0045588,85
anon_0045632,100
anon_0045625,85
anon_0045585,100
anon_0045569,80
anon_0045653,0
anon_0045588,50
anon_0045653,95
anon_0045628,0
anon_0045554,100
anon_0045618,100
anon_0045569,75
anon_0045628,85
anon_0045594,85
anon_0045569,100
anon_0045602,85
anon_0045562,85
anon_0045594,85
anon_0045606,100
anon_0045628,90
anon_0045588,50
anon_0045585,90
anon_0045588,100
anon_0045569,20
anon_0045628,95
anon_0045588,0
anon_0045625,85
anon_0045607,85
anon_0045524,85
anon_0045618,100
anon_0045625,0
anon_0045653,95
anon_0045606,100
anon_0045585,100
anon_0045625,85
anon_0045625,90
anon_0045562,100
anon_0045606,85
anon_0045588,100
anon_0045606,85
anon_0045628,85
anon_0045562,50
anon_0045628,95
anon_0045628,50
anon_0045625,50
anon_0045653,90
anon_0045625,85
anon_0045625,95
anon_0045588,75
anon_0045569,85
anon_0045607,95
anon_0045628,85
anon_0045602,85
anon_0045554,90
anon_0045607,100
anon_0045632,100
anon_0045606,85
anon_0045574,100
anon_0045588,0
anon_0045588,0
anon_0045588,100
anon_0045594,100
anon_0045524,85
anon_0045607,50
anon_0045554,100
anon_0045524,0
anon_0045632,100
anon_0045554,90
anon_0045618,85
anon_0045574,50
anon_0045628,100
anon_0045569,0
anon_0045618,100
anon_0045618,90
anon_0045607,100
anon_0045607,50
anon_0045574,100
anon_0045632,100
anon_0045574,85
anon_0045602,95
anon_0045574,95
anon_0045554,85
anon_0045618,80
anon_0045607,100
anon_0045554,95
anon_0045574,20
anon_0045632,100
anon_0045618,100
anon_0045463,85
anon_0045632,50
anon_0045524,95
anon_0045594,0
anon_0045594,50
anon_0045594,30
anon_0045632,90
anon_0045569,0
anon_0045618,100
anon_0045618,100
anon_0045632,0
anon_0045632,100
anon_0045574,85
anon_0045618,85
anon_0045524,85
anon_0045569,100
anon_0045618,100
anon_0045618,100
anon_0045524,95
anon_0045574,95
anon_0045618,100
anon_0045607,90
anon_0045524,85
anon_0045632,90
anon_0045618,100
anon_0045632,80
anon_0045574,85
anon_0045562,95
anon_0045562,85
anon_0045569,100
anon_0045632,85
anon_0045632,100
anon_0045643,90
anon_0045569,90
anon_0045618,50
anon_0045618,100
anon_0045463,90
anon_0045574,85
anon_0045632,0
anon_0045463,75
anon_0045524,50
anon_0045618,0
anon_0045574,100
anon_0045524,85
anon_0045524,95
anon_0045618,100
anon_0045618,100
anon_0045524,70
anon_0045594,50
anon_0045618,100
anon_0045524,85
anon_0045562,100
anon_0045562,100
anon_0045562,95
anon_0045574,100
anon_0045463,85
anon_0045574,75
anon_0045618,90
anon_0045618,95
anon_0045562,95
anon_0045574,100
anon_0045618,95
anon_0045643,85
anon_0045574,75
anon_0045643,85
anon_0045562,90
anon_0045574,85
anon_0045574,85
anon_0045574,90
anon_0045562,85
anon_0045463,85
anon_0045562,85
anon_0045667,100
anon_0045588,100
anon_0045632,100
anon_0045660,85
anon_0045667,100
anon_0045632,95
anon_0045643,100
anon_0045555,100
anon_0045673,90
anon_0045667,100
anon_0045684,100
anon_0045632,100
anon_0045625,85
anon_0045632,85
anon_0045667,50
anon_0045673,90
anon_0045632,100
anon_0045588,95
anon_0045606,0
anon_0045618,100
anon_0045555,0
anon_0045643,90
anon_0045554,85
anon_0045687,0
anon_0045660,85
anon_0045687,100
anon_0045660,85
anon_0045667,100
anon_0045618,100
anon_0045643,85
anon_0045588,85
anon_0045667,100
anon_0045554,90
anon_0045687,100
anon_0045667,100
anon_0045660,85
anon_0045667,100
anon_0045660,95
anon_0045625,85
anon_0045625,100
anon_0045588,85
anon_0045675,90
anon_0045667,100
anon_0045643,85
anon_0045554,100
anon_0045660,100
anon_0045555,85
anon_0045606,90
anon_0045588,100
anon_0045625,85
anon_0045632,100
anon_0045667,80
anon_0045555,85
anon_0045625,100
anon_0045660,50
anon_0045673,50
anon_0045673,90
anon_0045618,80
anon_0045643,50
anon_0045653,90
anon_0045673,100
anon_0045687,0
anon_0045554,50
anon_0045618,0
anon_0045618,50
anon_0045618,100
anon_0045673,0
anon_0045675,100
anon_0045653,95
anon_0045660,85
anon_0045554,85
anon_0045606,0
anon_0045653,95
anon_0045618,90
anon_0045643,100
anon_0045554,90
anon_0045588,90
anon_0045632,100
anon_0045643,60
anon_0045673,85
anon_0045674,85
anon_0045606,100
anon_0045606,90
anon_0045632,85
anon_0045653,95
anon_0045606,50
anon_0045687,85
anon_0045667,85
anon_0045653,0
anon_0045606,85
anon_0045643,85
anon_0045687,90
anon_0045660,85
anon_0045674,85
anon_0045632,95
anon_0045653,90
anon_0045625,70
anon_0045653,85
anon_0045673,50
anon_0045684,100
anon_0045632,95
anon_0045643,90
anon_0045675,90
anon_0045643,85
anon_0045643,100
anon_0045625,0
anon_0045625,100
anon_0045653,90
anon_0045653,90
anon_0045675,95
anon_0045632,85
anon_0045653,85
anon_0045675,100
anon_0045684,100
anon_0045625,95
anon_0045675,0
anon_0045562,0
anon_0045562,85
anon_0045687,85
anon_0045625,80
anon_0045628,85
anon_0045625,50
anon_0045594,100
anon_0045653,85
anon_0045594,0
anon_0045653,85
anon_0045594,85
anon_0045653,90
anon_0045653,0
anon_0045628,100
anon_0045606,60
anon_0045562,90
anon_0045601,90
anon_0045625,95
anon_0045653,85
anon_0045628,85
anon_0045562,85
anon_0045625,85
anon_0045594,100
anon_0045601,100
anon_0045625,85
anon_0045625,90
anon_0045625,100
anon_0045687,100
anon_0045601,100
anon_0045643,85
anon_0045601,100
anon_0045632,100
anon_0045628,85
anon_0045684,100
anon_0045625,85
anon_0045628,85
anon_0045625,30
anon_0045625,75
anon_0045653,85
anon_0045687,85
anon_0045625,85
anon_0045632,90
anon_0045653,90
anon_0045601,85
anon_0045628,85
anon_0045653,100
anon_0045632,100
anon_0045562,90
anon_0045632,90
anon_0045625,0
anon_0045628,95
anon_0045625,85
anon_0045632,90
anon_0045628,95
anon_0045632,100
anon_0045562,90
anon_0045628,95
anon_0045601,90
anon_0045653,90
anon_0045601,100
anon_0045632,0
anon_0045601,90
anon_0045632,50
anon_0045632,95
anon_0045625,90
anon_0045601,85
anon_0045625,85
anon_0045653,90
anon_0045628,85
anon_0045628,85
anon_0045687,85
anon_0045601,100
anon_0045628,75
anon_0045632,100
anon_0045594,60
anon_0045628,50
anon_0045632,85
anon_0045628,85
anon_0045601,100
anon_0045562,100
anon_0045628,85
anon_0045632,100
anon_0045632,90
anon_0045632,90
anon_0045687,95
anon_0045737,90
anon_0045653,85
anon_0045687,0
anon_0045653,85
anon_0045687,90
anon_0045736,0
anon_0045687,75
anon_0045684,85
anon_0045674,100
anon_0045710,90
anon_0045674,100
anon_0045555,80
anon_0045709,90
anon_0045710,100
anon_0045736,100
anon_0045687,90
anon_0045736,85
anon_0045687,100
anon_0045555,90
anon_0045687,100
anon_0045674,80
anon_0045555,100
anon_0045687,100
anon_0045554,90
anon_0045737,100
anon_0045710,100
anon_0045736,0
anon_0045555,100
anon_0045687,100
anon_0045687,50
anon_0045737,50
anon_0045736,100
anon_0045554,100
anon_0045702,100
anon_0045687,85
anon_0045736,85
anon_0045687,85
anon_0045687,90
anon_0045643,50
anon_0045660,50
anon_0045687,50
anon_0045653,90
anon_0045674,100
anon_0045736,85
anon_0045684,100
anon_0045709,85
anon_0045687,50
anon_0045667,100
anon_0045667,100
anon_0045687,100
anon_0045736,90
anon_0045687,85
anon_0045653,100
anon_0045632,100
anon_0045667,80
anon_0045736,85
anon_0045710,100
anon_0045709,90
anon_0045736,90
anon_0045632,90
anon_0045555,90
anon_0045674,85
anon_0045709,50
anon_0045632,90
anon_0045687,100
anon_0045684,50
anon_0045702,100
anon_0045667,100
anon_0045673,50
anon_0045653,85
anon_0045660,85
anon_0045674,0
anon_0045684,85
anon_0045632,85
anon_0045632,100
anon_0045667,50
anon_0045702,90
anon_0045660,75
anon_0045684,90
anon_0045632,100
anon_0045709,50
anon_0045687,0
anon_0045687,85
anon_0045660,100
anon_0045632,85
anon_0045673,100
anon_0045702,85
anon_0045687,100
anon_0045673,100
anon_0045554,85
anon_0045674,50
anon_0045674,85
anon_0045660,100
anon_0045554,85
anon_0045687,85
anon_0045643,90
anon_0045675,100
anon_0045643,100
anon_0045673,100
anon_0045673,100
anon_0045673,100
anon_0045673,95
anon_0045673,100
anon_0045660,100
anon_0045643,85
anon_0045687,90
anon_0045687,85
anon_0045673,90
anon_0045709,85
anon_0045660,85
anon_0045673,85
anon_0045675,90
anon_0045710,100
anon_0045675,100
anon_0045673,95
anon_0045653,50
anon_0045709,85
anon_0045562,100
anon_0045653,100
anon_0045673,85
anon_0045673,0
anon_0045674,70
anon_0045702,100
anon_0045673,100
anon_0045673,100
anon_0045562,50
anon_0045675,0
anon_0045653,100
anon_0045643,75
anon_0045562,90
anon_0045675,85
anon_0045562,85
anon_0045687,50
anon_0045687,100
anon_0045673,85
anon_0045710,95
anon_0045687,90
anon_0045660,85
anon_0045684,100
anon_0045601,100
anon_0045660,100
anon_0045660,50
anon_0045675,50
anon_0045653,100
anon_0045653,100
anon_0045702,85
anon_0045601,90
anon_0045555,100
anon_0045702,85
anon_0045710,100
anon_0045684,80
anon_0045673,85
anon_0045684,85
anon_0045562,100
anon_0045601,100
anon_0045710,95
anon_0045555,95
anon_0045687,95
anon_0045673,90
anon_0045687,85
anon_0045710,100
anon_0045710,100
anon_0045702,85
anon_0045684,90
anon_0045673,85
anon_0045710,100
anon_0045702,85
anon_0045684,100
anon_0045673,90
anon_0045673,85
anon_0045555,100
anon_0045702,85
anon_0045562,85
anon_0045673,85
anon_0045684,85
anon_0045710,100
anon_0045673,100
anon_0045675,100
anon_0045673,85
anon_0045673,90
anon_0045674,0
anon_0045710,50
anon_0045702,85
anon_0045675,85
anon_0045702,70
anon_0045673,90
anon_0045601,85
anon_0045660,85
anon_0045702,40
anon_0045660,50
anon_0045684,85
anon_0045684,100
anon_0045702,85
anon_0045673,0
anon_0045660,100
anon_0045660,85
anon_0045660,100
anon_0045660,100
anon_0045660,85
anon_0045702,85
anon_0045684,90
anon_0045684,85
anon_0045660,85
anon_0045684,100
anon_0045660,100
anon_0045684,100
anon_0045684,100
anon_0045660,100
anon_0045684,95
anon_0045660,100
anon_0045684,85
anon_0045653,100
anon_0045684,85
anon_0045684,100
anon_0045756,0
anon_0045773,90
anon_0045745,100
anon_0045684,100
anon_0045756,100
anon_0045710,100
anon_0045673,0
anon_0045779,95
anon_0045773,NA
anon_0045736,85
anon_0045709,100
anon_0045675,100
anon_0045737,50
anon_0045709,100
anon_0045709,100
anon_0045684,90
anon_0045710,100
anon_0045756,100
anon_0045702,85
anon_0045684,30
anon_0045675,0
anon_0045673,95
anon_0045702,85
anon_0045702,85
anon_0045710,85
anon_0045745,0
anon_0045736,85
anon_0045737,0
anon_0045766,75
anon_0045673,85
anon_0045756,90
anon_0045710,85
anon_0045737,100
anon_0045684,100
anon_0045779,100
anon_0045737,100
anon_0045684,100
anon_0045601,100
anon_0045773,90
anon_0045756,100
anon_0045756,90
anon_0045766,85
anon_0045779,0
anon_0045766,95
anon_0045673,100
anon_0045702,0
anon_0045765,60
anon_0045737,90
anon_0045736,85
anon_0045745,0
anon_0045675,90
anon_0045766,80
anon_0045601,85
anon_0045702,85
anon_0045673,85
anon_0045736,95
anon_0045709,90
anon_0045779,90
anon_0045756,100
anon_0045660,0
anon_0045766,85
anon_0045737,85
anon_0045766,85
anon_0045766,100
anon_0045745,75
anon_0045710,0
anon_0045765,100
anon_0045709,90
anon_0045756,85
anon_0045765,85
anon_0045601,100
anon_0045675,60
anon_0045673,40
anon_0045779,100
anon_0045736,100
anon_0045601,90
anon_0045779,85
anon_0045736,100
anon_0045766,85
anon_0045766,100
anon_0045737,90
anon_0045675,85
anon_0045702,85
anon_0045601,95
anon_0045756,0
anon_0045684,95
anon_0045773,0
anon_0045684,85
anon_0045779,50
anon_0045710,50
anon_0045756,0
anon_0045709,100
anon_0045675,85
anon_0045673,85
anon_0045710,100
anon_0045709,0
anon_0045736,85
anon_0045766,85
anon_0045601,85
anon_0045710,100
anon_0045766,85
anon_0045601,85
anon_0045702,85
anon_0045684,95
anon_0045710,100
anon_0045555,100
anon_0045673,85
anon_0045601,100
anon_0045555,100
anon_0045684,85
anon_0045710,95
anon_0045766,85
anon_0045684,90
anon_0045709,85
anon_0045745,85
anon_0045710,50
anon_0045756,90
anon_0045601,100
anon_0045745,85
anon_0045709,90
anon_0045756,90
anon_0045736,85
anon_0045684,95
anon_0045555,85
anon_0045765,85
anon_0045765,75
anon_0045684,90
anon_0045709,100
anon_0045684,100
anon_0045555,85
anon_0045709,100
anon_0045745,100
anon_0045745,60
anon_0045709,0
anon_0045765,90
anon_0045684,85
anon_0045555,95
anon_0045709,80
anon_0045555,95
anon_0045555,90
anon_0045710,90
anon_0045684,100
anon_0045684,100
anon_0045745,85
anon_0045684,90
anon_0045756,85
anon_0045684,85
anon_0045756,70
anon_0045684,90
anon_0045709,100
anon_0045555,90
anon_0045745,90
anon_0045765,100
anon_0045555,90
anon_0045684,90
anon_0045555,85
anon_0045765,85
anon_0045684,85
anon_0045745,50
anon_0045555,95
anon_0045555,100
anon_0045765,85
anon_0045684,100
anon_0045709,90
anon_0045765,90
anon_0045601,60
anon_0045765,85
anon_0045555,100
anon_0045765,85
anon_0045765,85
anon_0045745,50
anon_0045765,85
anon_0045802,100
anon_0045710,100
anon_0045802,100
anon_0045788,90
anon_0045788,100
anon_0045788,85
anon_0045797,100
anon_0045788,0
anon_0045779,100
anon_0045756,100
anon_0045810,50
anon_0045802,100
anon_0045773,100
anon_0045756,90
anon_0045710,100
anon_0045788,85
anon_0045779,100
anon_0045779,100
anon_0045783,85
anon_0045788,40
anon_0045788,90
anon_0045773,100
anon_0045601,90
anon_0045765,60
anon_0045773,80
anon_0045773,100
anon_0045710,100
anon_0045829,100
anon_0045756,0
anon_0045756,100
anon_0045745,85
anon_0045797,0
anon_0045802,85
anon_0045756,100
anon_0045802,100
anon_0045802,100
anon_0045756,85
anon_0045773,90
anon_0045773,100
anon_0045779,85
anon_0045788,95
anon_0045756,50
anon_0045756,100
anon_0045773,90
anon_0045810,85
anon_0045710,100
anon_0045829,90
anon_0045783,100
anon_0045783,85
anon_0045756,60
anon_0045773,85
anon_0045810,85
anon_0045756,85
anon_0045756,50
anon_0045773,100
anon_0045756,50
anon_0045788,85
anon_0045710,90
anon_0045745,100
anon_0045765,85
anon_0045783,85
anon_0045765,80
anon_0045810,60
anon_0045779,95
anon_0045710,50
anon_0045829,85
anon_0045773,75
anon_0045802,100
anon_0045773,95
anon_0045788,90
anon_0045788,90
anon_0045773,100
anon_0045783,50
anon_0045783,85
anon_0045810,85
anon_0045766,0
anon_0045829,95
anon_0045601,85
anon_0045773,85
anon_0045745,0
anon_0045783,85
anon_0045756,100
anon_0045765,100
anon_0045812,100
anon_0045601,85
anon_0045797,90
anon_0045756,100
anon_0045765,90
anon_0045765,95
anon_0045765,85
anon_0045783,85
anon_0045812,100
anon_0045779,90
anon_0045783,NA
anon_0045779,90
anon_0045783,70
anon_0045779,85
anon_0045766,90
anon_0045812,90
anon_0045766,85
anon_0045766,50
anon_0045788,100
anon_0045773,85
anon_0045779,0
anon_0045812,85
anon_0045812,100
anon_0045779,90
anon_0045702,0
anon_0045756,85
anon_0045779,85
anon_0045765,85
anon_0045812,90
anon_0045766,90
anon_0045765,95
anon_0045756,90
anon_0045756,50
anon_0045788,100
anon_0045812,95
anon_0045765,95
anon_0045783,100
anon_0045812,100
anon_0045797,90
anon_0045783,100
anon_0045765,90
anon_0045783,40
anon_0045788,100
anon_0045812,100
anon_0045702,100
anon_0045812,60
anon_0045812,100
anon_0045812,75
anon_0045745,0
anon_0045783,85
anon_0045797,95
anon_0045788,50
anon_0045783,90
anon_0045788,100
anon_0045756,50
anon_0045702,100
anon_0045765,85
anon_0045812,100
anon_0045765,100
anon_0045765,100
anon_0045812,100
anon_0045765,85
anon_0045765,85
anon_0045797,90
anon_0045783,95
anon_0045783,85
anon_0045783,90
anon_0045797,100
anon_0045765,85
anon_0045765,85
anon_0045812,100
anon_0045745,85
anon_0045812,100
anon_0045788,100
anon_0045812,100
anon_0045783,85
anon_0045779,95
anon_0045812,90
anon_0045783,75
anon_0045702,85
anon_0045745,90
anon_0045812,100
anon_0045797,85
anon_0045745,85
anon_0045788,50
anon_0045783,85
anon_0045812,95
anon_0045779,85
anon_0045783,85
anon_0045812,90
anon_0045783,85
anon_0045779,90
anon_0045756,90
anon_0045783,85
anon_0045779,0
anon_0045779,50
anon_0045779,85
anon_0045765,NA
anon_0045802,90
anon_0045756,85
anon_0045702,100
anon_0045884,95
anon_0045797,0
anon_0045866,85
anon_0045874,85
anon_0045702,100
anon_0045884,100
anon_0045810,50
anon_0045802,100
anon_0045702,100
anon_0045866,100
anon_0045875,95
anon_0045797,90
anon_0045874,100
anon_0045874,100
anon_0045810,90
anon_0045821,95
anon_0045884,100
anon_0045702,85
anon_0045884,100
anon_0045821,75
anon_0045874,100
anon_0045875,100
anon_0045812,100
anon_0045884,100
anon_0045802,85
anon_0045874,50
anon_0045702,50
anon_0045821,90
anon_0045812,90
anon_0045802,90
anon_0045702,100
anon_0045821,85
anon_0045812,90
anon_0045874,85
anon_0045875,95
anon_0045812,100
anon_0045702,90
anon_0045866,85
anon_0045802,100
anon_0045821,100
anon_0045884,85
anon_0045812,100
anon_0045702,95
anon_0045810,85
anon_0045875,85
anon_0045875,85
anon_0045702,50
anon_0045812,100
anon_0045866,0
anon_0045884,90
anon_0045884,90
anon_0045821,85
anon_0045812,0
anon_0045802,100
anon_0045875,85
anon_0045802,90
anon_0045884,90
anon_0045884,95
anon_0045874,85
anon_0045884,100
anon_0045812,100
anon_0045866,85
anon_0045812,40
anon_0045874,100
anon_0045802,95
anon_0045812,0
anon_0045812,85
anon_0045866,100
anon_0045702,30
anon_0045874,95
anon_0045821,85
anon_0045812,85
anon_0045821,100
anon_0045875,85
anon_0045821,100
anon_0045702,20
anon_0045812,70
anon_0045812,50
anon_0045874,85
anon_0045884,50
anon_0045812,85
anon_0045821,85
anon_0045812,50
anon_0045875,0
anon_0045866,90
anon_0045875,50
anon_0045812,100
anon_0045875,95
anon_0045875,85
anon_0045875,85
anon_0045812,50
anon_0045702,50
anon_0045721,0
anon_0045874,85
anon_0045821,50
anon_0045721,85
anon_0045821,85
anon_0045812,50
anon_0045721,0
anon_0045874,100
anon_0045881,100
anon_0045721,85
anon_0045702,85
anon_0045702,70
anon_0045881,90
anon_0045874,100
anon_0045881,100
anon_0045874,100
anon_0045721,85
anon_0045702,30
anon_0045874,85
anon_0045881,100
anon_0045881,95
anon_0045812,100
anon_0045797,100
anon_0045810,60
anon_0045721,0
anon_0045866,85
anon_0045721,85
anon_0045874,50
anon_0045874,100
anon_0045881,95
anon_0045881,100
anon_0045874,100
anon_0045881,50
anon_0045797,100
anon_0045881,85
anon_0045797,100
anon_0045721,0
anon_0045866,90
anon_0045874,100
anon_0045874,85
anon_0045881,85
anon_0045721,100
anon_0045797,90
anon_0045721,85
anon_0045721,95
anon_0045721,85
anon_0045797,0
anon_0045721,95
anon_0045797,85
anon_0045866,0
anon_0045874,100
anon_0045812,70
anon_0045797,90
anon_0045721,85
anon_0045812,75
anon_0045721,95
anon_0045812,50
anon_0045797,95
anon_0045810,90
anon_0045721,95
anon_0045721,95
anon_0045810,90
anon_0045866,50
anon_0045797,100
anon_0045881,100
anon_0045810,90
anon_0045812,50
anon_0045721,85
anon_0045721,95
anon_0045797,100
anon_0045812,85
anon_0045721,100
anon_0045810,85
anon_0045812,85
anon_0045721,90
anon_0045721,90
anon_0045812,70
anon_0045874,85
anon_0045721,85
anon_0045875,85
anon_0045721,85
anon_0045906,100
anon_0045933,0
anon_0045906,100
anon_0045926,100
anon_0045906,100
anon_0045874,100
anon_0045916,100
anon_0045906,100
anon_0045874,100
anon_0045926,85
anon_0045916,85
anon_0045926,100
anon_0045910,100
anon_0045892,90
anon_0045906,100
anon_0045926,100
anon_0045926,0
anon_0045916,50
anon_0045915,50
anon_0045906,100
anon_0045874,85
anon_0045910,90
anon_0045910,85
anon_0045892,100
anon_0045892,100
anon_0045916,85
anon_0045910,100
anon_0045906,100
anon_0045866,100
anon_0045906,100
anon_0045906,100
anon_0045892,100
anon_0045926,100
anon_0045906,100
anon_0045874,85
anon_0045866,100
anon_0045916,100
anon_0045926,85
anon_0045892,95
anon_0045874,90
anon_0045906,100
anon_0045915,0
anon_0045874,100
anon_0045906,100
anon_0045910,85
anon_0045906,95
anon_0045926,90
anon_0045721,85
anon_0045874,100
anon_0045874,100
anon_0045910,100
anon_0045910,90
anon_0045874,100
anon_0045892,85
anon_0045906,95
anon_0045906,90
anon_0045906,100
anon_0045892,50
anon_0045881,85
anon_0045906,90
anon_0045881,85
anon_0045906,100
anon_0045892,100
anon_0045906,100
anon_0045910,85
anon_0045941,85
anon_0045866,100
anon_0045721,100
anon_0045866,100
anon_0045926,85
anon_0045909,100
anon_0045906,90
anon_0045916,85
anon_0045874,95
anon_0045909,85
anon_0045916,0
anon_0045916,100
anon_0045906,50
anon_0045892,0
anon_0045926,50
anon_0045941,50
anon_0045721,95
anon_0045906,85
anon_0045916,95
anon_0045909,85
anon_0045906,85
anon_0045721,100
anon_0045892,85
anon_0045881,85
anon_0045916,0
anon_0045916,100
anon_0045866,100
anon_0045906,100
anon_0045915,50
anon_0045874,50
anon_0045910,85
anon_0045866,0
anon_0045906,70
anon_0045906,90
anon_0045906,85
anon_0045910,0
anon_0045916,90
anon_0045892,95
anon_0045906,75
anon_0045884,90
anon_0045916,95
anon_0045875,0
anon_0045884,100
anon_0045884,100
anon_0045909,90
anon_0045892,85
anon_0045866,95
anon_0045884,90
anon_0045884,95
anon_0045906,100
anon_0045892,85
anon_0045884,85
anon_0045866,50
anon_0045866,90
anon_0045916,75
anon_0045884,100
anon_0045875,0
anon_0045866,20
anon_0045916,0
anon_0045916,95
anon_0045875,90
anon_0045875,100
anon_0045881,100
anon_0045884,100
anon_0045875,70
anon_0045881,100
anon_0045884,100
anon_0045875,85
anon_0045875,0
anon_0045906,100
anon_0045866,95
anon_0045866,85
anon_0045906,100
anon_0045906,80
anon_0045866,60
anon_0045721,85
anon_0045721,0
anon_0045881,100
anon_0045906,90
anon_0045892,85
anon_0045875,90
anon_0045866,50
anon_0045916,95
anon_0045892,85
anon_0045892,90
anon_0045884,85
anon_0045881,90
anon_0045721,85
anon_0045875,90
anon_0045892,90
anon_0045875,85
anon_0045875,90
anon_0045881,85
anon_0045892,85
anon_0045721,95
anon_0045721,85
anon_0045875,85
anon_0045916,90
anon_0045934,0
anon_0045916,100
anon_0045934,0
anon_0045916,85
anon_0045892,90
anon_0045721,70
anon_0045916,85
anon_0045943,100
anon_0045934,0
anon_0045933,85
anon_0045916,85
anon_0045933,85
anon_0045915,85
anon_0045916,85
anon_0045950,90
anon_0045934,85
anon_0045721,100
anon_0045916,50
anon_0045941,100
anon_0045916,80
anon_0045950,50
anon_0045915,100
anon_0045943,95
anon_0045910,95
anon_0045943,85
anon_0045933,100
anon_0045916,85
anon_0045892,0
anon_0045909,85
anon_0045943,95
anon_0045941,100
anon_0045910,90
anon_0045910,70
anon_0045943,100
anon_0045943,95
anon_0045941,0
anon_0045934,95
anon_0045941,100
anon_0045943,90
anon_0045910,85
anon_0045915,100
anon_0045721,60
anon_0045909,0
anon_0045950,100
anon_0045909,85
anon_0045934,90
anon_0045721,85
anon_0045910,85
anon_0045950,85
anon_0045910,85
anon_0045934,85
anon_0045941,100
anon_0045943,100
anon_0045950,85
anon_0045941,100
anon_0045943,100
anon_0045910,85
anon_0045916,85
anon_0045943,85
anon_0045941,92
anon_0045910,30
anon_0045941,90
anon_0045941,100
anon_0045943,100
anon_0045916,90
anon_0045916,85
anon_0045881,60
anon_0045721,85
anon_0045909,85
anon_0045933,90
anon_0045909,50
anon_0045943,85
anon_0045910,85
anon_0045943,85
anon_0045909,20
anon_0045892,80
anon_0045915,100
anon_0045941,100
anon_0045881,30
anon_0045909,85
anon_0045916,85
anon_0045943,85
anon_0045909,85
anon_0045915,100
anon_0045721,85
anon_0045910,90
anon_0045909,95
anon_0045934,85
anon_0045881,50
anon_0045910,75
anon_0045934,85
anon_0045881,100
anon_0045943,85
anon_0045915,100
anon_0045950,100
anon_0045943,85
anon_0045910,85
anon_0045721,50
anon_0045950,100
anon_0045941,85
anon_0045909,85
anon_0045941,0
anon_0045909,85
anon_0045933,100
anon_0045941,0
anon_0045910,75
anon_0045943,90
anon_0045941,95
anon_0045881,85
anon_0045943,95
anon_0045941,85
anon_0045950,75
anon_0045881,100
anon_0045950,85
anon_0045910,85
anon_0045950,95
anon_0045915,90
anon_0045910,70
anon_0045950,75
anon_0045915,85
anon_0045950,100
anon_0045950,85
anon_0045909,50
anon_0045881,90
anon_0045943,90
anon_0045950,70
anon_0045950,85
anon_0045933,85
anon_0045950,80
anon_0045933,100
anon_0045950,100
anon_0045933,90
anon_0045950,90
anon_0045950,85
anon_0045915,85
anon_0045950,85
anon_0045910,85
anon_0045941,85
anon_0045950,85
anon_0045950,85
anon_0045915,50
anon_0046006,95
anon_0045933,100
anon_0045933,0
anon_0045985,100
anon_0046009,100
anon_0045992,90
anon_0045915,100
anon_0046006,100
anon_0045950,90
anon_0045981,85
anon_0045934,100
anon_0045985,100
anon_0045981,95
anon_0046006,0
anon_0045994,100
anon_0045981,95
anon_0045992,100
anon_0045992,100
anon_0046009,90
anon_0046006,100
anon_0045934,100
anon_0045985,100
anon_0045985,100
anon_0045981,85
anon_0045992,100
anon_0045981,90
anon_0045934,85
anon_0045950,85
anon_0045934,85
anon_0045994,100
anon_0045981,0
anon_0045992,100
anon_0046006,0
anon_0045915,90
anon_0045915,90
anon_0045992,90
anon_0046006,85
anon_0045992,90
anon_0045981,95
anon_0045981,85
anon_0045950,85
anon_0045981,95
anon_0046009,85
anon_0046006,90
anon_0045985,95
anon_0045915,100
anon_0046009,95
anon_0045941,0
anon_0046006,0
anon_0045943,95
anon_0045915,100
anon_0045975,90
anon_0045943,100
anon_0045943,90
anon_0045943,80
anon_0046009,95
anon_0046009,90
anon_0045943,50
anon_0045975,70
anon_0045915,95
anon_0045933,95
anon_0046009,90
anon_0045943,0
anon_0045933,100
anon_0045915,100
anon_0046009,0
anon_0045985,85
anon_0045975,100
anon_0046009,0
anon_0045975,100
anon_0045941,90
anon_0045975,100
anon_0046006,85
anon_0045950,85
anon_0045975,100
anon_0046009,100
anon_0046009,90
anon_0046006,85
anon_0046009,100
anon_0045943,80
anon_0045934,75
anon_0045975,85
anon_0045915,100
anon_0045941,90
anon_0045915,100
anon_0045975,100
anon_0045915,100
anon_0045910,85
anon_0045934,95
anon_0045933,95
anon_0046006,85
anon_0045934,95
anon_0045915,80
anon_0045915,100
anon_0045943,90
anon_0046009,85
anon_0046032,85
anon_0045981,0
anon_0045975,85
anon_0045933,85
anon_0045915,100
anon_0046006,85
anon_0045975,90
anon_0045933,85
anon_0045933,100
anon_0045950,85
anon_0045992,85
anon_0046032,95
anon_0046009,100
anon_0045915,90
anon_0045934,85
anon_0045981,0
anon_0045975,75
anon_0046009,90
anon_0045910,85
anon_0045975,85
anon_0045915,70
anon_0046032,85
anon_0045992,90
anon_0046032,95
anon_0045943,85
anon_0045975,75
anon_0045910,60
anon_0045950,90
anon_0045950,90
anon_0045950,85
anon_0045910,85
anon_0045975,95
anon_0045950,100
anon_0045981,85
anon_0045975,85
anon_0045975,100
anon_0045910,85
anon_0045950,85
anon_0045985,85
anon_0045985,0
anon_0046032,85
anon_0045975,50
anon_0045985,20
anon_0045910,85
anon_0045910,85
anon_0045950,85
anon_0045933,85
anon_0045950,100
anon_0045950,85
anon_0045950,85
anon_0045985,90
anon_0045950,40
anon_0045992,90
anon_0045915,0
anon_0045910,75
anon_0045950,85
anon_0045985,85
anon_0045950,85
anon_0045950,90
anon_0046006,85
anon_0045985,85
anon_0045950,85
anon_0045985,85
anon_0045985,90
anon_0045985,90
anon_0046105,100
anon_0046119,100
anon_0046086,100
anon_0046086,100
anon_0045934,100
anon_0045934,85
anon_0046119,100
anon_0046119,100
anon_0046060,0
anon_0045909,75
anon_0046086,85
anon_0046086,100
anon_0046086,100
anon_0046119,100
anon_0046110,0
anon_0046060,90
anon_0046086,100
anon_0045941,100
anon_0046119,100
anon_0045934,100
anon_0046053,85
anon_0045981,100
anon_0046009,100
anon_0045909,75
anon_0045941,95
anon_0046044,95
anon_0046006,0
anon_0045975,90
anon_0045975,0
anon_0045950,50
anon_0046060,100
anon_0045992,100
anon_0046086,85
anon_0046105,85
anon_0046053,100
anon_0045975,100
anon_0046105,90
anon_0046006,85
anon_0046122,0
anon_0045981,85
anon_0046104,85
anon_0046060,100
anon_0046009,85
anon_0045981,85
anon_0046053,80
anon_0046086,95
anon_0045941,20
anon_0045950,85
anon_0045981,100
anon_0046060,90
anon_0045975,50
anon_0046110,0
anon_0045981,100
anon_0045975,90
anon_0045981,100
anon_0046009,85
anon_0045981,90
anon_0045981,100
anon_0045975,75
anon_0046053,85
anon_0046065,0
anon_0045934,100
anon_0046065,95
anon_0045941,85
anon_0046009,85
anon_0046104,85
anon_0046032,100
anon_0046044,85
anon_0045981,90
anon_0046105,100
anon_0046065,90
anon_0046044,90
anon_0046065,95
anon_0045981,100
anon_0046032,90
anon_0046105,100
anon_0046086,95
anon_0045981,85
anon_0046122,85
anon_0045909,100
anon_0045985,95
anon_0045981,85
anon_0046053,100
anon_0045950,85
anon_0046044,90
anon_0045950,95
anon_0046060,85
anon_0046032,90
anon_0045981,90
anon_0046032,90
anon_0045941,85
anon_0045981,90
anon_0046086,90
anon_0045941,95
anon_0045975,90
anon_0045985,100
anon_0046032,85
anon_0046065,90
anon_0045981,100
anon_0046065,90
anon_0045950,90
anon_0046116,100
anon_0046105,100
anon_0046044,90
anon_0045981,100
anon_0046105,0
anon_0046032,90
anon_0045985,50
anon_0046116,100
anon_0045981,100
anon_0046116,100
anon_0045985,90
anon_0046105,100
anon_0046065,100
anon_0046044,85
anon_0046060,85
anon_0045985,75
anon_0045981,85
anon_0046116,100
anon_0045985,95
anon_0046044,85
anon_0046006,90
anon_0046104,85
anon_0046044,95
anon_0045985,85
anon_0046044,90
anon_0046116,100
anon_0046116,90
anon_0045985,50
anon_0045985,85
anon_0046044,85
anon_0045985,80
anon_0046044,40
anon_0046044,85
anon_0046105,100
anon_0046044,90
anon_0046105,90
anon_0046060,90
anon_0046105,85
anon_0045892,20
anon_0046044,75
anon_0045985,70
anon_0045892,60
anon_0046044,85
anon_0046006,85
anon_0046044,85
anon_0045892,85
anon_0046006,85
anon_0046044,70
anon_0046006,85
anon_0046044,85
anon_0046060,85
anon_0046044,85
anon_0045981,90
anon_0046147,100
anon_0046116,100
anon_0046130,100
anon_0046130,90
anon_0046119,100
anon_0046153,100
anon_0046116,85
anon_0046065,100
anon_0046104,90
anon_0046116,100
anon_0045934,100
anon_0046119,100
anon_0046105,100
anon_0046129,90
anon_0045934,100
anon_0046105,100
anon_0046116,100
anon_0046105,100
anon_0046110,85
anon_0046060,95
anon_0046138,85
anon_0046053,0
anon_0046060,85
anon_0046060,85
anon_0046138,50
anon_0046065,85
anon_0046119,85
anon_0046053,85
anon_0046123,90
anon_0046065,100
anon_0046116,100
anon_0046116,100
anon_0046138,85
anon_0046105,100
anon_0046140,0
anon_0046154,90
anon_0046116,90
anon_0046147,100
anon_0046153,100
anon_0046116,100
anon_0046154,90
anon_0046129,85
anon_0046147,80
anon_0046138,85
anon_0046122,0
anon_0046123,0
anon_0046116,100
anon_0046123,100
anon_0046147,100
anon_0046147,0
anon_0046158,85
anon_0046116,85
anon_0046130,100
anon_0046065,100
anon_0046060,85
anon_0046065,85
anon_0046129,100
anon_0046116,85
anon_0046158,50
anon_0046116,70
anon_0046065,0
anon_0046123,85
anon_0046116,0
anon_0046104,100
anon_0046060,85
anon_0046116,85
anon_0046128,85
anon_0046065,0
anon_0046123,100
anon_0046116,20
anon_0046129,95
anon_0046119,100
anon_0045934,0
anon_0046138,85
anon_0046104,0
anon_0046104,85
anon_0046032,85
anon_0045934,100
anon_0046053,0
anon_0046122,0
anon_0046158,50
anon_0046060,90
anon_0046123,100
anon_0046104,90
anon_0046129,90
anon_0046129,100
anon_0046060,95
anon_0046060,85
anon_0046130,100
anon_0046147,90
anon_0046116,85
anon_0046138,85
anon_0046128,85
anon_0046065,0
anon_0046129,95
anon_0046129,100
anon_0046104,100
anon_0046129,0
anon_0046130,95
anon_0046129,85
anon_0046129,50
anon_0046032,85
anon_0046032,90
anon_0046138,85
anon_0045985,95
anon_0046119,100
anon_0046032,100
anon_0046053,85
anon_0046119,100
anon_0046130,100
anon_0046044,85
anon_0046129,100
anon_0046153,100
anon_0046116,85
anon_0046129,95
anon_0046119,100
anon_0046044,95
anon_0046153,100
anon_0046128,85
anon_0046060,0
anon_0046044,60
anon_0046119,100
anon_0046119,100
anon_0046130,85
anon_0046153,100
anon_0046130,95
anon_0046044,90
anon_0046105,85
anon_0046116,85
anon_0046032,50
anon_0046129,100
anon_0046044,70
anon_0046123,85
anon_0046153,100
anon_0046105,85
anon_0046129,95
anon_0046105,90
anon_0045985,100
anon_0045985,90
anon_0046122,50
anon_0046122,100
anon_0046044,60
anon_0046105,90
anon_0045985,95
anon_0046129,50
anon_0046158,NA
anon_0045985,90
anon_0045985,75
anon_0046105,85
anon_0046122,100
anon_0046153,100
anon_0046153,100
anon_0046044,90
anon_0046119,100
anon_0046128,85
anon_0046122,85
anon_0046044,90
anon_0046044,85
anon_0046153,100
anon_0046044,85
anon_0046122,100
anon_0046122,85
anon_0046122,95
anon_0046105,90
anon_0045985,85
anon_0045985,85
anon_0046044,50
anon_0046147,0
anon_0046130,0
anon_0046153,100
anon_0046130,85
anon_0046138,80
anon_0046153,100
anon_0046060,90
anon_0046105,95
anon_0046138,100
anon_0046140,0
anon_0046158,50
anon_0046159,90
anon_0046130,85
anon_0046159,85
anon_0046159,85
anon_0046129,100
anon_0046110,100
anon_0046153,100
anon_0046158,85
anon_0046153,85
anon_0046167,100
anon_0046130,100
anon_0046104,100
anon_0045909,85
anon_0046128,90
anon_0046167,90
anon_0046138,90
anon_0046032,0
anon_0046129,100
anon_0046138,80
anon_0046167,100
anon_0046167,85
anon_0046158,85
anon_0046159,60
anon_0046138,100
anon_0046147,100
anon_0046138,100
anon_0046128,100
anon_0045909,70
anon_0046167,100
anon_0046065,85
anon_0046119,100
anon_0046065,90
anon_0046116,85
anon_0046105,90
anon_0046119,100
anon_0046158,20
anon_0046158,0
anon_0046147,90
anon_0046065,75
anon_0046129,100
anon_0046129,100
anon_0046138,90
anon_0046116,100
anon_0046123,85
anon_0046159,50
anon_0046153,100
anon_0046032,85
anon_0046148,100
anon_0046138,100
anon_0046119,90
anon_0046138,90
anon_0046119,70
anon_0046123,100
anon_0046154,100
anon_0046167,95
anon_0046138,95
anon_0046032,90
anon_0046119,100
anon_0046128,90
anon_0046128,85
anon_0046158,90
anon_0046153,95
anon_0046104,85
anon_0046147,90
anon_0046119,100
anon_0046104,85
anon_0046153,85
anon_0046123,90
anon_0046119,85
anon_0046158,85
anon_0046104,90
anon_0046129,85
anon_0046129,100
anon_0046044,50
anon_0046122,95
anon_0046138,100
anon_0046147,85
anon_0046154,100
anon_0046167,100
anon_0046153,90
anon_0046123,100
anon_0046154,80
anon_0046148,100
anon_0046123,100
anon_0046122,100
anon_0046154,80
anon_0046153,50
anon_0046154,0
anon_0046123,90
anon_0046148,30
anon_0046159,85
anon_0046032,75
anon_0046154,95
anon_0046116,100
anon_0046167,85
anon_0046119,100
anon_0046153,100
anon_0046119,95
anon_0046148,NA
anon_0046128,0
anon_0046123,85
anon_0046119,85
anon_0046158,75
anon_0046153,90
anon_0046154,70
anon_0046128,20
anon_0046122,100
anon_0046154,95
anon_0046153,100
anon_0046123,90
anon_0046158,90
anon_0046147,100
anon_0046153,100
anon_0046158,85
anon_0046153,85
anon_0046122,100
anon_0046153,80
anon_0046044,70
anon_0046138,95
anon_0046128,85
anon_0046147,100
anon_0046154,0
anon_0046044,60
anon_0046128,90
anon_0046147,100
anon_0046128,95
anon_0046153,95
anon_0046167,100
anon_0046167,100
anon_0046044,85
anon_0046154,70
anon_0046148,NA
anon_0046147,90
anon_0046154,90
anon_0046154,90
anon_0045934,50
anon_0046044,95
anon_0046128,95
anon_0046128,20
anon_0046128,100
anon_0046154,20
anon_0046044,70
anon_0046128,90
anon_0046154,85
anon_0046158,85
anon_0046154,85
anon_0046167,95
anon_0046167,100
anon_0046167,95
anon_0046147,0
anon_0046154,85
anon_0046167,100
anon_0046128,50
anon_0046154,80
anon_0045934,85
anon_0046138,100
anon_0045934,85
anon_0045934,85
anon_0045934,85
anon_0045934,30
anon_0046138,85
anon_0046123,100
anon_0046140,100
anon_0046167,100
anon_0046154,85
anon_0046129,100
anon_0046167,100
anon_0046129,100
anon_0046119,100
anon_0046202,85
anon_0046186,0
anon_0046140,90
anon_0046175,85
anon_0046153,85
anon_0046202,0
anon_0046119,85
anon_0046123,95
anon_0046140,100
anon_0046175,85
anon_0046110,85
anon_0046140,85
anon_0046148,100
anon_0046104,90
anon_0046175,80
anon_0046202,90
anon_0046104,85
anon_0046189,0
anon_0046175,85
anon_0046167,100
anon_0046148,85
anon_0046060,90
anon_0046119,0
anon_0046140,90
anon_0046154,90
anon_0046148,90
anon_0046154,100
anon_0046153,100
anon_0046129,100
anon_0046189,50
anon_0046119,90
anon_0046148,85
anon_0046154,95
anon_0046186,100
anon_0046110,85
anon_0046119,20
anon_0046153,90
anon_0046153,90
anon_0046110,100
anon_0046153,100
anon_0046154,85
anon_0046186,100
anon_0046148,90
anon_0046140,50
anon_0046129,100
anon_0046186,90
anon_0046104,100
anon_0046154,90
anon_0046110,50
anon_0046060,100
anon_0046129,100
anon_0046119,85
anon_0046167,100
anon_0046186,100
anon_0046148,85
anon_0046154,100
anon_0046189,90
anon_0046060,100
anon_0046110,90
anon_0046104,85
anon_0046153,95
anon_0046104,85
anon_0046123,100
anon_0046119,100
anon_0046175,85
anon_0046154,85
anon_0046154,100
anon_0046154,100
anon_0046154,85
anon_0046154,85
anon_0046128,95
anon_0046153,85
anon_0046104,85
anon_0046129,100
anon_0046104,60
anon_0046123,50
anon_0046186,100
anon_0046104,85
anon_0046153,70
anon_0046154,85
anon_0046140,85
anon_0046128,85
anon_0046154,85
anon_0046154,85
anon_0046060,90
anon_0046175,85
anon_0046060,100
anon_0046159,85
anon_0046167,100
anon_0046129,70
anon_0046159,95
anon_0046159,0
anon_0046128,85
anon_0046154,85
anon_0046129,0
anon_0046129,85
anon_0046138,85
anon_0046159,90
anon_0046186,0
anon_0046128,50
anon_0046186,100
anon_0046129,85
anon_0046167,90
anon_0046032,100
anon_0046129,90
anon_0046044,85
anon_0046167,50
anon_0046167,85
anon_0046167,40
anon_0046032,100
anon_0046138,85
anon_0046129,90
anon_0046104,85
anon_0046044,95
anon_0046138,85
anon_0046167,100
anon_0046128,85
anon_0046138,95
anon_0046044,85
anon_0046186,0
anon_0046138,100
anon_0046104,100
anon_0046159,90
anon_0046186,100
anon_0046044,85
anon_0046159,0
anon_0046186,50
anon_0046186,0
anon_0046186,100
anon_0046167,80
anon_0046186,0
anon_0046032,100
anon_0046129,85
anon_0046032,100
anon_0046167,0
anon_0046138,70
anon_0046154,95
anon_0046167,0
anon_0046154,100
anon_0046202,100
anon_0046202,90
anon_0046202,100
anon_0046186,85
anon_0046186,100
anon_0046110,0
anon_0046167,100
anon_0046167,100
anon_0046186,85
anon_0046032,100
anon_0046032,100
anon_0046167,85
anon_0046186,50
anon_0046154,85
anon_0046032,20
anon_0046159,85
anon_0046032,100
anon_0046138,85
anon_0046032,90
anon_0046110,100
anon_0046202,90
anon_0046032,90
anon_0046154,85
anon_0046154,90
anon_0046154,90
anon_0046167,90
anon_0046167,85
anon_0046032,100
anon_0046186,100
anon_0046032,95
anon_0046202,100
anon_0046167,100
anon_0046167,0
anon_0046159,85
anon_0046186,70
anon_0046129,95
anon_0046154,100
anon_0046186,50
anon_0046154,100
anon_0046154,90
anon_0046154,100
anon_0046154,85
anon_0046154,100
anon_0046044,90
anon_0046129,70
anon_0046110,100
anon_0046129,80
anon_0046167,100
anon_0046110,100
anon_0046032,100
anon_0046044,100
anon_0046167,90
anon_0046167,95
anon_0046129,85
anon_0046129,85
anon_0046044,85
anon_0046110,80
anon_0046129,100
anon_0046138,85
anon_0046189,100
anon_0046119,100
anon_0046198,100
anon_0046198,100
anon_0046189,95
anon_0046202,100
anon_0046198,100
anon_0046187,100
anon_0046203,95
anon_0045909,85
anon_0046198,85
anon_0046202,100
anon_0046198,0
anon_0046202,100
anon_0046198,85
anon_0046189,100
anon_0046198,0
anon_0046198,100
anon_0046198,100
anon_0046159,50
anon_0046119,100
anon_0046202,100
anon_0046237,90
anon_0046237,85
anon_0046187,100
anon_0046159,70
anon_0046189,100
anon_0046237,95
anon_0046187,50
anon_0046119,100
anon_0046189,100
anon_0046175,90
anon_0046104,0
anon_0046203,100
anon_0046187,0
anon_0046198,85
anon_0046187,100
anon_0046187,100
anon_0046119,85
anon_0046202,85
anon_0046202,0
anon_0046128,0
anon_0046203,100
anon_0046159,85
anon_0046128,100
anon_0046203,95
anon_0046203,100
anon_0046119,85
anon_0046198,0
anon_0045909,85
anon_0046119,100
anon_0046187,100
anon_0046187,100
anon_0046187,95
anon_0046104,85
anon_0046128,100
anon_0046203,100
anon_0046189,0
anon_0046104,85
anon_0046203,90
anon_0046104,70
anon_0046104,85
anon_0046119,85
anon_0046203,90
anon_0046128,100
anon_0046119,90
anon_0046187,85
anon_0046189,85
anon_0046128,70
anon_0046189,50
anon_0046202,85
anon_0046159,85
anon_0046175,85
anon_0046189,50
anon_0045909,85
anon_0046187,85
anon_0046104,85
anon_0046187,70
anon_0046203,100
anon_0046119,100
anon_0046189,90
anon_0046104,85
anon_0046128,95
anon_0046198,85
anon_0046189,100
anon_0046128,85
anon_0046128,100
anon_0046202,90
anon_0046189,90
anon_0046203,100
anon_0046104,90
anon_0046119,85
anon_0046202,50
anon_0046198,90
anon_0046187,85
anon_0046128,100
anon_0046237,85
anon_0046187,95
anon_0046159,85
anon_0046239,100
anon_0046239,95
anon_0046104,85
anon_0046187,50
anon_0046128,90
anon_0046187,90
anon_0046187,90
anon_0046187,0
anon_0046198,80
anon_0046128,100
anon_0046239,90
anon_0046203,100
anon_0046187,100
anon_0046159,90
anon_0046239,100
anon_0046203,100
anon_0046187,100
anon_0046187,100
anon_0046239,NA
anon_0046198,85
anon_0046128,85
anon_0046167,90
anon_0046159,50
anon_0046203,0
anon_0046167,90
anon_0046187,95
anon_0046154,40
anon_0046128,100
anon_0046203,90
anon_0046187,85
anon_0046187,85
anon_0046123,100
anon_0046148,100
anon_0046203,100
anon_0046154,85
anon_0046128,85
anon_0046154,100
anon_0046123,0
anon_0046128,85
anon_0046167,95
anon_0046128,95
anon_0046123,85
anon_0046203,90
anon_0046203,85
anon_0046167,50
anon_0046198,100
anon_0046123,90
anon_0046128,100
anon_0046128,95
anon_0046123,100
anon_0046148,90
anon_0046148,85
anon_0046123,90
anon_0046203,0
anon_0046154,85
anon_0046154,85
anon_0046123,100
anon_0046167,95
anon_0046128,85
anon_0046128,50
anon_0046123,85
anon_0046159,70
anon_0046154,85
anon_0046203,0
anon_0046123,100
anon_0046128,85
anon_0046123,75
anon_0046148,90
anon_0046123,85
anon_0046203,85
anon_0046123,60
anon_0046148,85
anon_0046266,90
anon_0046239,100
anon_0046239,95
anon_0046239,100
anon_0046237,95
anon_0046265,85
anon_0046239,100
anon_0046266,85
anon_0046189,100
anon_0046104,80
anon_0046262,100
anon_0046256,100
anon_0046239,95
anon_0046104,0
anon_0046237,100
anon_0046262,100
anon_0046267,100
anon_0046256,100
anon_0046239,85
anon_0046221,85
anon_0046187,85
anon_0046239,90
anon_0046104,95
anon_0046266,100
anon_0046262,100
anon_0046221,100
anon_0046203,85
anon_0046267,85
anon_0046265,85
anon_0046267,100
anon_0046187,30
anon_0046256,90
anon_0046267,95
anon_0046273,100
anon_0046256,100
anon_0046266,90
anon_0046104,85
anon_0046221,100
anon_0046237,50
anon_0046187,0
anon_0046267,90
anon_0046267,100
anon_0046273,100
anon_0046256,90
anon_0046189,50
anon_0046189,95
anon_0046203,50
anon_0046237,90
anon_0046237,100
anon_0046189,85
anon_0046267,95
anon_0046104,100
anon_0046256,90
anon_0046262,100
anon_0046312,100
anon_0046256,100
anon_0046203,85
anon_0046273,100
anon_0046203,100
anon_0046307,0
anon_0046266,90
anon_0046189,100
anon_0046189,100
anon_0046104,85
anon_0046237,100
anon_0046237,85
anon_0046187,85
anon_0046239,60
anon_0046273,90
anon_0046203,85
anon_0046251,85
anon_0046237,95
anon_0046203,90
anon_0046239,100
anon_0046307,85
anon_0046189,100
anon_0046189,100
anon_0046311,100
anon_0046187,85
anon_0046265,0
anon_0046237,85
anon_0046187,75
anon_0046189,90
anon_0046187,60
anon_0046187,60
anon_0046312,100
anon_0046282,100
anon_0046203,85
anon_0046256,NA
anon_0046189,0
anon_0046203,85
anon_0046189,NA
anon_0046289,90
anon_0046203,85
anon_0046251,95
anon_0045994,100
anon_0046284,90
anon_0046104,100
anon_0046282,75
anon_0046203,85
anon_0046104,85
anon_0046284,90
anon_0045994,100
anon_0046104,100
anon_0046203,50
anon_0046276,85
anon_0045994,100
anon_0046267,100
anon_0046104,100
anon_0045994,100
anon_0046267,100
anon_0046284,90
anon_0046282,90
anon_0046262,100
anon_0046267,0
anon_0046256,100
anon_0046312,90
anon_0046237,85
anon_0046203,100
anon_0046289,90
anon_0046251,80
anon_0046262,100
anon_0046276,90
anon_0046267,100
anon_0046104,85
anon_0046203,90
anon_0046256,100
anon_0046262,90
anon_0045994,100
anon_0046104,85
anon_0046267,100
anon_0046311,100
anon_0045994,85
anon_0046282,90
anon_0046262,0
anon_0046262,100
anon_0045994,85
anon_0046237,85
anon_0046251,85
anon_0046262,100
anon_0046262,100
anon_0046267,0
anon_0046203,85
anon_0046262,85
anon_0046262,85
anon_0046203,85
anon_0046237,95
anon_0046273,85
anon_0046276,85
anon_0046267,90
anon_0046311,90
anon_0046251,85
anon_0046203,95
anon_0046237,20
anon_0046311,85
anon_0046262,85
anon_0046237,85
anon_0046273,90
anon_0046262,100
anon_0046267,85
anon_0046262,95
anon_0046203,90
anon_0046262,85
anon_0046262,85
anon_0046262,100
anon_0046262,95
anon_0046203,50
anon_0046273,85
anon_0046262,85
anon_0046273,75
anon_0046237,85
anon_0046273,85
anon_0046267,100
anon_0046273,90
anon_0046203,90
anon_0046311,0
anon_0046237,40
anon_0046203,85
anon_0046237,85
anon_0046267,100
anon_0046262,100
anon_0046266,0
anon_0046284,100
anon_0046312,100
anon_0046262,90
anon_0046300,95
anon_0046282,100
anon_0046284,100
anon_0046307,0
anon_0046312,85
anon_0046221,95
anon_0046221,0
anon_0046273,85
anon_0046316,0
anon_0046316,85
anon_0046251,85
anon_0046267,50
anon_0046350,0
anon_0046237,0
anon_0046330,0
anon_0046318,0
anon_0046237,85
anon_0046262,100
anon_0046312,85
anon_0046262,100
anon_0046312,90
anon_0046300,90
anon_0046267,0
anon_0046300,90
anon_0046265,0
anon_0046331,0
anon_0046318,0
anon_0046237,85
anon_0046300,90
anon_0046307,0
anon_0046300,100
anon_0046330,50
anon_0046312,90
anon_0046273,85
anon_0046318,90
anon_0046284,0
anon_0046262,85
anon_0046273,0
anon_0046318,85
anon_0046266,0
anon_0046350,85
anon_0046300,100
anon_0046267,0
anon_0046350,0
anon_0046262,90
anon_0046300,85
anon_0046282,100
anon_0046307,0
anon_0046262,85
anon_0046265,85
anon_0046251,100
anon_0046331,100
anon_0046312,95
anon_0046318,80
anon_0046312,100
anon_0046350,85
anon_0046318,85
anon_0046267,0
anon_0046331,0
anon_0046266,85
anon_0046312,90
anon_0046300,70
anon_0046350,75
anon_0046284,90
anon_0046267,0
anon_0046284,85
anon_0046267,85
anon_0046331,90
anon_0046262,90
anon_0046350,75
anon_0046282,85
anon_0046265,85
anon_0046237,85
anon_0046350,85
anon_0046312,90
anon_0046267,85
anon_0046350,30
anon_0046312,95
anon_0046262,75
anon_0046265,50
anon_0046350,85
anon_0046350,85
anon_0046266,0
anon_0046316,85
anon_0046262,85
anon_0046350,90
anon_0046330,90
anon_0046350,85
anon_0046350,85
anon_0046350,100
anon_0046307,30
anon_0046316,85
anon_0046267,100
anon_0046350,85
anon_0046267,90
anon_0046316,0
anon_0046267,85
anon_0046353,95
anon_0046353,70
anon_0046282,90
anon_0046350,85
anon_0046266,85
anon_0046353,0
anon_0046282,0
anon_0046350,100
anon_0046273,100
anon_0046284,0
anon_0046311,90
anon_0046311,0
anon_0046284,90
anon_0046350,100
anon_0046276,90
anon_0046282,90
anon_0046316,90
anon_0046312,90
anon_0046273,100
anon_0046316,90
anon_0046316,100
anon_0046276,100
anon_0046284,90
anon_0046311,85
anon_0046350,90
anon_0046267,30
anon_0045994,85
anon_0046282,85
anon_0046267,90
anon_0046312,95
anon_0046287,100
anon_0046266,60
anon_0046266,50
anon_0046276,85
anon_0046282,85
anon_0046316,90
anon_0046266,100
anon_0046350,85
anon_0046350,75
anon_0046273,100
anon_0045994,100
anon_0046289,90
anon_0046266,85
anon_0046265,85
anon_0046284,85
anon_0046311,90
anon_0046267,95
anon_0046273,100
anon_0046287,90
anon_0046312,90
anon_0046287,100
anon_0046316,85
anon_0046273,0
anon_0046311,95
anon_0046311,50
anon_0046289,100
anon_0046267,75
anon_0046265,85
anon_0046276,95
anon_0046276,85
anon_0046311,90
anon_0046289,100
anon_0046267,85
anon_0046312,85
anon_0046287,100
anon_0046276,60
anon_0045994,100
anon_0046350,20
anon_0046312,100
anon_0046289,100
anon_0045994,100
anon_0046331,50
anon_0046289,100
anon_0046289,100
anon_0046267,95
anon_0045994,95
anon_0046282,90
anon_0046311,100
anon_0046331,0
anon_0046266,90
anon_0046311,0
anon_0045994,90
anon_0046256,90
anon_0045994,85
anon_0046256,100
anon_0046256,100
anon_0046331,75
anon_0046331,50
anon_0046312,50
anon_0046311,95
anon_0046289,95
anon_0046316,85
anon_0046318,50
anon_0046307,85
anon_0046318,100
anon_0046331,100
anon_0046273,100
anon_0046267,100
anon_0046266,0
anon_0046307,0
anon_0046287,0
anon_0046262,85
anon_0046284,0
anon_0046266,0
anon_0046331,100
anon_0046331,0
anon_0046307,85
anon_0046318,100
anon_0046266,0
anon_0046262,90
anon_0046350,85
anon_0046287,0
anon_0046267,50
anon_0046273,90
anon_0046284,100
anon_0046251,95
anon_0046273,95
anon_0046307,0
anon_0046287,100
anon_0046251,85
anon_0046282,90
anon_0046287,90
anon_0046221,100
anon_0046273,0
anon_0046262,0
anon_0046287,100
anon_0046370,90
anon_0046282,90
anon_0046284,100
anon_0046357,100
anon_0046266,0
anon_0046284,0
anon_0046284,90
anon_0046266,0
anon_0046307,0
anon_0046287,100
anon_0046357,85
anon_0046357,100
anon_0046287,100
anon_0046289,100
anon_0046353,0
anon_0046300,0
anon_0046251,80
anon_0046350,95
anon_0046357,85
anon_0046318,100
anon_0046251,100
anon_0046350,85
anon_0046282,85
anon_0046357,85
anon_0046282,85
anon_0046221,85
anon_0046350,90
anon_0046370,90
anon_0046370,85
anon_0046273,85
anon_0046289,90
anon_0046370,20
anon_0046353,100
anon_0046284,100
anon_0046357,100
anon_0046251,95
anon_0046287,100
anon_0046307,85
anon_0046289,100
anon_0046267,100
anon_0046276,0
anon_0046262,50
anon_0046300,85
anon_0046266,85
anon_0046267,85
anon_0046262,100
anon_0046350,85
anon_0046251,100
anon_0046353,100
anon_0046221,85
anon_0046318,0
anon_0046350,60
anon_0046289,85
anon_0046262,0
anon_0046318,90
anon_0046300,90
anon_0046357,90
anon_0046251,90
anon_0046350,30
anon_0046357,70
anon_0046221,0
anon_0046276,75
anon_0046307,0
anon_0046300,90
anon_0046357,75
anon_0046289,85
anon_0046262,80
anon_0046273,90
anon_0046287,100
anon_0046316,0
anon_0046287,90
anon_0046316,85
anon_0046318,85
anon_0046262,100
anon_0046318,0
anon_0046262,60
anon_0046287,95
anon_0046287,90
anon_0046312,100
anon_0046316,75
anon_0046262,85
anon_0046262,90
anon_0046262,100
anon_0046287,90
anon_0046357,70
anon_0046312,95
anon_0046312,30
anon_0046357,85
anon_0046330,100
anon_0046262,85
anon_0046330,100
anon_0046300,100
anon_0046316,85
anon_0046312,0
anon_0046318,85
anon_0046262,90
anon_0046330,90
anon_0046312,90
anon_0046316,85
anon_0046262,95
anon_0046266,100
anon_0046316,70
anon_0046300,85
anon_0046300,90
anon_0046289,NA
anon_0046311,95
anon_0046312,85
anon_0046316,85
anon_0046316,85
anon_0046262,85
anon_0046330,70
anon_0046262,85
anon_0046311,0
anon_0046330,100
anon_0046312,0
anon_0046316,90
anon_0046312,85
anon_0046312,90
anon_0046316,95
anon_0046300,90
anon_0046318,85
anon_0046316,85
anon_0046316,50
anon_0046300,100
anon_0046262,85
anon_0046316,90
anon_0046312,85
anon_0046311,100
anon_0046300,50
anon_0046300,90
anon_0046266,90
anon_0046316,85
anon_0046311,85
anon_0046330,85
anon_0046316,95
anon_0046266,85
anon_0046312,85
anon_0046266,100
anon_0046312,85
anon_0046316,85
anon_0046330,0
anon_0046311,90
anon_0046266,85
anon_0046266,100
anon_0046312,85
anon_0046311,NA
anon_0046316,85
anon_0046330,100
anon_0046316,85
anon_0046312,70
anon_0046266,100
anon_0046312,85
anon_0046312,90
anon_0046266,85
anon_0046316,90
anon_0046266,85
anon_0046357,90
anon_0046287,100
anon_0046350,50
anon_0046262,100
anon_0046407,100
anon_0046377,100
anon_0046300,85
anon_0046353,100
anon_0046262,100
anon_0046392,70
anon_0046307,85
anon_0046318,85
anon_0046392,0
anon_0046394,100
anon_0046392,100
anon_0046273,85
anon_0046377,100
anon_0046353,85
anon_0046405,100
anon_0046392,100
anon_0046405,100
anon_0046392,95
anon_0046392,100
anon_0046262,0
anon_0046392,0
anon_0046307,100
anon_0046377,100
anon_0046392,95
anon_0046405,0
anon_0046394,100
anon_0046377,100
anon_0046392,100
anon_0046289,100
anon_0046394,95
anon_0046422,50
anon_0046407,100
anon_0046411,100
anon_0046377,100
anon_0046300,0
anon_0046392,100
anon_0046377,100
anon_0046307,85
anon_0046307,50
anon_0046300,50
anon_0046405,85
anon_0046427,0
anon_0046377,100
anon_0046266,50
anon_0046407,95
anon_0046330,50
anon_0046357,100
anon_0046273,85
anon_0046318,50
anon_0046357,85
anon_0046370,90
anon_0046300,85
anon_0046312,0
anon_0046407,85
anon_0046353,85
anon_0046405,90
anon_0046273,100
anon_0046307,100
anon_0046312,100
anon_0046273,85
anon_0046392,75
anon_0046282,75
anon_0046411,95
anon_0046312,85
anon_0046405,0
anon_0046262,90
anon_0046405,90
anon_0046357,100
anon_0046262,100
anon_0046411,90
anon_0046377,95
anon_0046318,100
anon_0046370,85
anon_0046307,50
anon_0046262,50
anon_0046392,95
anon_0046392,90
anon_0046307,85
anon_0046370,70
anon_0046357,20
anon_0046273,100
anon_0046262,50
anon_0046411,95
anon_0046392,85
anon_0046392,90
anon_0046330,50
anon_0046370,85
anon_0046273,85
anon_0046276,90
anon_0046357,100
anon_0046276,100
anon_0046357,70
anon_0046289,85
anon_0046289,90
anon_0046300,95
anon_0046276,85
anon_0046392,75
anon_0046311,100
anon_0046289,85
anon_0046422,85
anon_0046370,90
anon_0046370,95
anon_0046392,100
anon_0046289,85
anon_0046282,100
anon_0046282,85
anon_0046407,100
anon_0046394,95
anon_0046282,70
anon_0046276,85
anon_0046300,100
anon_0046300,100
anon_0046276,100
anon_0046300,30
anon_0046300,100
anon_0046407,100
anon_0046289,85
anon_0046392,85
anon_0046407,100
anon_0046311,90
anon_0046394,85
anon_0046300,100
anon_0046311,90
anon_0046392,100
anon_0046300,85
anon_0046300,50
anon_0046312,100
anon_0046311,0
anon_0046370,85
anon_0046289,100
anon_0046405,95
anon_0046276,90
anon_0046300,75
anon_0046392,90
anon_0046289,85
anon_0046392,100
anon_0046282,85
anon_0046282,100
anon_0046289,90
anon_0046407,100
anon_0046407,0
anon_0046300,90
anon_0046289,95
anon_0046370,90
anon_0046282,90
anon_0046300,100
anon_0046289,85
anon_0046300,100
anon_0046370,100
anon_0046311,100
anon_0046370,100
anon_0046311,90
anon_0046311,90
anon_0046289,100
anon_0046370,95
anon_0046370,85
anon_0046311,100
anon_0046312,100
anon_0046282,85
anon_0046311,85
anon_0046370,90
anon_0046312,100
anon_0046311,0
anon_0046311,95
anon_0046251,100
anon_0046289,95
anon_0046392,90
anon_0046300,90
anon_0046370,85
anon_0046300,85
anon_0046311,0
anon_0046251,100
anon_0046370,95
anon_0046312,0
anon_0046312,0
anon_0046394,0
anon_0046370,85
anon_0046311,100
anon_0046370,100
anon_0046316,0
anon_0046251,100
anon_0046312,95
anon_0046316,85
anon_0046251,85
anon_0046251,90
anon_0046251,100
anon_0046370,85
anon_0046289,85
anon_0046357,85
anon_0046370,85
anon_0046311,0
anon_0046289,95
anon_0046370,75
anon_0046370,85
anon_0046370,100
anon_0046282,95
anon_0046251,0
anon_0046276,NA
anon_0046289,90
anon_0046370,75
anon_0046370,85
anon_0046312,0
anon_0046251,85
anon_0046316,85
anon_0046316,85
anon_0046370,85
anon_0046316,85
anon_0046316,90
anon_0046316,85
anon_0046316,85
anon_0046316,50
anon_0046316,85
anon_0046316,85
anon_0046316,30
anon_0046426,100
anon_0046428,100
anon_0046407,0
anon_0046448,100
anon_0046411,100
anon_0046428,100
anon_0046459,85
anon_0046428,100
anon_0046276,95
anon_0046276,100
anon_0046377,0
anon_0046405,100
anon_0046282,85
anon_0046407,0
anon_0046377,100
anon_0046428,100
anon_0046422,100
anon_0046456,100
anon_0046426,100
anon_0046407,95
anon_0046282,85
anon_0046251,90
anon_0046411,90
anon_0046251,90
anon_0046405,0
anon_0046427,90
anon_0046448,100
anon_0046282,90
anon_0046448,100
anon_0046405,85
anon_0046422,100
anon_0046427,90
anon_0046426,90
anon_0046426,90
anon_0046282,100
anon_0046428,100
anon_0046407,100
anon_0046448,100
anon_0046411,100
anon_0046251,100
anon_0046427,85
anon_0046448,95
anon_0046448,50
anon_0046407,100
anon_0046407,50
anon_0046422,50
anon_0046407,85
anon_0046377,85
anon_0046422,100
anon_0046282,0
anon_0046428,100
anon_0046459,100
anon_0046448,0
anon_0046469,90
anon_0046456,85
anon_0046407,50
anon_0046394,90
anon_0046377,90
anon_0046411,85
anon_0046282,75
anon_0046394,95
anon_0046422,100
anon_0046251,90
anon_0046474,85
anon_0046411,90
anon_0046474,100
anon_0046405,100
anon_0046251,85
anon_0046422,100
anon_0046377,95
anon_0046469,85
anon_0046428,100
anon_0046405,100
anon_0046405,75
anon_0046251,85
anon_0046422,90
anon_0046411,95
anon_0046282,100
anon_0046456,100
anon_0046469,50
anon_0046407,50
anon_0046377,90
anon_0046411,100
anon_0046422,95
anon_0046276,85
anon_0046377,90
anon_0046469,90
anon_0046469,85
anon_0046428,85
anon_0046405,85
anon_0046221,100
anon_0046428,90
anon_0046405,85
anon_0046426,100
anon_0046448,100
anon_0046394,85
anon_0046289,0
anon_0046426,100
anon_0046448,100
anon_0046426,100
anon_0046289,0
anon_0046276,90
anon_0046459,70
anon_0046221,100
anon_0046394,80
anon_0046456,100
anon_0046426,90
anon_0046428,100
anon_0046426,90
anon_0046289,0
anon_0046221,95
anon_0046426,100
anon_0046456,50
anon_0046221,100
anon_0046221,95
anon_0046448,85
anon_0046405,100
anon_0046448,95
anon_0046456,85
anon_0046448,95
anon_0046405,95
anon_0046411,85
anon_0046405,100
anon_0046251,85
anon_0046405,100
anon_0046251,50
anon_0046456,95
anon_0046251,85
anon_0046276,100
anon_0046221,100
anon_0046221,95
anon_0046251,50
anon_0046405,100
anon_0046405,100
anon_0046405,70
anon_0046456,85
anon_0046448,100
anon_0046221,90
anon_0046394,90
anon_0046405,100
anon_0046448,100
anon_0046448,90
anon_0046276,20
anon_0046276,100
anon_0046448,100
anon_0046456,100
anon_0046276,50
anon_0046456,90
anon_0046276,100
anon_0046448,85
anon_0046459,85
anon_0046459,0
anon_0046276,100
anon_0046394,0
anon_0046289,50
anon_0046394,100
anon_0046405,100
anon_0046448,20
anon_0046394,95
anon_0046426,90
anon_0046221,95
anon_0046251,85
anon_0046448,90
anon_0046426,75
anon_0046276,90
anon_0046251,100
anon_0046394,95
anon_0046405,85
anon_0046394,50
anon_0046251,85
anon_0046405,85
anon_0046459,85
anon_0046394,90
anon_0046394,80
anon_0046394,100
anon_0046394,90
anon_0046448,100
anon_0046426,85
anon_0046405,90
anon_0046405,50
anon_0046394,95
anon_0046394,80
anon_0046276,90
anon_0046276,100
anon_0046394,95
anon_0046282,85
anon_0046394,90
anon_0046282,50
anon_0046282,90
anon_0046394,90
anon_0046282,85
anon_0046282,50
anon_0046282,0
anon_0046392,0
anon_0046456,100
anon_0046506,100
anon_0046456,100
anon_0046411,95
anon_0046456,100
anon_0046496,100
anon_0046448,100
anon_0046496,100
anon_0046469,100
anon_0046469,90
anon_0046515,100
anon_0046422,100
anon_0046469,85
anon_0046448,100
anon_0046392,90
anon_0046469,100
anon_0046411,85
anon_0046496,100
anon_0046448,0
anon_0046515,100
anon_0046456,100
anon_0046422,0
anon_0046448,100
anon_0046515,75
anon_0046522,90
anon_0046506,95
anon_0046456,100
anon_0046392,100
anon_0046456,100
anon_0046392,85
anon_0046474,85
anon_0046456,50
anon_0046448,90
anon_0046469,100
anon_0046392,100
anon_0046474,95
anon_0046422,100
anon_0046487,100
anon_0046448,100
anon_0046474,100
anon_0046496,100
anon_0046487,100
anon_0046469,90
anon_0046496,100
anon_0046456,0
anon_0046506,100
anon_0046448,100
anon_0046469,100
anon_0046496,100
anon_0046474,100
anon_0046522,100
anon_0046474,100
anon_0046459,100
anon_0046469,85
anon_0046456,100
anon_0046515,90
anon_0046459,50
anon_0046411,100
anon_0046496,85
anon_0046448,100
anon_0046487,95
anon_0046496,85
anon_0046411,85
anon_0046422,100
anon_0046522,90
anon_0046448,100
anon_0046456,100
anon_0046411,85
anon_0046459,85
anon_0046506,100
anon_0046474,100
anon_0046515,90
anon_0046392,100
anon_0046459,100
anon_0046448,100
anon_0046510,50
anon_0046469,85
anon_0046506,100
anon_0046474,85
anon_0046469,90
anon_0046411,85
anon_0046459,85
anon_0046474,100
anon_0046422,100
anon_0046506,90
anon_0046522,85
anon_0046474,100
anon_0046411,50
anon_0046522,85
anon_0046469,90
anon_0046469,75
anon_0046469,85
anon_0046459,85
anon_0046459,0
anon_0046469,85
anon_0046422,100
anon_0046474,100
anon_0046459,0
anon_0046456,90
anon_0046506,95
anon_0046469,85
anon_0046506,0
anon_0046459,85
anon_0046456,90
anon_0046221,100
anon_0046469,100
anon_0046474,85
anon_0046516,90
anon_0046448,100
anon_0046474,100
anon_0046469,85
anon_0046496,0
anon_0046516,80
anon_0046221,85
anon_0046474,100
anon_0046221,0
anon_0046469,85
anon_0046474,100
anon_0046496,85
anon_0046496,100
anon_0046516,85
anon_0046221,100
anon_0046474,85
anon_0046474,100
anon_0046422,0
anon_0046456,85
anon_0046448,100
anon_0046496,90
anon_0046422,30
anon_0046448,90
anon_0046469,50
anon_0046496,100
anon_0046448,85
anon_0046469,95
anon_0046456,85
anon_0046422,85
anon_0046474,0
anon_0046496,85
anon_0046474,90
anon_0046496,0
anon_0046469,75
anon_0046474,100
anon_0046496,0
anon_0046496,85
anon_0046496,50
anon_0046469,95
anon_0046469,20
anon_0046474,100
anon_0046510,85
anon_0046282,85
anon_0046516,90
anon_0046469,90
anon_0046469,85
anon_0046496,100
anon_0046469,85
anon_0046531,90
anon_0046282,75
anon_0046456,85
anon_0046469,85
anon_0046496,85
anon_0046282,85
anon_0046496,90
anon_0046506,0
anon_0046510,85
anon_0046496,100
anon_0046510,90
anon_0046496,85
anon_0046496,50
anon_0046531,100
anon_0046496,85
anon_0046469,90
anon_0046469,85
anon_0046516,90
anon_0046469,50
anon_0046531,100
anon_0046474,100
anon_0046510,90
anon_0046474,85
anon_0046496,100
anon_0046282,85
anon_0046496,85
anon_0046422,85
anon_0046282,85
anon_0046282,85
anon_0046469,50
anon_0046531,85
anon_0046469,100
anon_0046531,100
anon_0046469,80
anon_0046496,100
anon_0046282,75
anon_0046422,90
anon_0046282,85
anon_0046474,90
anon_0046469,85
anon_0046469,90
anon_0046474,85
anon_0046474,0
anon_0046474,100
anon_0046469,NA
anon_0046469,85
anon_0046510,85
anon_0046469,90
anon_0046469,90
anon_0046510,90
anon_0046469,100
anon_0046474,70
anon_0046539,100
anon_0046534,0
anon_0046522,100
anon_0046534,100
anon_0046534,100
anon_0046522,100
anon_0046515,100
anon_0046550,85
anon_0046515,100
anon_0046515,0
anon_0046539,85
anon_0046534,100
anon_0046539,0
anon_0046474,100
anon_0046554,90
anon_0046456,100
anon_0046456,100
anon_0046539,100
anon_0046474,70
anon_0046456,85
anon_0046522,100
anon_0046510,90
anon_0046456,85
anon_0046522,100
anon_0046474,100
anon_0046480,100
anon_0046522,100
anon_0046515,85
anon_0046480,100
anon_0046515,100
anon_0046515,95
anon_0046554,85
anon_0046474,100
anon_0046522,85
anon_0046534,90
anon_0046474,40
anon_0046456,85
anon_0046522,85
anon_0046522,100
anon_0046474,100
anon_0046554,100
anon_0046510,85
anon_0046456,90
anon_0046474,90
anon_0046549,100
anon_0046522,95
anon_0046480,100
anon_0046510,100
anon_0046522,80
anon_0046422,100
anon_0046550,100
anon_0046510,85
anon_0046515,85
anon_0046534,95
anon_0046510,100
anon_0046522,100
anon_0046480,95
anon_0046515,90
anon_0046522,95
anon_0046515,50
anon_0046422,100
anon_0046554,0
anon_0046474,100
anon_0046554,85
anon_0046522,100
anon_0046522,85
anon_0046510,95
anon_0046522,95
anon_0046534,85
anon_0046496,95
anon_0046474,100
anon_0046554,85
anon_0046510,85
anon_0046554,100
anon_0046480,100
anon_0046474,100
anon_0046550,95
anon_0046522,100
anon_0046534,100
anon_0046510,0
anon_0046422,85
anon_0046456,100
anon_0046510,85
anon_0046522,95
anon_0046549,85
anon_0046422,95
anon_0046480,85
anon_0046510,85
anon_0046554,90
anon_0046522,90
anon_0046510,90
anon_0046554,85
anon_0046422,100
anon_0046510,100
anon_0046510,75
anon_0046554,85
anon_0046522,95
anon_0046506,100
anon_0046480,70
anon_0046534,90
anon_0046522,90
anon_0046554,100
anon_0046510,85
anon_0046531,100
anon_0046510,85
anon_0046515,95
anon_0046522,100
anon_0046506,100
anon_0046554,100
anon_0046531,95
anon_0046510,85
anon_0046554,100
anon_0046531,85
anon_0046506,85
anon_0046411,100
anon_0046510,80
anon_0046456,90
anon_0046531,100
anon_0046531,70
anon_0046522,100
anon_0046531,85
anon_0046522,95
anon_0046411,90
anon_0046510,95
anon_0046506,85
anon_0046554,100
anon_0046554,100
anon_0046531,90
anon_0046522,100
anon_0046531,85
anon_0046522,0
anon_0046506,90
anon_0046531,90
anon_0046554,100
anon_0046456,0
anon_0046554,100
anon_0046411,90
anon_0046510,50
anon_0046510,100
anon_0046411,85
anon_0046510,50
anon_0046456,100
anon_0046411,100
anon_0046456,85
anon_0046411,100
anon_0046510,90
anon_0046554,100
anon_0046456,85
anon_0046531,95
anon_0046554,0
anon_0046531,85
anon_0046531,100
anon_0046531,70
anon_0046531,100
anon_0046531,90
anon_0046531,85
anon_0046522,95
anon_0046590,0
anon_0046581,50
anon_0046554,100
anon_0046549,100
anon_0046539,50
anon_0046575,100
anon_0046581,0
anon_0046534,100
anon_0046569,100
anon_0046575,100
anon_0046531,85
anon_0046512,90
anon_0046581,0
anon_0046512,95
anon_0046554,0
anon_0046590,95
anon_0046575,95
anon_0046590,50
anon_0046531,85
anon_0046569,100
anon_0046512,90
anon_0046534,85
anon_0046512,50
anon_0046590,0
anon_0046575,90
anon_0046575,50
anon_0046581,90
anon_0046531,85
anon_0046575,95
anon_0046534,0
anon_0046575,90
anon_0046549,0
anon_0046575,90
anon_0046539,85
anon_0046554,85
anon_0046550,100
anon_0046512,30
anon_0046531,85
anon_0046512,85
anon_0046575,80
anon_0046550,100
anon_0046550,90
anon_0046590,0
anon_0046549,100
anon_0046512,85
anon_0046581,100
anon_0046506,100
anon_0046534,100
anon_0046549,100
anon_0046512,90
anon_0046575,50
anon_0046550,85
anon_0046569,85
anon_0046512,85
anon_0046550,85
anon_0046534,100
anon_0046554,85
anon_0046539,85
anon_0046539,50
anon_0046549,100
anon_0046569,90
anon_0046534,70
anon_0046575,90
anon_0046554,60
anon_0046581,80
anon_0046534,85
anon_0046575,85
anon_0046549,100
anon_0046569,90
anon_0046550,100
anon_0046534,75
anon_0046550,100
anon_0046550,85
anon_0046569,95
anon_0046531,60
anon_0046550,100
anon_0046569,85
anon_0046550,95
anon_0046575,85
anon_0046531,100
anon_0046569,50
anon_0046534,85
anon_0046550,100
anon_0046575,50
anon_0046512,85
anon_0046512,85
anon_0046550,85
anon_0046549,95
anon_0046506,70
anon_0046596,85
anon_0046596,85
anon_0046550,0
anon_0046596,85
anon_0046575,95
anon_0046506,100
anon_0046549,100
anon_0046549,85
anon_0046456,100
anon_0046480,90
anon_0046456,50
anon_0046531,85
anon_0046512,100
anon_0046549,85
anon_0046512,95
anon_0046531,90
anon_0046480,90
anon_0046531,50
anon_0046575,90
anon_0046480,85
anon_0046575,90
anon_0046549,85
anon_0046456,90
anon_0046480,50
anon_0046531,100
anon_0046575,85
anon_0046569,80
anon_0046506,95
anon_0046512,85
anon_0046480,50
anon_0046512,90
anon_0046531,85
anon_0046480,90
anon_0046480,85
anon_0046531,70
anon_0046480,85
anon_0046531,100
anon_0046512,85
anon_0046569,95
anon_0046531,85
anon_0046480,85
anon_0046512,85
anon_0046480,95
anon_0046531,90
anon_0046512,90
anon_0046531,85
anon_0046549,85
anon_0046575,0
anon_0046512,100
anon_0046550,0
anon_0046480,85
anon_0046531,90
anon_0046550,0
anon_0046480,90
anon_0046550,90
anon_0046512,95
anon_0046531,90
anon_0046569,100
anon_0046531,75
anon_0046569,90
anon_0046480,85
anon_0046549,100
anon_0046456,100
anon_0046512,70
anon_0046512,85
anon_0046456,90
anon_0046480,85
anon_0046480,0
anon_0046569,85
anon_0046531,90
anon_0046569,85
anon_0046512,85
anon_0046456,85
anon_0046550,95
anon_0046512,60
anon_0046531,50
anon_0046512,70
anon_0046456,85
anon_0046549,100
anon_0046512,85
anon_0046569,90
anon_0046531,30
anon_0046456,85
anon_0046512,50
anon_0046456,95
anon_0046512,85
anon_0046512,90
anon_0046456,90
anon_0046512,90
anon_0046512,75
anon_0046512,90
anon_0046531,100
anon_0046531,85
anon_0046531,80
anon_0046531,85
anon_0046531,85
anon_0046456,75
anon_0046456,100
anon_0046531,95
anon_0046531,60
anon_0046651,100
anon_0046622,100
anon_0046678,100
anon_0046651,100
anon_0046678,100
anon_0046581,100
anon_0046610,90
anon_0046581,100
anon_0046575,100
anon_0046622,100
anon_0046659,100
anon_0046575,95
anon_0046581,50
anon_0046610,85
anon_0046575,90
anon_0046590,100
anon_0046659,95
anon_0046651,90
anon_0046581,50
anon_0046610,100
anon_0046610,85
anon_0046590,85
anon_0046610,85
anon_0046684,100
anon_0046651,100
anon_0046678,100
anon_0046610,100
anon_0046581,85
anon_0046575,0
anon_0046651,0
anon_0046575,90
anon_0046575,95
anon_0046651,85
anon_0046581,100
anon_0046590,100
anon_0046659,90
anon_0046581,0
anon_0046678,85
anon_0046581,50
anon_0046596,95
anon_0046575,80
anon_0046631,95
anon_0046575,0
anon_0046590,100
anon_0046622,100
anon_0046575,100
anon_0046610,90
anon_0046651,100
anon_0046610,85
anon_0046651,100
anon_0046678,85
anon_0046581,85
anon_0046631,90
anon_0046575,95
anon_0046575,100
anon_0046622,95
anon_0046590,0
anon_0046659,36
anon_0046590,90
anon_0046610,90
anon_0046575,100
anon_0046590,90
anon_0046610,100
anon_0046678,100
anon_0046581,100
anon_0046651,0
anon_0046684,80
anon_0046610,0
anon_0046575,85
anon_0046590,85
anon_0046678,100
anon_0046575,100
anon_0046575,0
anon_0046575,90
anon_0046631,85
anon_0046590,50
anon_0046678,100
anon_0046575,85
anon_0046659,85
anon_0046610,100
anon_0046596,90
anon_0046596,85
anon_0046651,80
anon_0046596,90
anon_0046651,95
anon_0046678,30
anon_0046678,85
anon_0046575,50
anon_0046684,90
anon_0046581,60
anon_0046610,90
anon_0046678,95
anon_0046596,100
anon_0046575,0
anon_0046581,0
anon_0046575,85
anon_0046651,100
anon_0046631,90
anon_0046596,85
anon_0046659,100
anon_0046590,0
anon_0046659,100
anon_0046596,90
anon_0046631,100
anon_0046659,100
anon_0046581,85
anon_0046581,90
anon_0046590,85
anon_0046581,0
anon_0046622,100
anon_0046610,90
anon_0046590,80
anon_0046581,0
anon_0046651,100
anon_0046631,90
anon_0046622,100
anon_0046581,100
anon_0046610,90
anon_0046581,100
anon_0046659,100
anon_0046596,50
anon_0046590,50
anon_0046631,100
anon_0046596,85
anon_0046581,90
anon_0046575,95
anon_0046684,100
anon_0046590,0
anon_0046581,100
anon_0046651,100
anon_0046596,60
anon_0046631,50
anon_0046596,85
anon_0046659,0
anon_0046684,85
anon_0046622,100
anon_0046622,90
anon_0046631,50
anon_0046684,85
anon_0046581,100
anon_0046596,85
anon_0046581,50
anon_0046622,100
anon_0046575,85
anon_0046581,90
anon_0046590,85
anon_0046590,85
anon_0046575,85
anon_0046575,85
anon_0046622,80
anon_0046631,90
anon_0046581,95
anon_0046631,90
anon_0046622,0
anon_0046631,95
anon_0046581,85
anon_0046590,75
anon_0046631,85
anon_0046596,100
anon_0046678,90
anon_0046631,100
anon_0046659,100
anon_0046659,50
anon_0046581,100
anon_0046651,90
anon_0046678,85
anon_0046659,100
anon_0046684,0
anon_0046581,30
anon_0046581,50
anon_0046651,85
anon_0046678,85
anon_0046651,100
anon_0046590,85
anon_0046684,90
anon_0046651,80
anon_0046590,85
anon_0046631,90
anon_0046631,85
anon_0046659,0
anon_0046581,0
anon_0046678,70
anon_0046581,20
anon_0046651,100
anon_0046581,70
anon_0046684,90
anon_0046678,85
anon_0046581,85
anon_0046581,50
anon_0046581,85
anon_0046659,100
anon_0046581,85
anon_0046684,95
anon_0046678,90
anon_0046631,90
anon_0046581,90
anon_0046678,0
anon_0046678,90
anon_0046651,70
anon_0046678,85
anon_0046678,100
anon_0046581,85
anon_0046678,85
anon_0046678,30
anon_0046678,85
anon_0046678,75
anon_0046678,85
anon_0046678,60
anon_0046678,90
anon_0046622,100
anon_0046651,50
anon_0046622,95
anon_0046721,0
anon_0046740,95
anon_0046732,100
anon_0046721,85
anon_0046740,100
anon_0046726,90
anon_0046740,100
anon_0046721,100
anon_0046719,100
anon_0046721,100
anon_0046610,0
anon_0046659,100
anon_0046651,85
anon_0046651,70
anon_0046741,100
anon_0046740,100
anon_0046738,0
anon_0046710,90
anon_0046719,100
anon_0046651,100
anon_0046740,85
anon_0046732,100
anon_0046651,75
anon_0046610,0
anon_0046721,90
anon_0046631,95
anon_0046710,95
anon_0046732,90
anon_0046740,90
anon_0046678,60
anon_0046631,0
anon_0046659,90
anon_0046740,100
anon_0046740,85
anon_0046721,90
anon_0046740,50
anon_0046659,85
anon_0046721,85
anon_0046738,100
anon_0046740,90
anon_0046738,85
anon_0046726,95
anon_0046732,85
anon_0046651,90
anon_0046721,85
anon_0046741,100
anon_0046631,100
anon_0046740,100
anon_0046684,100
anon_0046738,85
anon_0046740,0
anon_0046659,85
anon_0046721,50
anon_0046678,85
anon_0046726,90
anon_0046678,40
anon_0046610,0
anon_0046741,85
anon_0046721,90
anon_0046726,90
anon_0046721,100
anon_0046719,90
anon_0046631,90
anon_0046610,90
anon_0046710,100
anon_0046741,85
anon_0046721,90
anon_0046740,85
anon_0046721,85
anon_0046732,85
anon_0046710,100
anon_0046721,95
anon_0046659,50
anon_0046740,85
anon_0046684,100
anon_0046721,100
anon_0046738,70
anon_0046726,85
anon_0046678,85
anon_0046610,100
anon_0046740,85
anon_0046651,90
anon_0046721,90
anon_0046741,70
anon_0046738,85
anon_0046738,0
anon_0046721,85
anon_0046738,85
anon_0046721,100
anon_0046721,80
anon_0046732,85
anon_0046721,85
anon_0046721,85
anon_0046738,85
anon_0046631,100
anon_0046651,50
anon_0046732,90
anon_0046684,50
anon_0046684,100
anon_0046747,100
anon_0046684,100
anon_0046732,90
anon_0046631,90
anon_0046732,100
anon_0046726,90
anon_0046732,100
anon_0046651,50
anon_0046732,85
anon_0046651,100
anon_0046622,90
anon_0046721,85
anon_0046721,85
anon_0046732,85
anon_0046678,85
anon_0046684,90
anon_0046732,85
anon_0046732,30
anon_0046651,100
anon_0046651,85
anon_0046741,85
anon_0046732,90
anon_0046732,85
anon_0046651,85
anon_0046732,0
anon_0046721,95
anon_0046747,100
anon_0046622,85
anon_0046747,100
anon_0046678,85
anon_0046684,95
anon_0046721,90
anon_0046678,60
anon_0046741,100
anon_0046741,85
anon_0046678,100
anon_0046721,75
anon_0046732,85
anon_0046678,85
anon_0046732,85
anon_0046721,100
anon_0046684,95
anon_0046678,0
anon_0046622,70
anon_0046721,85
anon_0046747,40
anon_0046678,100
anon_0046651,95
anon_0046741,85
anon_0046741,90
anon_0046622,85
anon_0046721,100
anon_0046684,85
anon_0046741,85
anon_0046747,100
anon_0046678,90
anon_0046651,85
anon_0046721,85
anon_0046684,0
anon_0046678,100
anon_0046721,85
anon_0046678,85
anon_0046732,85
anon_0046678,50
anon_0046747,100
anon_0046678,90
anon_0046684,90
anon_0046678,85
anon_0046684,85
anon_0046678,70
anon_0046684,100
anon_0046678,90
anon_0046678,100
anon_0046684,90
anon_0046721,85
anon_0046678,85
anon_0046721,100
anon_0046684,90
anon_0046684,0
anon_0046684,100
anon_0046721,85
anon_0046622,90
anon_0046678,85
anon_0046678,85
anon_0046721,90
anon_0046678,85
anon_0046678,30
anon_0046678,85
anon_0046747,90
anon_0046747,0
anon_0046747,100
anon_0046747,100
anon_0046747,90
anon_0046747,50
anon_0046710,100
anon_0046831,100
anon_0046775,100
anon_0046741,90
anon_0046741,95
anon_0046719,100
anon_0046747,85
anon_0046610,90
anon_0046710,100
anon_0046710,0
anon_0046610,100
anon_0046820,100
anon_0046710,100
anon_0046710,0
anon_0046726,90
anon_0046719,50
anon_0046805,100
anon_0046820,95
anon_0046710,100
anon_0046826,95
anon_0046769,100
anon_0046747,85
anon_0046710,100
anon_0046710,100
anon_0046719,100
anon_0046805,100
anon_0046719,100
anon_0046805,100
anon_0046826,100
anon_0046610,100
anon_0046775,85
anon_0046747,85
anon_0046741,90
anon_0046775,90
anon_0046719,85
anon_0046610,85
anon_0046719,95
anon_0046805,100
anon_0046610,70
anon_0046710,0
anon_0046610,100
anon_0046805,100
anon_0046805,100
anon_0046719,100
anon_0046769,85
anon_0046710,0
anon_0046775,95
anon_0046747,100
anon_0046610,100
anon_0046826,100
anon_0046610,100
anon_0046775,95
anon_0046710,100
anon_0046741,85
anon_0046769,100
anon_0046710,0
anon_0046741,100
anon_0046610,100
anon_0046747,0
anon_0046726,85
anon_0046719,100
anon_0046747,90
anon_0046769,95
anon_0046726,90
anon_0046741,100
anon_0046610,100
anon_0046741,95
anon_0046741,90
anon_0046805,85
anon_0046741,95
anon_0046710,100
anon_0046769,85
anon_0046805,100
anon_0046710,100
anon_0046726,85
anon_0046769,90
anon_0046719,90
anon_0046747,85
anon_0046610,50
anon_0046805,100
anon_0046805,95
anon_0046775,100
anon_0046820,100
anon_0046741,80
anon_0046726,90
anon_0046719,100
anon_0046820,100
anon_0046719,0
anon_0046805,85
anon_0046741,85
anon_0046610,100
anon_0046719,100
anon_0046726,100
anon_0046805,85
anon_0046710,50
anon_0046726,100
anon_0046741,85
anon_0046826,100
anon_0046775,85
anon_0046719,95
anon_0046769,100
anon_0046805,90
anon_0046726,100
anon_0046805,100
anon_0046805,90
anon_0046775,100
anon_0046775,90
anon_0046775,100
anon_0046741,90
anon_0046726,100
anon_0046719,100
anon_0046741,100
anon_0046805,85
anon_0046726,100
anon_0046719,100
anon_0046719,100
anon_0046741,0
anon_0046741,90
anon_0046769,90
anon_0046805,100
anon_0046726,100
anon_0046831,90
anon_0046820,0
anon_0046726,100
anon_0046820,100
anon_0046769,95
anon_0046820,100
anon_0046741,60
anon_0046769,85
anon_0046741,50
anon_0046775,85
anon_0046741,100
anon_0046820,100
anon_0046769,100
anon_0046726,50
anon_0046726,85
anon_0046820,90
anon_0046769,85
anon_0046769,70
anon_0046741,100
anon_0046726,100
anon_0046769,90
anon_0046769,85
anon_0046726,50
anon_0046820,100
anon_0046775,100
anon_0046726,90
anon_0046820,90
anon_0046805,90
anon_0046741,100
anon_0046769,85
anon_0046820,100
anon_0046820,85
anon_0046726,90
anon_0046769,50
anon_0046719,95
anon_0046726,85
anon_0046913,100
anon_0046856,100
anon_0046856,100
anon_0046856,80
anon_0046820,100
anon_0046829,0
anon_0046775,100
anon_0046610,90
anon_0046885,100
anon_0046831,100
anon_0046831,100
anon_0046826,85
anon_0046885,100
anon_0046866,100
anon_0046885,100
anon_0046775,100
anon_0046913,100
anon_0046829,90
anon_0046610,100
anon_0046899,0
anon_0046769,100
anon_0046826,100
anon_0046775,100
anon_0046820,0
anon_0046851,100
anon_0046885,100
anon_0046831,100
anon_0046866,95
anon_0046856,95
anon_0046805,0
anon_0046913,100
anon_0046775,100
anon_0046899,0
anon_0046829,90
anon_0046851,90
anon_0046885,95
anon_0046805,100
anon_0046831,100
anon_0046885,100
anon_0046831,100
anon_0046818,100
anon_0046870,80
anon_0046610,85
anon_0046719,85
anon_0046826,95
anon_0046856,100
anon_0046719,85
anon_0046829,100
anon_0046826,80
anon_0046829,100
anon_0046610,70
anon_0046829,85
anon_0046851,100
anon_0046829,100
anon_0046885,90
anon_0046913,59
anon_0046805,95
anon_0046856,100
anon_0046829,30
anon_0046769,85
anon_0046870,85
anon_0046831,85
anon_0046913,90
anon_0046818,100
anon_0046826,85
anon_0046829,100
anon_0046826,85
anon_0046826,85
anon_0046829,90
anon_0046885,90
anon_0046826,95
anon_0046885,90
anon_0046826,85
anon_0046913,90
anon_0046610,85
anon_0046826,100
anon_0046775,85
anon_0046856,90
anon_0046820,50
anon_0046826,100
anon_0046829,90
anon_0046851,100
anon_0046805,90
anon_0046775,85
anon_0046610,85
anon_0046826,0
anon_0046826,90
anon_0046851,85
anon_0046610,95
anon_0046719,85
anon_0046831,85
anon_0046851,85
anon_0046805,100
anon_0046856,100
anon_0046870,90
anon_0046851,40
anon_0046805,90
anon_0046805,100
anon_0046610,100
anon_0046805,85
anon_0046856,0
anon_0046851,70
anon_0046851,90
anon_0046844,100
anon_0046805,95
anon_0046844,100
anon_0046831,100
anon_0046805,0
anon_0046856,50
anon_0046856,100
anon_0046826,90
anon_0046826,85
anon_0046844,100
anon_0046856,0
anon_0046866,85
anon_0046866,95
anon_0046805,95
anon_0046826,0
anon_0046844,85
anon_0046866,0
anon_0046856,100
anon_0046866,100
anon_0046831,100
anon_0046856,85
anon_0046866,90
anon_0046805,95
anon_0046826,100
anon_0046866,100
anon_0046826,0
anon_0046826,85
anon_0046831,85
anon_0046856,100
anon_0046829,100
anon_0046866,90
anon_0046851,90
anon_0046826,100
anon_0046856,100
anon_0046826,100
anon_0046775,95
anon_0046826,100
anon_0046851,90
anon_0046829,100
anon_0046826,85
anon_0046826,0
anon_0046844,100
anon_0046805,85
anon_0046856,95
anon_0046844,70
anon_0046826,90
anon_0046826,90
anon_0046866,100
anon_0046866,100
anon_0046805,95
anon_0046844,90
anon_0046826,100
anon_0046829,90
anon_0046851,100
anon_0046856,100
anon_0046826,80
anon_0046826,100
anon_0046851,90
anon_0046856,85
anon_0046856,85
anon_0046866,100
anon_0046829,75
anon_0046805,85
anon_0046856,50
anon_0046820,90
anon_0046851,NA
anon_0046829,85
anon_0046866,100
anon_0046829,75
anon_0046866,50
anon_0046826,100
anon_0046826,95
anon_0046826,90
anon_0046866,85
anon_0046826,100
anon_0046805,85
anon_0046866,100
anon_0046829,90
anon_0046826,100
anon_0046820,85
anon_0046851,85
anon_0046851,90
anon_0046820,90
anon_0046866,100
anon_0046820,90
anon_0046844,100
anon_0046820,85
anon_0046820,85
anon_0046851,85
anon_0046851,85
anon_0046826,90
anon_0046829,NA
anon_0046826,85
anon_0046826,100
anon_0046866,95
anon_0046829,95
anon_0046885,100
anon_0046899,0
anon_0046963,95
anon_0046844,100
anon_0046944,100
anon_0046946,100
anon_0046930,50
anon_0046885,100
anon_0046915,100
anon_0046946,90
anon_0046885,85
anon_0046885,100
anon_0046913,50
anon_0046899,85
anon_0046951,100
anon_0046963,100
anon_0046963,100
anon_0046899,0
anon_0046951,100
anon_0046941,100
anon_0046951,100
anon_0046805,90
anon_0046951,0
anon_0046959,100
anon_0046941,90
anon_0046930,0
anon_0046951,95
anon_0046818,75
anon_0046941,100
anon_0046941,50
anon_0046866,95
anon_0046959,100
anon_0046928,90
anon_0046963,100
anon_0046930,0
anon_0046959,100
anon_0046946,85
anon_0046928,100
anon_0046959,95
anon_0046944,100
anon_0046951,95
anon_0046915,100
anon_0046963,100
anon_0046946,100
anon_0046928,85
anon_0046913,0
anon_0046885,90
anon_0046805,100
anon_0046941,100
anon_0046951,100
anon_0046866,95
anon_0046941,100
anon_0046915,100
anon_0046944,100
anon_0046928,100
anon_0046915,85
anon_0046913,50
anon_0046818,0
anon_0046941,80
anon_0046963,100
anon_0046928,90
anon_0046928,90
anon_0046915,100
anon_0046913,30
anon_0046941,85
anon_0046930,85
anon_0046913,100
anon_0046944,100
anon_0046941,85
anon_0046928,50
anon_0046915,85
anon_0046899,95
anon_0046941,85
anon_0046946,85
anon_0046946,85
anon_0046913,0
anon_0046928,85
anon_0046805,95
anon_0046818,85
anon_0046919,85
anon_0046928,100
anon_0046866,100
anon_0046915,95
anon_0046915,95
anon_0046844,90
anon_0046899,90
anon_0046866,85
anon_0046844,95
anon_0046919,90
anon_0046915,90
anon_0046941,85
anon_0046805,85
anon_0046928,100
anon_0046928,100
anon_0046913,85
anon_0046805,100
anon_0046913,90
anon_0046844,100
anon_0046866,95
anon_0046870,100
anon_0046930,90
anon_0046870,85
anon_0046870,100
anon_0046913,85
anon_0046805,95
anon_0046915,90
anon_0046959,100
anon_0046928,95
anon_0046899,90
anon_0046899,100
anon_0046870,95
anon_0046899,100
anon_0046870,85
anon_0046959,90
anon_0046919,95
anon_0046915,100
anon_0046870,85
anon_0046959,100
anon_0046805,100
anon_0046913,100
anon_0046915,100
anon_0046913,0
anon_0046915,95
anon_0046899,100
anon_0046899,100
anon_0046805,100
anon_0046941,100
anon_0046913,90
anon_0046844,90
anon_0046913,85
anon_0046959,85
anon_0046915,85
anon_0046899,80
anon_0046915,85
anon_0046928,100
anon_0046805,85
anon_0046941,100
anon_0046915,100
anon_0046913,85
anon_0046928,95
anon_0046941,0
anon_0046941,90
anon_0046941,100
anon_0046899,85
anon_0046915,85
anon_0046928,90
anon_0046899,90
anon_0046913,0
anon_0046913,90
anon_0046941,100
anon_0046870,90
anon_0046870,0
anon_0046913,95
anon_0046913,100
anon_0046913,85
anon_0046870,90
anon_0046919,95
anon_0046899,90
anon_0046913,85
anon_0046805,95
anon_0046870,85
anon_0046913,75
anon_0046915,90
anon_0046899,85
anon_0046899,90
anon_0046913,100
anon_0046805,90
anon_0046915,100
anon_0046919,95
anon_0046805,85
anon_0046899,85
anon_0046915,85
anon_0046919,85
anon_0046928,90
anon_0046959,85
anon_0046899,90
anon_0046928,85
anon_0046913,0
anon_0046805,90
anon_0046899,85
anon_0046899,85
anon_0046899,100
anon_0046930,0
anon_0046988,100
anon_0046951,100
anon_0046941,100
anon_0046946,90
anon_0046963,100
anon_0046844,100
anon_0046975,85
anon_0046963,100
anon_0046984,100
anon_0046844,100
anon_0046941,50
anon_0046998,80
anon_0046844,100
anon_0046951,100
anon_0046941,100
anon_0046928,90
anon_0046930,80
anon_0046984,100
anon_0046951,85
anon_0046844,85
anon_0046941,60
anon_0046975,0
anon_0046941,50
anon_0046930,0
anon_0046941,50
anon_0046928,85
anon_0046988,0
anon_0046941,100
anon_0046941,0
anon_0046951,95
anon_0046963,85
anon_0046963,100
anon_0046941,70
anon_0046984,100
anon_0046915,85
anon_0046975,85
anon_0046997,0
anon_0046951,0
anon_0046928,85
anon_0046928,95
anon_0046951,100
anon_0046963,100
anon_0046946,85
anon_0046969,100
anon_0046941,50
anon_0046844,85
anon_0046944,85
anon_0046844,90
anon_0046963,100
anon_0046941,85
anon_0046951,85
anon_0046984,100
anon_0046941,0
anon_0046963,90
anon_0046928,90
anon_0046928,50
anon_0046941,0
anon_0046969,85
anon_0046941,100
anon_0046941,50
anon_0046941,100
anon_0046963,100
anon_0046915,85
anon_0046963,80
anon_0046963,100
anon_0046963,90
anon_0046963,95
anon_0046928,50
anon_0046998,85
anon_0046969,100
anon_0046928,85
anon_0046969,95
anon_0046951,90
anon_0046944,100
anon_0046998,90
anon_0046941,85
anon_0046941,95
anon_0046969,100
anon_0046941,85
anon_0046946,100
anon_0046963,50
anon_0046963,100
anon_0046998,90
anon_0046944,85
anon_0046963,95
anon_0046941,95
anon_0046944,70
anon_0046984,85
anon_0046941,100
anon_0046928,NA
anon_0046944,0
anon_0046941,75
anon_0046951,90
anon_0046984,100
anon_0046915,85
anon_0046969,85
anon_0046988,90
anon_0046928,100
anon_0046941,50
anon_0046944,100
anon_0046928,95
anon_0046870,100
anon_0046870,85
anon_0046941,90
anon_0046951,0
anon_0046951,100
anon_0046870,100
anon_0046870,100
anon_0046844,100
anon_0046984,95
anon_0046928,85
anon_0046984,100
anon_0046844,100
anon_0046919,90
anon_0046944,85
anon_0046944,90
anon_0046984,100
anon_0046959,0
anon_0046959,100
anon_0046959,100
anon_0046919,100
anon_0046944,90
anon_0046944,90
anon_0046944,100
anon_0046959,100
anon_0046959,95
anon_0046959,85
anon_0046844,95
anon_0046963,100
anon_0046963,100
anon_0046959,75
anon_0046844,90
anon_0046870,95
anon_0046959,85
anon_0046915,100
anon_0046963,100
anon_0046844,100
anon_0046984,100
anon_0046915,95
anon_0046984,100
anon_0046963,50
anon_0046919,85
anon_0046919,85
anon_0046944,100
anon_0046959,90
anon_0046944,95
anon_0046959,85
anon_0046944,90
anon_0046959,85
anon_0046959,90
anon_0046870,85
anon_0046959,50
anon_0046963,95
anon_0046928,85
anon_0046915,100
anon_0046959,50
anon_0046919,50
anon_0046959,85
anon_0046844,100
anon_0046951,90
anon_0046915,80
anon_0046959,100
anon_0046919,85
anon_0046928,75
anon_0046963,100
anon_0046915,100
anon_0046963,85
anon_0046928,85
anon_0046959,95
anon_0046919,85
anon_0046915,60
anon_0046919,70
anon_0046959,100
anon_0046959,80
anon_0046915,100
anon_0046928,75
anon_0046919,90
anon_0046919,85
anon_0046915,90
anon_0046928,85
anon_0046963,85
anon_0046915,85
anon_0046969,85
anon_0046963,100
anon_0046969,100
anon_0046981,90
anon_0046963,100
anon_0046988,100
anon_0046988,100
anon_0047004,95
anon_0046997,100
anon_0046984,100
anon_0046930,0
anon_0047004,0
anon_0046984,100
anon_0046944,90
anon_0047016,85
anon_0046930,85
anon_0046969,0
anon_0047004,100
anon_0046969,100
anon_0046951,100
anon_0046844,85
anon_0046984,100
anon_0047004,95
anon_0046984,100
anon_0046951,85
anon_0046981,85
anon_0047004,85
anon_0047029,90
anon_0046930,50
anon_0046988,70
anon_0047016,90
anon_0046944,85
anon_0046963,100
anon_0046988,90
anon_0046963,100
anon_0046930,50
anon_0046930,0
anon_0046997,0
anon_0046984,90
anon_0046984,100
anon_0046930,100
anon_0046988,85
anon_0046963,95
anon_0046993,85
anon_0046944,100
anon_0046988,0
anon_0046988,100
anon_0046984,90
anon_0046930,50
anon_0046951,85
anon_0047016,85
anon_0046951,50
anon_0047016,85
anon_0047004,100
anon_0046993,100
anon_0047024,100
anon_0046844,85
anon_0047004,0
anon_0046984,100
anon_0047021,0
anon_0047004,100
anon_0047004,85
anon_0047016,50
anon_0046944,80
anon_0047029,95
anon_0047004,85
anon_0046988,95
anon_0046984,100
anon_0046951,75
anon_0047016,100
anon_0047004,100
anon_0047021,60
anon_0047024,90
anon_0046984,100
anon_0047004,100
anon_0047004,0
anon_0046993,85
anon_0046988,95
anon_0046951,100
anon_0046919,85
anon_0046944,90
anon_0047021,80
anon_0046969,100
anon_0046919,50
anon_0046984,95
anon_0046969,85
anon_0046988,85
anon_0047021,100
anon_0046951,85
anon_0046944,NA
anon_0046951,90
anon_0046969,85
anon_0046969,90
anon_0046944,90
anon_0047016,0
anon_0046870,100
anon_0046919,90
anon_0046919,85
anon_0046919,95
anon_0046919,85
anon_0046930,100
anon_0046951,50
anon_0046975,100
anon_0046870,100
anon_0046844,85
anon_0046988,85
anon_0046951,90
anon_0046944,100
anon_0046870,90
anon_0047029,100
anon_0046844,85
anon_0046844,100
anon_0046870,100
anon_0046870,100
anon_0046844,50
anon_0047029,85
anon_0046944,90
anon_0046919,90
anon_0046981,95
anon_0046975,90
anon_0046975,95
anon_0046993,85
anon_0047029,100
anon_0046944,90
anon_0046930,100
anon_0046975,100
anon_0046944,90
anon_0047029,100
anon_0046975,85
anon_0046969,85
anon_0046844,100
anon_0046930,85
anon_0046975,100
anon_0046919,85
anon_0046951,95
anon_0046998,90
anon_0046870,95
anon_0046870,90
anon_0046981,85
anon_0046944,50
anon_0046944,100
anon_0046930,30
anon_0046944,85
anon_0046993,90
anon_0046998,0
anon_0046919,75
anon_0046944,90
anon_0047029,100
anon_0046969,75
anon_0046998,85
anon_0046981,85
anon_0046844,100
anon_0046930,80
anon_0046975,85
anon_0046969,85
anon_0046930,85
anon_0046844,100
anon_0046919,85
anon_0046944,95
anon_0046928,100
anon_0046981,95
anon_0046993,90
anon_0046928,85
anon_0046944,75
anon_0046998,85
anon_0046981,85
anon_0046975,70
anon_0046993,95
anon_0046969,70
anon_0046969,90
anon_0046975,85
anon_0047004,100
anon_0046928,90
anon_0046844,85
anon_0046975,100
anon_0046944,50
anon_0046981,90
anon_0046844,90
anon_0046944,0
anon_0046998,90
anon_0046975,70
anon_0046928,90
anon_0046998,50
anon_0046993,90
anon_0046944,50
anon_0046928,90
anon_0046844,90
anon_0046928,85
anon_0046993,90
anon_0046997,0
anon_0047045,100
anon_0047021,100
anon_0047053,95
anon_0047024,90
anon_0046984,100
anon_0047021,95
anon_0046844,85
anon_0046988,100
anon_0047046,50
anon_0047053,100
anon_0046988,95
anon_0046993,100
anon_0047029,100
anon_0046988,70
anon_0047046,85
anon_0047029,80
anon_0046984,95
anon_0046997,100
anon_0046993,95
anon_0047045,85
anon_0046984,0
anon_0046984,85
anon_0046969,0
anon_0046870,85
anon_0047045,100
anon_0047004,90
anon_0047021,100
anon_0047004,80
anon_0046993,90
anon_0046975,85
anon_0046975,85
anon_0046988,85
anon_0046844,100
anon_0046919,90
anon_0046988,85
anon_0046870,100
anon_0047021,0
anon_0046984,100
anon_0047053,85
anon_0047029,100
anon_0046919,95
anon_0046984,100
anon_0046984,100
anon_0046870,100
anon_0046993,100
anon_0046984,100
anon_0047029,75
anon_0046969,85
anon_0047029,90
anon_0046870,100
anon_0047046,0
anon_0046988,100
anon_0046988,100
anon_0047053,85
anon_0047021,100
anon_0046919,30
anon_0047046,100
anon_0046969,90
anon_0047029,90
anon_0047021,85
anon_0047053,85
anon_0046975,85
anon_0046844,80
anon_0046988,85
anon_0047046,100
anon_0046988,90
anon_0046984,90
anon_0046844,50
anon_0046993,85
anon_0046988,90
anon_0046997,90
anon_0047045,100
anon_0046988,100
anon_0046993,90
anon_0046984,85
anon_0047045,90
anon_0046844,0
anon_0047046,100
anon_0047045,30
anon_0047004,95
anon_0047021,0
anon_0047021,85
anon_0047021,100
anon_0046981,95
anon_0046984,95
anon_0046844,90
anon_0047046,100
anon_0047029,85
anon_0046870,95
anon_0047004,90
anon_0046919,70
anon_0047046,100
anon_0047004,100
anon_0047053,85
anon_0047021,85
anon_0047046,100
anon_0046988,85
anon_0047021,80
anon_0047046,0
anon_0047053,85
anon_0047016,100
anon_0047046,95
anon_0047004,85
anon_0047046,100
anon_0046919,0
anon_0046981,100
anon_0046919,100
anon_0047029,85
anon_0047016,50
anon_0046919,100
anon_0047046,100
anon_0047004,0
anon_0046919,90
anon_0047046,100
anon_0047004,90
anon_0047046,100
anon_0046919,100
anon_0047046,0
anon_0047046,50
anon_0046988,30
anon_0046998,85
anon_0047004,95
anon_0046998,90
anon_0047021,85
anon_0046870,85
anon_0046988,90
anon_0047046,90
anon_0047021,85
anon_0047021,85
anon_0046998,0
anon_0046981,80
anon_0047004,90
anon_0046988,100
anon_0047046,50
anon_0046919,20
anon_0046919,85
anon_0047021,95
anon_0047046,100
anon_0047016,100
anon_0047046,85
anon_0046984,100
anon_0046984,100
anon_0046919,95
anon_0047024,85
anon_0047016,50
anon_0047021,90
anon_0047021,95
anon_0046984,100
anon_0046984,100
anon_0046981,0
anon_0047016,100
anon_0047016,85
anon_0046984,50
anon_0046984,100
anon_0047021,85
anon_0047016,100
anon_0047016,100
anon_0046919,90
anon_0046981,0
anon_0047046,100
anon_0046984,100
anon_0046998,80
anon_0046919,70
anon_0046984,100
anon_0047021,50
anon_0046988,90
anon_0046988,85
anon_0047024,95
anon_0046981,90
anon_0047024,100
anon_0047016,85
anon_0046981,90
anon_0047046,100
anon_0046984,100
anon_0047053,85
anon_0046998,90
anon_0047021,85
anon_0047053,100
anon_0047024,85
anon_0047046,0
anon_0046981,90
anon_0046919,50
anon_0047046,0
anon_0046988,85
anon_0046818,100
anon_0047024,85
anon_0046818,100
anon_0046998,50
anon_0046998,85
anon_0047024,85
anon_0047053,75
anon_0046818,100
anon_0046998,0
anon_0046818,100
anon_0046981,50
anon_0047024,85
anon_0047053,50
anon_0046818,20
anon_0047053,90
anon_0047024,95
anon_0046998,85
anon_0046818,100
anon_0047046,50
anon_0047053,100
anon_0046998,50
anon_0046818,90
anon_0046818,95
anon_0046818,90
anon_0047046,100
anon_0046984,50
anon_0047053,50
anon_0047021,100
anon_0047053,100
anon_0047080,95
anon_0047108,100
anon_0047098,50
anon_0047101,0
anon_0047080,75
anon_0047083,100
anon_0046988,100
anon_0047083,90
anon_0047080,0
anon_0047101,90
anon_0047080,0
anon_0046988,90
anon_0047080,90
anon_0047121,85
anon_0047083,100
anon_0046998,0
anon_0047092,100
anon_0047101,95
anon_0047101,100
anon_0047016,90
anon_0047080,95
anon_0047083,85
anon_0047083,85
anon_0047021,90
anon_0047016,85
anon_0047092,100
anon_0047098,100
anon_0047083,95
anon_0047101,0
anon_0046993,80
anon_0047118,85
anon_0047016,85
anon_0047080,0
anon_0047101,95
anon_0047092,90
anon_0046998,90
anon_0047098,85
anon_0046988,50
anon_0047122,100
anon_0047098,0
anon_0047016,90
anon_0047122,100
anon_0047080,90
anon_0047122,100
anon_0047092,100
anon_0047080,80
anon_0046988,90
anon_0047098,95
anon_0047021,100
anon_0047080,100
anon_0047053,100
anon_0047098,50
anon_0047092,100
anon_0046998,NA
anon_0047118,90
anon_0047083,95
anon_0047098,85
anon_0046988,90
anon_0047083,100
anon_0046993,90
anon_0046998,85
anon_0047083,85
anon_0046988,85
anon_0047046,0
anon_0046988,100
anon_0047108,0
anon_0047016,85
anon_0047092,85
anon_0046988,85
anon_0047092,85
anon_0047053,85
anon_0047101,0
anon_0047092,0
anon_0047080,85
anon_0047016,85
anon_0047080,95
anon_0046993,50
anon_0047016,100
anon_0047016,95
anon_0047101,30
anon_0047046,90
anon_0047130,100
anon_0047098,30
anon_0047021,90
anon_0047098,90
anon_0047130,100
anon_0047083,90
anon_0047053,85
anon_0047080,85
anon_0046998,0
anon_0046993,100
anon_0047021,0
anon_0046988,85
anon_0047016,100
anon_0047080,85
anon_0046997,90
anon_0047045,85
anon_0047021,100
anon_0047080,60
anon_0047016,100
anon_0047021,85
anon_0047016,100
anon_0047021,100
anon_0046998,0
anon_0046997,90
anon_0047098,85
anon_0047083,100
anon_0046981,50
anon_0046998,85
anon_0047021,85
anon_0047021,85
anon_0047130,85
anon_0046988,95
anon_0046981,100
anon_0046997,100
anon_0047016,100
anon_0046997,90
anon_0046997,100
anon_0047083,95
anon_0046981,100
anon_0046981,85
anon_0047098,NA
anon_0046997,100
anon_0047130,100
anon_0047080,0
anon_0047098,100
anon_0047098,85
anon_0047118,85
anon_0047016,50
anon_0046981,85
anon_0047101,90
anon_0046981,0
anon_0047080,90
anon_0047080,100
anon_0046981,85
anon_0046981,100
anon_0046998,50
anon_0047021,50
anon_0046981,80
anon_0047130,50
anon_0047098,90
anon_0046981,85
anon_0046997,90
anon_0046997,80
anon_0047098,90
anon_0046997,50
anon_0047098,70
anon_0047098,80
anon_0047130,100
anon_0047118,100
anon_0047160,100
anon_0047121,100
anon_0047157,0
anon_0047122,100
anon_0047111,100
anon_0047130,85
anon_0047157,0
anon_0047157,50
anon_0047101,95
anon_0047130,100
anon_0047118,70
anon_0047122,80
anon_0047092,90
anon_0047118,70
anon_0046993,85
anon_0047101,100
anon_0047130,100
anon_0047108,0
anon_0047111,NA
anon_0046993,85
anon_0047122,0
anon_0047101,85
anon_0047080,95
anon_0047101,85
anon_0047111,100
anon_0047098,85
anon_0047098,40
anon_0047130,100
anon_0047098,0
anon_0047121,85
anon_0047149,85
anon_0047121,100
anon_0047160,100
anon_0047122,85
anon_0047111,0
anon_0047092,100
anon_0047149,90
anon_0046993,90
anon_0047101,100
anon_0047122,0
anon_0047131,90
anon_0047122,50
anon_0047131,100
anon_0047118,85
anon_0047157,0
anon_0047092,85
anon_0047101,100
anon_0047118,95
anon_0047101,85
anon_0047130,90
anon_0047131,85
anon_0047101,90
anon_0047098,95
anon_0046993,85
anon_0047157,0
anon_0047108,90
anon_0047118,90
anon_0047131,95
anon_0047111,90
anon_0047157,85
anon_0047092,90
anon_0047157,85
anon_0047092,90
anon_0047101,100
anon_0047149,85
anon_0047098,90
anon_0047098,85
anon_0047092,85
anon_0047118,100
anon_0047092,30
anon_0047101,85
anon_0047118,85
anon_0047108,85
anon_0047121,100
anon_0047122,85
anon_0047098,90
anon_0047118,100
anon_0047092,85
anon_0047092,95
anon_0047131,90
anon_0047101,95
anon_0047092,85
anon_0047131,100
anon_0047118,95
anon_0047101,85
anon_0047111,50
anon_0047101,75
anon_0047092,85
anon_0047111,80
anon_0047122,75
anon_0047131,100
anon_0047130,95
anon_0047118,95
anon_0047101,85
anon_0046993,90
anon_0047130,85
anon_0047131,100
anon_0047098,40
anon_0047016,100
anon_0047130,100
anon_0047111,100
anon_0047130,100
anon_0047122,50
anon_0047130,0
anon_0047118,100
anon_0047098,85
anon_0047130,30
anon_0047131,100
anon_0047122,0
anon_0047122,85
anon_0047092,85
anon_0047122,70
anon_0047131,85
anon_0047098,50
anon_0047122,0
anon_0047122,50
anon_0047130,100
anon_0047098,85
anon_0047130,90
anon_0047131,50
anon_0046993,50
anon_0047098,0
anon_0047131,90
anon_0047130,85
anon_0047098,85
anon_0047131,95
anon_0047122,90
anon_0047122,95
anon_0047098,75
anon_0047122,90
anon_0047131,85
anon_0047130,100
anon_0047098,95
anon_0047122,0
anon_0047122,90
anon_0047122,100
anon_0047016,85
anon_0047122,85
anon_0047130,100
anon_0047130,85
anon_0047098,75
anon_0047122,100
anon_0047122,85
anon_0047092,85
anon_0047092,85
anon_0047131,95
anon_0047122,100
anon_0047122,85
anon_0047122,90
anon_0047092,85
anon_0047122,70
anon_0047122,85
anon_0047131,85
anon_0047130,0
anon_0047122,50
anon_0047098,90
anon_0047122,95
anon_0047122,85
anon_0047122,90
anon_0047092,90
anon_0047016,85
anon_0047122,85
anon_0047092,85
anon_0047122,70
anon_0047122,85
anon_0047122,0
anon_0047131,85
anon_0047131,100
anon_0047092,85
anon_0047122,85
anon_0047122,85
anon_0047092,85
anon_0047098,70
anon_0047122,85
anon_0047122,50
anon_0047098,85
anon_0047130,90
anon_0047016,0
anon_0047160,100
anon_0047118,100
anon_0047131,100
anon_0047111,85
anon_0047111,100
anon_0047151,100
anon_0047203,100
anon_0047151,100
anon_0047131,50
anon_0047131,100
anon_0047203,100
anon_0047111,90
anon_0047189,95
anon_0047111,80
anon_0047157,100
anon_0047160,100
anon_0047131,95
anon_0047149,100
anon_0047111,90
anon_0047111,100
anon_0047212,85
anon_0047130,100
anon_0047160,100
anon_0047157,0
anon_0047189,85
anon_0047111,0
anon_0047189,100
anon_0047189,90
anon_0047130,85
anon_0047160,90
anon_0047183,100
anon_0047118,95
anon_0047131,90
anon_0047101,85
anon_0047131,90
anon_0047131,90
anon_0047189,90
anon_0047111,100
anon_0047130,100
anon_0047111,90
anon_0047111,85
anon_0047111,85
anon_0047189,85
anon_0047160,100
anon_0047189,0
anon_0047131,100
anon_0047118,40
anon_0047157,78
anon_0047160,95
anon_0047118,90
anon_0047189,100
anon_0047118,85
anon_0047157,100
anon_0047157,85
anon_0047130,95
anon_0047212,85
anon_0047111,75
anon_0047131,50
anon_0047189,90
anon_0047118,85
anon_0047149,95
anon_0047111,100
anon_0047179,95
anon_0047121,100
anon_0047111,0
anon_0047149,90
anon_0047101,100
anon_0047179,100
anon_0047157,50
anon_0047111,85
anon_0046993,90
anon_0047130,100
anon_0047111,95
anon_0047101,95
anon_0047101,100
anon_0047149,100
anon_0047118,100
anon_0047101,90
anon_0047101,100
anon_0047101,100
anon_0047160,95
anon_0047183,100
anon_0047157,85
anon_0047131,85
anon_0047183,100
anon_0047183,70
anon_0047160,85
anon_0047101,50
anon_0046993,75
anon_0047160,100
anon_0047189,95
anon_0047179,90
anon_0047121,90
anon_0047183,85
anon_0047160,100
anon_0047160,20
anon_0047131,100
anon_0047157,85
anon_0047101,90
anon_0047160,100
anon_0046993,90
anon_0047183,85
anon_0047160,100
anon_0047130,100
anon_0047157,30
anon_0047157,90
anon_0047111,75
anon_0047131,85
anon_0047149,85
anon_0047157,85
anon_0047130,85
anon_0047121,80
anon_0046993,100
anon_0047131,0
anon_0047108,100
anon_0047101,85
anon_0047101,90
anon_0047149,100
anon_0047160,100
anon_0047118,100
anon_0047130,100
anon_0047101,85
anon_0047118,95
anon_0047130,100
anon_0047118,90
anon_0047130,85
anon_0047108,100
anon_0047108,100
anon_0047101,50
anon_0047130,100
anon_0047131,100
anon_0047130,100
anon_0047131,0
anon_0046993,90
anon_0047160,85
anon_0047130,100
anon_0046993,0
anon_0047131,0
anon_0046993,0
anon_0047101,85
anon_0047101,90
anon_0047149,85
anon_0047130,50
anon_0046993,100
anon_0047130,90
anon_0046993,75
anon_0047130,85
anon_0047149,100
anon_0047108,60
anon_0046993,100
anon_0047130,100
anon_0047149,100
anon_0046993,0
anon_0047101,85
anon_0047130,85
anon_0047131,50
anon_0047101,85
anon_0047101,100
anon_0047160,95
anon_0047130,60
anon_0047130,100
anon_0047130,85
anon_0046993,60
anon_0047101,90
anon_0047108,85
anon_0047131,0
anon_0047131,0
anon_0047101,50
anon_0047131,0
anon_0047222,0
anon_0047131,100
anon_0047131,100
anon_0047184,0
anon_0047149,95
anon_0047108,100
anon_0047149,90
anon_0047149,100
anon_0047217,0
anon_0047149,100
anon_0046993,100
anon_0047131,0
anon_0047228,30
anon_0047184,85
anon_0047212,90
anon_0047216,90
anon_0047108,0
anon_0047230,95
anon_0047149,100
anon_0047233,85
anon_0047216,50
anon_0047212,50
anon_0047212,90
anon_0047216,100
anon_0047184,95
anon_0047157,90
anon_0047149,100
anon_0047157,100
anon_0047218,100
anon_0047189,90
anon_0047228,85
anon_0047157,85
anon_0047203,100
anon_0046993,100
anon_0047216,90
anon_0047218,100
anon_0047230,95
anon_0047217,50
anon_0047183,50
anon_0046993,100
anon_0047212,85
anon_0047233,90
anon_0047157,90
anon_0047233,95
anon_0047149,50
anon_0047183,95
anon_0047233,100
anon_0047222,85
anon_0047157,0
anon_0047230,85
anon_0047222,100
anon_0047217,0
anon_0047218,100
anon_0047222,50
anon_0047149,85
anon_0047184,90
anon_0047184,100
anon_0047184,100
anon_0047189,0
anon_0047183,100
anon_0047222,60
anon_0047189,100
anon_0047222,0
anon_0047222,100
anon_0047149,90
anon_0047184,90
anon_0047203,90
anon_0047217,85
anon_0047233,100
anon_0047184,85
anon_0047233,85
anon_0047233,85
anon_0047217,0
anon_0046993,70
anon_0047183,95
anon_0047184,0
anon_0047108,80
anon_0047149,90
anon_0047157,85
anon_0047203,90
anon_0047217,85
anon_0047222,85
anon_0047131,0
anon_0047157,85
anon_0047227,100
anon_0047216,85
anon_0047183,100
anon_0047222,90
anon_0047189,90
anon_0047149,100
anon_0047203,85
anon_0047218,100
anon_0047131,90
anon_0047233,85
anon_0047210,70
anon_0047228,100
anon_0047228,85
anon_0047189,100
anon_0047189,100
anon_0047108,0
anon_0047230,85
anon_0047210,90
anon_0047230,100
anon_0047189,100
anon_0047189,100
anon_0047233,85
anon_0047203,100
anon_0047203,100
anon_0047203,100
anon_0047203,100
anon_0047131,100
anon_0047203,100
anon_0047227,75
anon_0047203,50
anon_0047230,100
anon_0047203,100
anon_0047131,50
anon_0047203,100
anon_0047203,85
anon_0047203,85
anon_0047189,90
anon_0047230,100
anon_0047233,85
anon_0047189,0
anon_0047230,85
anon_0047230,95
anon_0047151,100
anon_0047228,85
anon_0047189,100
anon_0047183,95
anon_0047233,85
anon_0047189,95
anon_0047228,85
anon_0047183,85
anon_0047189,0
anon_0047131,0
anon_0047131,0
anon_0047131,70
anon_0047189,100
anon_0047189,0
anon_0047227,100
anon_0047131,0
anon_0047151,100
anon_0047227,100
anon_0047111,100
anon_0047131,50
anon_0047230,90
anon_0047203,90
anon_0047228,75
anon_0047131,0
anon_0047230,20
anon_0047131,0
anon_0047189,85
anon_0047131,0
anon_0047189,85
anon_0047230,85
anon_0047151,90
anon_0047228,85
anon_0047189,85
anon_0047227,100
anon_0047189,100
anon_0047111,100
anon_0047131,90
anon_0047203,90
anon_0047228,70
anon_0047131,0
anon_0047230,85
anon_0047183,85
anon_0047203,85
anon_0047111,85
anon_0047227,100
anon_0047227,0
anon_0047203,85
anon_0047227,100
anon_0047230,90
anon_0047131,0
anon_0047183,85
anon_0047111,100
anon_0047230,90
anon_0047184,80
anon_0047256,50
anon_0047217,100
anon_0047212,95
anon_0047250,90
anon_0047203,0
anon_0047230,90
anon_0047233,100
anon_0047240,90
anon_0047227,100
anon_0047210,95
anon_0047203,90
anon_0047250,85
anon_0047222,85
anon_0047151,100
anon_0047240,0
anon_0047227,100
anon_0047256,0
anon_0047151,70
anon_0047210,0
anon_0047250,0
anon_0047227,100
anon_0047203,100
anon_0047212,85
anon_0047210,85
anon_0047260,85
anon_0047240,100
anon_0047260,100
anon_0047230,95
anon_0047210,100
anon_0047230,90
anon_0047230,100
anon_0047210,85
anon_0047233,85
anon_0047256,85
anon_0047260,90
anon_0047227,85
anon_0047230,85
anon_0047217,75
anon_0047183,85
anon_0047230,90
anon_0047240,90
anon_0047210,90
anon_0047227,100
anon_0047233,90
anon_0047233,100
anon_0047217,100
anon_0047183,0
anon_0047233,50
anon_0047222,95
anon_0047227,85
anon_0047233,95
anon_0047217,50
anon_0047203,75
anon_0047203,100
anon_0047230,90
anon_0047260,90
anon_0047227,75
anon_0047228,100
anon_0047227,100
anon_0047203,85
anon_0047228,40
anon_0047227,50
anon_0047203,90
anon_0047230,100
anon_0047240,100
anon_0047256,100
anon_0047217,90
anon_0047108,100
anon_0047240,85
anon_0047217,100
anon_0047183,70
anon_0047108,100
anon_0047228,100
anon_0047230,90
anon_0047151,90
anon_0047108,85
anon_0047227,100
anon_0047240,100
anon_0047240,90
anon_0047217,0
anon_0047227,100
anon_0047233,85
anon_0047228,85
anon_0047240,0
anon_0047227,50
anon_0047233,80
anon_0047184,85
anon_0047256,85
anon_0047256,85
anon_0047240,90
anon_0047184,95
anon_0047227,100
anon_0047184,100
anon_0047233,85
anon_0047233,85
anon_0047222,85
anon_0047184,90
anon_0047233,85
anon_0047217,85
anon_0047217,75
anon_0047228,85
anon_0047227,100
anon_0047228,85
anon_0047233,90
anon_0047227,100
anon_0047228,90
anon_0047217,40
anon_0047230,90
anon_0047228,90
anon_0047233,90
anon_0047233,90
anon_0047228,85
anon_0047203,95
anon_0047108,95
anon_0047233,85
anon_0047184,85
anon_0047227,100
anon_0047184,90
anon_0047212,85
anon_0047233,100
anon_0047228,85
anon_0047233,75
anon_0047212,85
anon_0047222,100
anon_0047212,85
anon_0047227,90
anon_0047218,85
anon_0047233,85
anon_0047233,95
anon_0047222,90
anon_0047228,100
anon_0047217,85
anon_0047222,50
anon_0047240,80
anon_0047218,100
anon_0047233,85
anon_0047218,90
anon_0047233,60
anon_0047228,85
anon_0047227,100
anon_0047228,30
anon_0047228,85
anon_0047203,85
anon_0047233,85
anon_0047228,95
anon_0047218,100
anon_0047222,85
anon_0047222,100
anon_0047233,80
anon_0047218,90
anon_0047203,85
anon_0047218,90
anon_0047218,85
anon_0047218,90
anon_0047218,100
anon_0047227,100
anon_0047212,85
anon_0047233,95
anon_0047233,85
anon_0047228,70
anon_0047218,100
anon_0047222,20
anon_0047218,50
anon_0047233,50
anon_0047217,85
anon_0047233,50
anon_0047218,100
anon_0047222,80
anon_0047222,85
anon_0047222,50
anon_0047233,90
anon_0047218,50
anon_0047218,85
anon_0047233,30
anon_0047233,85
anon_0047233,95
anon_0047212,85
anon_0047227,100
anon_0047218,75
anon_0047228,85
anon_0047227,100
anon_0047265,100
anon_0047230,75
anon_0047265,100
anon_0047228,95
anon_0047228,100
anon_0047288,0
anon_0047271,95
anon_0047269,100
anon_0047250,95
anon_0047265,85
anon_0047269,0
anon_0047271,100
anon_0047212,95
anon_0047269,0
anon_0047269,50
anon_0047250,100
anon_0047283,95
anon_0047250,85
anon_0047212,20
anon_0047283,85
anon_0047228,100
anon_0047271,95
anon_0047210,85
anon_0047273,100
anon_0047269,85
anon_0047271,90
anon_0047269,0
anon_0047210,95
anon_0047283,85
anon_0047265,80
anon_0047227,50
anon_0047212,60
anon_0047271,100
anon_0047265,100
anon_0047269,95
anon_0047228,90
anon_0047230,85
anon_0047269,90
anon_0047250,0
anon_0047250,100
anon_0047265,95
anon_0047283,90
anon_0047256,100
anon_0047273,90
anon_0047271,100
anon_0047265,100
anon_0047271,85
anon_0047271,95
anon_0047269,100
anon_0047271,85
anon_0047273,100
anon_0047269,0
anon_0047230,50
anon_0047210,85
anon_0047212,85
anon_0047250,100
anon_0047283,80
anon_0047269,50
anon_0047269,85
anon_0047271,85
anon_0047250,85
anon_0047283,20
anon_0047273,95
anon_0047228,95
anon_0047228,85
anon_0047269,95
anon_0047212,85
anon_0047250,90
anon_0047227,90
anon_0047271,90
anon_0047273,85
anon_0047273,90
anon_0047269,85
anon_0047271,100
anon_0047269,90
anon_0047271,90
anon_0047271,90
anon_0047228,50
anon_0047273,90
anon_0047228,95
anon_0047228,85
anon_0047230,90
anon_0047227,100
anon_0047228,85
anon_0047271,85
anon_0047269,90
anon_0047273,70
anon_0047269,90
anon_0047228,85
anon_0047230,85
anon_0047269,95
anon_0047250,0
anon_0047269,100
anon_0047240,100
anon_0047222,50
anon_0047269,85
anon_0047260,100
anon_0047230,85
anon_0047273,100
anon_0047212,100
anon_0047212,20
anon_0047230,90
anon_0047250,50
anon_0047260,100
anon_0047212,100
anon_0047212,100
anon_0047260,85
anon_0047222,0
anon_0047250,100
anon_0047260,0
anon_0047280,30
anon_0047240,50
anon_0047222,100
anon_0047212,95
anon_0047260,100
anon_0047240,100
anon_0047240,100
anon_0047218,100
anon_0047222,100
anon_0047250,85
anon_0047240,90
anon_0047280,85
anon_0047212,95
anon_0047265,100
anon_0047260,100
anon_0047260,90
anon_0047280,85
anon_0047265,100
anon_0047250,100
anon_0047240,70
anon_0047151,95
anon_0047222,50
anon_0047212,90
anon_0047273,75
anon_0047212,50
anon_0047250,90
anon_0047240,95
anon_0047212,85
anon_0047280,85
anon_0047265,100
anon_0047250,0
anon_0047260,95
anon_0047151,50
anon_0047280,85
anon_0047240,50
anon_0047273,85
anon_0047250,95
anon_0047151,90
anon_0047212,50
anon_0047260,95
anon_0047240,0
anon_0047240,85
anon_0047273,85
anon_0047280,85
anon_0047212,0
anon_0047218,50
anon_0047218,100
anon_0047260,50
anon_0047265,85
anon_0047273,85
anon_0047265,95
anon_0047280,95
anon_0047260,90
anon_0047240,90
anon_0047218,50
anon_0047250,90
anon_0047212,85
anon_0047280,90
anon_0047151,50
anon_0047265,100
anon_0047218,90
anon_0047218,85
anon_0047250,100
anon_0047240,100
anon_0047273,90
anon_0047265,100
anon_0047151,85
anon_0047265,90
anon_0047212,85
anon_0047265,95
anon_0047280,85
anon_0047280,50
anon_0047271,100
anon_0047288,85
anon_0047354,100
anon_0047283,100
anon_0047283,100
anon_0047366,100
anon_0047212,100
anon_0047338,100
anon_0047377,90
anon_0047375,30
anon_0047283,100
anon_0047338,90
anon_0047228,95
anon_0047288,100
anon_0047375,100
anon_0047395,95
anon_0047384,0
anon_0047288,100
anon_0047283,100
anon_0047366,95
anon_0047212,90
anon_0047283,100
anon_0047338,100
anon_0047212,0
anon_0047212,90
anon_0047404,100
anon_0047384,90
anon_0047354,50
anon_0047338,100
anon_0047288,100
anon_0047404,95
anon_0047404,100
anon_0047323,100
anon_0047338,100
anon_0047210,50
anon_0047265,0
anon_0047338,50
anon_0047323,100
anon_0047404,85
anon_0047283,100
anon_0047354,0
anon_0047265,85
anon_0047265,50
anon_0047288,100
anon_0047228,95
anon_0047338,90
anon_0047265,100
anon_0047382,85
anon_0047338,100
anon_0047265,50
anon_0047265,50
anon_0047338,100
anon_0047375,90
anon_0047393,90
anon_0047288,85
anon_0047382,85
anon_0047354,85
anon_0047283,95
anon_0047354,90
anon_0047377,50
anon_0047377,85
anon_0047288,100
anon_0047288,0
anon_0047323,100
anon_0047393,95
anon_0047288,90
anon_0047395,100
anon_0047288,85
anon_0047338,0
anon_0047354,75
anon_0047382,85
anon_0047404,85
anon_0047384,85
anon_0047265,85
anon_0047338,0
anon_0047395,95
anon_0047265,85
anon_0047366,100
anon_0047338,50
anon_0047212,100
anon_0047212,85
anon_0047265,50
anon_0047354,90
anon_0047288,85
anon_0047382,95
anon_0047323,90
anon_0047323,85
anon_0047404,90
anon_0047228,85
anon_0047404,85
anon_0047228,70
anon_0047212,75
anon_0047382,100
anon_0047382,90
anon_0047212,85
anon_0047265,90
anon_0047323,85
anon_0047323,90
anon_0047283,85
anon_0047382,90
anon_0047323,100
anon_0047265,85
anon_0047265,100
anon_0047210,100
anon_0047366,90
anon_0047338,100
anon_0047382,50
anon_0047271,85
anon_0047323,100
anon_0047323,85
anon_0047265,80
anon_0047288,100
anon_0047323,100
anon_0047210,95
anon_0047323,85
anon_0047210,85
anon_0047338,95
anon_0047271,100
anon_0047338,85
anon_0047288,95
anon_0047393,100
anon_0047228,85
anon_0047271,100
anon_0047323,100
anon_0047210,70
anon_0047323,85
anon_0047271,50
anon_0047210,85
anon_0047271,100
anon_0047271,90
anon_0047323,100
anon_0047288,100
anon_0047338,90
anon_0047210,95
anon_0047280,90
anon_0047280,85
anon_0047265,95
anon_0047382,95
anon_0047280,85
anon_0047354,0
anon_0047228,85
anon_0047288,0
anon_0047271,95
anon_0047280,85
anon_0047271,80
anon_0047265,90
anon_0047271,85
anon_0047228,85
anon_0047288,85
anon_0047271,85
anon_0047280,95
anon_0047210,50
anon_0047271,100
anon_0047228,85
anon_0047228,85
anon_0047323,95
anon_0047228,95
anon_0047280,85
anon_0047280,90
anon_0047323,100
anon_0047354,85
anon_0047280,85
anon_0047271,85
anon_0047210,75
anon_0047228,90
anon_0047228,85
anon_0047228,90
anon_0047271,100
anon_0047323,95
anon_0047228,90
anon_0047228,90
anon_0047228,90
anon_0047354,85
anon_0047228,85
anon_0047271,85
anon_0047228,90
anon_0047323,95
anon_0047280,85
anon_0047228,85
anon_0047354,85
anon_0047228,85
anon_0047354,85
anon_0047228,85
anon_0047354,0
anon_0047280,90
anon_0047280,50
anon_0047228,85
anon_0047228,85
anon_0047228,85
anon_0047280,85
anon_0047228,85
anon_0047228,100
anon_0047288,100
anon_0047433,100
anon_0047425,100
anon_0047283,95
anon_0047406,100
anon_0047393,100
anon_0047440,95
anon_0047433,100
anon_0047404,50
anon_0047384,0
anon_0047420,90
anon_0047384,0
anon_0047404,100
anon_0047283,100
anon_0047354,100
anon_0047366,85
anon_0047418,0
anon_0047406,100
anon_0047354,100
anon_0047409,100
anon_0047283,95
anon_0047418,90
anon_0047433,100
anon_0047440,95
anon_0047393,100
anon_0047425,90
anon_0047440,80
anon_0047433,100
anon_0047354,100
anon_0047354,85
anon_0047283,90
anon_0047436,90
anon_0047436,100
anon_0047409,100
anon_0047393,100
anon_0047425,90
anon_0047354,100
anon_0047436,85
anon_0047377,90
anon_0047393,100
anon_0047418,100
anon_0047377,0
anon_0047409,90
anon_0047384,40
anon_0047395,90
anon_0047409,100
anon_0047420,85
anon_0047366,100
anon_0047425,95
anon_0047440,0
anon_0047366,80
anon_0047395,90
anon_0047354,100
anon_0047418,90
anon_0047366,90
anon_0047420,90
anon_0047420,100
anon_0047440,100
anon_0047395,100
anon_0047283,95
anon_0047440,0
anon_0047406,100
anon_0047418,100
anon_0047436,90
anon_0047377,85
anon_0047420,90
anon_0047436,90
anon_0047433,50
anon_0047409,90
anon_0047433,100
anon_0047395,100
anon_0047404,90
anon_0047404,80
anon_0047384,100
anon_0047395,NA
anon_0047395,0
anon_0047384,100
anon_0047420,90
anon_0047406,85
anon_0047418,85
anon_0047440,90
anon_0047395,85
anon_0047354,50
anon_0047418,85
anon_0047433,100
anon_0047440,85
anon_0047409,95
anon_0047406,100
anon_0047440,100
anon_0047433,100
anon_0047436,NA
anon_0047366,85
anon_0047436,85
anon_0047404,85
anon_0047436,85
anon_0047283,100
anon_0047409,100
anon_0047366,85
anon_0047384,85
anon_0047395,85
anon_0047354,NA
anon_0047395,100
anon_0047375,100
anon_0047418,90
anon_0047395,95
anon_0047406,90
anon_0047375,100
anon_0047375,100
anon_0047409,100
anon_0047395,90
anon_0047395,100
anon_0047375,100
anon_0047382,50
anon_0047382,50
anon_0047382,100
anon_0047393,50
anon_0047406,100
anon_0047375,100
anon_0047436,85
anon_0047436,85
anon_0047406,50
anon_0047420,90
anon_0047409,85
anon_0047440,100
anon_0047436,90
anon_0047283,0
anon_0047375,85
anon_0047382,100
anon_0047375,90
anon_0047382,85
anon_0047409,85
anon_0047409,85
anon_0047375,100
anon_0047375,90
anon_0047382,30
anon_0047375,85
anon_0047375,100
anon_0047375,100
anon_0047382,100
anon_0047375,100
anon_0047375,100
anon_0047420,90
anon_0047382,85
anon_0047375,100
anon_0047283,50
anon_0047420,85
anon_0047409,50
anon_0047436,85
anon_0047283,0
anon_0047382,90
anon_0047406,100
anon_0047440,0
anon_0047283,0
anon_0047375,100
anon_0047436,85
anon_0047393,100
anon_0047406,100
anon_0047375,85
anon_0047409,75
anon_0047393,100
anon_0047393,100
anon_0047393,100
anon_0047382,90
anon_0047436,85
anon_0047382,90
anon_0047393,100
anon_0047382,85
anon_0047393,100
anon_0047420,85
anon_0047406,100
anon_0047440,85
anon_0047409,100
anon_0047382,85
anon_0047436,90
anon_0047382,100
anon_0047393,100
anon_0047436,85
anon_0047420,85
anon_0047440,85
anon_0047354,85
anon_0047382,85
anon_0047436,90
anon_0047440,90
anon_0047354,50
anon_0047436,50
anon_0047393,95
anon_0047393,85
anon_0047393,100
anon_0047354,100
anon_0047409,100
anon_0047283,85
anon_0047436,75
anon_0047436,90
anon_0047382,90
anon_0047393,85
anon_0047393,95
anon_0047406,50
anon_0047393,90
anon_0047406,0
anon_0047382,90
anon_0047393,95
anon_0047393,100
anon_0047406,85
anon_0047393,100
anon_0047393,95
anon_0047406,0
anon_0047354,100
anon_0047406,100
anon_0047283,100
anon_0047406,100
anon_0047406,100
anon_0047393,75
anon_0047457,0
anon_0047406,90
anon_0047366,0
anon_0047409,100
anon_0047457,100
anon_0047457,90
anon_0047457,100
anon_0047433,0
anon_0047418,95
anon_0047496,95
anon_0047409,100
anon_0047457,100
anon_0047425,85
anon_0047377,100
anon_0047497,40
anon_0047457,85
anon_0047441,100
anon_0047440,100
anon_0047465,0
anon_0047418,100
anon_0047457,100
anon_0047283,85
anon_0047440,100
anon_0047425,100
anon_0047409,0
anon_0047497,100
anon_0047465,0
anon_0047366,100
anon_0047425,0
anon_0047377,85
anon_0047465,0
anon_0047395,100
anon_0047395,95
anon_0047438,100
anon_0047409,100
anon_0047425,100
anon_0047406,85
anon_0047460,85
anon_0047366,90
anon_0047395,0
anon_0047433,100
anon_0047418,100
anon_0047418,100
anon_0047433,100
anon_0047418,95
anon_0047409,80
anon_0047395,0
anon_0047457,0
anon_0047418,0
anon_0047283,85
anon_0047420,90
anon_0047406,100
anon_0047457,90
anon_0047433,100
anon_0047440,50
anon_0047496,85
anon_0047395,100
anon_0047457,100
anon_0047433,85
anon_0047438,100
anon_0047418,90
anon_0047497,90
anon_0047377,100
anon_0047406,100
anon_0047441,100
anon_0047420,95
anon_0047425,100
anon_0047438,100
anon_0047409,85
anon_0047375,0
anon_0047406,80
anon_0047409,100
anon_0047440,95
anon_0047418,85
anon_0047496,85
anon_0047409,90
anon_0047465,85
anon_0047438,95
anon_0047377,100
anon_0047283,90
anon_0047425,95
anon_0047409,90
anon_0047409,90
anon_0047425,90
anon_0047440,100
anon_0047420,85
anon_0047433,85
anon_0047425,0
anon_0047420,85
anon_0047418,75
anon_0047425,90
anon_0047438,100
anon_0047418,20
anon_0047420,30
anon_0047420,70
anon_0047406,100
anon_0047433,90
anon_0047283,100
anon_0047438,100
anon_0047457,100
anon_0047420,85
anon_0047375,100
anon_0047395,85
anon_0047395,95
anon_0047377,0
anon_0047406,100
anon_0047283,50
anon_0047395,0
anon_0047418,95
anon_0047460,100
anon_0047465,0
anon_0047465,100
anon_0047418,100
anon_0047395,95
anon_0047406,95
anon_0047375,90
anon_0047406,85
anon_0047406,85
anon_0047465,50
anon_0047440,100
anon_0047283,90
anon_0047375,90
anon_0047375,50
anon_0047418,90
anon_0047406,85
anon_0047395,95
anon_0047377,50
anon_0047465,90
anon_0047283,50
anon_0047460,100
anon_0047440,100
anon_0047395,85
anon_0047418,85
anon_0047460,100
anon_0047418,75
anon_0047460,100
anon_0047377,90
anon_0047283,50
anon_0047465,100
anon_0047406,85
anon_0047375,90
anon_0047283,85
anon_0047283,85
anon_0047283,85
anon_0047375,100
anon_0047375,90
anon_0047375,100
anon_0047395,95
anon_0047465,100
anon_0047418,90
anon_0047440,85
anon_0047406,85
anon_0047377,85
anon_0047441,0
anon_0047465,90
anon_0047409,85
anon_0047465,90
anon_0047375,85
anon_0047465,90
anon_0047377,85
anon_0047395,90
anon_0047283,85
anon_0047377,85
anon_0047283,85
anon_0047460,100
anon_0047375,85
anon_0047465,100
anon_0047283,70
anon_0047465,0
anon_0047377,85
anon_0047465,100
anon_0047418,50
anon_0047375,100
anon_0047440,85
anon_0047377,80
anon_0047440,90
anon_0047395,85
anon_0047283,85
anon_0047377,50
anon_0047440,85
anon_0047377,30
anon_0047375,85
anon_0047375,100
anon_0047375,50
anon_0047465,NA
anon_0047465,85
anon_0047377,0
anon_0047377,85
anon_0047377,90
anon_0047377,90
anon_0047395,85
anon_0047375,100
anon_0047440,100
anon_0047492,0
anon_0047377,85
anon_0047457,0
anon_0047512,100
anon_0047512,100
anon_0047457,95
anon_0047509,100
anon_0047438,0
anon_0047523,0
anon_0047509,85
anon_0047460,0
anon_0047509,100
anon_0047508,100
anon_0047377,90
anon_0047438,100
anon_0047438,0
anon_0047532,85
anon_0047283,100
anon_0047438,100
anon_0047523,90
anon_0047460,100
anon_0047509,90
anon_0047512,100
anon_0047409,85
anon_0047516,100
anon_0047519,0
anon_0047409,50
anon_0047509,85
anon_0047523,100
anon_0047508,0
anon_0047523,90
anon_0047512,95
anon_0047460,100
anon_0047523,90
anon_0047441,90
anon_0047497,95
anon_0047377,0
anon_0047457,90
anon_0047492,75
anon_0047460,100
anon_0047532,100
anon_0047395,85
anon_0047497,95
anon_0047496,100
anon_0047425,100
anon_0047460,100
anon_0047532,85
anon_0047395,85
anon_0047508,100
anon_0047460,100
anon_0047441,85
anon_0047395,85
anon_0047409,100
anon_0047508,0
anon_0047508,85
anon_0047465,85
anon_0047465,0
anon_0047497,85
anon_0047512,90
anon_0047497,100
anon_0047460,85
anon_0047508,75
anon_0047523,85
anon_0047516,85
anon_0047509,90
anon_0047497,85
anon_0047441,90
anon_0047492,85
anon_0047283,100
anon_0047516,0
anon_0047441,90
anon_0047509,85
anon_0047496,85
anon_0047377,85
anon_0047492,85
anon_0047497,95
anon_0047509,85
anon_0047438,90
anon_0047425,20
anon_0047395,100
anon_0047519,85
anon_0047492,90
anon_0047497,0
anon_0047492,85
anon_0047509,70
anon_0047496,75
anon_0047523,90
anon_0047512,0
anon_0047460,85
anon_0047425,100
anon_0047395,0
anon_0047409,50
anon_0047496,90
anon_0047497,100
anon_0047425,95
anon_0047377,100
anon_0047457,100
anon_0047377,100
anon_0047523,95
anon_0047377,90
anon_0047441,100
anon_0047492,50
anon_0047377,100
anon_0047509,85
anon_0047492,75
anon_0047457,0
anon_0047509,85
anon_0047512,0
anon_0047457,100
anon_0047377,100
anon_0047512,100
anon_0047497,95
anon_0047496,100
anon_0047509,75
anon_0047512,100
anon_0047377,50
anon_0047457,100
anon_0047457,90
anon_0047492,85
anon_0047509,75
anon_0047497,100
anon_0047496,100
anon_0047497,90
anon_0047377,100
anon_0047496,80
anon_0047496,100
anon_0047441,100
anon_0047496,100
anon_0047496,75
anon_0047509,90
anon_0047496,100
anon_0047441,50
anon_0047465,NA
anon_0047496,85
anon_0047496,50
anon_0047496,100
anon_0047492,85
anon_0047496,50
anon_0047496,50
anon_0047496,85
anon_0047492,85
anon_0047283,85
anon_0047497,100
anon_0047509,30
anon_0047496,100
anon_0047496,85
anon_0047509,95
anon_0047496,85
anon_0047496,85
anon_0047441,85
anon_0047509,95
anon_0047496,85
anon_0047441,95
anon_0047509,40
anon_0047496,50
anon_0047497,100
anon_0047512,85
anon_0047496,85
anon_0047497,95
anon_0047496,50
anon_0047496,75
anon_0047509,85
anon_0047457,100
anon_0047496,50
anon_0047496,100
anon_0047509,80
anon_0047512,90
anon_0047516,50
anon_0047425,90
anon_0047438,100
anon_0047523,100
anon_0047539,100
anon_0047425,100
anon_0047509,85
anon_0047508,100
anon_0047539,100
anon_0047508,50
anon_0047578,90
anon_0047516,90
anon_0047516,0
anon_0047460,75
anon_0047512,100
anon_0047563,0
anon_0047516,100
anon_0047384,100
anon_0047525,100
anon_0047441,85
anon_0047509,90
anon_0047438,80
anon_0047539,100
anon_0047441,70
anon_0047523,95
anon_0047578,100
anon_0047496,90
anon_0047438,100
anon_0047516,0
anon_0047509,100
anon_0047516,0
anon_0047384,95
anon_0047525,100
anon_0047512,0
anon_0047425,85
anon_0047509,85
anon_0047539,100
anon_0047539,100
anon_0047568,90
anon_0047384,90
anon_0047425,100
anon_0047568,90
anon_0047516,90
anon_0047508,90
anon_0047438,90
anon_0047438,100
anon_0047578,100
anon_0047539,100
anon_0047425,50
anon_0047516,60
anon_0047384,90
anon_0047512,85
anon_0047516,100
anon_0047384,20
anon_0047425,95
anon_0047539,100
anon_0047384,100
anon_0047512,85
anon_0047460,100
anon_0047384,85
anon_0047384,85
anon_0047512,0
anon_0047573,90
anon_0047509,30
anon_0047438,100
anon_0047516,90
anon_0047425,85
anon_0047512,85
anon_0047512,90
anon_0047539,100
anon_0047460,85
anon_0047384,70
anon_0047573,85
anon_0047409,90
anon_0047509,50
anon_0047512,85
anon_0047573,95
anon_0047539,85
anon_0047509,85
anon_0047384,100
anon_0047509,90
anon_0047568,0
anon_0047539,85
anon_0047568,100
anon_0047460,90
anon_0047441,100
anon_0047441,50
anon_0047425,50
anon_0047512,95
anon_0047509,50
anon_0047425,85
anon_0047509,85
anon_0047409,85
anon_0047460,100
anon_0047438,90
anon_0047508,75
anon_0047509,85
anon_0047509,90
anon_0047509,60
anon_0047512,100
anon_0047509,85
anon_0047384,85
anon_0047457,100
anon_0047457,100
anon_0047512,90
anon_0047523,0
anon_0047539,100
anon_0047512,100
anon_0047512,90
anon_0047516,100
anon_0047496,100
anon_0047460,90
anon_0047512,50
anon_0047460,70
anon_0047523,0
anon_0047512,90
anon_0047516,0
anon_0047516,0
anon_0047496,85
anon_0047512,100
anon_0047496,30
anon_0047516,95
anon_0047512,90
anon_0047460,90
anon_0047457,85
anon_0047516,90
anon_0047496,100
anon_0047441,100
anon_0047516,100
anon_0047457,90
anon_0047523,100
anon_0047509,85
anon_0047512,100
anon_0047516,95
anon_0047457,100
anon_0047457,0
anon_0047509,100
anon_0047512,85
anon_0047516,90
anon_0047496,75
anon_0047460,60
anon_0047512,85
anon_0047523,100
anon_0047457,95
anon_0047496,85
anon_0047457,90
anon_0047523,0
anon_0047457,100
anon_0047457,100
anon_0047516,20
anon_0047496,100
anon_0047512,NA
anon_0047457,0
anon_0047441,100
anon_0047512,30
anon_0047539,0
anon_0047578,100
anon_0047563,100
anon_0047578,NA
anon_0047611,100
anon_0047563,80
anon_0047640,90
anon_0047640,90
anon_0047643,70
anon_0047578,0
anon_0047525,100
anon_0047568,100
anon_0047611,0
anon_0047588,100
anon_0047640,95
anon_0047588,100
anon_0047568,90
anon_0047578,90
anon_0047591,100
anon_0047568,85
anon_0047615,85
anon_0047591,100
anon_0047588,100
anon_0047643,85
anon_0047615,100
anon_0047591,100
anon_0047539,0
anon_0047643,95
anon_0047588,95
anon_0047568,100
anon_0047563,70
anon_0047578,85
anon_0047578,95
anon_0047568,90
anon_0047578,85
anon_0047568,100
anon_0047568,100
anon_0047591,100
anon_0047525,100
anon_0047539,95
anon_0047640,85
anon_0047615,85
anon_0047640,85
anon_0047578,85
anon_0047568,100
anon_0047568,100
anon_0047591,100
anon_0047615,95
anon_0047563,0
anon_0047539,100
anon_0047615,85
anon_0047563,90
anon_0047591,100
anon_0047563,100
anon_0047563,85
anon_0047568,85
anon_0047525,95
anon_0047615,85
anon_0047591,100
anon_0047539,85
anon_0047578,90
anon_0047568,95
anon_0047615,90
anon_0047568,85
anon_0047615,85
anon_0047588,100
anon_0047568,100
anon_0047568,95
anon_0047591,50
anon_0047568,100
anon_0047568,60
anon_0047563,80
anon_0047568,100
anon_0047591,50
anon_0047588,100
anon_0047588,85
anon_0047578,85
anon_0047588,90
anon_0047568,85
anon_0047591,95
anon_0047539,50
anon_0047539,100
anon_0047588,90
anon_0047578,100
anon_0047640,85
anon_0047615,75
anon_0047438,100
anon_0047573,85
anon_0047573,90
anon_0047615,50
anon_0047568,90
anon_0047578,70
anon_0047578,85
anon_0047573,95
anon_0047438,100
anon_0047578,60
anon_0047438,100
anon_0047578,50
anon_0047539,85
anon_0047578,100
anon_0047578,0
anon_0047568,85
anon_0047563,0
anon_0047568,90
anon_0047578,0
anon_0047578,50
anon_0047568,100
anon_0047438,100
anon_0047539,50
anon_0047573,0
anon_0047539,60
anon_0047578,85
anon_0047578,90
anon_0047578,100
anon_0047578,30
anon_0047615,90
anon_0047591,100
anon_0047539,100
anon_0047588,100
anon_0047573,70
anon_0047578,85
anon_0047568,90
anon_0047578,0
anon_0047578,50
anon_0047611,0
anon_0047573,100
anon_0047640,100
anon_0047578,100
anon_0047568,85
anon_0047539,100
anon_0047591,95
anon_0047640,0
anon_0047578,100
anon_0047539,85
anon_0047578,95
anon_0047578,100
anon_0047578,85
anon_0047573,60
anon_0047591,90
anon_0047539,100
anon_0047573,95
anon_0047578,0
anon_0047578,85
anon_0047568,100
anon_0047578,95
anon_0047573,90
anon_0047578,100
anon_0047568,90
anon_0047615,85
anon_0047591,80
anon_0047615,90
anon_0047640,90
anon_0047640,100
anon_0047539,50
anon_0047573,50
anon_0047611,85
anon_0047438,100
anon_0047578,100
anon_0047539,100
anon_0047611,85
anon_0047578,95
anon_0047539,100
anon_0047539,75
anon_0047578,90
anon_0047539,100
anon_0047591,90
anon_0047573,85
anon_0047568,95
anon_0047578,90
anon_0047573,90
anon_0047573,95
anon_0047438,85
anon_0047539,30
anon_0047539,85
anon_0047640,95
anon_0047611,85
anon_0047573,50
anon_0047573,50
anon_0047578,100
anon_0047573,95
anon_0047573,95
anon_0047573,85
anon_0047640,0
anon_0047591,85
anon_0047573,50
anon_0047573,0
anon_0047539,85
anon_0047668,85
anon_0047438,100
anon_0047667,100
anon_0047659,0
anon_0047539,100
anon_0047654,80
anon_0047438,100
anon_0047695,100
anon_0047668,95
anon_0047687,100
anon_0047667,100
anon_0047668,100
anon_0047697,90
anon_0047687,100
anon_0047667,100
anon_0047667,100
anon_0047695,100
anon_0047640,0
anon_0047438,90
anon_0047640,100
anon_0047695,95
anon_0047438,100
anon_0047697,100
anon_0047667,100
anon_0047611,100
anon_0047643,100
anon_0047611,85
anon_0047438,100
anon_0047654,100
anon_0047667,90
anon_0047438,0
anon_0047680,95
anon_0047659,0
anon_0047668,0
anon_0047659,0
anon_0047539,90
anon_0047697,70
anon_0047438,50
anon_0047591,100
anon_0047667,85
anon_0047539,0
anon_0047438,90
anon_0047539,85
anon_0047668,90
anon_0047539,100
anon_0047583,90
anon_0047659,90
anon_0047643,100
anon_0047438,100
anon_0047438,80
anon_0047697,100
anon_0047668,95
anon_0047583,90
anon_0047539,100
anon_0047438,90
anon_0047668,90
anon_0047539,0
anon_0047438,0
anon_0047643,90
anon_0047643,50
anon_0047654,30
anon_0047438,100
anon_0047683,100
anon_0047680,80
anon_0047667,90
anon_0047683,100
anon_0047654,20
anon_0047654,100
anon_0047667,85
anon_0047643,100
anon_0047697,85
anon_0047539,75
anon_0047654,0
anon_0047683,100
anon_0047659,0
anon_0047640,90
anon_0047680,0
anon_0047654,90
anon_0047438,0
anon_0047643,85
anon_0047668,85
anon_0047643,50
anon_0047438,85
anon_0047697,85
anon_0047667,100
anon_0047643,100
anon_0047667,85
anon_0047683,95
anon_0047583,90
anon_0047659,100
anon_0047697,85
anon_0047695,95
anon_0047687,100
anon_0047668,50
anon_0047659,100
anon_0047668,100
anon_0047438,0
anon_0047683,100
anon_0047583,85
anon_0047680,90
anon_0047667,100
anon_0047654,90
anon_0047643,60
anon_0047697,85
anon_0047667,100
anon_0047668,100
anon_0047643,85
anon_0047680,100
anon_0047680,95
anon_0047683,100
anon_0047695,85
anon_0047680,100
anon_0047687,90
anon_0047438,95
anon_0047687,0
anon_0047659,100
anon_0047687,100
anon_0047659,80
anon_0047695,100
anon_0047695,80
anon_0047711,90
anon_0047680,100
anon_0047695,85
anon_0047659,100
anon_0047438,100
anon_0047438,95
anon_0047640,85
anon_0047683,90
anon_0047659,100
anon_0047695,90
anon_0047654,100
anon_0047640,85
anon_0047667,85
anon_0047654,90
anon_0047683,100
anon_0047667,100
anon_0047640,100
anon_0047643,100
anon_0047438,100
anon_0047667,85
anon_0047438,100
anon_0047668,100
anon_0047711,100
anon_0047654,100
anon_0047659,85
anon_0047640,100
anon_0047680,90
anon_0047668,70
anon_0047640,100
anon_0047683,100
anon_0047659,100
anon_0047640,100
anon_0047659,100
anon_0047654,50
anon_0047438,50
anon_0047640,90
anon_0047711,100
anon_0047659,90
anon_0047659,90
anon_0047659,100
anon_0047683,95
anon_0047438,80
anon_0047654,50
anon_0047687,100
anon_0047683,90
anon_0047654,85
anon_0047611,85
anon_0047640,50
anon_0047643,50
anon_0047711,85
anon_0047659,100
anon_0047654,85
anon_0047687,100
anon_0047668,50
anon_0047668,85
anon_0047668,90
anon_0047643,85
anon_0047654,85
anon_0047687,100
anon_0047683,90
anon_0047654,90
anon_0047687,100
anon_0047611,85
anon_0047611,85
anon_0047687,100
anon_0047668,85
anon_0047611,85
anon_0047643,90
anon_0047659,90
anon_0047611,85
anon_0047687,100
anon_0047687,100
anon_0047668,90
anon_0047659,95
anon_0047668,50
anon_0047668,90
anon_0047687,90
anon_0047611,100
anon_0047659,100
anon_0047611,70
anon_0047659,90
anon_0047640,85
anon_0047683,100
anon_0047711,100
anon_0047583,100
anon_0047695,100
anon_0047687,90
anon_0047667,0
anon_0047695,0
anon_0047711,0
anon_0047539,100
anon_0047640,100
anon_0047539,100
anon_0047714,0
anon_0047539,95
anon_0047697,90
anon_0047711,80
anon_0047680,0
anon_0047711,100
anon_0047539,100
anon_0047640,95
anon_0047667,100
anon_0047697,85
anon_0047640,100
anon_0047539,100
anon_0047667,100
anon_0047697,85
anon_0047680,90
anon_0047687,100
anon_0047597,85
anon_0047711,100
anon_0047640,90
anon_0047680,100
anon_0047715,100
anon_0047697,100
anon_0047659,85
anon_0047659,85
anon_0047697,90
anon_0047697,70
anon_0047714,50
anon_0047714,0
anon_0047539,90
anon_0047695,85
anon_0047659,0
anon_0047659,90
anon_0047695,50
anon_0047711,50
anon_0047680,100
anon_0047715,50
anon_0047695,70
anon_0047583,85
anon_0047583,100
anon_0047697,100
anon_0047640,95
anon_0047667,85
anon_0047659,50
anon_0047711,90
anon_0047583,90
anon_0047714,0
anon_0047667,85
anon_0047640,85
anon_0047733,90
anon_0047695,95
anon_0047680,85
anon_0047715,90
anon_0047597,85
anon_0047640,90
anon_0047583,0
anon_0047659,85
anon_0047695,100
anon_0047667,95
anon_0047539,0
anon_0047659,85
anon_0047715,95
anon_0047667,85
anon_0047597,50
anon_0047667,90
anon_0047711,85
anon_0047583,90
anon_0047597,100
anon_0047667,85
anon_0047711,100
anon_0047733,95
anon_0047680,70
anon_0047539,85
anon_0047667,90
anon_0047597,90
anon_0047711,100
anon_0047659,85
anon_0047583,70
anon_0047695,100
anon_0047697,85
anon_0047715,100
anon_0047695,100
anon_0047680,95
anon_0047659,85
anon_0047659,50
anon_0047714,70
anon_0047667,90
anon_0047695,50
anon_0047659,0
anon_0047583,90
anon_0047659,85
anon_0047714,0
anon_0047659,100
anon_0047715,100
anon_0047583,50
anon_0047683,0
anon_0047583,100
anon_0047640,40
anon_0047640,75
anon_0047667,100
anon_0047683,100
anon_0047680,100
anon_0047697,100
anon_0047597,100
anon_0047695,90
anon_0047695,95
anon_0047715,100
anon_0047683,100
anon_0047680,100
anon_0047680,90
anon_0047680,85
anon_0047695,85
anon_0047680,90
anon_0047667,0
anon_0047680,85
anon_0047683,90
anon_0047640,85
anon_0047667,90
anon_0047680,85
anon_0047583,90
anon_0047680,90
anon_0047683,100
anon_0047659,50
anon_0047680,100
anon_0047583,95
anon_0047695,95
anon_0047683,100
anon_0047695,85
anon_0047680,90
anon_0047659,95
anon_0047695,0
anon_0047683,100
anon_0047715,0
anon_0047583,100
anon_0047683,85
anon_0047695,100
anon_0047683,85
anon_0047683,100
anon_0047597,85
anon_0047683,50
anon_0047667,85
anon_0047733,90
anon_0047715,85
anon_0047583,90
anon_0047583,30
anon_0047683,75
anon_0047695,90
anon_0047680,85
anon_0047667,100
anon_0047597,50
anon_0047695,90
anon_0047667,90
anon_0047695,100
anon_0047695,90
anon_0047695,100
anon_0047583,100
anon_0047667,85
anon_0047640,70
anon_0047695,90
anon_0047683,95
anon_0047597,60
anon_0047680,85
anon_0047583,90
anon_0047695,0
anon_0047667,20
anon_0047583,100
anon_0047683,85
anon_0047667,30
anon_0047667,90
anon_0047597,85
anon_0047680,50
anon_0047659,85
anon_0047683,85
anon_0047640,85
anon_0047804,100
anon_0047787,100
anon_0047787,100
anon_0047770,100
anon_0047770,100
anon_0047750,100
anon_0047787,100
anon_0047731,85
anon_0047715,100
anon_0047770,0
anon_0047787,100
anon_0047733,90
anon_0047792,0
anon_0047804,95
anon_0047757,100
anon_0047697,95
anon_0047806,0
anon_0047804,90
anon_0047757,0
anon_0047695,75
anon_0047770,95
anon_0047787,0
anon_0047731,85
anon_0047715,95
anon_0047715,100
anon_0047757,100
anon_0047715,85
anon_0047733,50
anon_0047806,100
anon_0047715,100
anon_0047757,100
anon_0047750,95
anon_0047770,100
anon_0047715,100
anon_0047787,80
anon_0047733,100
anon_0047731,0
anon_0047733,95
anon_0047757,0
anon_0046101,100
anon_0046101,100
anon_0047715,100
anon_0047697,20
anon_0047695,100
anon_0047759,100
anon_0047757,0
anon_0047731,100
anon_0047733,100
anon_0047715,90
anon_0047733,100
anon_0046101,90
anon_0047731,95
anon_0047695,100
anon_0047750,100
anon_0047733,100
anon_0047804,50
anon_0047787,100
anon_0047715,85
anon_0047757,90
anon_0047715,100
anon_0047757,0
anon_0047697,85
anon_0047757,90
anon_0047714,85
anon_0047714,85
anon_0047806,100
anon_0047733,85
anon_0046101,0
anon_0047759,85
anon_0047697,90
anon_0047757,85
anon_0047731,95
anon_0047697,75
anon_0047757,85
anon_0047757,85
anon_0047731,95
anon_0047733,85
anon_0047714,80
anon_0047731,95
anon_0046101,0
anon_0047804,85
anon_0047697,85
anon_0047757,95
anon_0047697,50
anon_0047731,90
anon_0047757,100
anon_0046101,0
anon_0046101,85
anon_0047714,85
anon_0047750,100
anon_0047733,85
anon_0047714,90
anon_0046101,95
anon_0047733,85
anon_0047731,85
anon_0047804,90
anon_0047757,95
anon_0047757,100
anon_0047787,0
anon_0047731,100
anon_0047750,100
anon_0047731,90
anon_0047750,90
anon_0047733,100
anon_0047731,85
anon_0047750,85
anon_0047715,100
anon_0047731,100
anon_0047731,85
anon_0047731,70
anon_0047714,85
anon_0047714,100
anon_0047731,90
anon_0047750,100
anon_0047731,0
anon_0047731,85
anon_0047759,100
anon_0047750,85
anon_0047714,90
anon_0047731,85
anon_0047714,100
anon_0047750,100
anon_0047759,0
anon_0047731,85
anon_0047714,50
anon_0047733,85
anon_0047731,90
anon_0047731,100
anon_0047759,50
anon_0047731,85
anon_0047759,100
anon_0047714,70
anon_0047757,100
anon_0047759,100
anon_0047733,90
anon_0047759,85
anon_0047731,100
anon_0047731,90
anon_0047759,50
anon_0047759,100
anon_0047731,85
anon_0047731,75
anon_0047731,85
anon_0047750,100
anon_0047757,100
anon_0047759,100
anon_0047731,60
anon_0047759,100
anon_0047731,85
anon_0047733,90
anon_0047731,75
anon_0047731,75
anon_0047714,30
anon_0047731,85
anon_0047731,85
anon_0047759,0
anon_0047714,100
anon_0047731,85
anon_0047759,0
anon_0047759,85
anon_0047714,85
anon_0047804,85
anon_0047733,NA
anon_0047731,90
anon_0047733,95
anon_0047731,60
anon_0047838,100
anon_0047838,85
anon_0047759,50
anon_0047854,0
anon_0047854,95
anon_0047816,95
anon_0047759,85
anon_0047759,100
anon_0047816,95
anon_0047886,100
anon_0047792,100
anon_0047759,0
anon_0047855,95
anon_0047816,90
anon_0047826,85
anon_0047855,90
anon_0047804,100
anon_0047792,90
anon_0047854,90
anon_0047757,100
anon_0047770,75
anon_0047838,80
anon_0047855,90
anon_0047757,95
anon_0047826,90
anon_0047770,50
anon_0047886,100
anon_0047838,100
anon_0047792,50
anon_0047816,100
anon_0047854,100
anon_0047757,85
anon_0047898,100
anon_0047757,95
anon_0047816,90
anon_0047854,85
anon_0047888,100
anon_0047855,100
anon_0047806,0
anon_0047816,85
anon_0047759,0
anon_0047806,85
anon_0047757,85
anon_0047862,100
anon_0047804,95
anon_0047862,100
anon_0047854,90
anon_0047826,100
anon_0047816,50
anon_0047792,0
anon_0047759,100
anon_0047759,90
anon_0047806,100
anon_0047816,90
anon_0047792,100
anon_0047888,100
anon_0047890,85
anon_0047855,100
anon_0047855,95
anon_0047888,85
anon_0047759,100
anon_0047806,80
anon_0047862,0
anon_0047759,50
anon_0047888,100
anon_0047855,95
anon_0047854,90
anon_0047770,85
anon_0047757,0
anon_0047862,90
anon_0047804,85
anon_0047898,95
anon_0047838,90
anon_0047898,95
anon_0047886,50
anon_0047804,100
anon_0047862,70
anon_0047862,30
anon_0047862,90
anon_0047804,90
anon_0047804,85
anon_0047838,100
anon_0047804,95
anon_0047804,90
anon_0047862,90
anon_0047804,85
anon_0047862,85
anon_0047862,85
anon_0047862,40
anon_0047826,85
anon_0047759,90
anon_0047862,90
anon_0047890,50
anon_0047898,100
anon_0047838,0
anon_0047804,85
anon_0047862,90
anon_0047804,100
anon_0047862,95
anon_0047816,100
anon_0047816,95
anon_0047759,85
anon_0047890,85
anon_0047862,85
anon_0047862,100
anon_0047804,50
anon_0047757,100
anon_0047804,90
anon_0047862,85
anon_0047759,85
anon_0047804,0
anon_0047886,85
anon_0047804,100
anon_0047862,50
anon_0047888,85
anon_0047862,100
anon_0047806,100
anon_0047804,50
anon_0047804,85
anon_0047862,100
anon_0047804,85
anon_0047804,0
anon_0047854,50
anon_0047854,85
anon_0047804,90
anon_0047804,100
anon_0047792,50
anon_0047759,100
anon_0047804,85
anon_0047804,100
anon_0047804,100
anon_0047804,0
anon_0047804,50
anon_0047804,90
anon_0047806,100
anon_0047862,95
anon_0047806,100
anon_0047804,75
anon_0047792,50
anon_0047792,85
anon_0047757,90
anon_0047757,100
anon_0047792,50
anon_0047862,85
anon_0047804,100
anon_0047804,50
anon_0047757,85
anon_0047804,50
anon_0047854,75
anon_0047804,90
anon_0047757,0
anon_0047759,85
anon_0047806,0
anon_0047806,100
anon_0047792,80
anon_0047816,85
anon_0047759,100
anon_0047890,85
anon_0047759,85
anon_0047759,100
anon_0047854,75
anon_0047862,85
anon_0047804,50
anon_0047759,100
anon_0047757,0
anon_0047804,0
anon_0047890,50
anon_0047854,85
anon_0047759,95
anon_0047804,90
anon_0047854,70
anon_0047816,75
anon_0047804,85
anon_0047759,90
anon_0047816,85
anon_0047816,70
anon_0047854,85
anon_0047816,95
anon_0047896,100
anon_0047896,100
anon_0047898,100
anon_0047838,90
anon_0047838,85
anon_0047898,0
anon_0047898,95
anon_0047914,100
anon_0047855,85
anon_0047888,100
anon_0047855,100
anon_0047806,85
anon_0047910,100
anon_0047855,100
anon_0047806,0
anon_0047910,0
anon_0047896,100
anon_0047890,95
anon_0047888,90
anon_0047806,90
anon_0047926,100
anon_0047886,100
anon_0047826,75
anon_0047914,85
anon_0047886,0
anon_0047806,70
anon_0047898,0
anon_0047890,85
anon_0047855,85
anon_0047890,85
anon_0047886,100
anon_0047914,0
anon_0047890,90
anon_0047898,100
anon_0047816,100
anon_0047806,50
anon_0047890,0
anon_0047855,0
anon_0047914,85
anon_0047888,90
anon_0047914,100
anon_0047914,100
anon_0047890,85
anon_0047910,85
anon_0047890,0
anon_0047926,90
anon_0047896,90
anon_0047886,100
anon_0047855,0
anon_0047886,50
anon_0047914,85
anon_0047890,100
anon_0047826,60
anon_0047926,0
anon_0047888,85
anon_0047888,100
anon_0047816,95
anon_0047890,85
anon_0047855,95
anon_0047855,0
anon_0047898,90
anon_0047890,100
anon_0047826,90
anon_0047890,50
anon_0047890,75
anon_0047826,85
anon_0047826,85
anon_0047886,90
anon_0047816,50
anon_0047890,85
anon_0047806,100
anon_0047816,50
anon_0047855,85
anon_0047910,50
anon_0047886,100
anon_0047816,75
anon_0047826,85
anon_0047890,90
anon_0047816,100
anon_0047896,0
anon_0047896,100
anon_0047888,0
anon_0047914,90
anon_0047886,50
anon_0047896,95
anon_0047886,100
anon_0047806,85
anon_0047890,0
anon_0047888,85
anon_0047926,90
anon_0047886,90
anon_0047855,85
anon_0047890,30
anon_0047888,70
anon_0047826,90
anon_0047816,85
anon_0047816,85
anon_0047816,75
anon_0047816,85
anon_0047886,90
anon_0047816,85
anon_0047826,85
anon_0047890,95
anon_0047855,90
anon_0047890,50
anon_0047816,90
anon_0047888,85
anon_0047896,100
anon_0047910,90
anon_0047896,0
anon_0047826,95
anon_0047792,50
anon_0047914,100
anon_0047896,50
anon_0047914,100
anon_0047826,85
anon_0047914,100
anon_0047792,85
anon_0047914,100
anon_0047914,100
anon_0047896,100
anon_0047792,85
anon_0047792,50
anon_0047896,90
anon_0047914,100
anon_0047914,90
anon_0047792,85
anon_0047914,90
anon_0047890,75
anon_0047896,100
anon_0047826,100
anon_0047896,0
anon_0047896,100
anon_0047792,90
anon_0047896,75
anon_0047826,85
anon_0047976,0
anon_0047926,100
anon_0047926,100
anon_0047966,100
anon_0047855,90
anon_0047896,90
anon_0047948,100
anon_0047952,0
anon_0047896,100
anon_0047952,100
anon_0047896,100
anon_0047958,90
anon_0047933,85
anon_0047933,100
anon_0047826,85
anon_0047886,90
anon_0047896,85
anon_0047910,85
anon_0047933,90
anon_0047966,0
anon_0047886,95
anon_0047933,100
anon_0047922,85
anon_0047933,85
anon_0047910,90
anon_0047966,95
anon_0047966,95
anon_0047886,70
anon_0047948,85
anon_0047948,90
anon_0047958,85
anon_0047926,NA
anon_0047991,100
anon_0047952,90
anon_0047991,90
anon_0047952,100
anon_0047976,85
anon_0047910,85
anon_0047976,100
anon_0047910,85
anon_0047991,0
anon_0047976,100
anon_0047957,90
anon_0047957,100
anon_0047806,100
anon_0047952,100
anon_0047957,100
anon_0047958,95
anon_0047976,85
anon_0047952,85
anon_0047991,100
anon_0047958,95
anon_0047926,0
anon_0047926,90
anon_0047976,100
anon_0047952,100
anon_0047957,100
anon_0047957,0
anon_0047806,85
anon_0047890,100
anon_0047933,85
anon_0047957,100
anon_0047958,85
anon_0047958,100
anon_0047991,100
anon_0047958,90
anon_0047958,95
anon_0047957,100
anon_0047933,90
anon_0047806,100
anon_0047957,100
anon_0047957,100
anon_0047958,95
anon_0047976,100
anon_0047957,95
anon_0047890,95
anon_0047933,80
anon_0047952,0
anon_0047958,90
anon_0047976,100
anon_0047806,85
anon_0047806,50
anon_0047806,50
anon_0047957,100
anon_0047957,85
anon_0047806,90
anon_0047896,100
anon_0047958,90
anon_0047890,90
anon_0047896,100
anon_0047926,95
anon_0047976,100
anon_0047952,50
anon_0047958,95
anon_0047896,100
anon_0047806,90
anon_0047896,100
anon_0047952,100
anon_0047933,95
anon_0047896,100
anon_0047991,100
anon_0047926,100
anon_0047855,85
anon_0047806,90
anon_0047926,85
anon_0047890,95
anon_0047933,50
anon_0047952,100
anon_0047948,100
anon_0047806,80
anon_0047952,100
anon_0047991,100
anon_0047952,100
anon_0047952,0
anon_0047890,100
anon_0047922,85
anon_0047952,100
anon_0047991,90
anon_0047806,85
anon_0047896,85
anon_0047952,50
anon_0047948,90
anon_0047806,75
anon_0047855,90
anon_0047991,100
anon_0047890,90
anon_0047926,95
anon_0047926,90
anon_0047890,85
anon_0047896,85
anon_0047890,90
anon_0047922,85
anon_0047926,90
anon_0047922,90
anon_0047922,90
anon_0047922,70
anon_0047890,95
anon_0047890,90
anon_0047890,100
anon_0047922,95
anon_0047926,0
anon_0047948,100
anon_0047952,100
anon_0047890,0
anon_0047806,90
anon_0047890,90
anon_0047890,100
anon_0047890,100
anon_0047855,90
anon_0047952,50
anon_0047952,90
anon_0047806,40
anon_0047952,70
anon_0047952,50
anon_0047952,85
anon_0047952,90
anon_0047952,90
anon_0047890,90
anon_0047890,85
anon_0047890,80
anon_0047948,85
anon_0047952,95
anon_0047855,90
anon_0047890,85
anon_0047890,100
anon_0047890,90
anon_0047933,85
anon_0047922,85
anon_0047890,70
anon_0047890,90
anon_0047890,50
anon_0047922,100
anon_0047890,75
anon_0047890,85
anon_0047890,85
anon_0047997,100
anon_0047958,100
anon_0047806,50
anon_0048037,0
anon_0047989,100
anon_0048036,90
anon_0048008,100
anon_0048063,100
anon_0048036,100
anon_0047989,100
anon_0047806,75
anon_0047976,85
anon_0047989,100
anon_0048035,90
anon_0048061,90
anon_0047890,85
anon_0047997,100
anon_0048044,95
anon_0047976,0
anon_0048016,0
anon_0048053,100
anon_0047933,85
anon_0048016,100
anon_0047997,0
anon_0048035,0
anon_0047997,100
anon_0047997,95
anon_0048053,100
anon_0047933,0
anon_0048008,90
anon_0047989,95
anon_0048061,0
anon_0047890,85
anon_0048044,90
anon_0047933,50
anon_0048016,100
anon_0047976,100
anon_0047933,50
anon_0048016,100
anon_0048061,90
anon_0048037,85
anon_0047976,50
anon_0047989,95
anon_0048036,85
anon_0047997,100
anon_0047890,85
anon_0048061,85
anon_0048016,85
anon_0048053,100
anon_0048016,100
anon_0048063,95
anon_0048008,90
anon_0048036,50
anon_0047976,90
anon_0048016,100
anon_0047997,95
anon_0047997,100
anon_0047976,85
anon_0048044,90
anon_0048061,20
anon_0047989,100
anon_0047976,100
anon_0048044,100
anon_0047966,100
anon_0047933,100
anon_0047966,100
anon_0047976,85
anon_0047997,85
anon_0047890,60
anon_0048037,85
anon_0048016,100
anon_0048044,85
anon_0047966,85
anon_0048061,85
anon_0047890,85
anon_0048016,90
anon_0048044,85
anon_0047890,85
anon_0048044,50
anon_0047890,85
anon_0047890,60
anon_0048044,50
anon_0047997,100
anon_0047933,85
anon_0047890,50
anon_0047933,95
anon_0047933,85
anon_0048016,90
anon_0047890,85
anon_0047997,0
anon_0047933,95
anon_0048044,85
anon_0048053,100
anon_0047997,50
anon_0048053,85
anon_0047933,100
anon_0048016,85
anon_0048053,95
anon_0048053,85
anon_0048063,85
anon_0047933,100
anon_0048046,100
anon_0048046,100
anon_0047806,100
anon_0048053,85
anon_0047933,90
anon_0047896,90
anon_0047933,95
anon_0047896,100
anon_0048016,100
anon_0048046,100
anon_0048008,100
anon_0048008,100
anon_0047976,85
anon_0047806,95
anon_0048044,100
anon_0047997,40
anon_0047997,90
anon_0047890,90
anon_0047997,85
anon_0047991,100
anon_0048046,90
anon_0047922,85
anon_0048008,85
anon_0047922,85
anon_0048008,75
anon_0047997,100
anon_0048046,75
anon_0047997,100
anon_0047896,90
anon_0048036,85
anon_0048008,85
anon_0047997,90
anon_0047806,100
anon_0047997,85
anon_0047976,30
anon_0048008,100
anon_0047976,0
anon_0047997,85
anon_0047957,100
anon_0048061,100
anon_0047922,70
anon_0047976,100
anon_0047991,100
anon_0047806,100
anon_0047976,0
anon_0047958,95
anon_0047976,0
anon_0047997,85
anon_0048036,90
anon_0047957,100
anon_0047976,100
anon_0047991,70
anon_0048036,95
anon_0047896,50
anon_0048036,90
anon_0047958,100
anon_0047957,100
anon_0047958,90
anon_0047991,90
anon_0047922,50
anon_0047957,0
anon_0047991,100
anon_0047997,100
anon_0047997,0
anon_0047958,85
anon_0047933,70
anon_0047922,75
anon_0047958,95
anon_0047976,90
anon_0047997,85
anon_0047997,85
anon_0047957,80
anon_0047922,85
anon_0047957,95
anon_0047957,0
anon_0047957,95
anon_0048053,85
anon_0047957,85
anon_0047806,100
anon_0047957,50
anon_0047933,85
anon_0047976,85
anon_0047957,90
anon_0047806,100
anon_0047806,100
anon_0047806,NA
anon_0047958,0
anon_0047976,75
anon_0047976,70
anon_0048036,85
anon_0047989,85
anon_0047958,90
anon_0047976,100
anon_0048016,100
anon_0047976,100
anon_0047976,85
anon_0048016,90
anon_0048046,100
anon_0047948,100
anon_0047976,0
anon_0048076,90
anon_0048035,100
anon_0047957,100
anon_0047976,100
anon_0047957,90
anon_0048046,0
anon_0048035,100
anon_0048061,100
anon_0048040,100
anon_0047948,100
anon_0048093,100
anon_0048102,100
anon_0048016,85
anon_0047957,50
anon_0048046,100
anon_0048037,100
anon_0048037,90
anon_0048093,0
anon_0048035,100
anon_0047948,95
anon_0048070,85
anon_0047976,0
anon_0048070,100
anon_0047957,0
anon_0048035,0
anon_0048040,100
anon_0047989,50
anon_0048040,90
anon_0048046,100
anon_0048040,100
anon_0047948,100
anon_0048061,90
anon_0047997,85
anon_0048070,85
anon_0047948,85
anon_0047957,100
anon_0047957,100
anon_0047976,60
anon_0048044,100
anon_0047957,90
anon_0047997,85
anon_0048093,100
anon_0048076,70
anon_0048070,100
anon_0047997,50
anon_0047976,85
anon_0047989,100
anon_0048016,100
anon_0047997,50
anon_0047976,100
anon_0048082,85
anon_0047976,100
anon_0048076,85
anon_0048070,95
anon_0048076,95
anon_0047933,90
anon_0048035,70
anon_0048040,100
anon_0048040,95
anon_0048040,100
anon_0048046,100
anon_0048040,100
anon_0048044,85
anon_0048053,90
anon_0047948,90
anon_0048076,85
anon_0047957,85
anon_0048016,0
anon_0048076,60
anon_0048070,100
anon_0048053,50
anon_0047933,50
anon_0048016,50
anon_0047997,85
anon_0047957,85
anon_0048093,100
anon_0047997,70
anon_0047933,20
anon_0048102,95
anon_0048035,100
anon_0048016,100
anon_0048076,90
anon_0048037,0
anon_0048070,85
anon_0048037,100
anon_0048044,80
anon_0048061,100
anon_0048053,85
anon_0048044,95
anon_0048035,95
anon_0048076,85
anon_0048035,50
anon_0048044,90
anon_0048040,85
anon_0048061,100
anon_0048082,95
anon_0048082,100
anon_0048040,100
anon_0048061,100
anon_0048008,100
anon_0048036,50
anon_0048061,85
anon_0048102,90
anon_0048036,0
anon_0048036,100
anon_0048036,90
anon_0048044,100
anon_0048036,75
anon_0048008,90
anon_0048036,100
anon_0048036,95
anon_0048040,90
anon_0048082,100
anon_0048036,70
anon_0048044,85
anon_0048044,85
anon_0048036,85
anon_0048036,100
anon_0047989,100
anon_0048063,95
anon_0048044,100
anon_0048008,95
anon_0048036,95
anon_0048076,NA
anon_0048102,90
anon_0048008,50
anon_0048008,85
anon_0048044,75
anon_0048061,85
anon_0048046,100
anon_0048044,50
anon_0048036,50
anon_0047989,75
anon_0048044,90
anon_0048082,95
anon_0048036,100
anon_0048016,100
anon_0048036,50
anon_0048044,60
anon_0048044,100
anon_0048046,100
anon_0048063,NA
anon_0048082,95
anon_0048046,100
anon_0048036,100
anon_0048044,80
anon_0048046,50
anon_0048036,90
anon_0048016,100
anon_0047957,0
anon_0048036,100
anon_0048063,90
anon_0048061,0
anon_0047989,100
anon_0048044,90
anon_0047989,40
anon_0048044,90
anon_0047989,100
anon_0048046,95
anon_0048016,95
anon_0048016,50
anon_0048061,0
anon_0048036,100
anon_0048036,90
anon_0048036,95
anon_0048046,85
anon_0047989,50
anon_0048046,50
anon_0048044,90
anon_0048061,100
anon_0047957,100
anon_0048044,85
anon_0048061,95
anon_0048046,85
anon_0048036,100
anon_0048044,95
anon_0048061,85
anon_0048063,100
anon_0047957,80
anon_0048036,90
anon_0048036,80
anon_0047957,100
anon_0047957,90
anon_0048076,100
anon_0047957,90
anon_0047957,75
anon_0048044,95
anon_0048076,0
anon_0048076,100
anon_0048061,80
anon_0048076,85
anon_0048076,100
anon_0047957,90
anon_0047957,85
anon_0048044,90
anon_0048082,100
anon_0048076,90
anon_0047957,100
anon_0048076,0
anon_0048036,90
anon_0048082,90
anon_0048053,100
anon_0048131,0
anon_0048087,95
anon_0048125,95
anon_0048082,0
anon_0048125,100
anon_0048082,100
anon_0048131,95
anon_0048125,95
anon_0048102,100
anon_0048082,100
anon_0048061,0
anon_0048131,90
anon_0048046,100
anon_0048070,85
anon_0048037,0
anon_0048076,100
anon_0048046,85
anon_0048087,90
anon_0048008,100
anon_0048053,90
anon_0048093,100
anon_0048053,85
anon_0048037,85
anon_0048125,0
anon_0048061,90
anon_0048125,95
anon_0048053,85
anon_0048082,0
anon_0048076,85
anon_0048082,50
anon_0048046,50
anon_0047922,95
anon_0048037,100
anon_0047989,90
anon_0048102,95
anon_0048125,85
anon_0048082,100
anon_0048093,50
anon_0048140,100
anon_0047922,0
anon_0048096,90
anon_0048131,0
anon_0048082,85
anon_0047922,95
anon_0048131,85
anon_0048125,95
anon_0048102,95
anon_0048076,85
anon_0048093,100
anon_0048142,100
anon_0048076,95
anon_0048140,100
anon_0048037,100
anon_0048076,50
anon_0048037,50
anon_0048138,0
anon_0047957,50
anon_0048125,50
anon_0048096,85
anon_0048125,95
anon_0048142,85
anon_0048138,50
anon_0048140,100
anon_0048125,50
anon_0048008,50
anon_0047989,90
anon_0047922,90
anon_0048096,90
anon_0048046,85
anon_0048076,85
anon_0048140,100
anon_0048082,100
anon_0048131,50
anon_0048102,90
anon_0048082,0
anon_0048125,85
anon_0047957,100
anon_0047957,75
anon_0048070,85
anon_0048087,85
anon_0048037,85
anon_0048125,85
anon_0048140,100
anon_0048093,100
anon_0048140,100
anon_0048082,85
anon_0048076,0
anon_0048082,85
anon_0048102,90
anon_0048082,90
anon_0048070,100
anon_0048140,50
anon_0048008,85
anon_0048076,50
anon_0048076,70
anon_0048082,100
anon_0048076,85
anon_0047957,70
anon_0048082,95
anon_0048070,100
anon_0048008,90
anon_0048082,85
anon_0047957,80
anon_0047957,100
anon_0048070,100
anon_0048070,85
anon_0048061,0
anon_0048082,100
anon_0048102,0
anon_0047957,85
anon_0048076,85
anon_0048076,50
anon_0048082,0
anon_0048070,100
anon_0048082,100
anon_0048076,95
anon_0048082,100
anon_0048046,30
anon_0048076,100
anon_0048046,90
anon_0048082,90
anon_0048140,95
anon_0048063,100
anon_0048082,100
anon_0047957,85
anon_0048102,85
anon_0048044,100
anon_0048046,100
anon_0048096,100
anon_0048140,95
anon_0048070,90
anon_0048140,85
anon_0048008,100
anon_0048008,100
anon_0048046,90
anon_0047957,85
anon_0048076,85
anon_0048076,85
anon_0048096,95
anon_0048044,60
anon_0048140,50
anon_0048070,95
anon_0048063,100
anon_0048082,100
anon_0048076,85
anon_0048061,70
anon_0048044,90
anon_0048076,95
anon_0048076,85
anon_0048044,85
anon_0048044,50
anon_0048082,90
anon_0048046,90
anon_0048008,100
anon_0048140,95
anon_0048076,85
anon_0048082,100
anon_0048107,95
anon_0048061,85
anon_0048096,85
anon_0048046,95
anon_0048044,85
anon_0048063,100
anon_0048076,85
anon_0048140,90
anon_0048044,100
anon_0048070,50
anon_0048061,90
anon_0048063,50
anon_0048008,90
anon_0048076,90
anon_0048044,95
anon_0048107,85
anon_0048044,85
anon_0048044,85
anon_0048044,50
anon_0048076,70
anon_0048076,0
anon_0048044,85
anon_0048063,85
anon_0048107,90
anon_0048008,50
anon_0048096,0
anon_0048044,85
anon_0048044,100
anon_0048044,85
anon_0048044,75
anon_0048044,90
anon_0048076,70
anon_0048044,90
anon_0048040,70
anon_0048082,90
anon_0048082,0
anon_0048040,50
anon_0048061,85
anon_0048061,0
anon_0048082,50
anon_0048040,100
anon_0048082,100
anon_0048040,100
anon_0048082,0
anon_0048040,0
anon_0048061,80
anon_0048082,90
anon_0048061,100
anon_0048061,85
anon_0048061,85
anon_0048061,85
anon_0048061,80
anon_0048061,0
anon_0048040,90
anon_0048061,85
anon_0047948,100
anon_0048096,100
anon_0047948,100
anon_0048053,NA
anon_0048107,100
anon_0048146,100
anon_0048063,100
anon_0048107,100
anon_0048146,90
anon_0048146,100
anon_0048146,100
anon_0048093,100
anon_0048140,100
anon_0048142,85
anon_0047922,95
anon_0047948,100
anon_0047948,90
anon_0048063,100
anon_0048140,100
anon_0048063,100
anon_0048125,100
anon_0048146,100
anon_0048093,100
anon_0048140,50
anon_0048138,100
anon_0048093,100
anon_0048125,100
anon_0048140,0
anon_0048146,100
anon_0048138,85
anon_0048146,100
anon_0048142,0
anon_0048082,90
anon_0048096,0
anon_0048096,60
anon_0048140,90
anon_0048070,85
anon_0048053,100
anon_0048125,100
anon_0048096,85
anon_0048061,95
anon_0048140,85
anon_0048061,85
anon_0048063,95
anon_0048142,0
anon_0047989,100
anon_0048082,100
anon_0048096,90
anon_0048142,85
anon_0047989,34
anon_0048093,95
anon_0047922,100
anon_0048070,100
anon_0048063,90
anon_0048138,100
anon_0048142,85
anon_0048125,100
anon_0047989,85
anon_0048063,50
anon_0048082,100
anon_0047922,85
anon_0048138,100
anon_0047989,85
anon_0048146,90
anon_0048053,100
anon_0048140,85
anon_0048053,85
anon_0048138,100
anon_0048142,90
anon_0048142,85
anon_0048061,NA
anon_0048096,90
anon_0047989,85
anon_0048146,100
anon_0048102,50
anon_0048142,90
anon_0048138,85
anon_0048146,90
anon_0048102,85
anon_0048138,100
anon_0047989,85
anon_0047989,50
anon_0047922,75
anon_0048138,60
anon_0048138,100
anon_0048037,0
anon_0047989,70
anon_0047922,0
anon_0048061,50
anon_0048138,90
anon_0048063,100
anon_0048138,0
anon_0048140,90
anon_0048102,100
anon_0048087,80
anon_0048070,85
anon_0048070,85
anon_0048061,70
anon_0048093,80
anon_0048061,100
anon_0048138,90
anon_0048070,95
anon_0048087,85
anon_0048044,85
anon_0048131,50
anon_0048125,85
anon_0048061,90
anon_0048061,85
anon_0048070,100
anon_0048087,100
anon_0048138,60
anon_0048138,90
anon_0048138,100
anon_0048138,95
anon_0047922,85
anon_0048093,100
anon_0048138,70
anon_0048087,85
anon_0047922,100
anon_0048140,85
anon_0048140,100
anon_0048087,100
anon_0048140,100
anon_0048125,NA
anon_0048093,85
anon_0048107,100
anon_0048093,85
anon_0048138,85
anon_0048138,100
anon_0048142,100
anon_0047922,50
anon_0048102,85
anon_0048142,100
anon_0047989,100
anon_0048140,100
anon_0048131,0
anon_0048107,100
anon_0048140,100
anon_0048107,90
anon_0048087,85
anon_0048140,100
anon_0048125,100
anon_0048044,85
anon_0047989,100
anon_0048138,95
anon_0048140,85
anon_0048044,85
anon_0047989,100
anon_0047922,100
anon_0048044,90
anon_0048140,90
anon_0048142,100
anon_0048102,100
anon_0048140,100
anon_0047989,100
anon_0048140,75
anon_0048102,75
anon_0048044,85
anon_0048102,85
anon_0047922,50
anon_0048142,100
anon_0048044,80
anon_0048093,60
anon_0048142,75
anon_0047922,95
anon_0048102,100
anon_0048140,80
anon_0048138,85
anon_0048102,100
anon_0048102,90
anon_0048131,50
anon_0048142,100
anon_0048102,100
anon_0048107,85
anon_0048061,85
anon_0047922,50
anon_0047989,95
anon_0047989,100
anon_0048142,85
anon_0048131,90
anon_0048044,85
anon_0047922,85
anon_0048107,95
anon_0048107,100
anon_0048142,85
anon_0047989,95
anon_0047989,0
anon_0048140,100
anon_0048037,0
anon_0048082,85
anon_0048037,100
anon_0048044,85
anon_0048140,100
anon_0048044,90
anon_0048140,95
anon_0048140,100
anon_0047989,100
anon_0047989,85
anon_0048082,70
anon_0048037,100
anon_0047989,100
anon_0048140,90
anon_0048044,70
anon_0048140,100
anon_0047989,100
anon_0048082,70
anon_0048044,90
anon_0047989,95
anon_0048140,95
anon_0048044,85
anon_0048037,0
anon_0048140,85
anon_0047989,0
anon_0048037,90
anon_0048082,90
anon_0048044,85
anon_0048140,85
anon_0048142,90
anon_0047922,95
anon_0048044,85
anon_0048040,100
anon_0048146,90
anon_0048063,0
anon_0048138,85
anon_0048146,100
anon_0048131,0
anon_0048063,100
anon_0048040,100
anon_0048177,100
anon_0048037,75
anon_0048185,100
anon_0048185,100
anon_0048107,NA
anon_0048185,90
anon_0048040,100
anon_0048096,0
anon_0048040,100
anon_0048188,85
anon_0048138,90
anon_0048185,100
anon_0048220,100
anon_0048188,100
anon_0048185,100
anon_0048131,100
anon_0048185,100
anon_0048177,90
anon_0048177,90
anon_0048102,75
anon_0048087,85
anon_0047948,85
anon_0048131,85
anon_0048185,90
anon_0048188,90
anon_0048138,95
anon_0048185,100
anon_0048096,95
anon_0048107,95
anon_0048177,85
anon_0048037,85
anon_0048185,100
anon_0048063,85
anon_0048138,85
anon_0048063,90
anon_0048185,85
anon_0047948,50
anon_0048040,100
anon_0048096,85
anon_0048138,100
anon_0048131,90
anon_0048185,100
anon_0047948,85
anon_0048188,85
anon_0048087,85
anon_0048040,100
anon_0048138,85
anon_0048185,0
anon_0048096,90
anon_0048177,85
anon_0048040,90
anon_0048185,85
anon_0048070,90
anon_0048063,50
anon_0048177,85
anon_0048102,85
anon_0048040,85
anon_0048185,70
anon_0048177,90
anon_0048131,85
anon_0048214,90
anon_0048070,95
anon_0048096,95
anon_0048037,85
anon_0048037,85
anon_0048177,50
anon_0048037,90
anon_0048214,85
anon_0048040,85
anon_0048177,95
anon_0048102,85
anon_0048102,50
anon_0048102,95
anon_0048138,75
anon_0048096,85
anon_0048070,90
anon_0048096,50
anon_0048177,90
anon_0048040,90
anon_0048102,75
anon_0048220,95
anon_0048063,50
anon_0048096,0
anon_0048177,85
anon_0048185,85
anon_0048177,75
anon_0048140,100
anon_0048138,75
anon_0048102,100
anon_0048185,85
anon_0048102,100
anon_0047989,100
anon_0048214,90
anon_0048102,0
anon_0048140,85
anon_0048138,50
anon_0048107,85
anon_0048070,95
anon_0048070,80
anon_0048140,85
anon_0048102,90
anon_0048131,85
anon_0047989,90
anon_0048140,100
anon_0048107,100
anon_0048177,100
anon_0048070,85
anon_0048107,100
anon_0048070,70
anon_0048140,100
anon_0048102,100
anon_0047989,95
anon_0047989,90
anon_0047989,90
anon_0048140,100
anon_0048138,0
anon_0048215,85
anon_0048220,90
anon_0048131,50
anon_0048131,85
anon_0048070,75
anon_0047989,85
anon_0048107,70
anon_0047989,100
anon_0048140,85
anon_0048102,90
anon_0048138,100
anon_0048070,85
anon_0048102,0
anon_0048102,100
anon_0048107,85
anon_0047989,100
anon_0048102,0
anon_0048102,100
anon_0048102,90
anon_0048131,85
anon_0048131,85
anon_0047989,90
anon_0048177,85
anon_0048185,85
anon_0048177,85
anon_0048140,0
anon_0047989,75
anon_0048140,50
anon_0047989,0
anon_0048177,85
anon_0048131,85
anon_0048177,85
anon_0048107,85
anon_0048177,85
anon_0047989,90
anon_0048070,50
anon_0048070,50
anon_0048102,85
anon_0048070,30
anon_0048177,85
anon_0048177,85
anon_0048131,85
anon_0048040,0
anon_0048223,100
anon_0048187,100
anon_0048223,0
anon_0048187,91
anon_0048187,100
anon_0048223,0
anon_0048236,100
anon_0048224,100
anon_0048215,100
anon_0048215,100
anon_0048236,85
anon_0048177,90
anon_0047989,90
anon_0048215,95
anon_0048224,90
anon_0048224,100
anon_0048245,100
anon_0048177,95
anon_0048177,90
anon_0048185,50
anon_0048236,0
anon_0048236,85
anon_0048245,100
anon_0048188,100
anon_0048224,100
anon_0048224,90
anon_0047989,0
anon_0048224,85
anon_0048185,50
anon_0048187,85
anon_0048245,0
anon_0048177,50
anon_0048236,0
anon_0048251,90
anon_0048245,100
anon_0048224,100
anon_0048224,100
anon_0048188,0
anon_0048185,85
anon_0048187,90
anon_0048215,100
anon_0047989,100
anon_0048245,100
anon_0048224,85
anon_0048188,85
anon_0048220,0
anon_0048185,90
anon_0048245,85
anon_0048232,90
anon_0048185,90
anon_0048177,100
anon_0048215,100
anon_0048232,85
anon_0048223,85
anon_0048247,100
anon_0048232,90
anon_0048232,90
anon_0048245,100
anon_0047989,85
anon_0048224,100
anon_0048187,95
anon_0048177,85
anon_0048224,90
anon_0048236,85
anon_0048251,100
anon_0048224,0
anon_0048232,100
anon_0048224,0
anon_0048247,0
anon_0048245,85
anon_0048236,50
anon_0048232,100
anon_0048236,100
anon_0048232,90
anon_0048224,90
anon_0048220,85
anon_0048232,90
anon_0048248,85
anon_0048224,90
anon_0048248,85
anon_0048177,85
anon_0048251,80
anon_0048177,90
anon_0048232,95
anon_0048223,90
anon_0048251,85
anon_0048223,90
anon_0048224,90
anon_0048251,85
anon_0048224,85
anon_0048224,85
anon_0048223,100
anon_0048185,100
anon_0048224,85
anon_0048220,85
anon_0048232,90
anon_0048251,100
anon_0048232,90
anon_0048214,70
anon_0048232,40
anon_0048214,100
anon_0048223,90
anon_0048223,50
anon_0048224,85
anon_0048185,75
anon_0048224,85
anon_0048232,50
anon_0048247,85
anon_0048247,0
anon_0048248,85
anon_0048177,85
anon_0048215,90
anon_0048187,100
anon_0048214,85
anon_0048232,90
anon_0048215,100
anon_0048214,85
anon_0048251,0
anon_0048220,50
anon_0048187,100
anon_0048185,95
anon_0048252,100
anon_0048224,100
anon_0048214,85
anon_0048177,85
anon_0048177,85
anon_0048247,90
anon_0048224,50
anon_0048220,95
anon_0048251,85
anon_0048187,100
anon_0048215,100
anon_0048220,100
anon_0048252,100
anon_0048224,90
anon_0048214,85
anon_0048215,100
anon_0048220,85
anon_0048187,100
anon_0048247,85
anon_0048214,0
anon_0048187,100
anon_0048214,85
anon_0048252,100
anon_0048220,90
anon_0048214,75
anon_0048220,90
anon_0048224,NA
anon_0048252,100
anon_0048252,85
anon_0048220,60
anon_0048220,90
anon_0048251,50
anon_0048185,85
anon_0048252,90
anon_0048215,100
anon_0048220,85
anon_0048214,85
anon_0048252,100
anon_0048232,85
anon_0048252,90
anon_0048220,85
anon_0048232,100
anon_0048220,85
anon_0048232,100
anon_0048220,90
anon_0048220,90
anon_0048185,100
anon_0048252,100
anon_0048220,95
anon_0048177,80
anon_0048220,70
anon_0048252,90
anon_0048187,100
anon_0048214,70
anon_0048177,30
anon_0048252,NA
anon_0048220,85
anon_0048252,85
anon_0048220,90
anon_0048220,75
anon_0048232,85
anon_0048214,85
anon_0048220,85
anon_0048232,50
anon_0048247,85
anon_0048215,90
anon_0048214,50
anon_0048187,100
anon_0048280,100
anon_0048188,0
anon_0048280,90
anon_0048187,0
anon_0048187,100
anon_0048262,100
anon_0048262,90
anon_0048267,100
anon_0048188,85
anon_0048262,100
anon_0048188,50
anon_0048236,50
anon_0048245,90
anon_0048267,95
anon_0048248,85
anon_0048297,85
anon_0048267,100
anon_0048280,0
anon_0048187,90
anon_0048188,85
anon_0048291,0
anon_0048187,85
anon_0048245,100
anon_0048251,100
anon_0048251,100
anon_0048188,85
anon_0048311,0
anon_0048245,100
anon_0048188,0
anon_0048188,50
anon_0048177,85
anon_0048248,90
anon_0048187,90
anon_0048262,95
anon_0048297,85
anon_0048177,100
anon_0048291,100
anon_0048290,100
anon_0048248,85
anon_0048245,100
anon_0048280,100
anon_0048177,90
anon_0048220,85
anon_0048262,85
anon_0048251,100
anon_0048290,95
anon_0048188,90
anon_0048248,90
anon_0048214,100
anon_0048188,100
anon_0048188,70
anon_0048291,85
anon_0048232,80
anon_0048248,50
anon_0048188,100
anon_0048220,90
anon_0048245,95
anon_0048188,85
anon_0048232,20
anon_0048286,50
anon_0048290,85
anon_0048187,90
anon_0048251,100
anon_0048188,95
anon_0048245,100
anon_0048251,90
anon_0048280,90
anon_0048214,85
anon_0048248,90
anon_0048245,95
anon_0048251,0
anon_0048232,85
anon_0048188,100
anon_0048251,90
anon_0048290,85
anon_0048291,100
anon_0048188,100
anon_0048232,90
anon_0048251,0
anon_0048248,90
anon_0048232,95
anon_0048220,75
anon_0048280,85
anon_0048214,100
anon_0048220,85
anon_0048251,50
anon_0048245,100
anon_0048290,95
anon_0048251,80
anon_0048291,100
anon_0048187,85
anon_0048214,85
anon_0048251,90
anon_0048232,85
anon_0048262,90
anon_0048187,85
anon_0048214,85
anon_0048232,100
anon_0048245,90
anon_0048214,85
anon_0048232,0
anon_0048290,85
anon_0048232,85
anon_0048215,100
anon_0048290,100
anon_0048270,100
anon_0048177,70
anon_0048290,85
anon_0048214,0
anon_0048252,100
anon_0048214,100
anon_0048247,50
anon_0048290,100
anon_0048223,90
anon_0048214,30
anon_0048247,100
anon_0048215,100
anon_0048215,100
anon_0048214,95
anon_0048215,100
anon_0048215,85
anon_0048247,100
anon_0048270,100
anon_0048177,100
anon_0048270,90
anon_0048252,100
anon_0048232,85
anon_0048223,90
anon_0048214,0
anon_0048290,100
anon_0048248,60
anon_0048252,100
anon_0048215,100
anon_0048270,50
anon_0048215,95
anon_0048223,85
anon_0048245,100
anon_0048215,100
anon_0048215,85
anon_0048215,100
anon_0048215,0
anon_0048232,20
anon_0048252,100
anon_0048177,90
anon_0048252,90
anon_0048215,100
anon_0048245,50
anon_0048214,95
anon_0048248,20
anon_0048252,100
anon_0048177,85
anon_0048252,85
anon_0048252,0
anon_0048214,95
anon_0048270,50
anon_0048248,85
anon_0048247,100
anon_0048214,90
anon_0048214,85
anon_0048248,85
anon_0048248,90
anon_0048177,95
anon_0048252,100
anon_0048223,85
anon_0048248,100
anon_0048215,95
anon_0048247,80
anon_0048214,85
anon_0048245,90
anon_0048245,50
anon_0048214,50
anon_0048214,70
anon_0048252,90
anon_0048245,85
anon_0048215,85
anon_0048214,85
anon_0048248,85
anon_0048247,85
anon_0048177,85
anon_0048245,100
anon_0048248,50
anon_0048214,85
anon_0048245,85
anon_0048247,70
anon_0048248,85
anon_0048214,85
anon_0048245,85
anon_0048248,85
anon_0048252,100
anon_0048214,95
anon_0048215,50
anon_0048214,85
anon_0048245,85
anon_0048330,0
anon_0048324,100
anon_0048336,100
anon_0048318,0
anon_0048280,100
anon_0048359,90
anon_0048177,50
anon_0048336,90
anon_0048336,0
anon_0048344,0
anon_0048344,50
anon_0048262,100
anon_0048311,0
anon_0048290,100
anon_0048280,100
anon_0048318,50
anon_0048232,85
anon_0048232,85
anon_0048290,95
anon_0048336,90
anon_0048318,100
anon_0048350,100
anon_0048330,85
anon_0048280,100
anon_0048177,70
anon_0048365,80
anon_0048318,100
anon_0048247,0
anon_0048232,80
anon_0048324,90
anon_0048262,33
anon_0048344,0
anon_0048318,85
anon_0048290,95
anon_0048290,90
anon_0048344,100
anon_0048365,85
anon_0048344,0
anon_0048318,100
anon_0048330,75
anon_0048290,85
anon_0048290,100
anon_0048280,0
anon_0048177,85
anon_0048290,85
anon_0048318,0
anon_0048291,85
anon_0048318,0
anon_0048247,50
anon_0048177,100
anon_0048330,50
anon_0048215,100
anon_0048290,100
anon_0048232,85
anon_0048344,0
anon_0048291,90
anon_0048336,85
anon_0048311,85
anon_0048290,100
anon_0048330,85
anon_0048318,100
anon_0048290,100
anon_0048215,100
anon_0048344,85
anon_0048336,100
anon_0048188,85
anon_0048262,90
anon_0048290,85
anon_0048365,85
anon_0048324,90
anon_0048330,85
anon_0048359,90
anon_0048247,85
anon_0048290,95
anon_0048330,100
anon_0048336,100
anon_0048215,90
anon_0048290,95
anon_0048291,90
anon_0048215,100
anon_0048350,90
anon_0048330,50
anon_0048262,100
anon_0048336,100
anon_0048311,0
anon_0048290,0
anon_0048324,85
anon_0048344,100
anon_0048262,100
anon_0048247,70
anon_0048365,95
anon_0048188,75
anon_0048344,0
anon_0048330,50
anon_0048291,0
anon_0048262,100
anon_0048330,85
anon_0048324,85
anon_0048247,60
anon_0048318,100
anon_0048262,100
anon_0048350,100
anon_0048359,85
anon_0048262,85
anon_0048262,100
anon_0048318,0
anon_0048215,100
anon_0048318,100
anon_0048318,90
anon_0048318,80
anon_0048318,100
anon_0048330,100
anon_0048350,100
anon_0048280,85
anon_0048270,0
anon_0048365,90
anon_0048350,100
anon_0048365,95
anon_0048291,95
anon_0048318,100
anon_0048215,0
anon_0048350,50
anon_0048267,50
anon_0048280,90
anon_0048267,100
anon_0048311,100
anon_0048267,100
anon_0048267,100
anon_0048280,95
anon_0048290,0
anon_0048318,50
anon_0048330,85
anon_0048291,85
anon_0048267,100
anon_0048290,100
anon_0048270,100
anon_0048215,20
anon_0048311,100
anon_0048330,85
anon_0048291,100
anon_0048267,100
anon_0048318,95
anon_0048318,100
anon_0048291,90
anon_0048318,90
anon_0048290,100
anon_0048280,85
anon_0048270,80
anon_0048291,95
anon_0048318,85
anon_0048280,95
anon_0048215,0
anon_0048311,100
anon_0048290,90
anon_0048350,100
anon_0048291,95
anon_0048215,85
anon_0048318,100
anon_0048365,85
anon_0048318,50
anon_0048270,90
anon_0048311,85
anon_0048311,95
anon_0048365,90
anon_0048318,100
anon_0048291,80
anon_0048318,0
anon_0048290,85
anon_0048318,0
anon_0048291,50
anon_0048318,90
anon_0048291,60
anon_0048270,90
anon_0048290,85
anon_0048350,0
anon_0048311,0
anon_0048375,100
anon_0048344,100
anon_0048394,100
anon_0048291,100
anon_0048290,100
anon_0048344,100
anon_0048365,90
anon_0048291,95
anon_0048280,0
anon_0048385,100
anon_0048383,85
anon_0048290,100
anon_0048385,90
anon_0048350,90
anon_0048394,100
anon_0048350,90
anon_0048280,100
anon_0048324,100
anon_0048377,70
anon_0048365,95
anon_0048311,0
anon_0048375,100
anon_0048280,100
anon_0048270,85
anon_0048382,90
anon_0048388,95
anon_0048388,95
anon_0048365,85
anon_0048291,95
anon_0048385,100
anon_0048382,50
anon_0048383,0
anon_0048375,100
anon_0048311,80
anon_0048377,85
anon_0048324,90
anon_0048344,100
anon_0048394,95
anon_0048383,100
anon_0048388,100
anon_0048280,95
anon_0048375,80
anon_0048270,95
anon_0048387,85
anon_0048394,100
anon_0048350,100
anon_0048290,100
anon_0048290,90
anon_0048330,85
anon_0048280,100
anon_0048377,95
anon_0048330,100
anon_0048290,95
anon_0048375,0
anon_0048394,0
anon_0048311,85
anon_0048377,90
anon_0048311,100
anon_0048365,100
anon_0048375,70
anon_0048330,90
anon_0048330,0
anon_0048365,90
anon_0048336,90
anon_0048344,100
anon_0048318,90
anon_0048330,100
anon_0048336,85
anon_0048290,85
anon_0048350,90
anon_0048329,100
anon_0048350,100
anon_0048336,85
anon_0048336,85
anon_0048350,95
anon_0048290,85
anon_0048280,95
anon_0048290,95
anon_0048330,90
anon_0048365,90
anon_0048350,50
anon_0048329,100
anon_0048291,90
anon_0048267,100
anon_0048290,85
anon_0048318,85
anon_0048329,50
anon_0048290,60
anon_0048388,0
anon_0048382,95
anon_0048318,100
anon_0048318,85
anon_0048377,70
anon_0048330,85
anon_0048311,85
anon_0048270,85
anon_0048330,85
anon_0048369,100
anon_0048382,95
anon_0048359,90
anon_0048365,85
anon_0048382,100
anon_0048382,100
anon_0048369,95
anon_0048290,90
anon_0048369,90
anon_0048382,100
anon_0048365,100
anon_0048318,75
anon_0048344,50
anon_0048280,90
anon_0048336,100
anon_0048369,80
anon_0048270,85
anon_0048359,90
anon_0048365,100
anon_0048365,100
anon_0048377,75
anon_0048336,50
anon_0048377,95
anon_0048365,100
anon_0048318,100
anon_0048318,100
anon_0048377,90
anon_0048280,50
anon_0048318,100
anon_0048365,90
anon_0048318,100
anon_0048336,100
anon_0048270,100
anon_0048359,30
anon_0048377,70
anon_0048280,90
anon_0048336,100
anon_0048377,95
anon_0048270,100
anon_0048377,NA
anon_0048280,100
anon_0048377,85
anon_0048377,95
anon_0048359,90
anon_0048270,95
anon_0048280,90
anon_0048365,100
anon_0048369,90
anon_0048377,85
anon_0048377,85
anon_0048318,85
anon_0048365,85
anon_0048359,85
anon_0048330,90
anon_0048365,85
anon_0048365,95
anon_0048365,50
anon_0048336,50
anon_0048377,85
anon_0048318,100
anon_0048336,90
anon_0048280,50
anon_0048377,85
anon_0048344,70
anon_0048377,85
anon_0048377,75
anon_0048365,85
anon_0048359,85
anon_0048377,70
anon_0048400,100
anon_0048344,100
anon_0048400,100
anon_0048394,100
anon_0048297,85
anon_0048297,100
anon_0048324,100
anon_0048399,100
anon_0048394,100
anon_0048399,85
anon_0048423,100
anon_0048400,85
anon_0048400,90
anon_0048344,100
anon_0048291,90
anon_0048399,100
anon_0048297,100
anon_0048400,0
anon_0048382,100
anon_0048377,85
anon_0048394,85
anon_0048267,50
anon_0048439,100
anon_0048247,90
anon_0048388,85
anon_0048400,100
anon_0048382,100
anon_0048344,100
anon_0048394,100
anon_0048267,100
anon_0048423,100
anon_0048247,85
anon_0048404,0
anon_0048394,95
anon_0048291,95
anon_0048382,85
anon_0048404,100
anon_0048344,90
anon_0048344,100
anon_0048394,80
anon_0048297,95
anon_0048387,0
anon_0048291,20
anon_0048369,50
anon_0048404,85
anon_0048377,95
anon_0048394,0
anon_0048439,90
anon_0048344,80
anon_0048399,85
anon_0048404,100
anon_0048344,100
anon_0048394,85
anon_0048369,0
anon_0048423,95
anon_0048404,50
anon_0048400,100
anon_0048382,90
anon_0048377,40
anon_0048394,100
anon_0048247,0
anon_0048394,0
anon_0048344,50
anon_0048400,85
anon_0048344,0
anon_0048377,85
anon_0048400,85
anon_0048394,50
anon_0048394,95
anon_0048291,20
anon_0048247,0
anon_0048324,85
anon_0048324,90
anon_0048382,85
anon_0048369,100
anon_0048324,85
anon_0048400,95
anon_0048394,100
anon_0048297,85
anon_0048399,90
anon_0048388,0
anon_0048324,0
anon_0048344,100
anon_0048388,100
anon_0048394,90
anon_0048400,85
anon_0048399,95
anon_0048394,100
anon_0048394,95
anon_0048344,100
anon_0048439,100
anon_0048399,100
anon_0048382,70
anon_0048247,85
anon_0048404,100
anon_0048388,85
anon_0048377,85
anon_0048388,100
anon_0048382,100
anon_0048404,50
anon_0048330,85
anon_0048369,100
anon_0048382,85
anon_0048369,100
anon_0048369,100
anon_0048330,85
anon_0048369,100
anon_0048344,50
anon_0048344,50
anon_0048359,100
anon_0048404,85
anon_0048324,85
anon_0048439,85
anon_0048377,100
anon_0048344,85
anon_0048385,100
anon_0048404,95
anon_0048369,100
anon_0048350,0
anon_0048350,0
anon_0048394,100
anon_0048385,95
anon_0048330,60
anon_0048377,75
anon_0048388,85
anon_0048330,85
anon_0048330,100
anon_0048394,100
anon_0048350,90
anon_0048385,90
anon_0048350,85
anon_0048330,85
anon_0048385,0
anon_0048359,50
anon_0048350,50
anon_0048404,100
anon_0048394,100
anon_0048330,100
anon_0048394,100
anon_0048280,50
anon_0048388,85
anon_0048280,100
anon_0048359,85
anon_0048394,90
anon_0048359,85
anon_0048280,100
anon_0048377,90
anon_0048350,100
anon_0048359,100
anon_0048388,0
anon_0048359,40
anon_0048330,85
anon_0048385,100
anon_0048350,100
anon_0048377,NA
anon_0048377,85
anon_0048280,100
anon_0048394,50
anon_0048377,30
anon_0048369,85
anon_0048359,85
anon_0048359,85
anon_0048359,85
anon_0048404,0
anon_0048350,0
anon_0048377,75
anon_0048280,90
anon_0048394,100
anon_0048330,70
anon_0048359,85
anon_0048330,85
anon_0048377,100
anon_0048377,70
anon_0048394,100
anon_0048330,70
anon_0048330,50
anon_0048359,70
anon_0048377,75
anon_0048359,85
anon_0048359,90
anon_0048388,100
anon_0048382,100
anon_0048280,85
anon_0048377,85
anon_0048359,50
anon_0048387,0
anon_0048400,100
anon_0048423,18
anon_0048400,100
anon_0048423,100
anon_0048439,90
anon_0048423,85
anon_0048458,100
anon_0048466,85
anon_0048267,0
anon_0048377,100
anon_0048387,100
anon_0048453,85
anon_0048439,100
anon_0048458,100
anon_0048297,100
anon_0048404,100
anon_0048404,100
anon_0048458,90
anon_0048399,100
anon_0048470,100
anon_0048375,36
anon_0048359,75
anon_0048404,100
anon_0048359,50
anon_0048453,100
anon_0048375,85
anon_0048462,90
anon_0048387,100
anon_0048470,85
anon_0048466,75
anon_0048377,90
anon_0048423,100
anon_0048375,100
anon_0048377,85
anon_0048453,100
anon_0048441,100
anon_0048377,95
anon_0048453,85
anon_0048441,100
anon_0048453,85
anon_0048400,85
anon_0048439,100
anon_0048432,95
anon_0048399,85
anon_0048439,100
anon_0048399,100
anon_0048297,95
anon_0048400,85
anon_0048369,100
anon_0048466,50
anon_0048399,85
anon_0048385,95
anon_0048369,90
anon_0048399,100
anon_0048441,85
anon_0048466,90
anon_0048375,0
anon_0048400,85
anon_0048399,100
anon_0048458,0
anon_0048399,90
anon_0048466,50
anon_0048399,85
anon_0048453,70
anon_0048453,90
anon_0048267,90
anon_0048369,100
anon_0048387,100
anon_0048297,50
anon_0048369,100
anon_0048399,85
anon_0048387,85
anon_0048359,85
anon_0048400,85
anon_0048369,95
anon_0048369,100
anon_0048369,90
anon_0048423,90
anon_0048369,90
anon_0048399,85
anon_0048441,90
anon_0048458,100
anon_0048453,100
anon_0048375,95
anon_0048377,85
anon_0048377,50
anon_0048453,100
anon_0048462,0
anon_0048369,60
anon_0048441,50
anon_0048297,50
anon_0048359,70
anon_0048385,70
anon_0048441,100
anon_0048453,100
anon_0048453,100
anon_0048375,85
anon_0048432,85
anon_0048466,0
anon_0048377,85
anon_0048453,100
anon_0048439,100
anon_0048359,95
anon_0048466,70
anon_0048441,90
anon_0048453,100
anon_0048400,100
anon_0048400,95
anon_0048462,100
anon_0048423,100
anon_0048267,85
anon_0048439,100
anon_0048423,90
anon_0048267,0
anon_0048400,85
anon_0048462,100
anon_0048432,95
anon_0048466,100
anon_0048439,100
anon_0048439,100
anon_0048432,90
anon_0048369,100
anon_0048462,100
anon_0048439,100
anon_0048423,100
anon_0048432,85
anon_0048377,95
anon_0048377,95
anon_0048462,100
anon_0048462,90
anon_0048441,90
anon_0048400,85
anon_0048462,85
anon_0048385,100
anon_0048423,95
anon_0048359,50
anon_0048267,95
anon_0048359,90
anon_0048385,90
anon_0048400,85
anon_0048432,95
anon_0048267,90
anon_0048423,0
anon_0048432,85
anon_0048400,90
anon_0048441,90
anon_0048267,100
anon_0048377,70
anon_0048267,0
anon_0048462,100
anon_0048385,85
anon_0048385,0
anon_0048399,0
anon_0048267,50
anon_0048439,85
anon_0048359,100
anon_0048359,85
anon_0048267,85
anon_0048359,0
anon_0048359,85
anon_0048385,100
anon_0048369,100
anon_0048377,75
anon_0048400,90
anon_0048359,90
anon_0048385,90
anon_0048359,90
anon_0048399,100
anon_0048359,90
anon_0048400,85
anon_0048462,100
anon_0048385,90
anon_0048359,90
anon_0048385,100
anon_0048399,90
anon_0048369,85
anon_0048441,85
anon_0048359,75
anon_0048369,85
anon_0048462,85
anon_0048369,95
anon_0048385,95
anon_0048462,0
anon_0048441,50
anon_0048400,70
anon_0048369,90
anon_0048481,100
anon_0048485,100
anon_0048462,85
anon_0048441,100
anon_0048485,90
anon_0048399,95
anon_0048423,100
anon_0048458,100
anon_0048375,90
anon_0048387,50
anon_0048488,100
anon_0048462,100
anon_0048453,0
anon_0048481,100
anon_0048466,0
anon_0048485,0
anon_0048481,100
anon_0048470,100
anon_0048458,100
anon_0048478,100
anon_0048470,100
anon_0048470,100
anon_0048470,50
anon_0048515,100
anon_0048441,90
anon_0048462,100
anon_0048359,85
anon_0048423,100
anon_0048441,100
anon_0048488,85
anon_0048481,90
anon_0048470,100
anon_0048423,85
anon_0048387,0
anon_0048485,100
anon_0048453,90
anon_0048491,100
anon_0048470,0
anon_0048359,85
anon_0048453,100
anon_0048478,95
anon_0048470,100
anon_0048481,100
anon_0048359,90
anon_0048481,85
anon_0048481,85
anon_0048491,50
anon_0048470,50
anon_0048466,75
anon_0048462,85
anon_0048470,100
anon_0048421,0
anon_0048485,0
anon_0048423,85
anon_0048515,90
anon_0048359,80
anon_0048462,100
anon_0048359,90
anon_0048515,90
anon_0048359,85
anon_0048478,85
anon_0048466,85
anon_0048423,85
anon_0048462,85
anon_0048481,85
anon_0048359,20
anon_0048481,95
anon_0048466,75
anon_0048423,100
anon_0048488,100
anon_0048423,100
anon_0048488,90
anon_0048478,85
anon_0048485,85
anon_0048359,85
anon_0048399,95
anon_0048441,85
anon_0048491,85
anon_0048423,85
anon_0048470,85
anon_0048423,100
anon_0048458,0
anon_0048423,95
anon_0048399,90
anon_0048423,100
anon_0048470,70
anon_0048359,85
anon_0048481,90
anon_0048462,100
anon_0048491,85
anon_0048359,85
anon_0048399,85
anon_0048399,85
anon_0048359,30
anon_0048462,85
anon_0048481,100
anon_0048462,100
anon_0048462,100
anon_0048359,85
anon_0048399,85
anon_0048491,90
anon_0048441,70
anon_0048488,100
anon_0048441,100
anon_0048441,100
anon_0048481,90
anon_0048423,100
anon_0048441,85
anon_0048491,95
anon_0048441,100
anon_0048466,0
anon_0048441,100
anon_0048399,75
anon_0048441,0
anon_0048466,90
anon_0048481,100
anon_0048441,100
anon_0048441,85
anon_0048481,100
anon_0048481,100
anon_0048470,95
anon_0048399,75
anon_0048441,90
anon_0048481,100
anon_0048441,85
anon_0048423,90
anon_0048491,85
anon_0048491,100
anon_0048466,50
anon_0048441,100
anon_0048470,95
anon_0048441,85
anon_0048441,95
anon_0048491,100
anon_0048470,85
anon_0048441,50
anon_0048462,90
anon_0048432,85
anon_0048441,100
anon_0048423,90
anon_0048432,90
anon_0048491,100
anon_0048399,85
anon_0048470,85
anon_0048423,100
anon_0048432,85
anon_0048387,100
anon_0048466,100
anon_0048491,50
anon_0048441,80
anon_0048432,90
anon_0048387,0
anon_0048399,75
anon_0048491,100
anon_0048399,85
anon_0048491,100
anon_0048423,90
anon_0048491,90
anon_0048470,90
anon_0048423,90
anon_0048399,85
anon_0048462,75
anon_0048432,95
anon_0048432,100
anon_0048387,90
anon_0048387,90
anon_0048491,95
anon_0048432,0
anon_0048432,85
anon_0048423,95
anon_0048399,85
anon_0048399,90
anon_0048399,85
anon_0048491,100
anon_0048423,100
anon_0048432,90
anon_0048491,50
anon_0048399,70
anon_0048491,85
anon_0048387,85
anon_0048399,0
anon_0048491,100
anon_0048515,100
anon_0048458,100
anon_0048532,85
anon_0048485,100
anon_0048498,85
anon_0048555,90
anon_0048421,50
anon_0048503,100
anon_0048421,0
anon_0048458,90
anon_0048555,100
anon_0048498,0
anon_0048535,100
anon_0048481,100
anon_0048387,100
anon_0048488,100
anon_0048535,95
anon_0048485,100
anon_0048481,100
anon_0048549,100
anon_0048498,50
anon_0048488,100
anon_0048462,90
anon_0048535,85
anon_0048549,90
anon_0048481,90
anon_0048491,0
anon_0048485,100
anon_0048485,100
anon_0048481,95
anon_0048458,0
anon_0048515,0
anon_0048498,0
anon_0048535,100
anon_0048503,100
anon_0048485,100
anon_0048485,100
anon_0048470,100
anon_0048555,100
anon_0048481,90
anon_0048488,100
anon_0048375,50
anon_0048375,100
anon_0048488,100
anon_0048549,100
anon_0048485,0
anon_0048432,100
anon_0048532,100
anon_0048532,90
anon_0048481,100
anon_0048481,95
anon_0048535,90
anon_0048498,50
anon_0048532,90
anon_0048481,100
anon_0048555,85
anon_0048421,0
anon_0048481,90
anon_0048481,95
anon_0048488,90
anon_0048387,90
anon_0048481,90
anon_0048488,90
anon_0048488,90
anon_0048375,100
anon_0048481,50
anon_0048488,100
anon_0048515,85
anon_0048491,100
anon_0048470,90
anon_0048481,95
anon_0048555,70
anon_0048488,100
anon_0048488,95
anon_0048535,100
anon_0048485,100
anon_0048375,85
anon_0048375,90
anon_0048491,85
anon_0048498,85
anon_0048488,100
anon_0048535,100
anon_0048481,20
anon_0048555,90
anon_0048488,90
anon_0048532,100
anon_0048481,100
anon_0048481,100
anon_0048387,85
anon_0048481,85
anon_0048515,90
anon_0048488,100
anon_0048462,90
anon_0048488,0
anon_0048498,90
anon_0048549,100
anon_0048488,75
anon_0048549,100
anon_0048481,0
anon_0048488,85
anon_0048532,100
anon_0048375,85
anon_0048485,90
anon_0048432,50
anon_0048515,90
anon_0048432,80
anon_0048421,100
anon_0048503,95
anon_0048432,80
anon_0048421,100
anon_0048515,50
anon_0048529,90
anon_0048503,100
anon_0048515,0
anon_0048515,50
anon_0048529,85
anon_0048515,0
anon_0048515,100
anon_0048481,100
anon_0048532,100
anon_0048503,100
anon_0048515,95
anon_0048515,90
anon_0048515,100
anon_0048515,90
anon_0048421,85
anon_0048503,100
anon_0048515,95
anon_0048515,85
anon_0048515,85
anon_0048515,95
anon_0048529,100
anon_0048515,95
anon_0048515,100
anon_0048515,95
anon_0048421,90
anon_0048503,100
anon_0048515,90
anon_0048481,90
anon_0048515,90
anon_0048515,100
anon_0048515,50
anon_0048515,90
anon_0048515,75
anon_0048532,90
anon_0048515,90
anon_0048515,85
anon_0048515,85
anon_0048421,85
anon_0048515,100
anon_0048515,85
anon_0048432,50
anon_0048529,100
anon_0048515,90
anon_0048481,50
anon_0048515,95
anon_0048515,100
anon_0048535,100
anon_0048597,100
anon_0048529,100
anon_0048421,0
anon_0048535,85
anon_0048582,100
anon_0048582,100
anon_0048535,100
anon_0048485,100
anon_0048421,100
anon_0048582,100
anon_0048582,100
anon_0048532,100
anon_0048529,100
anon_0048488,30
anon_0048582,95
anon_0048582,50
anon_0048488,100
anon_0048582,100
anon_0048600,85
anon_0048535,100
anon_0048488,100
anon_0048582,100
anon_0048584,85
anon_0048604,100
anon_0048535,100
anon_0048535,85
anon_0048485,100
anon_0048549,85
anon_0048584,10
anon_0048535,90
anon_0048544,0
anon_0048582,75
anon_0048582,100
anon_0048582,85
anon_0048485,85
anon_0048555,85
anon_0048582,95
anon_0048485,85
anon_0048485,85
anon_0048535,100
anon_0048604,85
anon_0048584,90
anon_0048485,90
anon_0048485,100
anon_0048597,90
anon_0048488,85
anon_0048549,100
anon_0048549,100
anon_0048535,90
anon_0048549,90
anon_0048604,90
anon_0048600,95
anon_0048600,90
anon_0048515,100
anon_0048555,75
anon_0048597,0
anon_0048549,95
anon_0048485,90
anon_0048488,100
anon_0048549,100
anon_0048532,100
anon_0048544,85
anon_0048600,85
anon_0048582,100
anon_0048582,0
anon_0048582,20
anon_0048584,90
anon_0048600,85
anon_0048529,0
anon_0048597,30
anon_0048532,90
anon_0048485,100
anon_0048485,85
anon_0048421,90
anon_0048555,95
anon_0048532,85
anon_0048597,85
anon_0048535,100
anon_0048485,100
anon_0048488,50
anon_0048485,75
anon_0048582,100
anon_0048532,50
anon_0048582,85
anon_0048582,0
anon_0048604,100
anon_0048597,100
anon_0048488,85
anon_0048421,NA
anon_0048604,90
anon_0048544,95
anon_0048535,100
anon_0048421,100
anon_0048485,90
anon_0048600,85
anon_0048600,85
anon_0048421,85
anon_0048532,100
anon_0048549,100
anon_0048582,100
anon_0048532,100
anon_0048604,95
anon_0048432,0
anon_0048532,95
anon_0048604,100
anon_0048555,100
anon_0048544,90
anon_0048549,100
anon_0048532,0
anon_0048604,85
anon_0048604,90
anon_0048544,90
anon_0048432,85
anon_0048432,100
anon_0048421,100
anon_0048535,50
anon_0048600,85
anon_0048532,50
anon_0048549,100
anon_0048544,90
anon_0048549,100
anon_0048544,90
anon_0048535,0
anon_0048584,100
anon_0048432,0
anon_0048584,85
anon_0048584,95
anon_0048604,20
anon_0048584,90
anon_0048532,90
anon_0048532,100
anon_0048503,70
anon_0048544,95
anon_0048544,95
anon_0048611,100
anon_0048535,90
anon_0048611,100
anon_0048549,99
anon_0048503,90
anon_0048421,0
anon_0048584,95
anon_0048611,95
anon_0048532,80
anon_0048544,90
anon_0048503,60
anon_0048535,100
anon_0048532,85
anon_0048532,90
anon_0048532,0
anon_0048532,90
anon_0048535,70
anon_0048544,90
anon_0048503,85
anon_0048503,85
anon_0048584,90
anon_0048532,85
anon_0048535,95
anon_0048544,85
anon_0048535,85
anon_0048535,95
anon_0048432,85
anon_0048503,90
anon_0048535,85
anon_0048584,100
anon_0048532,85
anon_0048544,85
anon_0048611,85
anon_0048584,85
anon_0048532,80
anon_0048535,50
anon_0048503,85
anon_0048532,90
anon_0048535,90
anon_0048584,0
anon_0048611,0
anon_0048532,100
anon_0048604,100
anon_0048644,0
anon_0048421,0
anon_0048646,100
anon_0048611,100
anon_0048646,100
anon_0048597,100
anon_0048549,100
anon_0048529,100
anon_0048611,100
anon_0048611,100
anon_0048654,100
anon_0048611,50
anon_0048646,100
anon_0048549,100
anon_0048421,85
anon_0048639,100
anon_0048515,100
anon_0048529,95
anon_0048611,85
anon_0048639,90
anon_0048639,100
anon_0048611,100
anon_0048529,85
anon_0048604,70
anon_0048535,100
anon_0048646,100
anon_0048549,95
anon_0048549,100
anon_0048660,100
anon_0048611,90
anon_0048639,50
anon_0048604,100
anon_0048515,85
anon_0048646,85
anon_0048515,100
anon_0048604,85
anon_0048611,0
anon_0048611,90
anon_0048646,85
anon_0048604,50
anon_0048604,0
anon_0048503,90
anon_0048535,95
anon_0048503,100
anon_0048604,85
anon_0048421,85
anon_0048515,100
anon_0048549,90
anon_0048604,85
anon_0048646,95
anon_0048604,85
anon_0048646,100
anon_0048646,100
anon_0048535,100
anon_0048646,85
anon_0048639,85
anon_0048529,0
anon_0048604,90
anon_0048529,90
anon_0048515,0
anon_0048529,90
anon_0048611,90
anon_0048654,85
anon_0048611,100
anon_0048503,85
anon_0048646,50
anon_0048660,90
anon_0048535,85
anon_0048646,85
anon_0048535,85
anon_0048604,100
anon_0048544,80
anon_0048604,90
anon_0048639,90
anon_0048535,85
anon_0048646,90
anon_0048604,85
anon_0048611,85
anon_0048503,85
anon_0048604,90
anon_0048639,90
anon_0048535,100
anon_0048604,95
anon_0048503,85
anon_0048604,85
anon_0048611,90
anon_0048611,100
anon_0048611,85
anon_0048611,95
anon_0048544,85
anon_0048535,85
anon_0048611,90
anon_0048611,0
anon_0048544,60
anon_0048549,100
anon_0048646,90
anon_0048646,100
anon_0048611,20
anon_0048646,85
anon_0048549,100
anon_0048544,85
anon_0048646,90
anon_0048604,60
anon_0048515,75
anon_0048644,50
anon_0048611,90
anon_0048478,100
anon_0048646,90
anon_0048549,100
anon_0048549,85
anon_0048604,85
anon_0048535,95
anon_0048535,90
anon_0048549,85
anon_0048535,100
anon_0048549,80
anon_0048611,90
anon_0048600,100
anon_0048478,95
anon_0048604,100
anon_0048478,95
anon_0048584,100
anon_0048604,90
anon_0048584,95
anon_0048535,100
anon_0048549,85
anon_0048478,90
anon_0048611,95
anon_0048604,90
anon_0048646,100
anon_0048600,85
anon_0048549,90
anon_0048535,85
anon_0048604,100
anon_0048584,100
anon_0048535,0
anon_0048535,90
anon_0048584,85
anon_0048549,50
anon_0048549,85
anon_0048535,90
anon_0048535,90
anon_0048478,60
anon_0048584,0
anon_0048584,90
anon_0048584,85
anon_0048600,85
anon_0048535,90
anon_0048478,85
anon_0048584,95
anon_0048646,90
anon_0048600,100
anon_0048535,85
anon_0048584,100
anon_0048549,90
anon_0048584,100
anon_0048600,90
anon_0048600,90
anon_0048584,100
anon_0048535,95
anon_0048478,85
anon_0048600,95
anon_0048584,80
anon_0048584,90
anon_0048584,NA
anon_0048600,85
anon_0048600,85
anon_0048600,85
anon_0048654,95
anon_0048646,100
anon_0048677,90
anon_0048639,100
anon_0048651,90
anon_0048703,100
anon_0048730,95
anon_0048702,100
anon_0048646,50
anon_0048646,100
anon_0048660,90
anon_0048703,100
anon_0048688,100
anon_0048702,100
anon_0048651,90
anon_0048644,50
anon_0048660,100
anon_0048688,100
anon_0048703,100
anon_0048639,90
anon_0048651,85
anon_0048702,100
anon_0048660,100
anon_0048660,100
anon_0048730,0
anon_0048660,100
anon_0048690,85
anon_0048677,85
anon_0048644,90
anon_0048646,100
anon_0048644,100
anon_0048654,95
anon_0048703,100
anon_0048677,100
anon_0048654,90
anon_0048639,100
anon_0048703,90
anon_0048651,90
anon_0048690,0
anon_0048660,0
anon_0048700,95
anon_0048701,85
anon_0048730,85
anon_0048677,100
anon_0048701,85
anon_0048688,85
anon_0048701,90
anon_0048544,100
anon_0048544,50
anon_0048644,100
anon_0048651,70
anon_0048639,0
anon_0048688,0
anon_0048702,0
anon_0048544,90
anon_0048701,85
anon_0048686,75
anon_0048646,85
anon_0048701,85
anon_0048670,90
anon_0048646,85
anon_0048670,90
anon_0048677,95
anon_0048700,85
anon_0048677,85
anon_0048660,100
anon_0048660,85
anon_0048730,95
anon_0048651,50
anon_0048677,90
anon_0048701,100
anon_0048701,95
anon_0048646,100
anon_0048651,100
anon_0048688,85
anon_0048651,85
anon_0048677,95
anon_0048677,85
anon_0048686,85
anon_0048651,90
anon_0048690,85
anon_0048544,85
anon_0048677,90
anon_0048677,50
anon_0048651,100
anon_0048670,0
anon_0048660,85
anon_0048700,85
anon_0048688,85
anon_0048651,85
anon_0048670,90
anon_0048677,85
anon_0048690,90
anon_0048701,90
anon_0048651,100
anon_0048646,90
anon_0048654,60
anon_0048690,85
anon_0048659,100
anon_0048654,90
anon_0048659,100
anon_0048659,100
anon_0048670,0
anon_0048700,100
anon_0048544,100
anon_0048670,95
anon_0048659,100
anon_0048670,100
anon_0048659,100
anon_0048584,100
anon_0048584,50
anon_0048654,100
anon_0048651,100
anon_0048651,70
anon_0048651,85
anon_0048659,100
anon_0048654,90
anon_0048659,100
anon_0048644,100
anon_0048584,50
anon_0048654,100
anon_0048670,85
anon_0048659,100
anon_0048654,100
anon_0048639,100
anon_0048651,85
anon_0048651,85
anon_0048644,50
anon_0048659,100
anon_0048651,85
anon_0048651,100
anon_0048584,100
anon_0048639,90
anon_0048700,100
anon_0048651,85
anon_0048670,100
anon_0048651,85
anon_0048639,0
anon_0048584,90
anon_0048700,95
anon_0048651,85
anon_0048584,85
anon_0048700,50
anon_0048654,100
anon_0048639,100
anon_0048639,100
anon_0048639,85
anon_0048651,0
anon_0048651,85
anon_0048659,95
anon_0048639,0
anon_0048651,50
anon_0048670,95
anon_0048651,90
anon_0048639,95
anon_0048651,75
anon_0048584,85
anon_0048670,85
anon_0048639,50
anon_0048544,85
anon_0048651,95
anon_0048659,100
anon_0048651,85
anon_0048651,85
anon_0048700,100
anon_0048651,100
anon_0048651,50
anon_0048544,90
anon_0048654,90
anon_0048651,100
anon_0048544,90
anon_0048639,50
anon_0048639,85
anon_0048644,NA
anon_0048733,100
anon_0048703,100
anon_0048754,100
anon_0048700,90
anon_0048651,100
anon_0048703,100
anon_0048733,90
anon_0048730,90
anon_0048754,0
anon_0048544,100
anon_0048544,85
anon_0048754,100
anon_0048544,100
anon_0048758,100
anon_0048754,95
anon_0048703,100
anon_0048654,85
anon_0048703,100
anon_0048701,90
anon_0048544,70
anon_0048659,0
anon_0048733,100
anon_0048700,90
anon_0048730,50
anon_0048733,90
anon_0048659,90
anon_0048701,100
anon_0048755,85
anon_0048544,85
anon_0048659,85
anon_0048733,100
anon_0048754,100
anon_0048712,90
anon_0048730,0
anon_0048730,100
anon_0048659,90
anon_0048733,85
anon_0048651,100
anon_0048730,100
anon_0048544,75
anon_0048654,95
anon_0048758,100
anon_0048646,90
anon_0048733,90
anon_0048733,85
anon_0048758,85
anon_0048730,90
anon_0048703,80
anon_0048755,100
anon_0048651,85
anon_0048733,90
anon_0048754,100
anon_0048730,95
anon_0048733,85
anon_0048646,85
anon_0048733,85
anon_0048654,50
anon_0048703,90
anon_0048544,100
anon_0048654,85
anon_0048733,90
anon_0048700,90
anon_0048701,90
anon_0048646,100
anon_0048690,0
anon_0048733,90
anon_0048730,90
anon_0048754,100
anon_0048690,50
anon_0048718,90
anon_0048646,85
anon_0048544,75
anon_0048758,95
anon_0048651,100
anon_0048654,85
anon_0048755,85
anon_0048701,100
anon_0048730,100
anon_0048646,90
anon_0048718,85
anon_0048654,85
anon_0048654,85
anon_0048703,90
anon_0048651,95
anon_0048730,85
anon_0048659,60
anon_0048730,85
anon_0048690,85
anon_0048730,90
anon_0048659,90
anon_0048754,0
anon_0048755,100
anon_0048733,90
anon_0048730,85
anon_0048651,70
anon_0048654,85
anon_0048754,100
anon_0048702,90
anon_0048718,0
anon_0048660,100
anon_0048718,85
anon_0048702,85
anon_0048651,90
anon_0048639,0
anon_0048670,0
anon_0048639,80
anon_0048651,85
anon_0048688,90
anon_0048702,90
anon_0048639,85
anon_0048639,85
anon_0048702,100
anon_0048688,100
anon_0048688,90
anon_0048651,85
anon_0048651,95
anon_0048670,50
anon_0048660,85
anon_0048639,100
anon_0048651,95
anon_0048651,95
anon_0048639,100
anon_0048639,90
anon_0048544,70
anon_0048670,50
anon_0048651,100
anon_0048688,100
anon_0048688,85
anon_0048703,85
anon_0048730,100
anon_0048651,100
anon_0048703,85
anon_0048701,95
anon_0048654,100
anon_0048701,85
anon_0048651,85
anon_0048754,100
anon_0048730,20
anon_0048670,85
anon_0048660,85
anon_0048701,85
anon_0048702,100
anon_0048651,100
anon_0048688,95
anon_0048701,85
anon_0048688,75
anon_0048654,85
anon_0048718,85
anon_0048651,90
anon_0048701,85
anon_0048651,100
anon_0048730,100
anon_0048688,85
anon_0048651,70
anon_0048703,75
anon_0048639,85
anon_0048730,0
anon_0048651,100
anon_0048730,95
anon_0048639,85
anon_0048730,85
anon_0048701,85
anon_0048651,0
anon_0048651,100
anon_0048651,90
anon_0048730,100
anon_0048651,95
anon_0048702,90
anon_0048651,100
anon_0048702,90
anon_0048688,60
anon_0048651,100
anon_0048651,85
anon_0048651,65
anon_0048718,85
anon_0048651,85
anon_0048651,85
anon_0048730,85
anon_0048730,90
anon_0048730,85
anon_0048701,70
anon_0048730,NA
anon_0048730,85
anon_0048702,50
anon_0048730,85
anon_0048639,100
anon_0048701,85
anon_0048702,90
anon_0048702,0
anon_0048702,100
anon_0048646,50
anon_0048766,100
anon_0048766,100
anon_0048718,85
anon_0048754,90
anon_0048799,100
anon_0048786,100
anon_0048712,100
anon_0048777,90
anon_0048718,85
anon_0048777,100
anon_0048777,100
anon_0048766,85
anon_0048792,100
anon_0048772,0
anon_0048702,100
anon_0048659,100
anon_0048754,100
anon_0048786,85
anon_0048702,100
anon_0048701,95
anon_0048754,90
anon_0048702,90
anon_0048792,100
anon_0048701,100
anon_0048688,100
anon_0048792,100
anon_0048791,85
anon_0048659,100
anon_0048702,95
anon_0048646,85
anon_0048777,0
anon_0048766,100
anon_0048792,90
anon_0048718,85
anon_0048791,95
anon_0048766,100
anon_0048799,95
anon_0048688,85
anon_0048702,100
anon_0048712,95
anon_0048772,100
anon_0048772,85
anon_0048718,90
anon_0048772,95
anon_0048799,90
anon_0048758,85
anon_0048792,100
anon_0048777,100
anon_0048659,90
anon_0048544,85
anon_0048712,85
anon_0048772,85
anon_0048670,90
anon_0048786,90
anon_0048659,85
anon_0048702,85
anon_0048766,95
anon_0048786,95
anon_0048758,100
anon_0048718,85
anon_0048772,85
anon_0048791,90
anon_0048786,90
anon_0048799,85
anon_0048758,80
anon_0048544,70
anon_0048544,85
anon_0048777,85
anon_0048772,70
anon_0048777,100
anon_0048799,85
anon_0048758,100
anon_0048799,95
anon_0048701,50
anon_0048758,0
anon_0048792,90
anon_0048688,75
anon_0048758,100
anon_0048772,90
anon_0048670,100
anon_0048702,0
anon_0048758,0
anon_0048758,100
anon_0048702,100
anon_0048702,100
anon_0048799,90
anon_0048777,100
anon_0048777,100
anon_0048712,95
anon_0048702,100
anon_0048755,90
anon_0048777,100
anon_0048712,85
anon_0048755,100
anon_0048777,100
anon_0048544,75
anon_0048803,90
anon_0048670,90
anon_0048755,100
anon_0048777,95
anon_0048755,90
anon_0048803,90
anon_0048792,100
anon_0048755,100
anon_0048701,95
anon_0048718,90
anon_0048718,100
anon_0048755,95
anon_0048701,85
anon_0048755,0
anon_0048718,100
anon_0048701,90
anon_0048755,85
anon_0048792,100
anon_0048544,85
anon_0048755,90
anon_0048701,100
anon_0048712,100
anon_0048758,85
anon_0048755,100
anon_0048712,100
anon_0048718,90
anon_0048755,50
anon_0048755,60
anon_0048712,100
anon_0048718,100
anon_0048701,100
anon_0048792,100
anon_0048755,70
anon_0048792,100
anon_0048792,90
anon_0048718,60
anon_0048755,100
anon_0048670,100
anon_0048712,85
anon_0048701,70
anon_0048690,90
anon_0048766,90
anon_0048670,100
anon_0048755,95
anon_0048701,85
anon_0048755,90
anon_0048766,50
anon_0048777,0
anon_0048766,100
anon_0048670,90
anon_0048688,50
anon_0048718,95
anon_0048766,100
anon_0048718,95
anon_0048688,60
anon_0048718,0
anon_0048701,85
anon_0048777,100
anon_0048777,100
anon_0048701,85
anon_0048670,0
anon_0048688,50
anon_0048755,100
anon_0048670,90
anon_0048755,0
anon_0048690,90
anon_0048718,85
anon_0048688,85
anon_0048690,85
anon_0048718,0
anon_0048690,75
anon_0048670,95
anon_0048670,100
anon_0048690,85
anon_0048670,95
anon_0048755,0
anon_0048690,85
anon_0048755,85
anon_0048792,100
anon_0048686,85
anon_0048690,85
anon_0048766,100
anon_0048766,85
anon_0048690,100
anon_0048718,30
anon_0048701,50
anon_0048690,50
anon_0048755,50
anon_0048690,100
anon_0048688,85
anon_0048777,90
anon_0048688,85
anon_0048755,85
anon_0048755,90
anon_0048690,85
anon_0048686,85
anon_0048792,50
anon_0048777,80
anon_0048686,85
anon_0048777,95
anon_0048777,0
anon_0048686,0
anon_0048786,100
anon_0048803,100
anon_0048786,100
anon_0048791,100
anon_0048758,85
anon_0048826,0
anon_0048786,90
anon_0048754,100
anon_0048826,85
anon_0048702,100
anon_0048833,100
anon_0048758,0
anon_0048786,100
anon_0048819,100
anon_0048791,100
anon_0048670,0
anon_0048670,50
anon_0048792,100
anon_0048792,85
anon_0048792,100
anon_0048809,85
anon_0048792,100
anon_0048819,100
anon_0048702,85
anon_0048791,95
anon_0048799,95
anon_0048826,0
anon_0048777,95
anon_0048791,100
anon_0048755,100
anon_0048702,100
anon_0048777,100
anon_0048786,85
anon_0048702,90
anon_0048670,85
anon_0048777,85
anon_0048755,100
anon_0048833,100
anon_0048755,100
anon_0048833,95
anon_0048799,100
anon_0048755,100
anon_0048826,0
anon_0048777,100
anon_0048755,100
anon_0048772,85
anon_0048772,85
anon_0048826,0
anon_0048758,75
anon_0048819,100
anon_0048833,100
anon_0048772,90
anon_0048718,85
anon_0048670,100
anon_0048755,95
anon_0048758,85
anon_0048702,70
anon_0048777,100
anon_0048670,0
anon_0048809,85
anon_0048809,100
anon_0048819,0
anon_0048826,20
anon_0048702,85
anon_0048702,85
anon_0048754,95
anon_0048809,85
anon_0048777,50
anon_0048786,85
anon_0048670,90
anon_0048803,90
anon_0048809,85
anon_0048755,90
anon_0048792,100
anon_0048670,85
anon_0048702,75
anon_0048791,90
anon_0048702,85
anon_0048819,75
anon_0048755,100
anon_0048803,85
anon_0048754,90
anon_0048786,90
anon_0048803,95
anon_0048755,95
anon_0048718,95
anon_0048786,85
anon_0048777,0
anon_0048718,85
anon_0048702,90
anon_0048792,100
anon_0048833,50
anon_0048833,100
anon_0048718,85
anon_0048786,50
anon_0048718,85
anon_0048702,80
anon_0048792,NA
anon_0048799,85
anon_0048791,85
anon_0048812,95
anon_0048792,100
anon_0048792,100
anon_0048812,100
anon_0048812,95
anon_0048718,85
anon_0048799,0
anon_0048792,100
anon_0048812,85
anon_0048792,50
anon_0048791,100
anon_0048803,100
anon_0048791,50
anon_0048702,100
anon_0048792,95
anon_0048792,100
anon_0048812,100
anon_0048812,100
anon_0048812,100
anon_0048791,0
anon_0048803,90
anon_0048803,90
anon_0048792,0
anon_0048754,85
anon_0048792,0
anon_0048812,100
anon_0048812,90
anon_0048792,100
anon_0048803,100
anon_0048772,100
anon_0048754,100
anon_0048766,100
anon_0048786,90
anon_0048766,0
anon_0048791,100
anon_0048754,100
anon_0048772,100
anon_0048812,100
anon_0048702,100
anon_0048786,95
anon_0048766,0
anon_0048702,100
anon_0048772,90
anon_0048786,85
anon_0048758,95
anon_0048758,90
anon_0048812,100
anon_0048812,100
anon_0048803,100
anon_0048812,90
anon_0048754,100
anon_0048799,85
anon_0048791,100
anon_0048792,70
anon_0048766,100
anon_0048702,100
anon_0048791,50
anon_0048758,95
anon_0048803,85
anon_0048799,90
anon_0048799,85
anon_0048786,95
anon_0048766,90
anon_0048702,100
anon_0048792,100
anon_0048786,85
anon_0048772,100
anon_0048766,85
anon_0048803,0
anon_0048792,0
anon_0048772,100
anon_0048786,85
anon_0048799,100
anon_0048758,90
anon_0048799,95
anon_0048799,100
anon_0048766,85
anon_0048812,100
anon_0048754,0
anon_0048766,75
anon_0048803,100
anon_0048803,90
anon_0048772,90
anon_0048758,85
anon_0048766,85
anon_0048766,90
anon_0048772,80
anon_0048792,95
anon_0048812,85
anon_0048758,50
anon_0048754,90
anon_0048766,100
anon_0048758,50
anon_0048772,85
anon_0048803,50
anon_0048702,85
anon_0048799,90
anon_0048758,85
anon_0048702,100
anon_0048758,90
anon_0048758,85
anon_0048758,85
anon_0048758,90
anon_0048758,100
anon_0048809,100
anon_0048766,100
anon_0048819,100
anon_0048819,100
anon_0048865,100
anon_0048853,100
anon_0048833,90
anon_0048854,90
anon_0048833,85
anon_0048852,100
anon_0048852,90
anon_0048718,85
anon_0048755,100
anon_0048819,100
anon_0048852,100
anon_0048852,0
anon_0048865,100
anon_0048854,95
anon_0048846,0
anon_0048809,100
anon_0048846,95
anon_0048755,95
anon_0048852,85
anon_0048852,100
anon_0048792,85
anon_0048853,85
anon_0048812,90
anon_0048875,0
anon_0048852,100
anon_0048875,100
anon_0048853,100
anon_0048852,0
anon_0048846,0
anon_0048718,60
anon_0048812,80
anon_0048833,100
anon_0048718,70
anon_0048826,50
anon_0048812,90
anon_0048875,85
anon_0048846,100
anon_0048853,0
anon_0048809,85
anon_0048852,0
anon_0048853,95
anon_0048792,90
anon_0048865,100
anon_0048819,90
anon_0048718,85
anon_0048812,85
anon_0048819,95
anon_0048812,100
anon_0048865,100
anon_0048846,85
anon_0048812,95
anon_0048852,75
anon_0048812,100
anon_0048766,85
anon_0048846,90
anon_0048755,95
anon_0048849,85
anon_0048853,85
anon_0048853,100
anon_0048766,90
anon_0048853,90
anon_0048812,50
anon_0048718,70
anon_0048826,85
anon_0048718,100
anon_0048854,0
anon_0048718,85
anon_0048849,85
anon_0048853,90
anon_0048849,85
anon_0048812,50
anon_0048826,90
anon_0048812,85
anon_0048766,85
anon_0048853,95
anon_0048833,90
anon_0048853,90
anon_0048852,85
anon_0048718,85
anon_0048849,85
anon_0048766,85
anon_0048826,85
anon_0048846,95
anon_0048852,90
anon_0048844,100
anon_0048766,85
anon_0048849,85
anon_0048844,100
anon_0048846,100
anon_0048844,100
anon_0048826,100
anon_0048846,100
anon_0048755,90
anon_0048809,50
anon_0048718,100
anon_0048846,100
anon_0048766,50
anon_0048766,50
anon_0048844,90
anon_0048833,0
anon_0048852,90
anon_0048718,70
anon_0048718,100
anon_0048853,50
anon_0048853,50
anon_0048854,100
anon_0048833,90
anon_0048852,70
anon_0048819,100
anon_0048826,95
anon_0048718,85
anon_0048846,100
anon_0048826,100
anon_0048849,50
anon_0048854,0
anon_0048819,90
anon_0048833,85
anon_0048833,90
anon_0048758,85
anon_0048846,50
anon_0048755,95
anon_0048854,100
anon_0048833,90
anon_0048854,80
anon_0048758,0
anon_0048758,100
anon_0048833,95
anon_0048833,95
anon_0048718,90
anon_0048819,90
anon_0048819,90
anon_0048755,85
anon_0048833,90
anon_0048755,85
anon_0048758,50
anon_0048758,85
anon_0048755,85
anon_0048758,100
anon_0048819,0
anon_0048755,85
anon_0048758,0
anon_0048755,85
anon_0048758,50
anon_0048854,100
anon_0048758,90
anon_0048849,90
anon_0048819,90
anon_0048755,85
anon_0048833,85
anon_0048819,90
anon_0048758,100
anon_0048833,100
anon_0048758,85
anon_0048718,75
anon_0048819,90
anon_0048755,85
anon_0048854,85
anon_0048718,60
anon_0048758,85
anon_0048819,90
anon_0048852,0
anon_0048846,0
anon_0048895,100
anon_0048888,100
anon_0048888,50
anon_0048875,85
anon_0048852,100
anon_0048853,100
anon_0048846,100
anon_0048895,85
anon_0048758,100
anon_0048875,95
anon_0048875,0
anon_0048888,90
anon_0048875,90
anon_0048854,100
anon_0048833,0
anon_0048718,100
anon_0048849,100
anon_0048888,95
anon_0048875,100
anon_0048833,100
anon_0048875,90
anon_0048718,90
anon_0048833,95
anon_0048833,90
anon_0048718,50
anon_0048875,100
anon_0048887,80
anon_0048865,100
anon_0048853,100
anon_0048849,95
anon_0048875,30
anon_0048833,100
anon_0048852,0
anon_0048833,95
anon_0048854,75
anon_0048833,100
anon_0048853,90
anon_0048852,75
anon_0048875,95
anon_0048846,0
anon_0048852,85
anon_0048852,90
anon_0048852,90
anon_0048852,100
anon_0048887,100
anon_0048854,100
anon_0048852,50
anon_0048718,85
anon_0048833,85
anon_0048852,0
anon_0048852,50
anon_0048887,95
anon_0048846,85
anon_0048833,90
anon_0048812,85
anon_0048895,85
anon_0048846,85
anon_0048812,90
anon_0048846,0
anon_0048812,90
anon_0048812,85
anon_0048852,95
anon_0048852,70
anon_0048875,90
anon_0048812,100
anon_0048888,85
anon_0048833,100
anon_0048887,100
anon_0048852,90
anon_0048812,100
anon_0048865,90
anon_0048849,85
anon_0048854,85
anon_0048875,95
anon_0048846,85
anon_0048852,90
anon_0048875,80
anon_0048833,50
anon_0048875,95
anon_0048852,0
anon_0048875,90
anon_0048812,85
anon_0048865,100
anon_0048849,85
anon_0048846,85
anon_0048852,85
anon_0048852,85
anon_0048852,70
anon_0048833,75
anon_0048758,50
anon_0048833,95
anon_0048865,100
anon_0048852,0
anon_0048852,90
anon_0048875,85
anon_0048865,100
anon_0048833,90
anon_0048846,100
anon_0048758,85
anon_0048758,75
anon_0048895,85
anon_0048854,85
anon_0048895,90
anon_0048852,75
anon_0048854,0
anon_0048865,100
anon_0048758,90
anon_0048758,85
anon_0048865,100
anon_0048833,95
anon_0048758,85
anon_0048846,100
anon_0048888,100
anon_0048877,85
anon_0048888,70
anon_0048854,95
anon_0048895,85
anon_0048895,100
anon_0048865,50
anon_0048854,85
anon_0048895,100
anon_0048854,85
anon_0048854,0
anon_0048895,0
anon_0048895,85
anon_0048865,95
anon_0048849,0
anon_0048852,85
anon_0048833,100
anon_0048887,100
anon_0048854,85
anon_0048846,0
anon_0048758,50
anon_0048846,0
anon_0048846,0
anon_0048895,100
anon_0048846,95
anon_0048888,80
anon_0048887,100
anon_0048895,90
anon_0048846,0
anon_0048895,90
anon_0048758,85
anon_0048888,100
anon_0048833,95
anon_0048888,100
anon_0048865,0
anon_0048877,90
anon_0048888,85
anon_0048833,100
anon_0048888,95
anon_0048888,100
anon_0048849,90
anon_0048846,90
anon_0048846,90
anon_0048888,100
anon_0048877,90
anon_0048854,95
anon_0048888,90
anon_0048849,90
anon_0048849,85
anon_0048895,0
anon_0048888,100
anon_0048895,100
anon_0048888,85
anon_0048888,100
anon_0048846,85
anon_0048888,50
anon_0048887,90
anon_0048849,85
anon_0048846,100
anon_0048849,90
anon_0048888,90
anon_0048888,100
anon_0048846,50
anon_0048887,50
anon_0048888,85
anon_0048849,50
anon_0048887,95
anon_0048846,90
anon_0048849,50
anon_0048888,75
anon_0048849,85
anon_0048887,100
anon_0048865,90
anon_0048849,90
anon_0048849,50
anon_0048849,30
anon_0048887,90
anon_0048888,85
anon_0048849,85
anon_0048849,90
anon_0048849,85
anon_0048887,100
anon_0048849,85
anon_0048846,85
anon_0048854,95
anon_0048846,0
anon_0048915,0
anon_0048888,50
anon_0048937,90
anon_0048921,100
anon_0048888,100
anon_0048895,50
anon_0048939,95
anon_0048865,90
anon_0048888,85
anon_0048917,100
anon_0048917,0
anon_0048887,80
anon_0048888,100
anon_0048888,100
anon_0048913,20
anon_0048888,100
anon_0048921,100
anon_0048877,95
anon_0048937,95
anon_0048865,90
anon_0048937,100
anon_0048877,90
anon_0048887,100
anon_0048917,85
anon_0048948,100
anon_0048895,100
anon_0048888,85
anon_0048865,85
anon_0048877,50
anon_0048939,85
anon_0048921,0
anon_0048917,100
anon_0048895,90
anon_0048887,100
anon_0048915,100
anon_0048921,100
anon_0048921,95
anon_0048921,100
anon_0048888,100
anon_0048887,95
anon_0048937,0
anon_0048948,90
anon_0048921,85
anon_0048913,85
anon_0048915,100
anon_0048887,90
anon_0048915,95
anon_0048917,100
anon_0048846,100
anon_0048937,85
anon_0048846,70
anon_0048917,100
anon_0048846,85
anon_0048948,90
anon_0048921,85
anon_0048921,100
anon_0048865,85
anon_0048917,90
anon_0048865,100
anon_0048895,90
anon_0048948,90
anon_0048865,85
anon_0048877,75
anon_0048888,100
anon_0048913,95
anon_0048877,75
anon_0048887,100
anon_0048937,85
anon_0048917,90
anon_0048888,100
anon_0048877,85
anon_0048913,85
anon_0048939,85
anon_0048846,50
anon_0048846,85
anon_0048877,95
anon_0048936,100
anon_0048887,90
anon_0048877,85
anon_0048917,90
anon_0048888,100
anon_0048865,90
anon_0048917,95
anon_0048937,100
anon_0048921,100
anon_0048846,70
anon_0048895,100
anon_0048937,85
anon_0048865,90
anon_0048937,100
anon_0048887,100
anon_0048888,100
anon_0048917,95
anon_0048913,60
anon_0048888,100
anon_0048936,90
anon_0048913,85
anon_0048887,100
anon_0048937,90
anon_0048895,90
anon_0048921,95
anon_0048887,85
anon_0048917,90
anon_0048936,95
anon_0048895,90
anon_0048936,85
anon_0048937,90
anon_0048877,85
anon_0048887,50
anon_0048887,100
anon_0048888,100
anon_0048888,100
anon_0048917,100
anon_0048895,100
anon_0048939,85
anon_0048917,100
anon_0048895,90
anon_0048968,100
anon_0048900,85
anon_0048937,90
anon_0048968,90
anon_0048939,0
anon_0048895,95
anon_0048948,100
anon_0048921,100
anon_0048895,95
anon_0048915,90
anon_0048968,85
anon_0048921,0
anon_0048939,50
anon_0048887,100
anon_0048888,100
anon_0048921,0
anon_0048887,95
anon_0048968,90
anon_0048984,95
anon_0048915,90
anon_0048900,70
anon_0048921,30
anon_0048887,50
anon_0048921,50
anon_0048968,90
anon_0048915,90
anon_0048921,100
anon_0048948,100
anon_0048887,0
anon_0048887,95
anon_0048887,30
anon_0048887,90
anon_0048915,100
anon_0048887,100
anon_0048968,85
anon_0048921,100
anon_0048968,90
anon_0048936,100
anon_0048895,90
anon_0048895,100
anon_0048984,90
anon_0048900,85
anon_0048895,85
anon_0048936,100
anon_0048887,90
anon_0048895,0
anon_0048936,90
anon_0048948,100
anon_0048936,95
anon_0048936,100
anon_0048921,90
anon_0048895,100
anon_0048968,50
anon_0048968,100
anon_0048936,95
anon_0048936,0
anon_0048921,100
anon_0048895,100
anon_0048936,85
anon_0048984,90
anon_0048984,85
anon_0048895,100
anon_0048936,90
anon_0048895,100
anon_0048968,85
anon_0048895,100
anon_0048948,100
anon_0048895,90
anon_0048936,85
anon_0048948,95
anon_0048895,100
anon_0048921,90
anon_0048936,85
anon_0048895,100
anon_0048895,90
anon_0048915,85
anon_0048999,100
anon_0048977,100
anon_0048977,100
anon_0048999,75
anon_0048915,100
anon_0048984,100
anon_0048977,100
anon_0048984,100
anon_0048937,100
anon_0048977,85
anon_0049008,0
anon_0048921,100
anon_0048999,100
anon_0048995,50
anon_0048999,85
anon_0048948,85
anon_0048900,0
anon_0048937,85
anon_0048887,100
anon_0048921,90
anon_0048968,100
anon_0048999,85
anon_0048915,100
anon_0048999,85
anon_0048968,50
anon_0048995,90
anon_0048921,75
anon_0048995,85
anon_0048921,0
anon_0048968,85
anon_0048948,50
anon_0049008,85
anon_0048948,100
anon_0049022,100
anon_0049008,90
anon_0048995,100
anon_0048999,85
anon_0048917,100
anon_0048984,85
anon_0048937,85
anon_0048999,85
anon_0048968,100
anon_0048999,85
anon_0048921,100
anon_0048948,30
anon_0048995,85
anon_0048995,85
anon_0049008,100
anon_0048937,100
anon_0048995,85
anon_0048977,90
anon_0048887,85
anon_0048948,50
anon_0048948,0
anon_0048968,90
anon_0049008,85
anon_0048968,50
anon_0048977,100
anon_0048917,60
anon_0049008,100
anon_0049022,0
anon_0048984,50
anon_0048917,90
anon_0048948,0
anon_0048984,85
anon_0048995,85
anon_0048948,85
anon_0048937,85
anon_0048948,100
anon_0049004,85
anon_0048948,80
anon_0048999,95
anon_0048921,85
anon_0048887,85
anon_0048995,85
anon_0048887,0
anon_0048999,90
anon_0048915,100
anon_0048937,85
anon_0048968,85
anon_0049004,85
anon_0048948,90
anon_0049022,85
anon_0048948,85
anon_0048937,90
anon_0049022,85
anon_0049004,100
anon_0048887,85
anon_0048977,90
anon_0048948,85
anon_0048968,80
anon_0048939,95
anon_0048984,100
anon_0048887,50
anon_0049037,95
anon_0048984,100
anon_0048948,85
anon_0048939,85
anon_0048937,100
anon_0049022,85
anon_0048984,100
anon_0048937,90
anon_0048887,50
anon_0048937,100
anon_0049037,100
anon_0049037,90
anon_0048887,50
anon_0048999,95
anon_0048939,85
anon_0048939,90
anon_0048937,85
anon_0049037,100
anon_0048984,100
anon_0049004,90
anon_0048968,0
anon_0048887,50
anon_0049004,100
anon_0048984,85
anon_0048999,90
anon_0049004,100
anon_0048939,75
anon_0048939,90
anon_0048968,100
anon_0049004,50
anon_0048984,85
anon_0048887,100
anon_0048887,100
anon_0049004,90
anon_0049004,85
anon_0048999,85
anon_0048937,85
anon_0048999,0
anon_0048984,100
anon_0048939,0
anon_0048968,100
anon_0048999,75
anon_0048939,85
anon_0049037,90
anon_0048917,100
anon_0049038,100
anon_0049022,100
anon_0048968,100
anon_0048984,85
anon_0049038,100
anon_0048939,85
anon_0048937,85
anon_0048968,85
anon_0048937,85
anon_0048939,90
anon_0048887,100
anon_0048887,85
anon_0048984,90
anon_0049022,85
anon_0048968,100
anon_0048984,90
anon_0049005,100
anon_0048968,90
anon_0048984,30
anon_0048939,100
anon_0049022,90
anon_0048968,90
anon_0049005,100
anon_0048887,85
anon_0048984,90
anon_0048984,90
anon_0048968,90
anon_0048968,85
anon_0049038,90
anon_0048887,60
anon_0048887,100
anon_0048968,85
anon_0048984,90
anon_0048915,80
anon_0049038,100
anon_0048939,85
anon_0049005,100
anon_0048915,100
anon_0048999,75
anon_0048937,85
anon_0049037,50
anon_0048937,85
anon_0048984,85
anon_0049004,75
anon_0049038,100
anon_0048939,75
anon_0049022,100
anon_0048887,100
anon_0048939,85
anon_0049004,85
anon_0048968,0
anon_0048968,85
anon_0049005,100
anon_0048915,100
anon_0048915,100
anon_0049005,100
anon_0048968,75
anon_0048968,85
anon_0048937,50
anon_0048939,85
anon_0048939,85
anon_0048937,85
anon_0048915,95
anon_0048939,50
anon_0049005,100
anon_0048937,85
anon_0049022,0
anon_0048900,0
anon_0048999,100
anon_0049045,100
anon_0048984,95
anon_0048984,100
anon_0048995,85
anon_0048939,0
anon_0049073,95
anon_0048939,100
anon_0048984,90
anon_0048939,50
anon_0049042,100
anon_0048984,0
anon_0048915,100
anon_0049004,100
anon_0048999,100
anon_0048915,90
anon_0048948,100
anon_0048977,95
anon_0049074,100
anon_0048984,0
anon_0049008,0
anon_0048984,90
anon_0049038,0
anon_0049004,85
anon_0048915,75
anon_0049004,85
anon_0049004,20
anon_0048948,100
anon_0048948,85
anon_0049004,100
anon_0049076,0
anon_0048939,90
anon_0049004,80
anon_0048948,85
anon_0048999,90
anon_0048999,85
anon_0049038,100
anon_0048939,85
anon_0048937,85
anon_0049042,100
anon_0048937,50
anon_0048948,85
anon_0049074,100
anon_0048995,85
anon_0048999,95
anon_0049042,95
anon_0049042,100
anon_0048939,85
anon_0048984,90
anon_0048948,90
anon_0048900,90
anon_0048984,100
anon_0049038,100
anon_0049004,85
anon_0049004,80
anon_0049045,85
anon_0049042,100
anon_0049042,100
anon_0049074,100
anon_0048984,90
anon_0049074,100
anon_0049074,100
anon_0049076,100
anon_0048984,90
anon_0049004,90
anon_0049042,85
anon_0049004,100
anon_0049004,70
anon_0048977,95
anon_0049004,90
anon_0049004,85
anon_0048984,95
anon_0049038,50
anon_0048948,100
anon_0048995,85
anon_0049004,90
anon_0049074,100
anon_0049045,90
anon_0048984,100
anon_0048984,100
anon_0049004,70
anon_0048937,85
anon_0049004,75
anon_0048937,85
anon_0048977,85
anon_0049004,85
anon_0048995,85
anon_0048937,50
anon_0048948,100
anon_0048984,90
anon_0049004,90
anon_0048937,50
anon_0049004,85
anon_0048937,60
anon_0048984,90
anon_0049074,100
anon_0048984,100
anon_0048984,85
anon_0048948,20
anon_0048937,85
anon_0049045,100
anon_0049062,85
anon_0049062,85
anon_0048977,75
anon_0049022,85
anon_0049045,75
anon_0048984,85
anon_0049022,85
anon_0048887,95
anon_0048984,85
anon_0048887,100
anon_0049022,95
anon_0049022,100
anon_0049076,100
anon_0049045,85
anon_0049045,90
anon_0048977,85
anon_0049062,85
anon_0048887,85
anon_0048939,85
anon_0048984,90
anon_0049062,85
anon_0048995,100
anon_0049062,85
anon_0049062,75
anon_0049074,100
anon_0048939,0
anon_0049045,85
anon_0049022,95
anon_0049045,85
anon_0049078,85
anon_0048995,70
anon_0048887,100
anon_0049078,95
anon_0048887,90
anon_0048887,90
anon_0049074,100
anon_0049004,100
anon_0049022,100
anon_0049076,90
anon_0048939,90
anon_0048887,90
anon_0048977,90
anon_0049038,85
anon_0049078,90
anon_0049076,90
anon_0048995,90
anon_0049022,75
anon_0048887,100
anon_0049062,85
anon_0049004,0
anon_0049004,70
anon_0049038,85
anon_0049074,50
anon_0049074,85
anon_0049038,100
anon_0049062,90
anon_0049074,100
anon_0048977,85
anon_0049004,60
anon_0048939,50
anon_0049045,85
anon_0048977,90
anon_0049004,90
anon_0049038,85
anon_0048939,85
anon_0049038,85
anon_0049038,60
anon_0049038,0
anon_0048977,85
anon_0049038,95
anon_0049004,70
anon_0049038,85
anon_0049004,90
anon_0048939,0
anon_0049038,90
anon_0049004,85
anon_0048939,90
anon_0049038,95
anon_0049038,90
anon_0049062,75
anon_0049038,85
anon_0049076,0
anon_0049038,85
anon_0048995,50
anon_0049074,100
anon_0048995,0
anon_0049076,50
anon_0049074,100
anon_0049062,100
anon_0049074,90
anon_0048900,100
anon_0049073,90
anon_0049074,100
anon_0049073,90
anon_0049073,90
anon_0049074,95
anon_0048999,100
anon_0049074,100
anon_0049042,90
anon_0049074,100
anon_0048900,30
anon_0048900,95
anon_0049076,100
anon_0049074,100
anon_0049074,100
anon_0049074,80
anon_0049074,100
anon_0049062,85
anon_0048999,100
anon_0049074,100
anon_0049074,100
anon_0049074,0
anon_0048999,50
anon_0049042,100
anon_0048900,100
anon_0049042,95
anon_0049076,100
anon_0049042,95
anon_0049074,95
anon_0049074,100
anon_0049076,95
anon_0049074,100
anon_0049076,100
anon_0049073,0
anon_0048999,85
anon_0049073,95
anon_0048915,0
anon_0049042,90
anon_0049074,100
anon_0049074,90
anon_0049042,95
anon_0049062,75
anon_0049062,100
anon_0048915,95
anon_0049042,100
anon_0048900,90
anon_0049076,85
anon_0049074,100
anon_0049076,95
anon_0049042,90
anon_0049074,NA
anon_0048900,100
anon_0049042,50
anon_0049042,0
anon_0049074,90
anon_0048999,100
anon_0049042,95
anon_0049062,85
anon_0048900,85
anon_0049073,95
anon_0049073,100
anon_0049073,95
anon_0048900,85
anon_0048915,50
anon_0049076,0
anon_0049062,50
anon_0049074,85
anon_0049062,70
anon_0048999,90
anon_0049042,95
anon_0049073,100
anon_0049074,90
anon_0049073,95
anon_0049076,0
anon_0048915,75
anon_0048900,100
anon_0049076,100
anon_0048900,70
anon_0049073,50
anon_0049062,85
anon_0048915,50
anon_0049073,95
anon_0049076,100
anon_0049073,90
anon_0049076,100
anon_0049062,90
anon_0049062,85
anon_0049076,85
anon_0049073,85
anon_0049076,85
anon_0049076,100
anon_0049045,85
anon_0049073,100
anon_0049073,95
anon_0049076,100
anon_0049078,85
anon_0049076,100
anon_0049045,95
anon_0049076,100
anon_0048999,NA
anon_0049076,100
anon_0049076,100
anon_0049076,100
anon_0049073,100
anon_0049078,95
anon_0049076,100
anon_0049073,90
anon_0049073,90
anon_0049078,0
anon_0049073,95
anon_0049045,90
anon_0048900,0
anon_0049073,95
anon_0048900,90
anon_0049078,90
anon_0049073,100
anon_0049073,0
anon_0049076,95
anon_0049078,100
anon_0048900,85
anon_0049076,100
anon_0049073,95
anon_0049073,90
anon_0049042,95
anon_0049076,95
anon_0049042,90
anon_0049076,85
anon_0049042,85
anon_0049042,100
anon_0048999,100
anon_0049042,90
anon_0048900,85
anon_0049078,100
anon_0048900,NA
anon_0049042,90
anon_0048900,0
anon_0049042,100
anon_0048900,60
anon_0049042,95
anon_0048915,100
anon_0048900,90
anon_0049076,85
anon_0049042,95
anon_0049073,85
anon_0049042,85
anon_0049042,90
anon_0049042,95
anon_0048900,20
anon_0048900,90
anon_0049076,90
anon_0049078,100
anon_0049073,50
anon_0049042,100
anon_0048999,90
anon_0048915,NA
anon_0049042,98
anon_0048915,100
anon_0049042,100
anon_0049074,85
anon_0048900,90
anon_0048995,100
anon_0049042,100
anon_0049076,95
anon_0049045,50
anon_0048900,95
anon_0048900,90
anon_0048999,85
anon_0049078,85
anon_0049042,100
anon_0049042,100
anon_0049045,85
anon_0049042,100
anon_0049074,95
anon_0049042,100
anon_0049045,90
anon_0048999,85
anon_0049045,85
anon_0049076,50
anon_0048999,85
anon_0048900,75
anon_0048999,90
anon_0049042,0
anon_0049042,100
anon_0048999,85
anon_0048915,95
anon_0048900,85
anon_0049045,85
anon_0049074,85
anon_0048999,85
anon_0048999,90
anon_0049042,90
anon_0048995,85
anon_0049042,95
anon_0049042,50
anon_0048999,85
anon_0049074,85
anon_0048915,50
anon_0048995,90
anon_0049042,100
anon_0049042,100
anon_0048995,100
anon_0049045,85
anon_0048995,85
anon_0049074,85
anon_0049074,50
anon_0049042,90
anon_0049042,100
anon_0048995,50
anon_0049042,100
anon_0049086,100
anon_0049166,100
anon_0049119,100
anon_0049194,85
anon_0049123,0
anon_0049177,85
anon_0049086,90
anon_0049086,100
anon_0049093,100
anon_0049093,100
anon_0049087,100
anon_0049155,0
anon_0049126,90
anon_0049087,100
anon_0049103,100
anon_0049086,90
anon_0049093,100
anon_0049087,100
anon_0049143,0
anon_0049093,90
anon_0049093,100
anon_0049177,100
anon_0049119,90
anon_0049166,100
anon_0049087,90
anon_0049086,100
anon_0049177,100
anon_0049119,100
anon_0049086,95
anon_0049086,0
anon_0049087,90
anon_0049119,91
anon_0049123,100
anon_0049123,95
anon_0049093,30
anon_0049093,85
anon_0049093,100
anon_0049093,0
anon_0049086,95
anon_0049141,100
anon_0049126,0
anon_0049123,95
anon_0049166,85
anon_0049123,85
anon_0049169,100
anon_0049166,100
anon_0049194,100
anon_0049169,90
anon_0049119,95
anon_0049141,85
anon_0049087,100
anon_0049177,90
anon_0049119,85
anon_0049194,90
anon_0049143,90
anon_0049143,100
anon_0049093,100
anon_0049119,100
anon_0049166,85
anon_0049093,100
anon_0049166,0
anon_0049123,85
anon_0049123,95
anon_0049126,85
anon_0049103,90
anon_0049143,0
anon_0049123,100
anon_0049166,100
anon_0049093,80
anon_0049177,0
anon_0049166,90
anon_0049155,90
anon_0049194,100
anon_0049086,100
anon_0049086,100
anon_0049155,85
anon_0049141,90
anon_0049155,90
anon_0049141,85
anon_0049103,90
anon_0049126,95
anon_0049155,90
anon_0049141,90
anon_0049177,20
anon_0049119,30
anon_0049093,90
anon_0049086,100
anon_0049103,85
anon_0049141,85
anon_0049141,85
anon_0049177,100
anon_0049143,100
anon_0049119,0
anon_0049103,85
anon_0049143,0
anon_0049141,90
anon_0049103,0
anon_0049103,85
anon_0049119,50
anon_0049143,85
anon_0049103,85
anon_0049103,95
anon_0049141,90
anon_0049086,95
anon_0049155,100
anon_0049155,100
anon_0049087,50
anon_0049087,100
anon_0049087,70
anon_0049143,85
anon_0049087,50
anon_0049087,100
anon_0049155,100
anon_0049103,100
anon_0049143,95
anon_0049155,50
anon_0049087,85
anon_0049166,90
anon_0049166,100
anon_0049087,100
anon_0049123,95
anon_0049087,85
anon_0049155,85
anon_0049155,90
anon_0049119,85
anon_0049123,85
anon_0049155,100
anon_0049166,90
anon_0049143,0
anon_0049119,100
anon_0049087,100
anon_0049166,85
anon_0049126,85
anon_0049155,90
anon_0049103,85
anon_0049087,70
anon_0049123,95
anon_0049169,85
anon_0049087,100
anon_0049123,95
anon_0049155,100
anon_0049143,85
anon_0049155,70
anon_0049143,85
anon_0049126,95
anon_0049143,75
anon_0049143,50
anon_0049169,100
anon_0049155,85
anon_0049123,90
anon_0049123,95
anon_0049126,100
anon_0049123,85
anon_0049169,90
anon_0049143,85
anon_0049126,85
anon_0049119,50
anon_0049123,90
anon_0049126,85
anon_0049143,70
anon_0049126,85
anon_0049126,0
anon_0049126,90
anon_0049126,75
anon_0049103,60
anon_0049103,100
anon_0049119,95
anon_0049169,85
anon_0049123,85
anon_0049123,85
anon_0049103,100
anon_0049155,100
anon_0049155,100
anon_0049126,85
anon_0049119,85
anon_0049103,60
anon_0049169,85
anon_0049126,90
anon_0049103,85
anon_0049126,50
anon_0049126,90
anon_0049126,85
anon_0049126,85
anon_0049126,85
anon_0049126,50
anon_0049093,95
anon_0049126,50
anon_0049093,90
anon_0049093,50
anon_0049093,85
anon_0049093,0
anon_0049093,90
anon_0049093,90
anon_0049086,100
anon_0049169,0
anon_0049216,100
anon_0049222,100
anon_0049222,100
anon_0049177,50
anon_0049202,90
anon_0049231,100
anon_0049216,100
anon_0049240,100
anon_0049202,95
anon_0049194,50
anon_0049166,90
anon_0049086,100
anon_0049231,100
anon_0049222,95
anon_0049155,0
anon_0049166,100
anon_0049216,95
anon_0049231,100
anon_0049216,100
anon_0049194,50
anon_0049216,100
anon_0049086,100
anon_0049177,90
anon_0049166,100
anon_0049194,50
anon_0049209,90
anon_0049216,90
anon_0049169,0
anon_0049126,75
anon_0049166,100
anon_0049222,90
anon_0049209,100
anon_0049155,50
anon_0049166,95
anon_0049194,0
anon_0049141,95
anon_0049240,50
anon_0049200,100
anon_0049200,100
anon_0049224,85
anon_0049240,90
anon_0049141,85
anon_0049200,100
anon_0049209,95
anon_0049155,50
anon_0049209,90
anon_0049231,100
anon_0049216,100
anon_0049222,90
anon_0049216,85
anon_0049224,100
anon_0049202,85
anon_0049222,100
anon_0049141,50
anon_0049086,85
anon_0049202,90
anon_0049126,20
anon_0049155,75
anon_0049240,85
anon_0049216,80
anon_0049169,90
anon_0049126,85
anon_0049216,90
anon_0049169,95
anon_0049166,85
anon_0049209,85
anon_0049141,90
anon_0049224,30
anon_0049240,0
anon_0049166,75
anon_0049141,90
anon_0049166,85
anon_0049126,70
anon_0049155,0
anon_0049231,90
anon_0049177,85
anon_0049155,50
anon_0049216,100
anon_0049216,95
anon_0049224,100
anon_0049126,85
anon_0049155,85
anon_0049209,100
anon_0049224,100
anon_0049126,60
anon_0049216,85
anon_0049200,50
anon_0049141,85
anon_0049155,20
anon_0049209,90
anon_0049200,95
anon_0049169,85
anon_0049155,90
anon_0049126,85
anon_0049169,85
anon_0049202,0
anon_0049126,50
anon_0049202,90
anon_0049224,90
anon_0049202,85
anon_0049219,85
anon_0049202,90
anon_0049155,85
anon_0049126,50
anon_0049169,100
anon_0049155,85
anon_0049194,100
anon_0049224,85
anon_0049169,90
anon_0049219,100
anon_0049126,95
anon_0049224,70
anon_0049086,100
anon_0049202,90
anon_0049202,95
anon_0049155,85
anon_0049155,100
anon_0049194,95
anon_0049155,85
anon_0049169,100
anon_0049169,100
anon_0049103,100
anon_0049155,50
anon_0049209,85
anon_0049194,100
anon_0049219,100
anon_0049169,100
anon_0049194,85
anon_0049086,100
anon_0049219,85
anon_0049219,100
anon_0049126,60
anon_0049202,90
anon_0049155,85
anon_0049103,100
anon_0049219,90
anon_0049169,100
anon_0049209,85
anon_0049103,85
anon_0049209,85
anon_0049209,85
anon_0049209,30
anon_0049194,90
anon_0049126,75
anon_0049155,85
anon_0049219,100
anon_0049155,85
anon_0049086,50
anon_0049169,90
anon_0049103,85
anon_0049219,85
anon_0049224,85
anon_0049086,100
anon_0049103,85
anon_0049219,90
anon_0049103,85
anon_0049209,85
anon_0049219,90
anon_0049209,70
anon_0049103,100
anon_0049224,85
anon_0049155,85
anon_0049219,100
anon_0049103,80
anon_0049209,90
anon_0049169,90
anon_0049169,50
anon_0049103,70
anon_0049169,100
anon_0049219,90
anon_0049126,60
anon_0049209,50
anon_0049219,90
anon_0049169,90
anon_0049194,0
anon_0049126,75
anon_0049209,100
anon_0049169,85
anon_0049086,100
anon_0049103,85
anon_0049219,100
anon_0049103,95
anon_0049086,85
anon_0049103,90
anon_0049194,100
anon_0049219,90
anon_0049194,67
anon_0049086,50
anon_0049169,85
anon_0049219,90
anon_0049103,100
anon_0049219,80
anon_0049219,95
anon_0049169,100
anon_0049219,85
anon_0049209,85
anon_0049169,100
anon_0049194,85
anon_0049219,50
anon_0049194,50
anon_0049194,85
anon_0049209,40
anon_0049169,85
anon_0049224,85
anon_0049219,100
anon_0049216,0
anon_0049231,100
anon_0049216,50
anon_0049252,100
anon_0049257,100
anon_0049252,95
anon_0049257,100
anon_0049222,0
anon_0049246,85
anon_0049240,0
anon_0049231,100
anon_0049246,100
anon_0049257,100
anon_0049257,100
anon_0049222,100
anon_0049216,85
anon_0049252,90
anon_0049216,100
anon_0049169,90
anon_0049222,100
anon_0049246,85
anon_0049252,100
anon_0049169,95
anon_0049246,90
anon_0049246,100
anon_0049257,75
anon_0049252,85
anon_0049216,50
anon_0049169,85
anon_0049246,95
anon_0049246,100
anon_0049216,100
anon_0049231,90
anon_0049257,0
anon_0049246,85
anon_0049252,90
anon_0049216,100
anon_0049252,0
anon_0049219,100
anon_0049209,100
anon_0049252,100
anon_0049252,90
anon_0049288,95
anon_0049222,100
anon_0049288,100
anon_0049219,85
anon_0049209,85
anon_0049254,90
anon_0049257,100
anon_0049209,50
anon_0049246,85
anon_0049288,85
anon_0049222,100
anon_0049209,0
anon_0049224,85
anon_0049169,90
anon_0049209,50
anon_0049252,90
anon_0049257,100
anon_0049222,85
anon_0049216,90
anon_0049224,100
anon_0049224,95
anon_0049219,90
anon_0049216,85
anon_0049257,90
anon_0049224,85
anon_0049209,20
anon_0049288,85
anon_0049086,85
anon_0049209,95
anon_0049169,85
anon_0049224,85
anon_0049169,100
anon_0049224,85
anon_0049209,85
anon_0049246,95
anon_0049224,100
anon_0049257,100
anon_0049254,85
anon_0049209,100
anon_0049257,100
anon_0049209,100
anon_0049224,100
anon_0049086,85
anon_0049169,85
anon_0049240,50
anon_0049257,0
anon_0049246,90
anon_0049209,85
anon_0049086,0
anon_0049222,85
anon_0049254,85
anon_0049086,85
anon_0049209,85
anon_0049209,85
anon_0049209,100
anon_0049257,100
anon_0049209,0
anon_0049209,85
anon_0049209,100
anon_0049219,100
anon_0049257,90
anon_0049224,85
anon_0049240,30
anon_0049254,100
anon_0049257,85
anon_0049086,85
anon_0049209,100
anon_0049224,90
anon_0049209,100
anon_0049209,85
anon_0049257,85
anon_0049257,100
anon_0049209,85
anon_0049209,85
anon_0049224,0
anon_0049209,85
anon_0049216,100
anon_0049141,85
anon_0049240,95
anon_0049216,100
anon_0049216,85
anon_0049257,85
anon_0049254,95
anon_0049231,50
anon_0049224,85
anon_0049209,0
anon_0049219,85
anon_0049240,100
anon_0049141,100
anon_0049254,85
anon_0049216,95
anon_0049216,95
anon_0049141,0
anon_0049216,90
anon_0049246,75
anon_0049254,100
anon_0049209,60
anon_0049246,85
anon_0049216,95
anon_0049219,100
anon_0049141,95
anon_0049246,50
anon_0049209,85
anon_0049246,90
anon_0049141,85
anon_0049222,0
anon_0049141,85
anon_0049086,90
anon_0049219,85
anon_0049222,85
anon_0049254,85
anon_0049231,0
anon_0049219,85
anon_0049231,85
anon_0049254,90
anon_0049231,0
anon_0049222,100
anon_0049219,85
anon_0049231,85
anon_0049219,85
anon_0049141,85
anon_0049231,100
anon_0049086,70
anon_0049246,90
anon_0049254,100
anon_0049254,85
anon_0049254,60
anon_0049254,85
anon_0049231,85
anon_0049231,85
anon_0049231,75
anon_0049222,85
anon_0049246,75
anon_0049246,60
anon_0049222,90
anon_0049231,85
anon_0049231,50
anon_0049231,85
anon_0049257,85
anon_0049254,75
anon_0049222,85
anon_0049086,85
anon_0049231,85
anon_0049222,70
anon_0049254,90
anon_0049086,85
anon_0049231,50
anon_0049086,60
anon_0049086,90
anon_0049086,75
anon_0049086,100
anon_0049086,0
anon_0049086,50
anon_0049086,90
anon_0049086,75
anon_0049209,75
anon_0049202,100
anon_0049320,100
anon_0049202,100
anon_0049304,50
anon_0049292,100
anon_0049292,90
anon_0049246,100
anon_0049252,0
anon_0049332,90
anon_0049332,50
anon_0049086,100
anon_0049332,0
anon_0049252,100
anon_0049202,100
anon_0049324,100
anon_0049289,100
anon_0049252,100
anon_0049313,100
anon_0049202,100
anon_0049202,100
anon_0049304,0
anon_0049252,100
anon_0049246,100
anon_0049332,90
anon_0049305,85
anon_0049086,0
anon_0049313,90
anon_0049246,100
anon_0049289,50
anon_0049252,100
anon_0049339,100
anon_0049313,75
anon_0049296,100
anon_0049202,100
anon_0049202,100
anon_0049292,100
anon_0049246,100
anon_0049289,0
anon_0049224,75
anon_0049302,85
anon_0049305,100
anon_0049086,90
anon_0049252,85
anon_0049304,85
anon_0049332,100
anon_0049324,75
anon_0049252,95
anon_0049302,85
anon_0049339,100
anon_0049332,85
anon_0049305,90
anon_0049141,75
anon_0049304,0
anon_0049339,90
anon_0049246,85
anon_0049289,90
anon_0049252,75
anon_0049252,50
anon_0049202,100
anon_0049313,90
anon_0049320,0
anon_0049304,0
anon_0049339,100
anon_0049305,90
anon_0049202,85
anon_0049332,85
anon_0049252,85
anon_0049202,100
anon_0049252,100
anon_0049202,100
anon_0049304,90
anon_0049332,100
anon_0049313,85
anon_0049086,90
anon_0049289,100
anon_0049339,100
anon_0049224,85
anon_0049304,100
anon_0049202,100
anon_0049141,90
anon_0049320,90
anon_0049320,85
anon_0049141,100
anon_0049252,50
anon_0049320,100
anon_0049231,100
anon_0049296,85
anon_0049289,70
anon_0049246,85
anon_0049304,85
anon_0049202,50
anon_0049231,85
anon_0049246,85
anon_0049202,85
anon_0049313,85
anon_0049302,100
anon_0049305,100
anon_0049246,85
anon_0049302,100
anon_0049202,85
anon_0049289,85
anon_0049305,100
anon_0049305,85
anon_0049305,100
anon_0049302,85
anon_0049305,100
anon_0049305,0
anon_0049292,100
anon_0049141,85
anon_0049224,100
anon_0049304,100
anon_0049305,100
anon_0049302,0
anon_0049224,95
anon_0049224,85
anon_0049302,100
anon_0049141,100
anon_0049254,0
anon_0049141,100
anon_0049302,0
anon_0049292,100
anon_0049324,95
anon_0049224,85
anon_0049231,85
anon_0049313,85
anon_0049292,0
anon_0049324,100
anon_0049302,85
anon_0049320,100
anon_0049302,100
anon_0049292,70
anon_0049320,100
anon_0049344,100
anon_0049141,60
anon_0049141,20
anon_0049305,100
anon_0049320,100
anon_0049254,85
anon_0049304,100
anon_0049305,100
anon_0049302,100
anon_0049320,100
anon_0049302,100
anon_0049305,100
anon_0049305,90
anon_0049224,100
anon_0049141,50
anon_0049302,100
anon_0049304,100
anon_0049305,95
anon_0049254,100
anon_0049302,85
anon_0049254,60
anon_0049302,85
anon_0049292,100
anon_0049302,85
anon_0049141,85
anon_0049302,90
anon_0049320,100
anon_0049224,85
anon_0049305,90
anon_0049324,85
anon_0049305,0
anon_0049254,20
anon_0049254,50
anon_0049304,100
anon_0049344,90
anon_0049141,70
anon_0049254,0
anon_0049344,90
anon_0049344,100
anon_0049305,85
anon_0049302,85
anon_0049324,85
anon_0049344,90
anon_0049254,30
anon_0049141,85
anon_0049254,85
anon_0049254,85
anon_0049324,85
anon_0049141,85
anon_0049202,90
anon_0049344,100
anon_0049296,90
anon_0049332,100
anon_0049333,100
anon_0049351,100
anon_0049333,100
anon_0049331,0
anon_0049363,100
anon_0049331,100
anon_0049363,95
anon_0049332,85
anon_0049351,90
anon_0049336,100
anon_0049336,85
anon_0049331,100
anon_0049324,85
anon_0049333,100
anon_0049351,100
anon_0049351,90
anon_0049304,0
anon_0049289,85
anon_0049304,90
anon_0049363,95
anon_0049324,95
anon_0049332,0
anon_0049333,100
anon_0049351,100
anon_0049305,0
anon_0049305,90
anon_0049324,95
anon_0049331,90
anon_0049296,0
anon_0049305,85
anon_0049324,95
anon_0049339,100
anon_0049339,90
anon_0049332,85
anon_0049336,75
anon_0049332,100
anon_0049344,100
anon_0049305,85
anon_0049351,100
anon_0049324,100
anon_0049296,100
anon_0049339,100
anon_0049313,80
anon_0049344,0
anon_0049336,100
anon_0049351,80
anon_0049324,95
anon_0049324,75
anon_0049332,90
anon_0049363,80
anon_0049313,30
anon_0049324,95
anon_0049313,100
anon_0049332,85
anon_0049331,100
anon_0049313,100
anon_0049331,0
anon_0049333,100
anon_0049313,50
anon_0049331,85
anon_0049336,85
anon_0049339,100
anon_0049351,20
anon_0049344,100
anon_0049305,90
anon_0049336,90
anon_0049333,100
anon_0049331,100
anon_0049324,0
anon_0049331,0
anon_0049339,100
anon_0049344,100
anon_0049339,85
anon_0049289,85
anon_0049336,90
anon_0049324,90
anon_0049351,85
anon_0049339,100
anon_0049344,50
anon_0049339,100
anon_0049313,90
anon_0049324,75
anon_0049313,85
anon_0049344,85
anon_0049339,90
anon_0049339,0
anon_0049339,95
anon_0049332,50
anon_0049332,50
anon_0049324,100
anon_0049339,85
anon_0049324,85
anon_0049332,90
anon_0049339,100
anon_0049339,85
anon_0049339,50
anon_0049339,50
anon_0049339,90
anon_0049289,90
anon_0049305,85
anon_0049351,85
anon_0049344,20
anon_0049351,85
anon_0049331,100
anon_0049339,90
anon_0049344,100
anon_0049332,0
anon_0049344,80
anon_0049332,0
anon_0049304,90
anon_0049324,100
anon_0049344,100
anon_0049331,100
anon_0049351,85
anon_0049332,100
anon_0049351,60
anon_0049344,100
anon_0049344,85
anon_0049331,0
anon_0049332,85
anon_0049351,85
anon_0049332,85
anon_0049344,85
anon_0049332,50
anon_0049332,100
anon_0049332,100
anon_0049332,50
anon_0049344,85
anon_0049332,85
anon_0049332,90
anon_0049344,100
anon_0049332,100
anon_0049344,100
anon_0049324,100
anon_0049332,75
anon_0049304,85
anon_0049304,50
anon_0049324,100
anon_0049332,50
anon_0049344,100
anon_0049332,100
anon_0049141,85
anon_0049332,50
anon_0049324,95
anon_0049141,50
anon_0049344,90
anon_0049324,85
anon_0049304,50
anon_0049324,85
anon_0049332,100
anon_0049141,85
anon_0049332,30
anon_0049332,90
anon_0049304,85
anon_0049141,90
anon_0049332,0
anon_0049344,85
anon_0049344,100
anon_0049332,100
anon_0049304,85
anon_0049339,50
anon_0049332,85
anon_0049351,85
anon_0049304,50
anon_0049141,85
anon_0049332,0
anon_0049324,85
anon_0049332,85
anon_0049332,85
anon_0049324,75
anon_0049331,100
anon_0049324,85
anon_0049344,0
anon_0049363,0
anon_0049336,85
anon_0049344,100
anon_0049401,100
anon_0049336,95
anon_0049336,90
anon_0049305,100
anon_0049363,95
anon_0049401,100
anon_0049344,95
anon_0049344,100
anon_0049304,70
anon_0049363,85
anon_0049363,0
anon_0049401,85
anon_0049305,100
anon_0049363,95
anon_0049372,0
anon_0049336,85
anon_0049351,85
anon_0049333,100
anon_0049305,100
anon_0049296,100
anon_0049344,100
anon_0049351,100
anon_0049363,0
anon_0049333,100
anon_0049296,100
anon_0049400,100
anon_0049344,100
anon_0049344,95
anon_0049344,100
anon_0049372,100
anon_0049351,100
anon_0049344,100
anon_0049400,0
anon_0049344,75
anon_0049344,100
anon_0049332,100
anon_0049372,0
anon_0049351,85
anon_0049296,100
anon_0049336,70
anon_0049305,100
anon_0049324,95
anon_0049331,100
anon_0049400,85
anon_0049344,100
anon_0049333,100
anon_0049367,100
anon_0049372,70
anon_0049367,100
anon_0049324,50
anon_0049324,85
anon_0049344,85
anon_0049400,85
anon_0049363,0
anon_0049372,100
anon_0049304,90
anon_0049296,100
anon_0049331,95
anon_0049372,0
anon_0049372,100
anon_0049372,100
anon_0049363,0
anon_0049324,100
anon_0049344,100
anon_0049344,85
anon_0049363,0
anon_0049372,100
anon_0049363,100
anon_0049333,50
anon_0049372,95
anon_0049344,100
anon_0049351,90
anon_0049367,100
anon_0049372,85
anon_0049324,50
anon_0049324,95
anon_0049304,85
anon_0049332,85
anon_0049332,85
anon_0049333,90
anon_0049351,85
anon_0049331,85
anon_0049372,0
anon_0049344,75
anon_0049332,50
anon_0049305,85
anon_0049367,100
anon_0049331,95
anon_0049305,85
anon_0049305,30
anon_0049333,50
anon_0049305,85
anon_0049305,85
anon_0049331,100
anon_0049331,100
anon_0049332,90
anon_0049367,100
anon_0049332,50
anon_0049313,90
anon_0049401,100
anon_0049351,85
anon_0049367,95
anon_0049313,85
anon_0049313,85
anon_0049367,100
anon_0049344,0
anon_0049313,85
anon_0049331,95
anon_0049313,60
anon_0049333,90
anon_0049331,85
anon_0049305,20
anon_0049324,90
anon_0049339,100
anon_0049402,100
anon_0049289,70
anon_0049367,90
anon_0049367,100
anon_0049331,70
anon_0049339,100
anon_0049367,100
anon_0049344,100
anon_0049332,90
anon_0049339,100
anon_0049332,0
anon_0049367,100
anon_0049324,85
anon_0049324,90
anon_0049412,0
anon_0049339,100
anon_0049344,100
anon_0049313,40
anon_0049402,100
anon_0049289,90
anon_0049331,90
anon_0049324,80
anon_0049401,95
anon_0049333,90
anon_0049289,95
anon_0049344,95
anon_0049324,85
anon_0049331,85
anon_0049313,85
anon_0049344,100
anon_0049305,85
anon_0049401,100
anon_0049367,85
anon_0049305,85
anon_0049344,100
anon_0049313,85
anon_0049331,50
anon_0049344,85
anon_0049331,85
anon_0049333,85
anon_0049332,95
anon_0049344,90
anon_0049344,85
anon_0049344,85
anon_0049305,85
anon_0049402,0
anon_0049344,0
anon_0049305,50
anon_0049289,90
anon_0049289,85
anon_0049313,20
anon_0049313,50
anon_0049305,85
anon_0049313,50
anon_0049313,85
anon_0049305,0
anon_0049400,85
anon_0049412,60
anon_0049400,95
anon_0049339,85
anon_0049400,85
anon_0049313,85
anon_0049402,50
anon_0049324,85
anon_0049313,50
anon_0049402,100
anon_0049420,90
anon_0049430,100
anon_0049412,85
anon_0049420,85
anon_0049402,0
anon_0049431,100
anon_0049351,75
anon_0049431,100
anon_0049402,100
anon_0049411,100
anon_0049402,100
anon_0049400,85
anon_0049412,100
anon_0049367,100
anon_0049400,85
anon_0049367,100
anon_0049367,100
anon_0049431,100
anon_0049411,95
anon_0049402,90
anon_0049412,100
anon_0049402,85
anon_0049430,0
anon_0049401,85
anon_0049412,85
anon_0049351,75
anon_0049351,85
anon_0049402,85
anon_0049351,100
anon_0049431,100
anon_0049401,100
anon_0049431,100
anon_0049313,20
anon_0049367,100
anon_0049367,100
anon_0049367,95
anon_0049401,100
anon_0049411,95
anon_0049412,100
anon_0049412,100
anon_0049401,85
anon_0049367,85
anon_0049420,0
anon_0049402,80
anon_0049313,85
anon_0049401,100
anon_0049401,100
anon_0049401,100
anon_0049431,100
anon_0049401,95
anon_0049412,75
anon_0049401,90
anon_0049351,85
anon_0049351,100
anon_0049351,100
anon_0049430,90
anon_0049431,100
anon_0049412,90
anon_0049313,70
anon_0049401,0
anon_0049367,85
anon_0049401,50
anon_0049420,85
anon_0049401,100
anon_0049372,0
anon_0049401,100
anon_0049420,85
anon_0049372,50
anon_0049431,100
anon_0049420,85
anon_0049401,85
anon_0049412,50
anon_0049401,100
anon_0049367,90
anon_0049372,50
anon_0049367,85
anon_0049367,90
anon_0049420,70
anon_0049401,85
anon_0049401,85
anon_0049412,0
anon_0049401,100
anon_0049401,85
anon_0049372,50
anon_0049412,100
anon_0049400,100
anon_0049351,75
anon_0049401,85
anon_0049401,75
anon_0049400,100
anon_0049400,100
anon_0049372,75
anon_0049401,100
anon_0049367,85
anon_0049336,100
anon_0049401,85
anon_0049402,100
anon_0049401,100
anon_0049412,100
anon_0049401,100
anon_0049401,85
anon_0049400,90
anon_0049351,85
anon_0049367,85
anon_0049412,100
anon_0049400,90
anon_0049401,85
anon_0049401,85
anon_0049401,90
anon_0049401,100
anon_0049400,100
anon_0049430,100
anon_0049372,100
anon_0049372,100
anon_0049401,85
anon_0049296,50
anon_0049296,50
anon_0049296,100
anon_0049372,85
anon_0049401,0
anon_0049400,85
anon_0049402,95
anon_0049401,90
anon_0049372,100
anon_0049401,85
anon_0049430,100
anon_0049296,0
anon_0049336,100
anon_0049372,90
anon_0049296,90
anon_0049336,85
anon_0049402,85
anon_0049400,100
anon_0049372,95
anon_0049336,70
anon_0049400,85
anon_0049372,100
anon_0049401,100
anon_0049402,100
anon_0049402,0
anon_0049372,95
anon_0049372,100
anon_0049296,85
anon_0049400,100
anon_0049430,100
anon_0049336,90
anon_0049401,100
anon_0049372,100
anon_0049372,85
anon_0049402,90
anon_0049372,85
anon_0049430,100
anon_0049372,60
anon_0049430,85
anon_0049296,85
anon_0049420,0
anon_0049430,100
anon_0049372,90
anon_0049372,0
anon_0049401,90
anon_0049372,90
anon_0049401,100
anon_0049420,50
anon_0049372,85
anon_0049431,100
anon_0049401,100
anon_0049430,85
anon_0049372,100
anon_0049401,95
anon_0049336,85
anon_0049401,90
anon_0049401,95
anon_0049402,90
anon_0049372,100
anon_0049296,0
anon_0049336,90
anon_0049401,100
anon_0049401,0
anon_0049402,85
anon_0049296,90
anon_0049431,90
anon_0049402,50
anon_0049336,30
anon_0049372,100
anon_0049372,100
anon_0049372,100
anon_0049401,95
anon_0049430,50
anon_0049402,90
anon_0049336,95
anon_0049402,80
anon_0049400,90
anon_0049336,100
anon_0049420,85
anon_0049336,95
anon_0049336,50
anon_0049420,50
anon_0049401,85
anon_0049401,90
anon_0049372,90
anon_0049336,85
anon_0049430,85
anon_0049336,85
anon_0049446,0
anon_0049430,100
anon_0049454,0
anon_0049487,70
anon_0049430,100
anon_0049412,100
anon_0049454,0
anon_0049446,85
anon_0049411,100
anon_0049402,100
anon_0049367,90
anon_0049431,100
anon_0049487,0
anon_0049411,50
anon_0049484,90
anon_0049431,100
anon_0049455,85
anon_0049430,100
anon_0049431,90
anon_0049412,85
anon_0049454,85
anon_0049412,95
anon_0049484,95
anon_0049402,90
anon_0049431,100
anon_0049431,85
anon_0049336,85
anon_0049446,90
anon_0049431,0
anon_0049420,85
anon_0049447,0
anon_0049289,95
anon_0049420,0
anon_0049454,85
anon_0049367,95
anon_0049447,90
anon_0049431,100
anon_0049430,80
anon_0049336,100
anon_0049431,90
anon_0049420,80
anon_0049431,100
anon_0049412,100
anon_0049411,100
anon_0049289,90
anon_0049411,0
anon_0049487,85
anon_0049446,90
anon_0049336,75
anon_0049431,85
anon_0049411,90
anon_0049289,50
anon_0049431,85
anon_0049430,30
anon_0049446,50
anon_0049446,100
anon_0049431,50
anon_0049431,90
anon_0049455,50
anon_0049446,90
anon_0049454,80
anon_0049412,100
anon_0049446,50
anon_0049336,30
anon_0049455,100
anon_0049446,100
anon_0049487,90
anon_0049447,50
anon_0049431,85
anon_0049446,100
anon_0049431,85
anon_0049431,0
anon_0049446,85
anon_0049412,90
anon_0049455,85
anon_0049367,95
anon_0049455,50
anon_0049402,50
anon_0049431,0
anon_0049367,95
anon_0049402,85
anon_0049411,100
anon_0049431,75
anon_0049431,90
anon_0049446,0
anon_0049455,85
anon_0049454,75
anon_0049446,100
anon_0049411,100
anon_0049430,50
anon_0049446,0
anon_0049446,20
anon_0049455,100
anon_0049455,85
anon_0049484,85
anon_0049411,100
anon_0049430,85
anon_0049484,85
anon_0049455,85
anon_0049411,100
anon_0049446,95
anon_0049430,50
anon_0049455,85
anon_0049431,50
anon_0049430,100
anon_0049411,100
anon_0049430,90
anon_0049367,90
anon_0049411,90
anon_0049431,85
anon_0049367,85
anon_0049455,85
anon_0049455,95
anon_0049430,90
anon_0049431,85
anon_0049446,100
anon_0049367,100
anon_0049487,90
anon_0049431,85
anon_0049487,85
anon_0049430,100
anon_0049455,85
anon_0049430,0
anon_0049455,95
anon_0049411,90
anon_0049455,85
anon_0049367,90
anon_0049296,100
anon_0049487,90
anon_0049296,85
anon_0049454,70
anon_0049487,100
anon_0049454,95
anon_0049454,85
anon_0049296,75
anon_0049412,85
anon_0049430,100
anon_0049367,90
anon_0049430,90
anon_0049431,50
anon_0049487,90
anon_0049446,85
anon_0049430,90
anon_0049431,85
anon_0049454,90
anon_0049430,100
anon_0049487,85
anon_0049296,85
anon_0049498,0
anon_0049454,0
anon_0049484,85
anon_0049556,95
anon_0049454,100
anon_0049504,100
anon_0049504,100
anon_0049556,90
anon_0049487,100
anon_0049504,90
anon_0049458,100
anon_0049487,85
anon_0049454,100
anon_0049503,0
anon_0049498,0
anon_0049455,90
anon_0049484,50
anon_0049455,85
anon_0049458,95
anon_0049521,60
anon_0049498,95
anon_0049455,90
anon_0049521,0
anon_0049454,100
anon_0049454,100
anon_0049446,85
anon_0049446,85
anon_0049446,50
anon_0049498,90
anon_0049521,85
anon_0049504,20
anon_0049454,85
anon_0049446,90
anon_0049454,0
anon_0049498,0
anon_0049503,85
anon_0049498,85
anon_0049504,85
anon_0049497,100
anon_0049497,95
anon_0049447,100
anon_0049458,100
anon_0049455,100
anon_0049551,0
anon_0049447,100
anon_0049447,100
anon_0049497,100
anon_0049447,100
anon_0049487,100
anon_0049498,100
anon_0049458,85
anon_0049504,85
anon_0049521,100
anon_0049447,85
anon_0049521,100
anon_0049521,20
anon_0049482,85
anon_0049521,85
anon_0049487,100
anon_0049447,85
anon_0049458,90
anon_0049521,70
anon_0049490,100
anon_0049458,90
anon_0049454,95
anon_0049507,85
anon_0049458,90
anon_0049497,95
anon_0049487,90
anon_0049458,90
anon_0049484,100
anon_0049521,85
anon_0049446,95
anon_0049490,95
anon_0049447,100
anon_0049507,85
anon_0049446,90
anon_0049498,85
anon_0049490,95
anon_0049497,95
anon_0049490,100
anon_0049455,85
anon_0049521,100
anon_0049455,100
anon_0049455,100
anon_0049454,100
anon_0049458,90
anon_0049490,85
anon_0049497,90
anon_0049482,90
anon_0049484,85
anon_0049497,95
anon_0049521,75
anon_0049484,100
anon_0049446,0
anon_0049446,100
anon_0049490,95
anon_0049521,85
anon_0049484,50
anon_0049447,85
anon_0049458,95
anon_0049482,85
anon_0049497,90
anon_0049498,90
anon_0049498,100
anon_0049521,85
anon_0049446,100
anon_0049487,95
anon_0049454,85
anon_0049446,90
anon_0049504,85
anon_0049490,90
anon_0049484,85
anon_0049484,90
anon_0049504,85
anon_0049521,85
anon_0049447,90
anon_0049484,90
anon_0049458,90
anon_0049507,50
anon_0049497,75
anon_0049521,90
anon_0049521,90
anon_0049504,85
anon_0049458,100
anon_0049447,100
anon_0049458,100
anon_0049504,75
anon_0049521,85
anon_0049455,100
anon_0049487,70
anon_0049521,85
anon_0049446,90
anon_0049487,60
anon_0049446,100
anon_0049454,85
anon_0049487,85
anon_0049521,85
anon_0049454,85
anon_0049458,95
anon_0049458,95
anon_0049458,0
anon_0049455,60
anon_0049455,100
anon_0049490,100
anon_0049490,100
anon_0049458,85
anon_0049521,85
anon_0049458,90
anon_0049490,100
anon_0049455,85
anon_0049504,95
anon_0049458,90
anon_0049490,100
anon_0049455,85
anon_0049521,90
anon_0049490,100
anon_0049490,100
anon_0049490,50
anon_0049458,75
anon_0049458,0
anon_0049574,50
anon_0049574,100
anon_0049458,100
anon_0049573,100
anon_0049589,100
anon_0049556,100
anon_0049497,0
anon_0049497,100
anon_0049574,100
anon_0049551,85
anon_0049589,100
anon_0049458,0
anon_0049573,90
anon_0049551,90
anon_0049549,100
anon_0049589,80
anon_0049556,100
anon_0049589,100
anon_0049551,100
anon_0049574,100
anon_0049573,90
anon_0049549,90
anon_0049497,75
anon_0049589,50
anon_0049497,85
anon_0049589,70
anon_0049551,95
anon_0049458,85
anon_0049458,90
anon_0049556,95
anon_0049458,85
anon_0049551,85
anon_0049556,90
anon_0049573,85
anon_0049551,85
anon_0049589,0
anon_0049574,95
anon_0049551,NA
anon_0049458,95
anon_0049497,85
anon_0049549,85
anon_0049482,100
anon_0049497,95
anon_0049606,90
anon_0049606,100
anon_0049507,100
anon_0049507,90
anon_0049549,100
anon_0049607,90
anon_0049497,50
anon_0049447,100
anon_0049521,100
anon_0049497,90
anon_0049504,70
anon_0049507,40
anon_0049447,85
anon_0049606,90
anon_0049482,100
anon_0049482,50
anon_0049521,90
anon_0049589,95
anon_0049607,80
anon_0049549,85
anon_0049497,100
anon_0049490,85
anon_0049504,95
anon_0049620,100
anon_0049490,85
anon_0049607,100
anon_0049490,85
anon_0049490,85
anon_0049507,90
anon_0049504,90
anon_0049521,85
anon_0049497,100
anon_0049606,90
anon_0049447,100
anon_0049482,95
anon_0049507,95
anon_0049482,90
anon_0049482,100
anon_0049504,95
anon_0049620,90
anon_0049482,80
anon_0049620,100
anon_0049458,85
anon_0049521,0
anon_0049497,100
anon_0049458,50
anon_0049620,90
anon_0049458,90
anon_0049490,85
anon_0049507,90
anon_0049521,30
anon_0049497,100
anon_0049507,75
anon_0049504,85
anon_0049507,20
anon_0049507,95
anon_0049482,85
anon_0049497,85
anon_0049504,90
anon_0049497,100
anon_0049458,85
anon_0049458,100
anon_0049504,85
anon_0049549,85
anon_0049497,85
anon_0049521,100
anon_0049620,100
anon_0049482,85
anon_0049497,85
anon_0049521,85
anon_0049497,90
anon_0049549,0
anon_0049504,60
anon_0049482,50
anon_0049620,100
anon_0049607,85
anon_0049521,90
anon_0049482,85
anon_0049497,95
anon_0049607,85
anon_0049504,85
anon_0049504,85
anon_0049458,85
anon_0049507,85
anon_0049447,95
anon_0049504,50
anon_0049458,90
anon_0049504,75
anon_0049497,90
anon_0049504,85
anon_0049589,100
anon_0049447,90
anon_0049504,85
anon_0049504,85
anon_0049504,50
anon_0049458,0
anon_0049504,85
anon_0049504,85
anon_0049614,100
anon_0049504,100
anon_0049504,90
anon_0049447,90
anon_0049614,100
anon_0049447,90
anon_0049504,85
anon_0049589,90
anon_0049556,90
anon_0049614,100
anon_0049556,100
anon_0049490,95
anon_0049556,0
anon_0049549,85
anon_0049490,85
anon_0049447,85
anon_0049504,75
anon_0049447,50
anon_0049573,100
anon_0049504,95
anon_0049556,100
anon_0049589,100
anon_0049556,95
anon_0049549,85
anon_0049447,NA
anon_0049589,100
anon_0049614,100
anon_0049490,95
anon_0049589,100
anon_0049447,100
anon_0049556,95
anon_0049556,100
anon_0049490,50
anon_0049490,85
anon_0049497,90
anon_0049504,85
anon_0049573,95
anon_0049447,95
anon_0049556,100
anon_0049504,85
anon_0049447,85
anon_0049447,90
anon_0049504,50
anon_0049447,85
anon_0049447,85
anon_0049549,85
anon_0049497,90
anon_0049614,0
anon_0049556,95
anon_0049521,85
anon_0049621,100
anon_0049447,50
anon_0049621,90
anon_0049643,100
anon_0049589,90
anon_0049589,80
anon_0049620,85
anon_0049589,100
anon_0049589,100
anon_0049619,85
anon_0049614,100
anon_0049589,100
anon_0049606,100
anon_0049458,100
anon_0049589,100
anon_0049619,100
anon_0049589,100
anon_0049549,95
anon_0049549,95
anon_0049620,100
anon_0049574,100
anon_0049621,100
anon_0049621,100
anon_0049614,90
anon_0049619,90
anon_0049549,0
anon_0049574,90
anon_0049614,100
anon_0049617,100
anon_0049607,100
anon_0049607,100
anon_0049607,0
anon_0049620,90
anon_0049617,NA
anon_0049614,90
anon_0049607,90
anon_0049606,85
anon_0049621,85
anon_0049606,100
anon_0049458,50
anon_0049620,100
anon_0049617,85
anon_0049614,95
anon_0049621,100
anon_0049549,70
anon_0049621,85
anon_0049614,0
anon_0049643,85
anon_0049619,90
anon_0049447,0
anon_0049644,90
anon_0049607,85
anon_0049614,85
anon_0049606,50
anon_0049607,85
anon_0049644,95
anon_0049617,100
anon_0049614,85
anon_0049458,100
anon_0049617,85
anon_0049574,0
anon_0049614,50
anon_0049607,0
anon_0049614,60
anon_0049643,90
anon_0049606,100
anon_0049644,85
anon_0049607,95
anon_0049607,90
anon_0049621,85
anon_0049617,70
anon_0049621,85
anon_0049607,90
anon_0049458,85
anon_0049606,90
anon_0049617,90
anon_0049607,85
anon_0049614,85
anon_0049607,50
anon_0049621,0
anon_0049589,100
anon_0049549,85
anon_0049621,90
anon_0049607,NA
anon_0049619,85
anon_0049617,85
anon_0049458,100
anon_0049447,50
anon_0049447,100
anon_0049632,100
anon_0049573,100
anon_0049606,90
anon_0049607,85
anon_0049574,0
anon_0049458,100
anon_0049606,90
anon_0049607,85
anon_0049632,100
anon_0049632,95
anon_0049614,0
anon_0049620,0
anon_0049620,100
anon_0049574,90
anon_0049632,100
anon_0049632,100
anon_0049458,50
anon_0049606,90
anon_0049632,100
anon_0049632,100
anon_0049458,100
anon_0049620,100
anon_0049574,95
anon_0049632,0
anon_0049620,85
anon_0049573,100
anon_0049607,75
anon_0049504,30
anon_0049632,100
anon_0049619,0
anon_0049574,85
anon_0049504,85
anon_0049606,90
anon_0049632,0
anon_0049614,95
anon_0049573,100
anon_0049632,100
anon_0049643,85
anon_0049619,50
anon_0049447,70
anon_0049620,100
anon_0049447,0
anon_0049643,85
anon_0049573,95
anon_0049614,50
anon_0049620,50
anon_0049620,0
anon_0049606,100
anon_0049620,100
anon_0049620,100
anon_0049643,100
anon_0049614,85
anon_0049632,0
anon_0049614,100
anon_0049573,75
anon_0049504,90
anon_0049573,100
anon_0049447,100
anon_0049504,85
anon_0049607,85
anon_0049573,90
anon_0049573,85
anon_0049620,0
anon_0049606,85
anon_0049606,85
anon_0049614,100
anon_0049573,85
anon_0049573,85
anon_0049574,70
anon_0049619,50
anon_0049504,85
anon_0049504,0
anon_0049504,85
anon_0049504,95
anon_0049606,95
anon_0049504,70
anon_0049620,100
anon_0049620,95
anon_0049606,85
anon_0049504,90
anon_0049504,90
anon_0049606,85
anon_0049620,85
anon_0049504,85
anon_0049632,85
anon_0049573,90
anon_0049504,30
anon_0049620,100
anon_0049619,85
anon_0049504,85
anon_0049504,85
anon_0049504,85
anon_0049574,75
anon_0049504,85
anon_0049573,85
anon_0049643,85
anon_0049504,85
anon_0049653,95
anon_0049632,0
anon_0049632,95
anon_0049660,0
anon_0049620,100
anon_0049619,85
anon_0049643,70
anon_0049620,100
anon_0049606,100
anon_0049632,90
anon_0049644,100
anon_0049617,0
anon_0049623,85
anon_0049617,0
anon_0049632,100
anon_0049574,50
anon_0049574,100
anon_0049653,100
anon_0049653,100
anon_0049619,50
anon_0049606,70
anon_0049620,90
anon_0049620,0
anon_0049653,70
anon_0049606,50
anon_0049653,95
anon_0049632,20
anon_0049606,90
anon_0049632,100
anon_0049620,100
anon_0049643,85
anon_0049620,95
anon_0049653,90
anon_0049653,95
anon_0049606,85
anon_0049653,90
anon_0049574,100
anon_0049653,90
anon_0049607,95
anon_0049660,50
anon_0049653,90
anon_0049620,100
anon_0049653,90
anon_0049606,90
anon_0049644,100
anon_0049653,85
anon_0049606,100
anon_0049620,100
anon_0049653,100
anon_0049623,95
anon_0049643,90
anon_0049607,85
anon_0049620,100
anon_0049632,100
anon_0049620,100
anon_0049617,85
anon_0049573,100
anon_0049606,85
anon_0049632,90
anon_0049620,100
anon_0049623,100
anon_0049632,90
anon_0049620,50
anon_0049653,75
anon_0049623,85
anon_0049653,95
anon_0049653,95
anon_0049620,0
anon_0049644,75
anon_0049653,100
anon_0049623,0
anon_0049607,85
anon_0049573,90
anon_0049607,85
anon_0049606,90
anon_0049606,50
anon_0049632,100
anon_0049632,70
anon_0049606,85
anon_0049620,100
anon_0049623,50
anon_0049620,90
anon_0049574,100
anon_0049620,100
anon_0049606,85
anon_0049607,85
anon_0049573,100
anon_0049620,90
anon_0049620,100
anon_0049653,85
anon_0049620,85
anon_0049606,50
anon_0049653,85
anon_0049620,100
anon_0049653,50
anon_0049574,0
anon_0049606,85
anon_0049632,30
anon_0049607,85
anon_0049574,100
anon_0049620,90
anon_0049617,100
anon_0049573,90
anon_0049632,85
anon_0049574,80
anon_0049606,85
anon_0049574,100
anon_0049617,70
anon_0049617,0
anon_0049643,90
anon_0049643,100
anon_0049632,85
anon_0049574,50
anon_0049607,100
anon_0049650,100
anon_0049632,50
anon_0049617,85
anon_0049573,100
anon_0049617,90
anon_0049632,95
anon_0049643,85
anon_0049573,85
anon_0049574,90
anon_0049650,100
anon_0049643,85
anon_0049650,90
anon_0049617,85
anon_0049643,50
anon_0049574,85
anon_0049650,100
anon_0049643,85
anon_0049632,85
anon_0049573,50
anon_0049617,75
anon_0049643,85
anon_0049607,60
anon_0049643,95
anon_0049573,90
anon_0049653,85
anon_0049650,100
anon_0049643,100
anon_0049709,100
anon_0049660,50
anon_0049660,100
anon_0049690,100
anon_0049660,0
anon_0049617,95
anon_0049574,100
anon_0049653,85
anon_0049574,0
anon_0049690,100
anon_0049574,100
anon_0049643,100
anon_0049653,100
anon_0049617,0
anon_0049650,50
anon_0049617,0
anon_0049688,0
anon_0049709,100
anon_0049660,90
anon_0049690,100
anon_0049644,95
anon_0049644,100
anon_0049617,100
anon_0049660,100
anon_0049617,90
anon_0049660,0
anon_0049644,95
anon_0049573,100
anon_0049650,85
anon_0049617,85
anon_0049644,90
anon_0049709,75
anon_0049650,100
anon_0049653,95
anon_0049643,100
anon_0049643,95
anon_0049688,90
anon_0049644,60
anon_0049617,100
anon_0049617,85
anon_0049724,100
anon_0049709,95
anon_0049653,90
anon_0049617,95
anon_0049714,95
anon_0049714,85
anon_0049617,100
anon_0049709,90
anon_0049643,85
anon_0049573,90
anon_0049644,90
anon_0049688,90
anon_0049690,100
anon_0049714,100
anon_0049653,85
anon_0049709,85
anon_0049650,50
anon_0049650,85
anon_0049690,85
anon_0049617,85
anon_0049709,85
anon_0049709,90
anon_0049709,85
anon_0049617,0
anon_0049724,95
anon_0049690,85
anon_0049574,90
anon_0049688,100
anon_0049573,70
anon_0049724,100
anon_0049690,85
anon_0049617,100
anon_0049688,95
anon_0049688,85
anon_0049660,100
anon_0049709,85
anon_0049650,100
anon_0049714,100
anon_0049690,100
anon_0049650,90
anon_0049617,90
anon_0049643,100
anon_0049644,90
anon_0049709,95
anon_0049644,85
anon_0049690,100
anon_0049573,60
anon_0049617,85
anon_0049660,85
anon_0049573,90
anon_0049690,95
anon_0049650,100
anon_0049688,90
anon_0049716,100
anon_0049714,90
anon_0049653,85
anon_0049716,90
anon_0049644,85
anon_0049716,50
anon_0049660,NA
anon_0049653,60
anon_0049709,90
anon_0049574,0
anon_0049643,100
anon_0049650,85
anon_0049643,85
anon_0049573,90
anon_0049643,85
anon_0049643,50
anon_0049644,40
anon_0049617,85
anon_0049573,0
anon_0049574,95
anon_0049643,0
anon_0049574,80
anon_0049643,50
anon_0049574,85
anon_0049644,85
anon_0049650,85
anon_0049574,85
anon_0049643,70
anon_0049643,85
anon_0049644,85
anon_0049653,85
anon_0049643,100
anon_0049650,100
anon_0049716,90
anon_0049643,100
anon_0049650,50
anon_0049650,100
anon_0049574,85
anon_0049643,20
anon_0049574,85
anon_0049574,50
anon_0049574,90
anon_0049643,85
anon_0049643,90
anon_0049643,75
anon_0049574,90
anon_0049716,85
anon_0049650,85
anon_0049643,85
anon_0049574,70
anon_0049643,100
anon_0049573,90
anon_0049650,100
anon_0049653,85
anon_0049574,100
anon_0049650,100
anon_0049653,85
anon_0049644,90
anon_0049650,0
anon_0049643,0
anon_0049574,85
anon_0049643,85
anon_0049653,50
anon_0049574,100
anon_0049643,90
anon_0049573,85
anon_0049644,85
anon_0049574,75
anon_0049644,90
anon_0049643,50
anon_0049574,50
anon_0049643,80
anon_0049574,50
anon_0049574,50
anon_0049650,85
anon_0049650,80
anon_0049573,85
anon_0049574,90
anon_0049574,90
anon_0049650,85
anon_0049650,70
anon_0049643,85
anon_0049724,0
anon_0049734,100
anon_0049734,100
anon_0049709,100
anon_0049724,100
anon_0049714,100
anon_0049716,100
anon_0049709,100
anon_0049774,100
anon_0049774,100
anon_0049716,50
anon_0049714,0
anon_0049716,90
anon_0049747,100
anon_0049724,0
anon_0049723,0
anon_0049724,100
anon_0049747,0
anon_0049709,100
anon_0049709,90
anon_0049734,100
anon_0049709,85
anon_0049724,100
anon_0049745,100
anon_0049724,95
anon_0049747,100
anon_0049747,95
anon_0049745,85
anon_0049723,85
anon_0049734,95
anon_0049734,0
anon_0049724,100
anon_0049724,85
anon_0049724,100
anon_0049724,90
anon_0049734,95
anon_0049734,95
anon_0049724,100
anon_0049745,90
anon_0049745,100
anon_0049690,90
anon_0049690,0
anon_0049734,100
anon_0049709,90
anon_0049709,85
anon_0049724,0
anon_0049724,85
anon_0049734,100
anon_0049716,85
anon_0049734,95
anon_0049716,100
anon_0049724,100
anon_0049724,100
anon_0049714,90
anon_0049723,90
anon_0049745,85
anon_0049724,95
anon_0049690,0
anon_0049724,0
anon_0049709,90
anon_0049709,85
anon_0049724,90
anon_0049716,95
anon_0049734,95
anon_0049716,50
anon_0049747,100
anon_0049734,0
anon_0049724,95
anon_0049747,0
anon_0049745,95
anon_0049724,100
anon_0049745,0
anon_0049734,85
anon_0049724,90
anon_0049745,50
anon_0049724,0
anon_0049709,90
anon_0049716,100
anon_0049709,100
anon_0049714,100
anon_0049660,85
anon_0049745,90
anon_0049734,85
anon_0049688,100
anon_0049745,95
anon_0049745,100
anon_0049724,100
anon_0049709,95
anon_0049745,85
anon_0049709,85
anon_0049709,85
anon_0049690,50
anon_0049724,85
anon_0049747,90
anon_0049774,90
anon_0049716,80
anon_0049709,75
anon_0049724,85
anon_0049724,95
anon_0049709,100
anon_0049688,70
anon_0049688,100
anon_0049734,85
anon_0049709,90
anon_0049747,50
anon_0049690,100
anon_0049745,100
anon_0049709,85
anon_0049709,100
anon_0049688,95
anon_0049688,85
anon_0049690,100
anon_0049688,95
anon_0049745,100
anon_0049716,100
anon_0049688,100
anon_0049709,85
anon_0049745,90
anon_0049716,100
anon_0049724,90
anon_0049745,95
anon_0049777,100
anon_0049745,75
anon_0049688,100
anon_0049745,90
anon_0049734,100
anon_0049688,100
anon_0049777,100
anon_0049734,100
anon_0049724,85
anon_0049716,90
anon_0049777,100
anon_0049734,95
anon_0049734,85
anon_0049688,90
anon_0049745,75
anon_0049777,0
anon_0049690,90
anon_0049690,100
anon_0049709,100
anon_0049734,95
anon_0049777,100
anon_0049688,85
anon_0049716,95
anon_0049724,85
anon_0049716,95
anon_0049745,90
anon_0049709,85
anon_0049716,100
anon_0049734,85
anon_0049734,100
anon_0049716,90
anon_0049709,85
anon_0049716,95
anon_0049777,100
anon_0049690,90
anon_0049688,90
anon_0049734,95
anon_0049709,85
anon_0049734,85
anon_0049709,85
anon_0049709,85
anon_0049734,85
anon_0049745,0
anon_0049734,75
anon_0049734,90
anon_0049734,85
anon_0049745,85
anon_0049734,85
anon_0049734,85
anon_0049846,100
anon_0049747,100
anon_0049829,85
anon_0049774,100
anon_0049716,90
anon_0049747,85
anon_0049777,50
anon_0049747,100
anon_0049785,85
anon_0049823,85
anon_0049851,85
anon_0049823,85
anon_0049823,100
anon_0049785,95
anon_0049747,85
anon_0049716,100
anon_0049747,100
anon_0049716,90
anon_0049792,95
anon_0049747,90
anon_0049823,90
anon_0049688,100
anon_0049716,100
anon_0049776,85
anon_0049823,95
anon_0049810,100
anon_0049747,90
anon_0049792,70
anon_0049776,85
anon_0049774,90
anon_0049688,100
anon_0049716,100
anon_0049792,100
anon_0049785,100
anon_0049774,100
anon_0049747,90
anon_0049792,85
anon_0049792,85
anon_0049843,90
anon_0049688,85
anon_0049709,75
anon_0049747,100
anon_0049843,90
anon_0049845,85
anon_0049716,100
anon_0049774,0
anon_0049774,85
anon_0049851,40
anon_0049774,90
anon_0049776,85
anon_0049747,100
anon_0049823,85
anon_0049709,85
anon_0049792,100
anon_0049843,100
anon_0049774,100
anon_0049823,100
anon_0049823,90
anon_0049688,100
anon_0049776,85
anon_0049716,85
anon_0049747,100
anon_0049747,0
anon_0049810,95
anon_0049843,0
anon_0049688,85
anon_0049823,85
anon_0049792,100
anon_0049792,100
anon_0049845,85
anon_0049688,100
anon_0049774,85
anon_0049747,85
anon_0049747,100
anon_0049747,90
anon_0049776,50
anon_0049688,100
anon_0049845,100
anon_0049823,100
anon_0049716,95
anon_0049688,85
anon_0049810,50
anon_0049777,85
anon_0049776,85
anon_0049747,100
anon_0049823,85
anon_0049823,100
anon_0049792,100
anon_0049797,64
anon_0049797,100
anon_0049792,NA
anon_0049747,100
anon_0049776,90
anon_0049810,0
anon_0049776,85
anon_0049792,85
anon_0049776,85
anon_0049688,90
anon_0049810,100
anon_0049777,95
anon_0049688,100
anon_0049797,0
anon_0049785,100
anon_0049688,100
anon_0049716,85
anon_0049776,100
anon_0049774,90
anon_0049747,100
anon_0049785,100
anon_0049774,100
anon_0049688,90
anon_0049785,95
anon_0049843,95
anon_0049709,85
anon_0049776,50
anon_0049810,100
anon_0049785,100
anon_0049709,75
anon_0049774,95
anon_0049797,100
anon_0049797,0
anon_0049785,100
anon_0049716,100
anon_0049810,95
anon_0049776,80
anon_0049797,100
anon_0049785,100
anon_0049810,100
anon_0049777,100
anon_0049810,75
anon_0049810,100
anon_0049776,75
anon_0049776,85
anon_0049785,0
anon_0049776,100
anon_0049776,100
anon_0049810,100
anon_0049774,100
anon_0049810,95
anon_0049810,100
anon_0049747,90
anon_0049785,80
anon_0049810,100
anon_0049747,100
anon_0049810,100
anon_0049785,100
anon_0049785,90
anon_0049810,100
anon_0049776,85
anon_0049810,100
anon_0049810,100
anon_0049776,85
anon_0049776,50
anon_0049785,NA
anon_0049810,100
anon_0049810,85
anon_0049776,90
anon_0049776,85
anon_0049810,100
anon_0049776,85
anon_0049777,90
anon_0049776,100
anon_0049777,90
anon_0049776,95
anon_0049810,85
anon_0049785,90
anon_0049785,50
anon_0049776,50
anon_0049776,85
anon_0049810,90
anon_0049776,90
anon_0049776,30
anon_0049785,100
anon_0049776,85
anon_0049776,50
anon_0049785,85
anon_0049785,85
anon_0049776,50
anon_0049785,85
anon_0049785,100
anon_0049829,100
anon_0049856,85
anon_0049792,100
anon_0049810,90
anon_0049688,100
anon_0049792,100
anon_0049829,100
anon_0049856,100
anon_0049810,100
anon_0049792,100
anon_0049843,95
anon_0049843,50
anon_0049829,100
anon_0049785,100
anon_0049846,85
anon_0049856,50
anon_0049688,100
anon_0049776,85
anon_0049792,50
anon_0049851,100
anon_0049776,100
anon_0049810,90
anon_0049829,100
anon_0049810,100
anon_0049823,100
anon_0049856,90
anon_0049843,85
anon_0049851,100
anon_0049856,0
anon_0049851,85
anon_0049688,85
anon_0049851,100
anon_0049846,0
anon_0049776,85
anon_0049785,0
anon_0049856,100
anon_0049688,90
anon_0049872,90
anon_0049843,0
anon_0049872,100
anon_0049872,80
anon_0049785,100
anon_0049846,90
anon_0049846,85
anon_0049851,90
anon_0049810,85
anon_0049843,100
anon_0049829,0
anon_0049688,85
anon_0049851,90
anon_0049856,90
anon_0049851,85
anon_0049776,85
anon_0049810,100
anon_0049823,0
anon_0049776,85
anon_0049823,85
anon_0049776,70
anon_0049776,50
anon_0049843,100
anon_0049785,90
anon_0049776,95
anon_0049856,100
anon_0049792,100
anon_0049792,85
anon_0049843,85
anon_0049810,95
anon_0049846,85
anon_0049810,90
anon_0049846,85
anon_0049776,85
anon_0049810,90
anon_0049810,100
anon_0049843,100
anon_0049843,50
anon_0049688,95
anon_0049843,100
anon_0049851,85
anon_0049851,85
anon_0049872,100
anon_0049829,100
anon_0049843,85
anon_0049829,85
anon_0049810,90
anon_0049846,0
anon_0049785,75
anon_0049785,100
anon_0049886,95
anon_0049785,50
anon_0049785,85
anon_0049846,50
anon_0049776,90
anon_0049851,85
anon_0049886,90
anon_0049843,85
anon_0049851,90
anon_0049845,85
anon_0049792,70
anon_0049688,90
anon_0049843,100
anon_0049776,100
anon_0049846,85
anon_0049810,100
anon_0049843,90
anon_0049785,75
anon_0049843,100
anon_0049886,85
anon_0049810,0
anon_0049846,100
anon_0049785,0
anon_0049843,100
anon_0049810,85
anon_0049810,95
anon_0049886,90
anon_0049810,100
anon_0049810,85
anon_0049829,75
anon_0049776,80
anon_0049843,90
anon_0049810,50
anon_0049843,100
anon_0049845,100
anon_0049810,100
anon_0049810,90
anon_0049886,95
anon_0049845,100
anon_0049792,85
anon_0049810,50
anon_0049810,85
anon_0049851,50
anon_0049846,0
anon_0049895,100
anon_0049846,50
anon_0049895,70
anon_0049810,100
anon_0049845,85
anon_0049851,95
anon_0049895,90
anon_0049851,20
anon_0049810,0
anon_0049810,90
anon_0049810,90
anon_0049810,85
anon_0049846,100
anon_0049810,50
anon_0049895,85
anon_0049810,90
anon_0049810,100
anon_0049810,85
anon_0049851,90
anon_0049851,100
anon_0049776,85
anon_0049810,90
anon_0049846,85
anon_0049895,95
anon_0049845,100
anon_0049851,85
anon_0049846,50
anon_0049851,85
anon_0049851,50
anon_0049845,90
anon_0049851,85
anon_0049851,100
anon_0049851,85
anon_0049851,100
anon_0049845,0
anon_0049895,85
anon_0049851,85
anon_0049851,85
anon_0049845,85
anon_0049846,90
anon_0049851,85
anon_0049851,85
anon_0049856,85
anon_0049856,70
anon_0049845,85
anon_0049851,50
anon_0049851,0
anon_0049851,85
anon_0049810,70
anon_0049851,50
anon_0049851,0
anon_0049851,75
anon_0049851,20
anon_0049851,90
anon_0049810,85
anon_0049851,75
anon_0049845,90
anon_0049845,70
anon_0049851,80
anon_0049845,85
anon_0049856,20
anon_0049845,85
anon_0049851,75
anon_0049845,95
anon_0049851,85
anon_0049851,85
anon_0049792,0
anon_0049845,85
anon_0049843,100
anon_0049792,100
anon_0049792,100
anon_0049845,85
anon_0049792,60
anon_0049851,85
anon_0049810,50
anon_0049916,50
anon_0049942,100
anon_0049942,95
anon_0049895,100
anon_0049959,85
anon_0049905,100
anon_0049942,100
anon_0049916,0
anon_0049942,100
anon_0049895,100
anon_0049901,100
anon_0049901,100
anon_0049916,50
anon_0049895,85
anon_0049901,90
anon_0049959,90
anon_0049911,85
anon_0049956,100
anon_0049905,100
anon_0049916,100
anon_0049901,95
anon_0049916,100
anon_0049905,100
anon_0049942,100
anon_0049932,100
anon_0049932,0
anon_0049905,100
anon_0049901,0
anon_0049895,95
anon_0049872,90
anon_0049905,90
anon_0049956,100
anon_0049901,100
anon_0049905,100
anon_0049954,0
anon_0049901,100
anon_0049916,100
anon_0049959,90
anon_0049932,100
anon_0049956,100
anon_0049959,90
anon_0049905,90
anon_0049905,100
anon_0049956,90
anon_0049942,100
anon_0049916,100
anon_0049845,95
anon_0049905,100
anon_0049959,95
anon_0049895,90
anon_0049911,95
anon_0049901,100
anon_0049901,85
anon_0049905,0
anon_0049905,100
anon_0049916,90
anon_0049959,85
anon_0049932,95
anon_0049932,100
anon_0049942,100
anon_0049911,90
anon_0049845,100
anon_0049901,85
anon_0049851,100
anon_0049901,100
anon_0049916,50
anon_0049901,100
anon_0049916,90
anon_0049872,0
anon_0049851,90
anon_0049916,100
anon_0049911,85
anon_0049851,95
anon_0049905,85
anon_0049895,85
anon_0049905,95
anon_0049851,50
anon_0049916,50
anon_0049901,90
anon_0049905,85
anon_0049905,90
anon_0049895,90
anon_0049901,100
anon_0049959,90
anon_0049916,0
anon_0049851,85
anon_0049911,85
anon_0049932,100
anon_0049872,100
anon_0049872,0
anon_0049851,90
anon_0049901,0
anon_0049932,100
anon_0049851,85
anon_0049916,90
anon_0049932,0
anon_0049916,100
anon_0049895,85
anon_0049895,75
anon_0049843,95
anon_0049932,100
anon_0049845,75
anon_0049911,85
anon_0049901,100
anon_0049843,95
anon_0049886,85
anon_0049895,90
anon_0049886,85
anon_0049886,85
anon_0049872,100
anon_0049901,0
anon_0049886,100
anon_0049901,0
anon_0049901,90
anon_0049932,85
anon_0049916,100
anon_0049901,100
anon_0049932,85
anon_0049843,100
anon_0049932,100
anon_0049901,85
anon_0049929,100
anon_0049872,100
anon_0049851,85
anon_0049911,100
anon_0049901,100
anon_0049929,90
anon_0049886,85
anon_0049845,85
anon_0049886,100
anon_0049851,85
anon_0049916,85
anon_0049929,100
anon_0049886,95
anon_0049851,85
anon_0049901,90
anon_0049901,100
anon_0049851,90
anon_0049929,50
anon_0049872,80
anon_0049845,85
anon_0049932,100
anon_0049901,20
anon_0049916,90
anon_0049872,100
anon_0049886,100
anon_0049916,85
anon_0049901,100
anon_0049916,50
anon_0049901,100
anon_0049932,100
anon_0049845,90
anon_0049929,70
anon_0049901,100
anon_0049901,100
anon_0049929,50
anon_0049901,100
anon_0049929,100
anon_0049901,95
anon_0049932,90
anon_0049886,50
anon_0049929,85
anon_0049886,85
anon_0049886,30
anon_0049916,85
anon_0049872,67
anon_0049929,100
anon_0049929,85
anon_0049929,80
anon_0049845,85
anon_0049872,100
anon_0049929,95
anon_0049845,50
anon_0049851,30
anon_0049886,90
anon_0049886,85
anon_0049851,100
anon_0049929,0
anon_0049901,90
anon_0049916,75
anon_0049929,100
anon_0049901,85
anon_0049901,85
anon_0049901,80
anon_0049901,90
anon_0049872,0
anon_0049872,90
anon_0049901,90
anon_0049901,100
anon_0049872,50
anon_0049901,100
anon_0049901,90
anon_0049845,85
anon_0049901,0
anon_0049901,85
anon_0049982,0
anon_0049954,100
anon_0049982,0
anon_0049905,100
anon_0049959,100
anon_0049916,100
anon_0049975,90
anon_0049982,0
anon_0049956,85
anon_0049954,95
anon_0049954,95
anon_0049942,100
anon_0049905,100
anon_0049954,85
anon_0049986,100
anon_0049886,90
anon_0049982,100
anon_0049982,100
anon_0049911,90
anon_0049982,90
anon_0049954,0
anon_0049905,85
anon_0049905,90
anon_0049954,100
anon_0049905,90
anon_0049911,100
anon_0049956,85
anon_0049959,0
anon_0049942,95
anon_0049967,100
anon_0049975,95
anon_0049959,100
anon_0049967,100
anon_0049986,50
anon_0049956,100
anon_0049956,50
anon_0049967,100
anon_0049905,100
anon_0049905,95
anon_0049954,0
anon_0049956,0
anon_0049954,0
anon_0049942,85
anon_0049982,50
anon_0049905,85
anon_0049942,95
anon_0049911,100
anon_0049956,85
anon_0049975,85
anon_0049959,100
anon_0049959,90
anon_0049982,85
anon_0049967,100
anon_0049975,100
anon_0049986,0
anon_0049956,100
anon_0049956,0
anon_0049916,100
anon_0049975,90
anon_0049967,0
anon_0049967,85
anon_0049942,90
anon_0049986,90
anon_0049942,85
anon_0049959,100
anon_0049975,90
anon_0049886,90
anon_0049886,90
anon_0049956,100
anon_0049954,0
anon_0049886,95
anon_0049967,85
anon_0049959,90
anon_0049982,85
anon_0049982,85
anon_0049905,100
anon_0049886,90
anon_0049916,90
anon_0049954,50
anon_0049982,90
anon_0049986,90
anon_0049982,90
anon_0049986,100
anon_0049959,50
anon_0049975,90
anon_0049916,100
anon_0049905,90
anon_0049942,100
anon_0049982,0
anon_0049886,85
anon_0049967,90
anon_0049982,85
anon_0049959,75
anon_0049959,50
anon_0049905,90
anon_0049974,100
anon_0049956,100
anon_0049967,0
anon_0049959,50
anon_0049967,100
anon_0049959,0
anon_0049942,90
anon_0049886,90
anon_0049911,100
anon_0049998,100
anon_0049932,50
anon_0049986,85
anon_0049911,100
anon_0049956,100
anon_0049911,90
anon_0049974,70
anon_0049886,85
anon_0049974,90
anon_0049998,90
anon_0049959,0
anon_0049872,50
anon_0049998,90
anon_0049959,85
anon_0049956,100
anon_0049974,60
anon_0049932,100
anon_0049911,85
anon_0049967,100
anon_0049932,100
anon_0049956,85
anon_0049929,100
anon_0049967,80
anon_0049911,NA
anon_0049929,100
anon_0049929,90
anon_0049956,100
anon_0049932,90
anon_0049929,95
anon_0049886,90
anon_0049886,85
anon_0049998,95
anon_0049956,50
anon_0049956,100
anon_0049967,100
anon_0049886,95
anon_0049872,70
anon_0049956,85
anon_0049956,100
anon_0049956,90
anon_0049886,100
anon_0049959,50
anon_0049929,100
anon_0049929,100
anon_0049929,95
anon_0049956,100
anon_0049929,95
anon_0049872,90
anon_0049872,0
anon_0049929,90
anon_0049998,100
anon_0049998,90
anon_0049911,85
anon_0049998,95
anon_0049932,100
anon_0049929,100
anon_0049929,50
anon_0049932,50
anon_0049929,85
anon_0049956,85
anon_0049959,100
anon_0049929,80
anon_0049929,50
anon_0049959,85
anon_0049872,70
anon_0050030,100
anon_0049905,90
anon_0050032,95
anon_0049986,100
anon_0050030,100
anon_0050019,100
anon_0049905,100
anon_0049986,100
anon_0049872,95
anon_0049986,95
anon_0049974,50
anon_0050019,100
anon_0050030,90
anon_0049942,75
anon_0050030,50
anon_0049929,95
anon_0049974,100
anon_0050019,100
anon_0049986,100
anon_0049986,50
anon_0049986,100
anon_0050030,100
anon_0049986,100
anon_0049986,90
anon_0050001,95
anon_0049929,100
anon_0049942,85
anon_0049982,100
anon_0050030,100
anon_0049998,95
anon_0049986,85
anon_0049974,85
anon_0050032,90
anon_0049942,90
anon_0049942,100
anon_0050027,85
anon_0049986,50
anon_0049998,90
anon_0049942,90
anon_0050030,100
anon_0050030,100
anon_0049942,100
anon_0049929,100
anon_0049974,75
anon_0049872,90
anon_0050019,85
anon_0049998,50
anon_0049954,NA
anon_0049942,80
anon_0049986,100
anon_0049942,100
anon_0049886,90
anon_0050030,100
anon_0050001,20
anon_0050032,50
anon_0049954,85
anon_0049982,90
anon_0049982,85
anon_0050030,90
anon_0049954,85
anon_0049872,100
anon_0050027,85
anon_0049942,85
anon_0049982,100
anon_0049929,100
anon_0049929,100
anon_0050030,85
anon_0050019,0
anon_0049929,100
anon_0049986,50
anon_0049872,85
anon_0049942,95
anon_0050030,85
anon_0049998,85
anon_0049929,90
anon_0049982,90
anon_0049974,90
anon_0049929,90
anon_0050019,85
anon_0049982,80
anon_0050001,90
anon_0049886,100
anon_0049982,100
anon_0049929,100
anon_0049982,85
anon_0049986,85
anon_0049942,85
anon_0049942,0
anon_0049886,100
anon_0049905,100
anon_0049942,90
anon_0049905,85
anon_0049974,100
anon_0049974,100
anon_0049905,90
anon_0050027,85
anon_0049905,100
anon_0050074,100
anon_0050030,85
anon_0049886,75
anon_0050074,100
anon_0049886,70
anon_0049974,70
anon_0049886,90
anon_0050030,90
anon_0049929,100
anon_0049929,100
anon_0050045,100
anon_0049974,50
anon_0050030,85
anon_0049974,85
anon_0049929,85
anon_0050019,85
anon_0050030,50
anon_0049975,100
anon_0049974,75
anon_0050019,50
anon_0050019,100
anon_0050032,85
anon_0050019,100
anon_0050066,85
anon_0049942,85
anon_0049982,100
anon_0049886,50
anon_0050019,100
anon_0050066,85
anon_0049986,85
anon_0049954,40
anon_0049975,90
anon_0049942,90
anon_0050019,100
anon_0050030,95
anon_0050019,90
anon_0050030,50
anon_0050074,90
anon_0049975,100
anon_0050032,100
anon_0050030,85
anon_0049975,85
anon_0050019,50
anon_0049954,85
anon_0050032,0
anon_0049942,95
anon_0050066,85
anon_0050019,100
anon_0050045,60
anon_0049975,100
anon_0049986,85
anon_0050045,90
anon_0050074,85
anon_0049975,90
anon_0049929,85
anon_0049975,85
anon_0049975,100
anon_0050019,50
anon_0050045,85
anon_0050074,100
anon_0050027,85
anon_0050019,70
anon_0049942,70
anon_0049929,50
anon_0050066,85
anon_0049905,90
anon_0050019,50
anon_0050030,90
anon_0049942,85
anon_0049942,75
anon_0049974,50
anon_0049942,85
anon_0050045,85
anon_0050108,100
anon_0050027,100
anon_0050077,0
anon_0050032,100
anon_0050032,100
anon_0050074,100
anon_0050045,0
anon_0050032,0
anon_0050122,95
anon_0050074,100
anon_0050077,100
anon_0050122,90
anon_0049974,100
anon_0050122,100
anon_0050066,100
anon_0050108,100
anon_0050115,95
anon_0050074,95
anon_0050077,0
anon_0050027,75
anon_0050062,100
anon_0050030,100
anon_0050074,100
anon_0050032,95
anon_0050074,85
anon_0050045,90
anon_0050027,100
anon_0049974,100
anon_0050030,50
anon_0050027,100
anon_0050066,0
anon_0050074,100
anon_0050074,100
anon_0049974,100
anon_0050030,100
anon_0050074,100
anon_0050030,50
anon_0049974,100
anon_0050030,85
anon_0050077,90
anon_0050027,85
anon_0050062,85
anon_0050074,95
anon_0049975,100
anon_0049974,90
anon_0050032,100
anon_0050074,100
anon_0050122,100
anon_0050030,100
anon_0049886,85
anon_0049974,50
anon_0050074,100
anon_0049975,85
anon_0050027,85
anon_0050032,100
anon_0050032,100
anon_0050066,100
anon_0050062,90
anon_0050027,90
anon_0049886,95
anon_0050030,100
anon_0050062,95
anon_0050032,100
anon_0050032,100
anon_0050122,85
anon_0050027,90
anon_0050066,85
anon_0049974,85
anon_0050074,85
anon_0050030,90
anon_0050027,50
anon_0049974,85
anon_0050066,85
anon_0050074,100
anon_0049974,85
anon_0050115,90
anon_0050074,100
anon_0050074,85
anon_0050074,20
anon_0049974,90
anon_0050077,85
anon_0049974,85
anon_0049975,90
anon_0050030,90
anon_0049975,85
anon_0050045,85
anon_0050066,85
anon_0050030,90
anon_0049886,70
anon_0050074,50
anon_0050074,0
anon_0050030,90
anon_0049886,75
anon_0050077,50
anon_0050030,85
anon_0049886,85
anon_0050077,85
anon_0050122,50
anon_0050030,50
anon_0050030,100
anon_0049975,0
anon_0050074,90
anon_0050030,100
anon_0050030,90
anon_0050030,100
anon_0050030,100
anon_0050045,90
anon_0050019,100
anon_0050019,100
anon_0049886,100
anon_0049929,100
anon_0049929,95
anon_0050019,95
anon_0049886,60
anon_0049975,85
anon_0049975,0
anon_0050030,95
anon_0050045,85
anon_0049929,100
anon_0050045,85
anon_0050019,100
anon_0050019,90
anon_0050019,90
anon_0049929,90
anon_0049886,40
anon_0050074,85
anon_0050108,100
anon_0050019,95
anon_0049886,50
anon_0050019,90
anon_0050019,100
anon_0049886,0
anon_0050045,85
anon_0050045,85
anon_0049929,85
anon_0050030,85
anon_0050019,100
anon_0050019,90
anon_0049975,90
anon_0049929,50
anon_0049929,0
anon_0049929,90
anon_0049929,100
anon_0049929,85
anon_0049929,100
anon_0049886,85
anon_0050019,95
anon_0050019,85
anon_0050045,85
anon_0050019,85
anon_0050045,90
anon_0050019,85
anon_0050019,85
anon_0049929,75
anon_0050124,100
anon_0050141,100
anon_0050074,100
anon_0050142,0
anon_0050142,0
anon_0050142,100
anon_0050142,90
anon_0050160,90
anon_0050124,100
anon_0050146,100
anon_0050142,100
anon_0050141,90
anon_0050115,100
anon_0050122,50
anon_0050108,95
anon_0050135,100
anon_0050134,100
anon_0050134,100
anon_0050169,100
anon_0050122,100
anon_0050108,100
anon_0050124,95
anon_0050124,0
anon_0050135,100
anon_0050122,90
anon_0050135,100
anon_0050135,100
anon_0049975,20
anon_0050108,100
anon_0050066,100
anon_0050074,100
anon_0049975,100
anon_0050108,90
anon_0050160,95
anon_0049975,90
anon_0050108,100
anon_0050115,90
anon_0050146,95
anon_0050115,90
anon_0050115,90
anon_0050142,85
anon_0050141,100
anon_0050135,95
anon_0050142,95
anon_0050146,95
anon_0050124,0
anon_0050141,85
anon_0050160,100
anon_0050146,100
anon_0050135,100
anon_0050115,95
anon_0050142,85
anon_0050066,80
anon_0049975,85
anon_0050124,85
anon_0050115,70
anon_0050142,100
anon_0050160,100
anon_0050141,100
anon_0050135,90
anon_0050115,50
anon_0049975,50
anon_0050134,0
anon_0050066,100
anon_0050108,90
anon_0049975,0
anon_0050134,50
anon_0050146,85
anon_0050141,85
anon_0050115,90
anon_0050135,100
anon_0050142,80
anon_0050115,85
anon_0050066,85
anon_0050142,50
anon_0050066,85
anon_0050142,50
anon_0050108,0
anon_0050122,90
anon_0050142,85
anon_0050141,90
anon_0050108,85
anon_0050115,90
anon_0050122,95
anon_0050115,85
anon_0050135,90
anon_0050066,80
anon_0050124,85
anon_0050074,85
anon_0050146,100
anon_0050108,85
anon_0050115,90
anon_0050062,90
anon_0050115,100
anon_0050135,NA
anon_0050151,0
anon_0050074,85
anon_0050066,90
anon_0050115,70
anon_0050141,0
anon_0050141,0
anon_0050062,100
anon_0050142,0
anon_0050115,100
anon_0050172,90
anon_0050108,0
anon_0050148,100
anon_0050141,85
anon_0050122,0
anon_0050115,100
anon_0049975,85
anon_0050019,100
anon_0050146,100
anon_0050122,100
anon_0050122,100
anon_0050066,50
anon_0050115,95
anon_0050172,95
anon_0050062,90
anon_0050062,100
anon_0050062,100
anon_0050019,90
anon_0050160,0
anon_0050122,0
anon_0050115,100
anon_0050115,100
anon_0050019,100
anon_0050160,50
anon_0050062,50
anon_0050108,0
anon_0050172,85
anon_0050115,100
anon_0050122,100
anon_0050122,95
anon_0050066,0
anon_0050124,0
anon_0050160,85
anon_0050146,85
anon_0050122,95
anon_0050146,90
anon_0050141,100
anon_0050148,90
anon_0050172,85
anon_0050108,90
anon_0050124,100
anon_0050115,95
anon_0050066,85
anon_0050115,85
anon_0050122,85
anon_0050115,90
anon_0050160,95
anon_0050122,50
anon_0050141,90
anon_0050122,100
anon_0050148,90
anon_0050124,100
anon_0050141,85
anon_0050066,85
anon_0050148,90
anon_0050124,90
anon_0050141,80
anon_0050108,85
anon_0050160,85
anon_0050066,75
anon_0050141,85
anon_0050160,100
anon_0050146,85
anon_0050146,50
anon_0050141,90
anon_0050115,100
anon_0050066,85
anon_0050148,90
anon_0050141,100
anon_0050141,85
anon_0050108,90
anon_0050122,90
anon_0050066,85
anon_0050066,85
anon_0050066,85
anon_0050141,85
anon_0050122,90
anon_0050142,85
anon_0050122,95
anon_0050207,85
anon_0050146,90
anon_0050207,100
anon_0050207,100
anon_0050207,85
anon_0050207,50
anon_0050141,100
anon_0050122,100
anon_0050141,85
anon_0050141,90
anon_0050207,85
anon_0050179,70
anon_0050196,100
anon_0050207,75
anon_0050196,85
anon_0050141,100
anon_0050142,90
anon_0050124,95
anon_0050196,85
anon_0050196,95
anon_0050135,85
anon_0050148,90
anon_0050200,0
anon_0050124,100
anon_0050135,90
anon_0050196,100
anon_0050169,100
anon_0050196,100
anon_0050142,85
anon_0050169,100
anon_0050196,100
anon_0050124,100
anon_0050196,90
anon_0050146,80
anon_0050179,85
anon_0050200,95
anon_0050160,100
anon_0050179,90
anon_0050179,85
anon_0050135,90
anon_0050179,100
anon_0050135,90
anon_0050151,85
anon_0050169,0
anon_0050207,95
anon_0050169,100
anon_0050169,100
anon_0050135,90
anon_0050062,80
anon_0050124,95
anon_0050207,95
anon_0050135,90
anon_0050142,95
anon_0050196,100
anon_0050148,90
anon_0050141,85
anon_0050151,85
anon_0050148,100
anon_0050200,100
anon_0050196,90
anon_0050135,85
anon_0050124,0
anon_0050124,90
anon_0050179,85
anon_0050135,80
anon_0050135,90
anon_0050148,85
anon_0050141,50
anon_0050146,100
anon_0050146,90
anon_0050135,100
anon_0050196,100
anon_0050146,50
anon_0050196,0
anon_0050135,95
anon_0050169,85
anon_0050146,85
anon_0050124,85
anon_0050135,85
anon_0050146,0
anon_0050141,85
anon_0050169,90
anon_0050169,NA
anon_0050169,100
anon_0050062,20
anon_0050160,50
anon_0050142,90
anon_0050135,85
anon_0050169,0
anon_0050146,0
anon_0050135,100
anon_0050124,85
anon_0050135,100
anon_0050160,90
anon_0050160,95
anon_0050062,90
anon_0050160,90
anon_0050146,85
anon_0050141,85
anon_0050160,85
anon_0050160,100
anon_0050124,90
anon_0050124,85
anon_0050196,100
anon_0050141,95
anon_0050135,100
anon_0050207,85
anon_0050151,85
anon_0050151,95
anon_0050148,85
anon_0050169,100
anon_0050160,95
anon_0050151,85
anon_0050122,100
anon_0050062,95
anon_0050169,85
anon_0050146,90
anon_0050151,80
anon_0050169,100
anon_0050122,85
anon_0050169,95
anon_0050179,100
anon_0050160,100
anon_0050062,85
anon_0050122,70
anon_0050135,90
anon_0050160,85
anon_0050169,100
anon_0050135,0
anon_0050160,100
anon_0050124,90
anon_0050196,100
anon_0050160,90
anon_0050196,0
anon_0050122,85
anon_0050141,50
anon_0050160,100
anon_0050179,100
anon_0050141,85
anon_0050160,95
anon_0050135,90
anon_0050135,95
anon_0050169,90
anon_0050124,100
anon_0050141,85
anon_0050141,90
anon_0050135,90
anon_0050196,100
anon_0050141,50
anon_0050151,100
anon_0050160,90
anon_0050122,85
anon_0050179,95
anon_0050179,90
anon_0050169,0
anon_0050135,85
anon_0050141,85
anon_0050196,0
anon_0050196,100
anon_0050141,50
anon_0050141,100
anon_0050179,90
anon_0050135,90
anon_0050122,95
anon_0050148,80
anon_0050141,50
anon_0050196,100
anon_0050160,100
anon_0050196,50
anon_0050141,85
anon_0050179,85
anon_0050148,100
anon_0050196,100
anon_0050148,85
anon_0050141,50
anon_0050141,50
anon_0050179,85
anon_0050148,85
anon_0050141,70
anon_0050141,75
anon_0050196,100
anon_0050141,85
anon_0050160,85
anon_0050141,75
anon_0050141,85
anon_0050196,90
anon_0050141,75
anon_0050196,0
anon_0050141,90
anon_0050148,90
anon_0050245,90
anon_0050169,100
anon_0050260,100
anon_0050245,50
anon_0050260,100
anon_0050179,95
anon_0050231,95
anon_0050260,100
anon_0050179,100
anon_0050169,100
anon_0050260,100
anon_0050240,100
anon_0050207,85
anon_0050245,85
anon_0050200,0
anon_0050200,70
anon_0050231,100
anon_0050240,0
anon_0050148,0
anon_0050260,95
anon_0050259,95
anon_0050148,70
anon_0050259,100
anon_0050260,100
anon_0050246,85
anon_0050062,90
anon_0050179,90
anon_0050207,95
anon_0050246,85
anon_0050259,100
anon_0050179,85
anon_0050062,90
anon_0050231,100
anon_0050151,100
anon_0050148,50
anon_0050169,100
anon_0050148,100
anon_0050148,85
anon_0050259,100
anon_0050251,90
anon_0050231,100
anon_0050251,90
anon_0050240,0
anon_0050260,100
anon_0050240,100
anon_0050240,0
anon_0050148,90
anon_0050231,100
anon_0050151,100
anon_0050200,85
anon_0050246,85
anon_0050148,90
anon_0050240,0
anon_0050169,95
anon_0050259,100
anon_0050260,0
anon_0050062,90
anon_0050231,95
anon_0050179,95
anon_0050169,100
anon_0050260,100
anon_0050231,90
anon_0050169,85
anon_0050240,95
anon_0050179,50
anon_0050179,100
anon_0050207,100
anon_0050207,85
anon_0050179,90
anon_0050259,100
anon_0050246,85
anon_0050240,50
anon_0050260,85
anon_0050259,100
anon_0050169,95
anon_0050200,90
anon_0050259,90
anon_0050240,100
anon_0050260,100
anon_0050151,0
anon_0050207,85
anon_0050231,100
anon_0050148,85
anon_0050251,85
anon_0050251,85
anon_0050246,40
anon_0050148,85
anon_0050169,40
anon_0050240,85
anon_0050246,20
anon_0050062,95
anon_0050240,85
anon_0050259,90
anon_0050200,85
anon_0050246,50
anon_0050148,90
anon_0050196,100
anon_0050196,100
anon_0050207,90
anon_0050240,95
anon_0050148,95
anon_0050207,85
anon_0050259,100
anon_0050196,100
anon_0050259,50
anon_0050240,0
anon_0050240,85
anon_0050245,100
anon_0050207,50
anon_0050246,85
anon_0050196,100
anon_0050196,100
anon_0050196,100
anon_0050062,100
anon_0050207,85
anon_0050259,100
anon_0050259,90
anon_0050196,100
anon_0050196,100
anon_0050196,100
anon_0050196,100
anon_0050179,70
anon_0050207,95
anon_0050196,100
anon_0050251,85
anon_0050240,100
anon_0050251,0
anon_0050196,95
anon_0050062,85
anon_0050196,85
anon_0050246,90
anon_0050251,85
anon_0050196,90
anon_0050207,100
anon_0050251,90
anon_0050245,100
anon_0050245,100
anon_0050245,80
anon_0050062,85
anon_0050240,50
anon_0050251,85
anon_0050196,85
anon_0050245,100
anon_0050245,100
anon_0050196,90
anon_0050207,85
anon_0050251,50
anon_0050245,90
anon_0050062,95
anon_0050240,85
anon_0050196,90
anon_0050251,100
anon_0050251,85
anon_0050196,100
anon_0050251,85
anon_0050196,90
anon_0050259,0
anon_0050251,NA
anon_0050245,50
anon_0050179,85
anon_0050246,50
anon_0050246,100
anon_0050179,85
anon_0050196,85
anon_0050196,85
anon_0050196,100
anon_0050062,50
anon_0050179,90
anon_0050245,85
anon_0050207,90
anon_0050179,95
anon_0050251,85
anon_0050179,85
anon_0050272,100
anon_0050280,0
anon_0050245,0
anon_0050245,90
anon_0050245,100
anon_0050148,80
anon_0050271,90
anon_0050251,100
anon_0050251,80
anon_0050276,0
anon_0050148,50
anon_0050280,0
anon_0050246,100
anon_0050245,100
anon_0050245,100
anon_0050246,100
anon_0050259,0
anon_0050179,85
anon_0050271,0
anon_0050179,95
anon_0050280,100
anon_0050245,100
anon_0050148,85
anon_0050151,100
anon_0050062,100
anon_0050276,95
anon_0050280,85
anon_0050246,100
anon_0050251,100
anon_0050251,0
anon_0050245,100
anon_0050259,95
anon_0050245,100
anon_0050062,100
anon_0050062,50
anon_0050251,85
anon_0050271,85
anon_0050179,100
anon_0050259,100
anon_0050251,85
anon_0050245,100
anon_0050251,100
anon_0050148,95
anon_0050245,100
anon_0050259,100
anon_0050151,0
anon_0050271,20
anon_0050245,85
anon_0050245,85
anon_0050151,85
anon_0050271,85
anon_0050276,100
anon_0050151,100
anon_0050246,50
anon_0050271,90
anon_0050271,90
anon_0050276,100
anon_0050295,100
anon_0050245,100
anon_0050179,75
anon_0050246,75
anon_0050259,100
anon_0050151,60
anon_0050246,100
anon_0050245,90
anon_0050276,100
anon_0050245,85
anon_0050246,50
anon_0050280,90
anon_0050271,85
anon_0050246,95
anon_0050259,92
anon_0050246,100
anon_0050179,85
anon_0050151,95
anon_0050295,60
anon_0050280,100
anon_0050259,0
anon_0050271,90
anon_0050251,70
anon_0050245,95
anon_0050271,95
anon_0050280,100
anon_0050280,50
anon_0050179,50
anon_0050276,95
anon_0050251,70
anon_0050271,85
anon_0050245,85
anon_0050280,100
anon_0050062,75
anon_0050179,70
anon_0050245,0
anon_0050251,90
anon_0050062,90
anon_0050251,75
anon_0050148,100
anon_0050251,85
anon_0050276,100
anon_0050251,50
anon_0050276,100
anon_0050251,95
anon_0050245,95
anon_0050276,100
anon_0050271,85
anon_0050246,85
anon_0050251,0
anon_0050276,90
anon_0050251,100
anon_0050276,100
anon_0050245,85
anon_0050251,100
anon_0050245,85
anon_0050251,100
anon_0050251,85
anon_0050245,100
anon_0050251,90
anon_0050245,90
anon_0050251,85
anon_0050251,100
anon_0050245,100
anon_0050251,85
anon_0050245,90
anon_0050245,100
anon_0050245,100
anon_0050251,85
anon_0050276,70
anon_0050276,100
anon_0050251,95
anon_0050245,100
anon_0050251,90
anon_0050245,85
anon_0050251,95
anon_0050251,50
anon_0050251,90
anon_0050245,75
anon_0050251,85
anon_0050251,100
anon_0050251,90
anon_0050251,0
anon_0050251,85
anon_0050276,50
anon_0050345,100
anon_0050374,100
anon_0050272,85
anon_0050272,50
anon_0050313,100
anon_0050295,0
anon_0050348,95
anon_0050272,95
anon_0050369,0
anon_0050295,100
anon_0050295,85
anon_0050276,0
anon_0050345,90
anon_0050313,95
anon_0050318,90
anon_0050313,100
anon_0050280,85
anon_0050313,100
anon_0050345,90
anon_0050272,100
anon_0050295,90
anon_0050272,0
anon_0050318,100
anon_0050272,0
anon_0050271,50
anon_0050348,100
anon_0050313,100
anon_0050271,85
anon_0050313,100
anon_0050318,0
anon_0050345,100
anon_0050272,0
anon_0050313,0
anon_0050280,75
anon_0050345,50
anon_0050313,50
anon_0050271,100
anon_0050313,95
anon_0050272,0
anon_0050295,85
anon_0050313,90
anon_0050318,95
anon_0050276,90
anon_0050318,0
anon_0050369,100
anon_0050348,20
anon_0050369,85
anon_0050318,100
anon_0050280,90
anon_0050313,100
anon_0050348,85
anon_0050345,100
anon_0050348,90
anon_0050271,95
anon_0050272,0
anon_0050369,100
anon_0050272,0
anon_0050313,100
anon_0050348,85
anon_0050280,50
anon_0050348,90
anon_0050271,100
anon_0050369,100
anon_0050345,100
anon_0050318,70
anon_0050295,85
anon_0050345,100
anon_0050348,90
anon_0050375,90
anon_0050318,90
anon_0050272,0
anon_0050295,100
anon_0050295,90
anon_0050272,90
anon_0050345,90
anon_0050348,85
anon_0050313,30
anon_0050375,85
anon_0050375,90
anon_0050313,85
anon_0050318,90
anon_0050369,90
anon_0050271,85
anon_0050369,100
anon_0050318,90
anon_0050295,50
anon_0050280,80
anon_0050348,0
anon_0050318,100
anon_0050348,85
anon_0050313,85
anon_0050348,90
anon_0050318,100
anon_0050272,85
anon_0050313,90
anon_0050271,50
anon_0050313,90
anon_0050313,100
anon_0050345,100
anon_0050318,80
anon_0050318,0
anon_0050345,100
anon_0050345,100
anon_0050313,90
anon_0050345,100
anon_0050272,100
anon_0050318,85
anon_0050318,80
anon_0050271,100
anon_0050345,100
anon_0050369,100
anon_0050318,85
anon_0050345,100
anon_0050318,50
anon_0050272,95
anon_0050272,50
anon_0050313,95
anon_0050345,85
anon_0050318,50
anon_0050272,90
anon_0050348,85
anon_0050272,85
anon_0050369,100
anon_0050345,90
anon_0050272,90
anon_0050369,100
anon_0050272,85
anon_0050318,90
anon_0050318,70
anon_0050369,85
anon_0050271,90
anon_0050318,85
anon_0050272,85
anon_0050272,90
anon_0050318,100
anon_0050345,95
anon_0050318,85
anon_0050345,90
anon_0050345,85
anon_0050272,100
anon_0050369,90
anon_0050345,85
anon_0050369,100
anon_0050318,85
anon_0050369,90
anon_0050272,100
anon_0050318,85
anon_0050318,85
anon_0050272,85
anon_0050271,85
anon_0050271,80
anon_0050272,85
anon_0050318,90
anon_0050272,0
anon_0050272,85
anon_0050369,0
anon_0050272,80
anon_0050272,85
anon_0050271,90
anon_0050272,85
anon_0050345,85
anon_0050271,100
anon_0050271,85
anon_0050272,85
anon_0050271,95
anon_0050369,100
anon_0050272,85
anon_0050272,85
anon_0050271,85
anon_0050271,85
anon_0050271,85
anon_0050271,75
anon_0050313,90
anon_0050318,50
anon_0050345,100
anon_0050386,100
anon_0050403,0
anon_0050396,100
anon_0050430,100
anon_0050399,50
anon_0050411,100
anon_0050386,100
anon_0050396,90
anon_0050345,85
anon_0050345,90
anon_0050420,100
anon_0050430,0
anon_0050386,100
anon_0050411,0
anon_0050345,100
anon_0050411,100
anon_0050399,90
anon_0050386,100
anon_0050399,90
anon_0050399,90
anon_0050399,100
anon_0050418,0
anon_0050411,0
anon_0050345,100
anon_0050430,95
anon_0050345,100
anon_0050403,90
anon_0050386,50
anon_0050430,0
anon_0050399,95
anon_0050430,100
anon_0050399,85
anon_0050411,100
anon_0050396,100
anon_0050403,100
anon_0050369,0
anon_0050403,100
anon_0050318,70
anon_0050399,100
anon_0050386,100
anon_0050386,100
anon_0050386,NA
anon_0050399,100
anon_0050396,0
anon_0050403,50
anon_0050318,100
anon_0050386,90
anon_0050411,85
anon_0050403,90
anon_0050318,75
anon_0050403,85
anon_0050318,100
anon_0050345,95
anon_0050399,100
anon_0050386,80
anon_0050420,85
anon_0050345,85
anon_0050386,90
anon_0050369,0
anon_0050396,90
anon_0050345,100
anon_0050399,85
anon_0050318,90
anon_0050420,95
anon_0050420,0
anon_0050399,85
anon_0050399,85
anon_0050369,100
anon_0050386,100
anon_0050418,75
anon_0050345,100
anon_0050411,90
anon_0050386,85
anon_0050345,100
anon_0050399,85
anon_0050396,85
anon_0050345,100
anon_0050411,85
anon_0050386,85
anon_0050403,85
anon_0050386,NA
anon_0050396,90
anon_0050411,100
anon_0050369,90
anon_0050369,85
anon_0050386,85
anon_0050369,0
anon_0050411,0
anon_0050396,90
anon_0050318,85
anon_0050318,90
anon_0050411,100
anon_0050386,50
anon_0050399,100
anon_0050411,100
anon_0050411,100
anon_0050375,85
anon_0050411,70
anon_0050345,100
anon_0050403,90
anon_0050396,50
anon_0050403,100
anon_0050375,85
anon_0050375,90
anon_0050318,85
anon_0050345,100
anon_0050369,100
anon_0050399,100
anon_0050403,90
anon_0050375,100
anon_0050420,95
anon_0050411,95
anon_0050375,90
anon_0050386,90
anon_0050396,100
anon_0050369,95
anon_0050399,90
anon_0050345,0
anon_0050399,85
anon_0050345,100
anon_0050396,50
anon_0050403,85
anon_0050345,85
anon_0050386,50
anon_0050345,100
anon_0050386,50
anon_0050345,85
anon_0050345,100
anon_0050403,95
anon_0050345,100
anon_0050386,100
anon_0050345,85
anon_0050386,90
anon_0050375,100
anon_0050399,90
anon_0050345,20
anon_0050399,90
anon_0050403,85
anon_0050375,95
anon_0050345,85
anon_0050403,95
anon_0050375,85
anon_0050403,50
anon_0050345,100
anon_0050386,100
anon_0050369,90
anon_0050403,85
anon_0050399,75
anon_0050375,100
anon_0050396,70
anon_0050396,85
anon_0050399,85
anon_0050403,85
anon_0050386,0
anon_0050386,90
anon_0050396,0
anon_0050375,100
anon_0050375,85
anon_0050399,85
anon_0050399,85
anon_0050375,90
anon_0050375,100
anon_0050345,85
anon_0050399,100
anon_0050375,85
anon_0050375,100
anon_0050369,85
anon_0050386,50
anon_0050375,90
anon_0050386,0
anon_0050375,85
anon_0050375,100
anon_0050386,90
anon_0050375,100
anon_0050375,50
anon_0050375,90
anon_0050375,85
anon_0050399,90
anon_0050369,95
anon_0050345,90
anon_0050399,85
anon_0050345,90
anon_0050375,90
anon_0050399,85
anon_0050375,90
anon_0050375,90
anon_0050375,100
anon_0050386,85
anon_0050403,70
anon_0050375,85
anon_0050375,85
anon_0050375,70
anon_0050375,70
anon_0050396,85
anon_0050399,30
anon_0050423,100
anon_0050463,90
anon_0050423,95
anon_0050411,90
anon_0050420,NA
anon_0050423,90
anon_0050411,0
anon_0050411,100
anon_0050396,100
anon_0050418,0
anon_0050403,85
anon_0050465,50
anon_0050443,85
anon_0050375,80
anon_0050404,0
anon_0050448,95
anon_0050375,100
anon_0050404,0
anon_0050420,100
anon_0050396,100
anon_0050420,95
anon_0050420,100
anon_0050443,100
anon_0050423,0
anon_0050411,0
anon_0050404,0
anon_0050443,50
anon_0050446,100
anon_0050446,90
anon_0050443,100
anon_0050443,100
anon_0050423,100
anon_0050443,90
anon_0050423,95
anon_0050411,50
anon_0050375,95
anon_0050404,100
anon_0050375,90
anon_0050403,85
anon_0050418,90
anon_0050423,100
anon_0050443,50
anon_0050420,70
anon_0050404,100
anon_0050443,100
anon_0050423,100
anon_0050396,90
anon_0050396,85
anon_0050404,100
anon_0050423,50
anon_0050403,100
anon_0050420,100
anon_0050423,0
anon_0050403,100
anon_0050404,90
anon_0050463,85
anon_0050420,100
anon_0050420,100
anon_0050463,95
anon_0050404,85
anon_0050403,95
anon_0050403,95
anon_0050396,90
anon_0050420,70
anon_0050420,100
anon_0050411,40
anon_0050396,100
anon_0050411,90
anon_0050420,20
anon_0050420,90
anon_0050463,90
anon_0050420,85
anon_0050423,85
anon_0050420,75
anon_0050423,85
anon_0050465,90
anon_0050375,100
anon_0050403,85
anon_0050403,85
anon_0050423,85
anon_0050423,95
anon_0050423,85
anon_0050396,75
anon_0050448,90
anon_0050404,0
anon_0050375,85
anon_0050420,85
anon_0050420,30
anon_0050411,85
anon_0050420,95
anon_0050423,0
anon_0050420,85
anon_0050420,85
anon_0050411,85
anon_0050443,100
anon_0050399,100
anon_0050443,85
anon_0050403,50
anon_0050399,100
anon_0050399,100
anon_0050443,90
anon_0050448,0
anon_0050470,90
anon_0050443,90
anon_0050404,85
anon_0050404,90
anon_0050396,90
anon_0050423,100
anon_0050375,90
anon_0050448,100
anon_0050404,70
anon_0050423,85
anon_0050443,90
anon_0050430,100
anon_0050386,85
anon_0050470,30
anon_0050420,85
anon_0050399,90
anon_0050386,85
anon_0050430,85
anon_0050423,95
anon_0050375,50
anon_0050396,85
anon_0050443,0
anon_0050403,75
anon_0050470,100
anon_0050396,100
anon_0050418,85
anon_0050418,100
anon_0050404,90
anon_0050399,100
anon_0050411,100
anon_0050443,90
anon_0050448,85
anon_0050448,90
anon_0050375,30
anon_0050411,100
anon_0050430,0
anon_0050396,0
anon_0050375,85
anon_0050430,100
anon_0050375,90
anon_0050375,90
anon_0050396,100
anon_0050403,50
anon_0050396,90
anon_0050411,100
anon_0050403,85
anon_0050423,95
anon_0050404,85
anon_0050411,100
anon_0050470,95
anon_0050411,100
anon_0050418,50
anon_0050375,85
anon_0050375,85
anon_0050375,50
anon_0050386,95
anon_0050396,90
anon_0050386,85
anon_0050470,90
anon_0050375,90
anon_0050396,90
anon_0050443,85
anon_0050396,50
anon_0050411,90
anon_0050403,85
anon_0050375,0
anon_0050396,100
anon_0050396,85
anon_0050430,0
anon_0050418,90
anon_0050375,100
anon_0050418,85
anon_0050375,40
anon_0050418,80
anon_0050396,85
anon_0050375,50
anon_0050396,85
anon_0050375,70
anon_0050375,60
anon_0050375,90
anon_0050418,30
anon_0050375,85
anon_0050375,85
anon_0050375,50
anon_0050411,50
anon_0050375,40
anon_0050386,100
anon_0050420,100
anon_0050375,85
anon_0050411,85
anon_0050420,85
anon_0050420,90
anon_0050396,30
anon_0050420,85
anon_0050448,0
anon_0050468,100
anon_0050463,0
anon_0050463,80
anon_0050423,95
anon_0050463,0
anon_0050420,85
anon_0050470,50
anon_0050468,100
anon_0050423,0
anon_0050468,100
anon_0050448,90
anon_0050502,100
anon_0050497,100
anon_0050497,100
anon_0050463,100
anon_0050463,50
anon_0050448,85
anon_0050468,100
anon_0050465,95
anon_0050468,100
anon_0050430,100
anon_0050468,90
anon_0050448,100
anon_0050423,85
anon_0050468,90
anon_0050470,100
anon_0050497,0
anon_0050468,100
anon_0050502,85
anon_0050448,85
anon_0050463,85
anon_0050468,85
anon_0050448,50
anon_0050430,0
anon_0050502,90
anon_0050468,90
anon_0050470,85
anon_0050470,85
anon_0050420,100
anon_0050465,90
anon_0050470,85
anon_0050470,95
anon_0050423,50
anon_0050470,90
anon_0050470,90
anon_0050470,90
anon_0050470,85
anon_0050410,0
anon_0050470,90
anon_0050468,90
anon_0050420,90
anon_0050465,85
anon_0050463,85
anon_0050423,85
anon_0050465,100
anon_0050470,NA
anon_0050497,90
anon_0050448,85
anon_0050448,85
anon_0050448,100
anon_0050463,85
anon_0050430,80
anon_0050420,90
anon_0050423,85
anon_0050448,85
anon_0050410,0
anon_0050468,90
anon_0050448,50
anon_0050468,100
anon_0050448,0
anon_0050423,85
anon_0050468,85
anon_0050420,85
anon_0050502,100
anon_0050470,85
anon_0050493,90
anon_0050470,90
anon_0050468,0
anon_0050465,100
anon_0050430,85
anon_0050465,90
anon_0050493,100
anon_0050465,95
anon_0050420,85
anon_0050430,100
anon_0050465,75
anon_0050420,85
anon_0050423,85
anon_0050448,85
anon_0050468,80
anon_0050410,85
anon_0050465,85
anon_0050448,85
anon_0050448,90
anon_0050465,20
anon_0050465,90
anon_0050430,90
anon_0050430,0
anon_0050465,100
anon_0050465,85
anon_0050410,0
anon_0050423,75
anon_0050497,100
anon_0050446,100
anon_0050430,100
anon_0050446,100
anon_0050430,100
anon_0050430,95
anon_0050430,50
anon_0050430,90
anon_0050463,85
anon_0050430,100
anon_0050430,0
anon_0050423,0
anon_0050463,90
anon_0050497,95
anon_0050463,100
anon_0050463,50
anon_0050410,0
anon_0050423,100
anon_0050497,50
anon_0050375,90
anon_0050430,85
anon_0050410,95
anon_0050468,100
anon_0050446,100
anon_0050375,90
anon_0050463,100
anon_0050430,100
anon_0050463,0
anon_0050493,100
anon_0050430,0
anon_0050423,100
anon_0050418,90
anon_0050430,85
anon_0050410,100
anon_0050375,50
anon_0050375,85
anon_0050430,50
anon_0050375,95
anon_0050463,100
anon_0050497,100
anon_0050463,90
anon_0050375,95
anon_0050493,100
anon_0050375,85
anon_0050463,0
anon_0050497,100
anon_0050418,85
anon_0050418,85
anon_0050375,85
anon_0050493,90
anon_0050410,85
anon_0050430,85
anon_0050418,100
anon_0050493,100
anon_0050423,75
anon_0050463,90
anon_0050463,100
anon_0050430,85
anon_0050493,90
anon_0050430,50
anon_0050463,100
anon_0050375,90
anon_0050463,85
anon_0050463,50
anon_0050410,85
anon_0050463,100
anon_0050463,100
anon_0050410,80
anon_0050375,85
anon_0050375,95
anon_0050410,90
anon_0050463,85
anon_0050463,30
anon_0050463,50
anon_0050463,85
anon_0050375,70
anon_0050470,75
anon_0050448,0
anon_0050468,85
anon_0050502,95
anon_0050520,85
anon_0050514,90
anon_0050521,85
anon_0050516,0
anon_0050493,60
anon_0050520,0
anon_0050448,0
anon_0050520,100
anon_0050490,90
anon_0050514,100
anon_0050493,90
anon_0050523,0
anon_0050521,0
anon_0050514,90
anon_0050490,90
anon_0050523,100
anon_0050448,100
anon_0050448,0
anon_0050497,100
anon_0050520,0
anon_0050514,0
anon_0050497,85
anon_0050490,0
anon_0050523,100
anon_0050497,50
anon_0050497,90
anon_0050468,85
anon_0050521,90
anon_0050497,50
anon_0050517,100
anon_0050514,100
anon_0050502,0
anon_0050430,50
anon_0050448,50
anon_0050516,85
anon_0050468,85
anon_0050448,100
anon_0050537,85
anon_0050520,75
anon_0050430,70
anon_0050523,85
anon_0050465,95
anon_0050520,95
anon_0050516,85
anon_0050430,95
anon_0050490,50
anon_0050502,0
anon_0050490,90
anon_0050468,85
anon_0050468,95
anon_0050533,0
anon_0050497,90
anon_0050514,95
anon_0050468,85
anon_0050521,85
anon_0050468,100
anon_0050468,95
anon_0050517,100
anon_0050430,95
anon_0050465,90
anon_0050502,70
anon_0050490,85
anon_0050465,85
anon_0050490,95
anon_0050493,85
anon_0050468,85
anon_0050520,100
anon_0050523,100
anon_0050468,85
anon_0050516,85
anon_0050465,80
anon_0050448,85
anon_0050520,90
anon_0050493,85
anon_0050514,100
anon_0050502,100
anon_0050517,95
anon_0050517,50
anon_0050430,100
anon_0050516,90
anon_0050493,100
anon_0050430,100
anon_0050516,0
anon_0050502,85
anon_0050468,100
anon_0050516,50
anon_0050517,100
anon_0050430,85
anon_0050468,90
anon_0050465,100
anon_0050493,100
anon_0050516,85
anon_0050516,0
anon_0050523,90
anon_0050490,90
anon_0050533,85
anon_0050533,85
anon_0050493,90
anon_0050516,85
anon_0050537,0
anon_0050468,85
anon_0050514,50
anon_0050514,95
anon_0050465,20
anon_0050493,90
anon_0050465,85
anon_0050430,0
anon_0050514,90
anon_0050502,95
anon_0050410,90
anon_0050517,0
anon_0050465,90
anon_0050465,85
anon_0050465,95
anon_0050502,90
anon_0050468,95
anon_0050430,100
anon_0050465,85
anon_0050514,95
anon_0050514,90
anon_0050517,85
anon_0050430,0
anon_0050465,100
anon_0050514,95
anon_0050521,90
anon_0050517,100
anon_0050465,50
anon_0050430,100
anon_0050468,75
anon_0050468,80
anon_0050521,50
anon_0050521,90
anon_0050410,90
anon_0050493,95
anon_0050493,0
anon_0050517,100
anon_0050502,85
anon_0050468,90
anon_0050502,85
anon_0050502,50
anon_0050514,100
anon_0050465,60
anon_0050465,90
anon_0050468,95
anon_0050465,50
anon_0050430,70
anon_0050465,85
anon_0050468,100
anon_0050430,90
anon_0050468,40
anon_0050502,95
anon_0050465,85
anon_0050502,30
anon_0050465,90
anon_0050521,85
anon_0050514,85
anon_0050410,85
anon_0050410,85
anon_0050514,100
anon_0050521,85
anon_0050430,100
anon_0050502,85
anon_0050502,60
anon_0050430,85
anon_0050465,85
anon_0050430,100
anon_0050430,85
anon_0050502,85
anon_0050465,90
anon_0050533,90
anon_0050520,100
anon_0050548,100
anon_0050521,85
anon_0050490,0
anon_0050410,100
anon_0050550,0
anon_0050537,100
anon_0050446,100
anon_0050522,100
anon_0050539,85
anon_0050514,100
anon_0050533,100
anon_0050517,85
anon_0050522,95
anon_0050514,100
anon_0050537,100
anon_0050521,100
anon_0050520,100
anon_0050514,0
anon_0050410,100
anon_0050537,100
anon_0050522,100
anon_0050550,100
anon_0050537,85
anon_0050533,90
anon_0050521,0
anon_0050522,90
anon_0050531,100
anon_0050533,90
anon_0050522,100
anon_0050533,100
anon_0050550,95
anon_0050533,95
anon_0050537,100
anon_0050537,90
anon_0050522,100
anon_0050550,100
anon_0050468,90
anon_0050537,100
anon_0050521,70
anon_0050517,85
anon_0050550,90
anon_0050548,85
anon_0050533,100
anon_0050537,100
anon_0050490,0
anon_0050539,85
anon_0050522,50
anon_0050410,85
anon_0050537,100
anon_0050537,90
anon_0050550,95
anon_0050537,100
anon_0050537,90
anon_0050533,0
anon_0050490,100
anon_0050522,0
anon_0050548,100
anon_0050516,85
anon_0050516,85
anon_0050517,100
anon_0050468,85
anon_0050468,40
anon_0050410,95
anon_0050522,90
anon_0050516,100
anon_0050533,85
anon_0050521,85
anon_0050550,100
anon_0050517,90
anon_0050533,50
anon_0050533,85
anon_0050563,0
anon_0050537,95
anon_0050468,50
anon_0050537,90
anon_0050490,85
anon_0050550,0
anon_0050548,85
anon_0050533,50
anon_0050468,90
anon_0050517,90
anon_0050531,95
anon_0050537,90
anon_0050468,85
anon_0050521,50
anon_0050537,95
anon_0050533,85
anon_0050522,0
anon_0050550,100
anon_0050516,90
anon_0050514,100
anon_0050539,100
anon_0050522,100
anon_0050522,100
anon_0050516,85
anon_0050522,100
anon_0050550,0
anon_0050537,85
anon_0050533,100
anon_0050539,100
anon_0050533,85
anon_0050539,0
anon_0050520,100
anon_0050563,100
anon_0050522,87
anon_0050533,85
anon_0050539,85
anon_0050522,90
anon_0050522,85
anon_0050521,100
anon_0050522,100
anon_0050523,50
anon_0050523,95
anon_0050522,100
anon_0050502,100
anon_0050522,85
anon_0050531,100
anon_0050539,100
anon_0050521,0
anon_0050522,0
anon_0050520,90
anon_0050539,100
anon_0050563,95
anon_0050539,0
anon_0050522,85
anon_0050520,NA
anon_0050522,100
anon_0050502,100
anon_0050533,100
anon_0050521,100
anon_0050537,85
anon_0050563,90
anon_0050523,90
anon_0050533,100
anon_0050550,0
anon_0050523,100
anon_0050521,90
anon_0050502,85
anon_0050520,100
anon_0050522,100
anon_0050537,95
anon_0050550,85
anon_0050550,85
anon_0050502,100
anon_0050502,60
anon_0050533,95
anon_0050523,95
anon_0050539,100
anon_0050533,85
anon_0050502,100
anon_0050522,85
anon_0050520,100
anon_0050539,85
anon_0050522,85
anon_0050521,50
anon_0050523,100
anon_0050523,80
anon_0050531,90
anon_0050537,85
anon_0050520,100
anon_0050531,100
anon_0050537,95
anon_0050523,90
anon_0050523,90
anon_0050523,85
anon_0050531,100
anon_0050563,85
anon_0050533,85
anon_0050531,30
anon_0050521,90
anon_0050537,85
anon_0050502,95
anon_0050533,95
anon_0050502,100
anon_0050533,70
anon_0050521,90
anon_0050502,100
anon_0050533,85
anon_0050502,50
anon_0050502,85
anon_0050502,85
anon_0050502,85
anon_0050523,100
anon_0050502,75
anon_0050537,85
anon_0050550,90
anon_0050533,85
anon_0050533,0
anon_0050523,85
anon_0050537,50
anon_0050537,100
anon_0050578,95
anon_0050573,95
anon_0050539,100
anon_0050537,85
anon_0050523,100
anon_0050578,0
anon_0050578,90
anon_0050523,50
anon_0050553,100
anon_0050578,100
anon_0050599,90
anon_0050521,100
anon_0050531,100
anon_0050531,100
anon_0050563,85
anon_0050548,75
anon_0050543,95
anon_0050573,90
anon_0050523,100
anon_0050578,90
anon_0050490,100
anon_0050578,0
anon_0050573,85
anon_0050573,85
anon_0050543,0
anon_0050523,0
anon_0050563,100
anon_0050523,70
anon_0050537,90
anon_0050523,50
anon_0050578,100
anon_0050531,85
anon_0050573,90
anon_0050539,100
anon_0050578,90
anon_0050523,100
anon_0050578,95
anon_0050523,50
anon_0050521,90
anon_0050490,80
anon_0050543,100
anon_0050490,100
anon_0050490,100
anon_0050516,85
anon_0050516,75
anon_0050573,95
anon_0050550,95
anon_0050537,75
anon_0050548,85
anon_0050578,90
anon_0050563,85
anon_0050599,50
anon_0050563,85
anon_0050523,60
anon_0050550,100
anon_0050543,85
anon_0050563,50
anon_0050516,100
anon_0050539,85
anon_0050523,90
anon_0050550,100
anon_0050523,85
anon_0050537,90
anon_0050543,85
anon_0050578,0
anon_0050537,85
anon_0050516,85
anon_0050537,85
anon_0050550,50
anon_0050550,95
anon_0050578,90
anon_0050516,100
anon_0050543,85
anon_0050573,85
anon_0050537,85
anon_0050490,90
anon_0050516,95
anon_0050578,0
anon_0050523,100
anon_0050573,85
anon_0050537,85
anon_0050516,85
anon_0050523,90
anon_0050523,90
anon_0050490,85
anon_0050516,85
anon_0050573,70
anon_0050573,90
anon_0050573,85
anon_0050537,90
anon_0050573,90
anon_0050573,85
anon_0050523,85
anon_0050573,100
anon_0050543,100
anon_0050516,0
anon_0050446,100
anon_0050573,85
anon_0050578,100
anon_0050490,20
anon_0050516,50
anon_0050446,95
anon_0050573,90
anon_0050446,90
anon_0050578,30
anon_0050531,0
anon_0050573,90
anon_0050573,85
anon_0050523,80
anon_0050553,85
anon_0050573,100
anon_0050523,85
anon_0050543,50
anon_0050573,95
anon_0050563,85
anon_0050516,85
anon_0050553,90
anon_0050548,100
anon_0050446,95
anon_0050553,90
anon_0050563,100
anon_0050563,100
anon_0050563,95
anon_0050531,100
anon_0050516,50
anon_0050553,100
anon_0050531,100
anon_0050523,85
anon_0050531,90
anon_0050553,100
anon_0050531,85
anon_0050531,50
anon_0050548,85
anon_0050516,85
anon_0050531,85
anon_0050516,85
anon_0050531,85
anon_0050563,100
anon_0050563,95
anon_0050563,100
anon_0050531,85
anon_0050516,50
anon_0050523,85
anon_0050548,85
anon_0050446,85
anon_0050516,85
anon_0050563,90
anon_0050531,100
anon_0050523,0
anon_0050543,100
anon_0050516,85
anon_0050563,100
anon_0050516,100
anon_0050490,100
anon_0050490,0
anon_0050563,85
anon_0050516,100
anon_0050523,90
anon_0050490,90
anon_0050548,85
anon_0050516,85
anon_0050516,50
anon_0050543,90
anon_0050516,85
anon_0050573,60
anon_0050543,100
anon_0050516,85
anon_0050523,50
anon_0050516,90
anon_0050523,0
anon_0050516,60
anon_0050490,95
anon_0050516,100
anon_0050446,85
anon_0050523,50
anon_0050516,50
anon_0050563,95
anon_0050516,85
anon_0050563,95
anon_0050578,100
anon_0050523,85
anon_0050548,50
anon_0050615,100
anon_0050628,100
anon_0050628,100
anon_0050628,50
anon_0050615,100
anon_0050599,100
anon_0050648,85
anon_0050631,100
anon_0050578,95
anon_0050631,100
anon_0050548,90
anon_0050631,100
anon_0050599,100
anon_0050543,100
anon_0050543,50
anon_0050628,90
anon_0050615,100
anon_0050631,100
anon_0050615,100
anon_0050543,100
anon_0050628,100
anon_0050641,0
anon_0050628,100
anon_0050628,50
anon_0050620,85
anon_0050548,0
anon_0050648,90
anon_0050631,100
anon_0050578,85
anon_0050641,100
anon_0050543,100
anon_0050543,90
anon_0050620,95
anon_0050548,85
anon_0050648,90
anon_0050615,59
anon_0050641,100
anon_0050631,100
anon_0050543,100
anon_0050620,95
anon_0050548,100
anon_0050631,95
anon_0050548,85
anon_0050620,100
anon_0050644,0
anon_0050611,0
anon_0050615,95
anon_0050648,90
anon_0050548,85
anon_0050631,95
anon_0050611,85
anon_0050620,50
anon_0050648,85
anon_0050620,85
anon_0050628,0
anon_0050620,100
anon_0050578,95
anon_0050631,85
anon_0050641,95
anon_0050548,90
anon_0050649,85
anon_0050648,85
anon_0050620,85
anon_0050543,20
anon_0050648,95
anon_0050615,85
anon_0050548,60
anon_0050648,85
anon_0050615,100
anon_0050649,60
anon_0050611,90
anon_0050648,90
anon_0050628,0
anon_0050548,85
anon_0050548,75
anon_0050548,85
anon_0050628,90
anon_0050644,100
anon_0050615,0
anon_0050548,50
anon_0050648,85
anon_0050628,100
anon_0050648,80
anon_0050641,0
anon_0050548,95
anon_0050615,100
anon_0050578,90
anon_0050578,85
anon_0050648,85
anon_0050615,0
anon_0050620,85
anon_0050548,85
anon_0050641,0
anon_0050548,100
anon_0050611,0
anon_0050620,85
anon_0050548,85
anon_0050614,90
anon_0050578,90
anon_0050649,100
anon_0050620,85
anon_0050615,100
anon_0050644,85
anon_0050615,85
anon_0050548,85
anon_0050620,70
anon_0050644,95
anon_0050641,90
anon_0050620,85
anon_0050548,100
anon_0050543,100
anon_0050548,90
anon_0050614,100
anon_0050644,90
anon_0050614,85
anon_0050614,100
anon_0050615,85
anon_0050614,95
anon_0050644,100
anon_0050615,85
anon_0050641,100
anon_0050628,100
anon_0050548,0
anon_0050614,100
anon_0050614,100
anon_0050614,0
anon_0050614,90
anon_0050614,85
anon_0050614,100
anon_0050614,95
anon_0050543,75
anon_0050641,85
anon_0050548,0
anon_0050599,85
anon_0050611,85
anon_0050644,90
anon_0050628,85
anon_0050644,85
anon_0050628,0
anon_0050614,90
anon_0050548,0
anon_0050628,85
anon_0050543,90
anon_0050641,100
anon_0050614,0
anon_0050614,100
anon_0050644,85
anon_0050615,100
anon_0050641,90
anon_0050615,50
anon_0050614,90
anon_0050614,50
anon_0050615,85
anon_0050614,85
anon_0050631,100
anon_0050644,90
anon_0050648,90
anon_0050620,100
anon_0050631,100
anon_0050614,0
anon_0050611,85
anon_0050657,0
anon_0050648,85
anon_0050611,0
anon_0050648,100
anon_0050631,100
anon_0050657,100
anon_0050657,100
anon_0050657,100
anon_0050648,75
anon_0050631,0
anon_0050631,85
anon_0050648,90
anon_0050657,100
anon_0050657,100
anon_0050644,95
anon_0050620,100
anon_0050649,50
anon_0050657,85
anon_0050657,100
anon_0050649,85
anon_0050648,85
anon_0050628,100
anon_0050628,100
anon_0050644,50
anon_0050620,100
anon_0050648,90
anon_0050644,100
anon_0050649,0
anon_0050620,90
anon_0050648,85
anon_0050657,90
anon_0050620,90
anon_0050620,0
anon_0050644,95
anon_0050657,100
anon_0050649,100
anon_0050649,85
anon_0050644,100
anon_0050644,100
anon_0050611,50
anon_0050657,95
anon_0050628,90
anon_0050649,100
anon_0050631,95
anon_0050611,85
anon_0050599,50
anon_0050631,85
anon_0050620,0
anon_0050649,95
anon_0050649,95
anon_0050620,100
anon_0050631,0
anon_0050611,85
anon_0050648,75
anon_0050628,90
anon_0050611,0
anon_0050631,95
anon_0050649,100
anon_0050644,85
anon_0050620,85
anon_0050615,75
anon_0050644,85
anon_0050648,50
anon_0050628,90
anon_0050649,50
anon_0050649,100
anon_0050644,70
anon_0050599,75
anon_0050628,50
anon_0050649,100
anon_0050614,0
anon_0050631,85
anon_0050611,100
anon_0050649,85
anon_0050614,90
anon_0050644,85
anon_0050628,30
anon_0050631,95
anon_0050615,85
anon_0050649,0
anon_0050657,95
anon_0050620,100
anon_0050648,90
anon_0050649,0
anon_0050620,85
anon_0050628,70
anon_0050614,100
anon_0050649,100
anon_0050631,90
anon_0050649,85
anon_0050628,100
anon_0050649,85
anon_0050649,85
anon_0050644,80
anon_0050649,85
anon_0050649,85
anon_0050649,100
anon_0050644,85
anon_0050649,100
anon_0050649,100
anon_0050649,95
anon_0050644,90
anon_0050644,60
anon_0050628,100
anon_0050649,90
anon_0050649,85
anon_0050614,90
anon_0050649,90
anon_0050644,90
anon_0050644,100
anon_0050649,100
anon_0050649,100
anon_0050644,90
anon_0050644,50
anon_0050631,100
anon_0050644,95
anon_0050649,50
anon_0050649,100
anon_0050649,85
anon_0050644,85
anon_0050644,75
anon_0050649,85
anon_0050649,100
anon_0050644,100
anon_0050631,100
anon_0050631,100
anon_0050649,100
anon_0050628,60
anon_0050649,100
anon_0050631,85
anon_0050631,100
anon_0050614,50
anon_0050649,100
anon_0050644,85
anon_0050649,100
anon_0050649,100
anon_0050628,85
anon_0050631,100
anon_0050631,100
anon_0050648,100
anon_0050648,85
anon_0050649,90
anon_0050649,100
anon_0050648,100
anon_0050631,100
anon_0050614,50
anon_0050648,85
anon_0050648,100
anon_0050614,70
anon_0050644,95
anon_0050614,85
anon_0050614,60
anon_0050644,NA
anon_0050644,90
anon_0050649,100
anon_0050648,90
anon_0050685,100
anon_0050800,95
anon_0050795,100
anon_0050686,100
anon_0050784,0
anon_0050685,100
anon_0050773,100
anon_0050800,95
anon_0050773,90
anon_0050657,85
anon_0050784,100
anon_0050677,20
anon_0050685,90
anon_0050685,100
anon_0050685,100
anon_0050686,100
anon_0050685,85
anon_0050795,85
anon_0050773,0
anon_0050685,50
anon_0050686,0
anon_0050800,90
anon_0050685,100
anon_0050805,100
anon_0050685,85
anon_0050685,85
anon_0050773,95
anon_0050773,0
anon_0050773,90
anon_0050773,95
anon_0050649,85
anon_0050677,50
anon_0050762,100
anon_0050685,100
anon_0050746,100
anon_0050686,90
anon_0050686,50
anon_0050685,90
anon_0050685,100
anon_0050685,100
anon_0050746,100
anon_0050805,50
anon_0050805,100
anon_0050644,50
anon_0050685,100
anon_0050773,100
anon_0050773,95
anon_0050644,85
anon_0050644,100
anon_0050746,100
anon_0050685,100
anon_0050644,100
anon_0050657,100
anon_0050686,85
anon_0050685,80
anon_0050686,100
anon_0050805,85
anon_0050685,50
anon_0050685,100
anon_0050685,85
anon_0050685,90
anon_0050746,90
anon_0050805,90
anon_0050805,100
anon_0050657,100
anon_0050686,100
anon_0050657,85
anon_0050766,30
anon_0050657,30
anon_0050746,100
anon_0050657,100
anon_0050746,85
anon_0050773,0
anon_0050686,50
anon_0050686,50
anon_0050762,90
anon_0050685,85
anon_0050649,85
anon_0050649,75
anon_0050686,95
anon_0050686,85
anon_0050686,85
anon_0050766,85
anon_0050686,100
anon_0050746,100
anon_0050746,80
anon_0050686,95
anon_0050677,75
anon_0050686,85
anon_0050686,90
anon_0050685,100
anon_0050762,100
anon_0050746,100
anon_0050657,85
anon_0050685,60
anon_0050649,90
anon_0050644,95
anon_0050773,0
anon_0050762,95
anon_0050686,90
anon_0050746,100
anon_0050773,0
anon_0050644,90
anon_0050686,0
anon_0050685,90
anon_0050657,100
anon_0050773,90
anon_0050677,50
anon_0050644,90
anon_0050766,100
anon_0050766,90
anon_0050644,100
anon_0050649,90
anon_0050644,90
anon_0050773,100
anon_0050649,90
anon_0050657,85
anon_0050657,95
anon_0050649,90
anon_0050773,100
anon_0050686,85
anon_0050773,0
anon_0050644,95
anon_0050649,95
anon_0050657,100
anon_0050657,90
anon_0050657,50
anon_0050686,50
anon_0050657,100
anon_0050746,90
anon_0050766,95
anon_0050773,NA
anon_0050746,100
anon_0050657,0
anon_0050649,90
anon_0050657,100
anon_0050686,70
anon_0050657,100
anon_0050762,90
anon_0050762,100
anon_0050766,100
anon_0050773,90
anon_0050657,90
anon_0050746,90
anon_0050773,85
anon_0050657,90
anon_0050657,100
anon_0050773,90
anon_0050766,90
anon_0050657,90
anon_0050657,90
anon_0050746,100
anon_0050762,0
anon_0050773,50
anon_0050657,100
anon_0050657,90
anon_0050657,90
anon_0050657,95
anon_0050773,90
anon_0050657,85
anon_0050657,90
anon_0050657,95
anon_0050657,50
anon_0050657,85
anon_0050657,100
anon_0050657,85
anon_0050657,90
anon_0050657,85
anon_0050762,95
anon_0050657,100
anon_0050657,85
anon_0050657,50
anon_0050657,85
anon_0050762,100
anon_0050773,50
anon_0050784,90
anon_0050805,95
anon_0050826,90
anon_0050795,95
anon_0050838,90
anon_0050784,0
anon_0050826,100
anon_0050810,100
anon_0050784,100
anon_0050814,100
anon_0050842,90
anon_0050784,0
anon_0050809,100
anon_0050829,90
anon_0050766,85
anon_0050810,0
anon_0050842,100
anon_0050810,90
anon_0050826,75
anon_0050826,100
anon_0050826,85
anon_0050842,100
anon_0050805,100
anon_0050766,50
anon_0050837,90
anon_0050837,100
anon_0050809,85
anon_0050809,100
anon_0050829,100
anon_0050810,100
anon_0050805,90
anon_0050809,85
anon_0050810,75
anon_0050814,100
anon_0050837,100
anon_0050810,90
anon_0050829,100
anon_0050809,0
anon_0050766,90
anon_0050842,95
anon_0050826,0
anon_0050815,100
anon_0050808,85
anon_0050810,100
anon_0050829,100
anon_0050837,100
anon_0050815,100
anon_0050808,95
anon_0050814,100
anon_0050805,0
anon_0050838,50
anon_0050826,90
anon_0050829,85
anon_0050805,100
anon_0050826,85
anon_0050795,85
anon_0050810,0
anon_0050826,90
anon_0050826,95
anon_0050837,90
anon_0050814,95
anon_0050838,0
anon_0050809,85
anon_0050837,100
anon_0050815,0
anon_0050814,0
anon_0050805,85
anon_0050809,85
anon_0050795,100
anon_0050784,95
anon_0050829,85
anon_0050815,90
anon_0050829,95
anon_0050810,100
anon_0050814,85
anon_0050805,100
anon_0050810,95
anon_0050815,100
anon_0050826,85
anon_0050833,100
anon_0050809,70
anon_0050838,50
anon_0050838,50
anon_0050826,90
anon_0050805,0
anon_0050810,100
anon_0050829,85
anon_0050805,0
anon_0050838,0
anon_0050810,85
anon_0050808,100
anon_0050810,95
anon_0050814,85
anon_0050814,90
anon_0050815,100
anon_0050795,90
anon_0050814,85
anon_0050805,50
anon_0050814,100
anon_0050795,100
anon_0050815,100
anon_0050808,85
anon_0050795,100
anon_0050815,100
anon_0050815,0
anon_0050805,95
anon_0050810,85
anon_0050805,0
anon_0050815,100
anon_0050805,90
anon_0050815,100
anon_0050762,100
anon_0050815,100
anon_0050762,100
anon_0050805,90
anon_0050762,85
anon_0050815,100
anon_0050805,90
anon_0050814,0
anon_0050805,100
anon_0050815,100
anon_0050805,85
anon_0050815,100
anon_0050808,90
anon_0050810,90
anon_0050773,100
anon_0050815,100
anon_0050814,100
anon_0050795,90
anon_0050815,100
anon_0050815,100
anon_0050805,100
anon_0050795,95
anon_0050805,85
anon_0050814,0
anon_0050795,90
anon_0050815,100
anon_0050795,95
anon_0050810,90
anon_0050762,100
anon_0050762,100
anon_0050762,90
anon_0050815,100
anon_0050762,20
anon_0050795,85
anon_0050773,100
anon_0050810,90
anon_0050762,85
anon_0050762,85
anon_0050805,85
anon_0050805,85
anon_0050773,100
anon_0050815,100
anon_0050762,100
anon_0050773,100
anon_0050805,85
anon_0050814,90
anon_0050815,100
anon_0050805,90
anon_0050805,90
anon_0050815,100
anon_0050762,95
anon_0050826,100
anon_0050810,100
anon_0050809,100
anon_0050862,100
anon_0050829,100
anon_0050854,100
anon_0050829,95
anon_0050856,100
anon_0050856,100
anon_0050837,100
anon_0050829,100
anon_0050856,0
anon_0050829,100
anon_0050862,100
anon_0050856,100
anon_0050829,20
anon_0050814,85
anon_0050854,100
anon_0050829,85
anon_0050809,50
anon_0050854,100
anon_0050854,90
anon_0050860,100
anon_0050854,0
anon_0050808,100
anon_0050837,85
anon_0050837,90
anon_0050829,100
anon_0050842,90
anon_0050837,95
anon_0050856,100
anon_0050837,100
anon_0050837,50
anon_0050837,100
anon_0050867,90
anon_0050829,70
anon_0050856,50
anon_0050837,100
anon_0050837,85
anon_0050814,0
anon_0050815,85
anon_0050814,85
anon_0050808,90
anon_0050837,100
anon_0050814,90
anon_0050837,100
anon_0050856,90
anon_0050815,90
anon_0050854,85
anon_0050837,100
anon_0050809,85
anon_0050808,85
anon_0050854,90
anon_0050860,50
anon_0050842,100
anon_0050809,90
anon_0050860,85
anon_0050762,85
anon_0050815,100
anon_0050814,100
anon_0050854,0
anon_0050762,90
anon_0050815,50
anon_0050860,85
anon_0050856,85
anon_0050837,90
anon_0050837,70
anon_0050814,90
anon_0050856,100
anon_0050762,0
anon_0050809,100
anon_0050814,100
anon_0050815,100
anon_0050860,90
anon_0050854,90
anon_0050862,90
anon_0050762,85
anon_0050856,50
anon_0050809,100
anon_0050815,85
anon_0050814,100
anon_0050815,50
anon_0050837,60
anon_0050814,50
anon_0050809,85
anon_0050856,85
anon_0050814,100
anon_0050814,100
anon_0050809,100
anon_0050862,95
anon_0050854,0
anon_0050854,100
anon_0050837,50
anon_0050837,100
anon_0050862,100
anon_0050837,85
anon_0050815,0
anon_0050867,85
anon_0050815,0
anon_0050842,100
anon_0050808,50
anon_0050867,100
anon_0050862,85
anon_0050837,100
anon_0050808,100
anon_0050893,100
anon_0050814,100
anon_0050862,100
anon_0050815,100
anon_0050815,90
anon_0050838,100
anon_0050860,100
anon_0050837,100
anon_0050815,100
anon_0050860,100
anon_0050862,85
anon_0050838,0
anon_0050814,90
anon_0050867,85
anon_0050808,100
anon_0050862,100
anon_0050893,85
anon_0050867,85
anon_0050815,90
anon_0050838,0
anon_0050854,0
anon_0050815,85
anon_0050854,50
anon_0050829,100
anon_0050842,90
anon_0050838,100
anon_0050842,90
anon_0050838,0
anon_0050838,85
anon_0050808,0
anon_0050867,85
anon_0050862,90
anon_0050815,100
anon_0050838,100
anon_0050893,50
anon_0050854,85
anon_0050862,95
anon_0050854,100
anon_0050808,85
anon_0050815,100
anon_0050860,80
anon_0050815,90
anon_0050860,90
anon_0050815,0
anon_0050838,85
anon_0050862,100
anon_0050838,50
anon_0050838,90
anon_0050842,100
anon_0050814,NA
anon_0050867,50
anon_0050842,80
anon_0050842,100
anon_0050842,85
anon_0050842,85
anon_0050860,100
anon_0050893,85
anon_0050815,100
anon_0050838,85
anon_0050854,90
anon_0050815,95
anon_0050854,90
anon_0050854,100
anon_0050854,90
anon_0050862,95
anon_0050815,80
anon_0050838,100
anon_0050893,100
anon_0050815,100
anon_0050860,0
anon_0050838,100
anon_0050943,0
anon_0050949,100
anon_0050893,100
anon_0050814,0
anon_0050913,0
anon_0050924,100
anon_0050913,100
anon_0050924,90
anon_0050902,100
anon_0050902,100
anon_0050915,100
anon_0050838,100
anon_0050902,100
anon_0050915,95
anon_0050902,100
anon_0050913,85
anon_0050808,50
anon_0050814,100
anon_0050808,100
anon_0050924,85
anon_0050945,100
anon_0050808,90
anon_0050814,100
anon_0050893,100
anon_0050838,100
anon_0050920,85
anon_0050893,100
anon_0050943,0
anon_0050924,100
anon_0050915,95
anon_0050902,100
anon_0050893,0
anon_0050920,85
anon_0050893,100
anon_0050902,100
anon_0050920,95
anon_0050945,100
anon_0050913,0
anon_0050943,85
anon_0050902,95
anon_0050902,85
anon_0050814,85
anon_0050814,100
anon_0050915,100
anon_0050915,80
anon_0050893,85
anon_0050924,85
anon_0050924,85
anon_0050838,90
anon_0050913,85
anon_0050838,90
anon_0050814,0
anon_0050949,50
anon_0050862,0
anon_0050913,90
anon_0050949,90
anon_0050808,100
anon_0050862,0
anon_0050814,100
anon_0050808,75
anon_0050893,85
anon_0050924,85
anon_0050814,100
anon_0050924,90
anon_0050943,100
anon_0050917,95
anon_0050943,85
anon_0050915,0
anon_0050893,85
anon_0050924,95
anon_0050924,90
anon_0050893,60
anon_0050920,75
anon_0050808,85
anon_0050808,100
anon_0050945,0
anon_0050902,85
anon_0050808,85
anon_0050808,100
anon_0050915,100
anon_0050943,85
anon_0050893,100
anon_0050915,100
anon_0050808,100
anon_0050862,100
anon_0050808,100
anon_0050893,100
anon_0050917,85
anon_0050917,100
anon_0050915,100
anon_0050902,100
anon_0050917,100
anon_0050915,0
anon_0050924,95
anon_0050913,90
anon_0050902,85
anon_0050838,100
anon_0050808,95
anon_0050902,100
anon_0050902,100
anon_0050917,85
anon_0050913,80
anon_0050862,0
anon_0050915,100
anon_0050862,50
anon_0050943,85
anon_0050893,0
anon_0050917,100
anon_0050862,33
anon_0050924,85
anon_0050924,85
anon_0050943,85
anon_0050808,50
anon_0050924,95
anon_0050902,100
anon_0050915,85
anon_0050915,100
anon_0050920,85
anon_0050902,100
anon_0050917,60
anon_0050867,60
anon_0050893,100
anon_0050867,75
anon_0050893,0
anon_0050902,0
anon_0050867,50
anon_0050924,90
anon_0050867,85
anon_0050915,100
anon_0050915,100
anon_0050924,100
anon_0050867,60
anon_0050945,100
anon_0050862,75
anon_0050867,85
anon_0050920,85
anon_0050913,85
anon_0050893,0
anon_0050915,90
anon_0050917,0
anon_0050924,100
anon_0050838,0
anon_0050917,90
anon_0050943,85
anon_0050917,95
anon_0050915,90
anon_0050814,90
anon_0050867,85
anon_0050867,85
anon_0050867,100
anon_0050902,100
anon_0050902,85
anon_0050867,85
anon_0050893,100
anon_0050867,0
anon_0050913,85
anon_0050862,50
anon_0050867,85
anon_0050915,90
anon_0050924,100
anon_0050867,85
anon_0050943,85
anon_0050915,100
anon_0050917,85
anon_0050913,90
anon_0050893,85
anon_0050902,100
anon_0050867,85
anon_0050913,85
anon_0050924,95
anon_0050902,0
anon_0050808,100
anon_0050915,100
anon_0050808,100
anon_0050862,100
anon_0050976,90
anon_0050943,85
anon_0050997,50
anon_0050983,100
anon_0050943,90
anon_0050999,95
anon_0050963,90
anon_0050990,0
anon_0050808,90
anon_0050808,100
anon_0050949,85
anon_0050915,100
anon_0050862,100
anon_0050808,100
anon_0050808,85
anon_0050984,100
anon_0050997,85
anon_0050983,85
anon_0050913,100
anon_0050997,0
anon_0051003,85
anon_0050976,85
anon_0050913,20
anon_0050915,90
anon_0050917,50
anon_0050963,85
anon_0050915,85
anon_0050983,90
anon_0050902,75
anon_0050967,100
anon_0050915,100
anon_0050963,90
anon_0050917,100
anon_0050997,85
anon_0050949,90
anon_0050997,85
anon_0050917,85
anon_0050976,100
anon_0050967,90
anon_0050949,50
anon_0050862,0
anon_0050983,85
anon_0050963,85
anon_0050915,100
anon_0050990,70
anon_0050963,75
anon_0050983,85
anon_0050945,100
anon_0050967,100
anon_0050915,85
anon_0050963,85
anon_0050862,100
anon_0050985,100
anon_0051003,90
anon_0050917,20
anon_0050976,90
anon_0050945,0
anon_0050902,85
anon_0050915,85
anon_0050943,100
anon_0050963,90
anon_0050915,0
anon_0050967,0
anon_0050913,85
anon_0050915,0
anon_0050913,75
anon_0050943,100
anon_0050963,100
anon_0050997,90
anon_0050997,100
anon_0050943,100
anon_0050924,100
anon_0050943,100
anon_0050945,100
anon_0050943,100
anon_0050915,0
anon_0050943,0
anon_0050917,85
anon_0050945,50
anon_0050963,100
anon_0050997,90
anon_0050808,100
anon_0050945,0
anon_0050963,100
anon_0050963,100
anon_0050984,100
anon_0050997,85
anon_0050999,85
anon_0050943,50
anon_0050862,95
anon_0050997,85
anon_0050963,85
anon_0050902,85
anon_0050924,95
anon_0050967,100
anon_0050943,90
anon_0050945,50
anon_0050808,90
anon_0050945,85
anon_0050924,50
anon_0050945,100
anon_0050945,100
anon_0050862,0
anon_0050924,100
anon_0050924,95
anon_0050945,100
anon_0050985,90
anon_0050862,0
anon_0050924,85
anon_0050924,0
anon_0050862,100
anon_0050945,100
anon_0050945,95
anon_0050924,50
anon_0050943,90
anon_0050917,90
anon_0050949,90
anon_0050915,0
anon_0050976,100
anon_0050924,20
anon_0050913,75
anon_0050985,85
anon_0050967,90
anon_0050949,100
anon_0050945,85
anon_0050949,100
anon_0050920,100
anon_0050967,100
anon_0050949,85
anon_0050917,90
anon_0050915,95
anon_0050976,90
anon_0050924,100
anon_0050913,100
anon_0050967,100
anon_0050924,80
anon_0050913,75
anon_0050984,90
anon_0050924,100
anon_0050920,90
anon_0050963,60
anon_0050945,0
anon_0050917,90
anon_0050913,85
anon_0050976,95
anon_0050963,91
anon_0050967,85
anon_0050945,100
anon_0050976,85
anon_0050976,90
anon_0050967,0
anon_0050917,100
anon_0050920,70
anon_0050967,50
anon_0050976,100
anon_0050924,100
anon_0050862,60
anon_0050917,90
anon_0050913,85
anon_0050963,85
anon_0050920,100
anon_0050990,85
anon_0050945,90
anon_0050915,85
anon_0050997,NA
anon_0050917,85
anon_0050915,95
anon_0050976,100
anon_0050949,100
anon_0050862,70
anon_0050976,NA
anon_0050976,95
anon_0050967,85
anon_0050920,50
anon_0050920,50
anon_0050967,90
anon_0050917,100
anon_0050949,100
anon_0050862,85
anon_0050983,85
anon_0050862,50
anon_0050915,95
anon_0050976,90
anon_0050920,100
anon_0050990,0
anon_0050985,85
anon_0050984,95
anon_0050913,100
anon_0050945,85
anon_0050999,90
anon_0051003,100
anon_0050963,100
anon_0051025,100
anon_0051025,90
anon_0051025,90
anon_0050967,100
anon_0050985,100
anon_0050999,0
anon_0050985,100
anon_0050913,100
anon_0051003,95
anon_0050915,100
anon_0050920,90
anon_0050917,100
anon_0050915,85
anon_0050985,100
anon_0051025,100
anon_0050985,0
anon_0050967,90
anon_0050920,85
anon_0050917,100
anon_0050999,90
anon_0050985,100
anon_0050985,100
anon_0050967,90
anon_0050945,70
anon_0051031,100
anon_0050967,90
anon_0050985,0
anon_0050967,90
anon_0050943,100
anon_0050990,0
anon_0050997,95
anon_0050963,100
anon_0051040,85
anon_0050920,90
anon_0050920,100
anon_0050999,0
anon_0050985,85
anon_0050984,100
anon_0050985,85
anon_0050917,90
anon_0050985,100
anon_0051003,85
anon_0051003,100
anon_0050997,95
anon_0050984,85
anon_0050985,100
anon_0050945,100
anon_0050943,80
anon_0050963,90
anon_0050997,75
anon_0050917,100
anon_0051003,NA
anon_0050985,100
anon_0050913,85
anon_0051031,0
anon_0050963,90
anon_0051031,85
anon_0051003,100
anon_0051031,90
anon_0050997,80
anon_0050999,100
anon_0050967,100
anon_0050967,85
anon_0050963,50
anon_0051025,100
anon_0050984,85
anon_0051031,100
anon_0050999,85
anon_0050920,0
anon_0050967,0
anon_0050997,100
anon_0050967,85
anon_0050967,85
anon_0050920,85
anon_0051003,100
anon_0050967,85
anon_0050997,100
anon_0051040,85
anon_0050967,100
anon_0050967,90
anon_0051031,85
anon_0050920,50
anon_0050983,100
anon_0050920,100
anon_0050983,100
anon_0050999,100
anon_0050985,85
anon_0050997,85
anon_0050997,85
anon_0050999,85
anon_0050967,0
anon_0050967,100
anon_0050983,95
anon_0050967,0
anon_0050920,70
anon_0050983,100
anon_0050915,100
anon_0050967,90
anon_0050920,100
anon_0050967,85
anon_0050963,85
anon_0050999,85
anon_0050967,50
anon_0050967,90
anon_0050967,95
anon_0050999,50
anon_0050963,90
anon_0050999,100
anon_0050917,85
anon_0050997,40
anon_0050920,100
anon_0050943,NA
anon_0050920,100
anon_0050997,90
anon_0050983,90
anon_0050967,50
anon_0050967,90
anon_0050917,100
anon_0050967,90
anon_0050983,100
anon_0050920,85
anon_0050983,100
anon_0050920,70
anon_0050917,85
anon_0050917,50
anon_0050984,100
anon_0050967,85
anon_0050915,100
anon_0050945,0
anon_0050967,90
anon_0050983,100
anon_0050983,100
anon_0051040,100
anon_0050945,50
anon_0050983,0
anon_0050917,85
anon_0050983,0
anon_0050997,85
anon_0050997,90
anon_0050983,100
anon_0050915,85
anon_0050983,50
anon_0051040,85
anon_0050983,100
anon_0050917,85
anon_0050915,100
anon_0050983,85
anon_0050963,85
anon_0050967,100
anon_0050963,85
anon_0050967,50
anon_0050999,90
anon_0050915,100
anon_0050983,100
anon_0050983,100
anon_0050920,50
anon_0050963,90
anon_0050967,100
anon_0050983,100
anon_0050963,0
anon_0050983,100
anon_0050967,100
anon_0050997,85
anon_0050999,100
anon_0050917,85
anon_0050917,90
anon_0050983,0
anon_0050983,100
anon_0050983,85
anon_0051031,90
anon_0050999,95
anon_0050967,95
anon_0050983,100
anon_0051041,85
anon_0050967,90
anon_0051040,95
anon_0050943,85
anon_0051040,95
anon_0051039,85
anon_0051039,0
anon_0050967,0
anon_0051028,0
anon_0051025,50
anon_0051042,100
anon_0051039,100
anon_0051042,100
anon_0051028,100
anon_0051039,95
anon_0051039,100
anon_0051042,0
anon_0051039,100
anon_0050967,90
anon_0051041,0
anon_0050983,85
anon_0051040,100
anon_0050999,0
anon_0051040,90
anon_0050967,0
anon_0051039,100
anon_0050943,0
anon_0051042,100
anon_0051040,100
anon_0051028,95
anon_0051028,90
anon_0051031,90
anon_0051031,85
anon_0051040,100
anon_0050943,85
anon_0051031,50
anon_0050990,85
anon_0051025,20
anon_0051041,90
anon_0051039,90
anon_0051025,100
anon_0051042,100
anon_0051028,95
anon_0051042,50
anon_0051042,0
anon_0051041,100
anon_0051028,80
anon_0051059,100
anon_0051041,85
anon_0050943,100
anon_0051040,100
anon_0051039,100
anon_0051059,95
anon_0051041,85
anon_0050943,100
anon_0051042,100
anon_0051041,90
anon_0050990,75
anon_0051031,0
anon_0050943,85
anon_0051059,85
anon_0051041,50
anon_0051042,90
anon_0051025,30
anon_0051031,100
anon_0051041,100
anon_0050967,90
anon_0051031,100
anon_0051039,50
anon_0051059,100
anon_0050983,95
anon_0051040,100
anon_0050943,50
anon_0051059,85
anon_0051041,90
anon_0051042,80
anon_0050920,85
anon_0051040,85
anon_0050920,95
anon_0051059,90
anon_0051039,0
anon_0051041,85
anon_0051028,0
anon_0051042,100
anon_0050990,85
anon_0051031,100
anon_0051031,0
anon_0051039,85
anon_0050920,90
anon_0050917,60
anon_0050990,100
anon_0051039,100
anon_0051042,90
anon_0051039,70
anon_0051039,100
anon_0051059,85
anon_0050920,95
anon_0051039,100
anon_0050985,95
anon_0051041,90
anon_0050917,100
anon_0050917,50
anon_0050917,100
anon_0050990,100
anon_0051040,85
anon_0050917,75
anon_0050920,100
anon_0050985,85
anon_0050917,100
anon_0050943,95
anon_0050990,0
anon_0050917,85
anon_0051039,0
anon_0051031,90
anon_0050985,70
anon_0051039,95
anon_0050920,85
anon_0050920,85
anon_0051039,100
anon_0051031,85
anon_0050990,90
anon_0051031,100
anon_0050917,85
anon_0050920,90
anon_0050920,50
anon_0050917,90
anon_0050917,90
anon_0051039,0
anon_0050990,85
anon_0050985,85
anon_0051059,100
anon_0050985,85
anon_0051040,100
anon_0050999,90
anon_0051041,90
anon_0050917,100
anon_0050917,85
anon_0050985,85
anon_0050990,NA
anon_0050917,90
anon_0051031,85
anon_0051040,95
anon_0050920,85
anon_0050920,85
anon_0051039,0
anon_0050943,85
anon_0051039,100
anon_0050917,90
anon_0050917,90
anon_0050985,85
anon_0051059,85
anon_0051101,64
anon_0051039,100
anon_0051059,85
anon_0051041,100
anon_0051041,100
anon_0051095,88
anon_0051041,100
anon_0051028,50
anon_0051070,85
anon_0051041,100
anon_0051101,100
anon_0051102,100
anon_0051079,95
anon_0051102,100
anon_0051079,100
anon_0051028,100
anon_0051079,100
anon_0051095,100
anon_0051103,95
anon_0050985,90
anon_0051095,0
anon_0051095,100
anon_0050985,90
anon_0051041,100
anon_0051028,100
anon_0051095,100
anon_0050985,85
anon_0051102,100
anon_0051028,100
anon_0051028,100
anon_0051079,100
anon_0051059,90
anon_0051028,100
anon_0051079,95
anon_0051059,100
anon_0050984,70
anon_0051095,85
anon_0050985,85
anon_0051059,100
anon_0051059,80
anon_0051041,90
anon_0051028,100
anon_0051103,75
anon_0051095,90
anon_0051028,100
anon_0050984,95
anon_0051028,100
anon_0051041,100
anon_0051074,100
anon_0051095,90
anon_0051074,100
anon_0051028,100
anon_0050985,90
anon_0051028,100
anon_0051059,90
anon_0051102,100
anon_0050985,85
anon_0051103,70
anon_0051028,100
anon_0051103,90
anon_0051041,100
anon_0051041,85
anon_0051041,80
anon_0051041,85
anon_0051028,100
anon_0051028,20
anon_0051041,100
anon_0051059,75
anon_0050985,100
anon_0051059,85
anon_0051059,100
anon_0051039,85
anon_0051041,85
anon_0051074,100
anon_0051102,90
anon_0051028,100
anon_0051102,100
anon_0051041,75
anon_0051102,90
anon_0051095,90
anon_0051039,100
anon_0051074,0
anon_0050985,85
anon_0051039,85
anon_0051059,85
anon_0051041,100
anon_0051039,90
anon_0051041,85
anon_0051079,100
anon_0051039,100
anon_0051103,85
anon_0051103,0
anon_0050985,100
anon_0051074,100
anon_0051059,20
anon_0051028,95
anon_0051059,85
anon_0050985,100
anon_0051102,85
anon_0051028,85
anon_0050985,85
anon_0051028,95
anon_0051059,85
anon_0051059,85
anon_0051028,75
anon_0051102,100
anon_0051079,85
anon_0051041,100
anon_0051103,85
anon_0050985,100
anon_0051059,90
anon_0051059,95
anon_0051079,100
anon_0051095,100
anon_0051059,85
anon_0050985,85
anon_0051059,85
anon_0050985,100
anon_0051059,90
anon_0051041,85
anon_0051059,90
anon_0051059,85
anon_0051059,95
anon_0050985,90
anon_0051059,85
anon_0051059,90
anon_0051028,100
anon_0051041,90
anon_0051103,90
anon_0051059,85
anon_0051028,100
anon_0050985,85
anon_0051028,85
anon_0051059,70
anon_0051041,85
anon_0051059,90
anon_0051059,50
anon_0051028,70
anon_0051059,85
anon_0051041,90
anon_0051041,100
anon_0050985,100
anon_0050985,30
anon_0050985,70
anon_0051059,85
anon_0051079,90
anon_0051059,50
anon_0051028,85
anon_0051028,100
anon_0051059,90
anon_0051028,100
anon_0051028,100
anon_0051059,50
anon_0051041,85
anon_0050985,100
anon_0051028,85
anon_0050984,85
anon_0051079,0
anon_0051059,80
anon_0051059,70
anon_0051059,85
anon_0051041,85
anon_0051079,90
anon_0051141,100
anon_0051028,100
anon_0051028,100
anon_0051070,100
anon_0050984,0
anon_0051079,85
anon_0051141,100
anon_0051117,100
anon_0051130,100
anon_0051079,80
anon_0051028,95
anon_0050984,0
anon_0050984,50
anon_0051028,85
anon_0051125,0
anon_0050940,90
anon_0050940,100
anon_0051130,85
anon_0051041,85
anon_0050984,100
anon_0051070,90
anon_0051079,90
anon_0051125,0
anon_0051079,100
anon_0051101,90
anon_0051095,95
anon_0051095,85
anon_0051028,100
anon_0050940,95
anon_0051070,50
anon_0051095,100
anon_0051130,95
anon_0051070,85
anon_0051125,0
anon_0051041,100
anon_0051028,0
anon_0051095,90
anon_0051041,95
anon_0051101,95
anon_0050940,0
anon_0051059,0
anon_0051117,100
anon_0051070,100
anon_0051041,100
anon_0051117,85
anon_0051125,85
anon_0050940,85
anon_0051095,100
anon_0051070,100
anon_0051125,50
anon_0051070,80
anon_0051125,100
anon_0051079,60
anon_0051070,100
anon_0051125,85
anon_0051095,0
anon_0050940,0
anon_0051028,85
anon_0051028,90
anon_0051079,90
anon_0051101,95
anon_0051117,85
anon_0050940,90
anon_0051070,50
anon_0051059,0
anon_0051095,90
anon_0051070,70
anon_0051141,100
anon_0051101,90
anon_0050940,100
anon_0051041,85
anon_0050940,NA
anon_0051117,90
anon_0051125,100
anon_0051070,100
anon_0051059,50
anon_0051070,85
anon_0051125,100
anon_0051117,85
anon_0051095,85
anon_0051095,NA
anon_0050984,85
anon_0051095,85
anon_0050940,85
anon_0051028,100
anon_0051070,90
anon_0051125,100
anon_0050940,85
anon_0051070,85
anon_0051070,85
anon_0051104,50
anon_0051041,100
anon_0051095,100
anon_0051101,0
anon_0051028,100
anon_0051095,70
anon_0051095,100
anon_0051070,85
anon_0051104,100
anon_0051104,100
anon_0051104,100
anon_0051104,100
anon_0051125,85
anon_0051041,85
anon_0051095,100
anon_0051130,95
anon_0051125,0
anon_0051102,100
anon_0051130,0
anon_0051041,100
anon_0051104,85
anon_0051104,100
anon_0051101,100
anon_0051095,100
anon_0051095,100
anon_0051041,90
anon_0051101,0
anon_0051104,100
anon_0051104,100
anon_0051070,85
anon_0051070,100
anon_0051104,90
anon_0051095,85
anon_0051095,0
anon_0051095,85
anon_0051101,100
anon_0051104,85
anon_0051079,100
anon_0051104,100
anon_0051079,80
anon_0051095,100
anon_0051059,50
anon_0051095,90
anon_0051102,85
anon_0051101,80
anon_0051095,100
anon_0051102,90
anon_0051079,100
anon_0051102,50
anon_0051095,85
anon_0051079,100
anon_0051102,50
anon_0051102,90
anon_0051102,90
anon_0051104,50
anon_0051102,90
anon_0051079,85
anon_0051102,75
anon_0051104,100
anon_0051101,100
anon_0051095,85
anon_0051101,100
anon_0051101,100
anon_0051101,90
anon_0051070,100
anon_0051095,95
anon_0051059,95
anon_0051095,85
anon_0051095,100
anon_0051070,90
anon_0051102,50
anon_0051104,90
anon_0051102,100
anon_0051102,90
anon_0050940,100
anon_0051102,90
anon_0051102,85
anon_0051059,70
anon_0051104,85
anon_0051101,100
anon_0051095,100
anon_0051059,70
anon_0051079,100
anon_0051102,85
anon_0051095,30
anon_0051102,95
anon_0051102,85
anon_0051059,85
anon_0051102,85
anon_0051070,0
anon_0051059,95
anon_0051059,50
anon_0051079,100
anon_0051102,90
anon_0051095,85
anon_0051125,0
anon_0051153,100
anon_0051153,100
anon_0051125,100
anon_0051125,100
anon_0051125,0
anon_0051153,100
anon_0051125,0
anon_0051117,50
anon_0051117,90
anon_0051125,50
anon_0051141,0
anon_0051141,50
anon_0051141,80
anon_0051125,100
anon_0051141,100
anon_0051125,0
anon_0051141,95
anon_0051141,85
anon_0051117,100
anon_0051117,90
anon_0051153,100
anon_0051141,95
anon_0051149,95
anon_0051153,100
anon_0051141,50
anon_0051141,0
anon_0051141,100
anon_0051101,100
anon_0051117,90
anon_0051130,90
anon_0051117,90
anon_0051125,100
anon_0051130,100
anon_0051101,85
anon_0051141,100
anon_0051130,100
anon_0051101,0
anon_0051117,85
anon_0051101,85
anon_0051101,NA
anon_0051141,0
anon_0051117,NA
anon_0051149,85
anon_0051117,90
anon_0051125,100
anon_0051101,85
anon_0051117,95
anon_0051149,50
anon_0051117,85
anon_0051177,90
anon_0051125,100
anon_0051141,90
anon_0051141,100
anon_0051125,85
anon_0051141,90
anon_0051117,85
anon_0051101,90
anon_0051188,100
anon_0051125,50
anon_0051101,90
anon_0051130,85
anon_0051117,85
anon_0051101,100
anon_0051153,100
anon_0051125,100
anon_0051130,100
anon_0051177,85
anon_0051117,85
anon_0051177,85
anon_0051125,85
anon_0051117,75
anon_0051117,100
anon_0051177,100
anon_0051125,90
anon_0051101,0
anon_0051141,100
anon_0051117,100
anon_0051125,100
anon_0051141,100
anon_0051104,95
anon_0051130,85
anon_0051101,100
anon_0051104,100
anon_0051117,85
anon_0051141,100
anon_0051188,90
anon_0051101,100
anon_0051141,85
anon_0051141,0
anon_0051153,100
anon_0051104,100
anon_0051130,100
anon_0051079,100
anon_0051153,100
anon_0051153,100
anon_0051153,100
anon_0051117,100
anon_0051130,85
anon_0051181,90
anon_0051153,100
anon_0051130,90
anon_0051130,100
anon_0051130,0
anon_0051153,85
anon_0051101,90
anon_0051141,95
anon_0051130,100
anon_0051125,100
anon_0051130,90
anon_0051101,100
anon_0050940,90
anon_0051149,100
anon_0051130,100
anon_0051101,90
anon_0051153,100
anon_0051149,92
anon_0051181,85
anon_0051086,85
anon_0050940,100
anon_0051153,100
anon_0051141,95
anon_0051141,100
anon_0051181,100
anon_0051104,50
anon_0051141,50
anon_0050940,85
anon_0051130,100
anon_0051104,100
anon_0051153,100
anon_0051130,100
anon_0051101,100
anon_0051153,90
anon_0051149,64
anon_0051149,100
anon_0051086,90
anon_0051130,100
anon_0051130,85
anon_0051141,90
anon_0051130,90
anon_0051130,90
anon_0051153,90
anon_0051141,90
anon_0051130,100
anon_0051153,50
anon_0051117,100
anon_0050940,85
anon_0051101,85
anon_0051101,50
anon_0051149,95
anon_0050940,90
anon_0051188,NA
anon_0051153,0
anon_0051117,80
anon_0051117,0
anon_0051130,85
anon_0051130,85
anon_0050940,90
anon_0051130,80
anon_0051130,85
anon_0051130,90
anon_0051117,90
anon_0051130,85
anon_0051130,50
anon_0051117,100
anon_0051130,100
anon_0051130,100
anon_0051130,90
anon_0051117,85
anon_0051130,85
anon_0051101,75
anon_0051130,100
anon_0051130,85
anon_0051130,75
anon_0051101,90
anon_0050940,90
anon_0051130,90
anon_0051086,85
anon_0051130,85
anon_0050940,90
anon_0051130,85
anon_0051130,85
anon_0051117,85
anon_0051101,85
anon_0051130,85
anon_0051079,90
anon_0051130,0
anon_0051130,85
anon_0051117,80
anon_0051130,85
anon_0051130,85
anon_0051130,100
anon_0051130,100
anon_0051130,85
anon_0051130,85
anon_0050940,100
anon_0051130,90
anon_0051130,100
anon_0051101,70
anon_0051125,100
anon_0051117,50
anon_0051130,90
anon_0051130,100
anon_0051177,100
anon_0051182,95
anon_0051224,100
anon_0051192,100
anon_0051192,100
anon_0051219,90
anon_0051192,95
anon_0051209,100
anon_0051224,100
anon_0051219,0
anon_0051214,50
anon_0051214,90
anon_0051220,100
anon_0051231,90
anon_0051192,100
anon_0051188,100
anon_0051208,100
anon_0051149,90
anon_0051149,100
anon_0051231,100
anon_0051192,90
anon_0051149,100
anon_0051219,95
anon_0051231,100
anon_0051209,50
anon_0051192,95
anon_0051209,50
anon_0051219,100
anon_0051231,0
anon_0051209,100
anon_0051232,90
anon_0051231,100
anon_0051220,85
anon_0051153,100
anon_0051209,0
anon_0051177,50
anon_0051214,100
anon_0051153,90
anon_0051188,95
anon_0051230,85
anon_0051192,85
anon_0051174,100
anon_0051214,95
anon_0051231,100
anon_0051192,100
anon_0051192,85
anon_0051231,100
anon_0051224,90
anon_0051232,100
anon_0051219,95
anon_0051230,85
anon_0051219,90
anon_0051219,100
anon_0051188,100
anon_0051230,85
anon_0051220,85
anon_0051208,85
anon_0051188,70
anon_0051208,100
anon_0051208,95
anon_0051208,0
anon_0051230,90
anon_0051174,90
anon_0051214,90
anon_0051219,85
anon_0051174,95
anon_0051153,90
anon_0051232,100
anon_0051219,90
anon_0051208,90
anon_0051219,85
anon_0051208,90
anon_0051219,100
anon_0051214,100
anon_0051231,100
anon_0051224,100
anon_0051209,0
anon_0051214,85
anon_0051219,95
anon_0051219,85
anon_0051182,85
anon_0051153,50
anon_0051182,0
anon_0051219,90
anon_0051209,90
anon_0051224,0
anon_0051182,90
anon_0051177,85
anon_0051192,90
anon_0051182,60
anon_0051209,100
anon_0051182,50
anon_0051182,100
anon_0051214,95
anon_0051231,0
anon_0051174,95
anon_0051208,85
anon_0051182,50
anon_0051153,50
anon_0051192,100
anon_0051244,100
anon_0051209,100
anon_0051230,100
anon_0051214,85
anon_0051182,85
anon_0051219,50
anon_0051193,100
anon_0051219,85
anon_0051224,100
anon_0051193,100
anon_0051214,90
anon_0051244,0
anon_0051224,100
anon_0051244,100
anon_0051193,0
anon_0051244,0
anon_0051224,90
anon_0051214,0
anon_0051219,100
anon_0051224,50
anon_0051224,100
anon_0051244,100
anon_0051188,90
anon_0051244,100
anon_0051182,50
anon_0051214,0
anon_0051174,50
anon_0051224,100
anon_0051182,85
anon_0051219,85
anon_0051192,90
anon_0051182,50
anon_0051193,90
anon_0051230,85
anon_0051192,90
anon_0051230,85
anon_0051182,60
anon_0051188,100
anon_0051232,100
anon_0051188,100
anon_0051209,85
anon_0051188,90
anon_0051214,95
anon_0051174,85
anon_0051188,90
anon_0051188,100
anon_0051232,70
anon_0051244,0
anon_0051182,85
anon_0051149,100
anon_0051188,100
anon_0051208,0
anon_0051149,100
anon_0051182,85
anon_0051188,80
anon_0051188,80
anon_0051219,85
anon_0051188,90
anon_0051182,85
anon_0051188,90
anon_0051153,100
anon_0051188,90
anon_0051188,85
anon_0051188,85
anon_0051174,100
anon_0051232,100
anon_0051232,85
anon_0051149,100
anon_0051149,100
anon_0051182,50
anon_0051188,85
anon_0051232,100
anon_0051193,100
anon_0051188,90
anon_0051188,90
anon_0051188,95
anon_0051149,100
anon_0051188,85
anon_0051188,85
anon_0051214,85
anon_0051149,100
anon_0051232,85
anon_0051188,85
anon_0051188,100
anon_0051224,90
anon_0051149,100
anon_0051193,100
anon_0051153,85
anon_0051149,100
anon_0051149,50
anon_0051182,85
anon_0051230,85
anon_0051232,85
anon_0051174,90
anon_0051188,85
anon_0051232,100
anon_0051153,100
anon_0051153,100
anon_0051153,100
anon_0051188,85
anon_0051153,85
anon_0051153,95
anon_0051153,90
anon_0051174,85
anon_0051153,85
anon_0051153,85
anon_0051244,100
anon_0051174,100
anon_0051208,0
anon_0051244,100
anon_0051230,0
anon_0051266,0
anon_0051153,100
anon_0051208,100
anon_0051224,100
anon_0051230,90
anon_0051174,100
anon_0051182,100
anon_0051230,90
anon_0051231,90
anon_0051250,95
anon_0051208,95
anon_0051230,90
anon_0051266,0
anon_0051193,100
anon_0051224,90
anon_0051209,100
anon_0051208,100
anon_0051153,90
anon_0051224,0
anon_0051250,85
anon_0051244,50
anon_0051208,100
anon_0051266,0
anon_0051209,100
anon_0051231,85
anon_0051193,100
anon_0051208,95
anon_0051209,50
anon_0051182,90
anon_0051244,95
anon_0051209,0
anon_0051209,0
anon_0051230,100
anon_0051209,100
anon_0051278,100
anon_0051208,100
anon_0051209,100
anon_0051244,100
anon_0051266,0
anon_0051209,85
anon_0051224,90
anon_0051153,80
anon_0051177,0
anon_0051209,90
anon_0051209,100
anon_0051208,95
anon_0051208,95
anon_0051209,100
anon_0051230,85
anon_0051250,100
anon_0051193,100
anon_0051244,85
anon_0051193,85
anon_0051244,50
anon_0051220,100
anon_0051250,0
anon_0051209,100
anon_0051209,100
anon_0051250,100
anon_0051231,90
anon_0051208,75
anon_0051209,85
anon_0051174,95
anon_0051208,100
anon_0051208,90
anon_0051209,85
anon_0051230,50
anon_0051230,0
anon_0051177,50
anon_0051230,0
anon_0051250,50
anon_0051244,85
anon_0051193,90
anon_0051182,85
anon_0051250,90
anon_0051153,100
anon_0051209,85
anon_0051266,85
anon_0051220,85
anon_0051208,95
anon_0051209,85
anon_0051209,85
anon_0051209,50
anon_0051209,95
anon_0051209,50
anon_0051264,100
anon_0051153,100
anon_0051278,90
anon_0051244,100
anon_0051209,100
anon_0051177,90
anon_0051220,85
anon_0051250,85
anon_0051153,100
anon_0051244,85
anon_0051209,100
anon_0051220,95
anon_0051193,100
anon_0051224,90
anon_0051264,100
anon_0051209,100
anon_0051244,100
anon_0051232,50
anon_0051250,85
anon_0051209,100
anon_0051193,100
anon_0051209,100
anon_0051193,100
anon_0051232,85
anon_0051264,100
anon_0051224,90
anon_0051193,100
anon_0051224,100
anon_0051224,70
anon_0051244,95
anon_0051224,85
anon_0051244,100
anon_0051193,85
anon_0051250,80
anon_0051244,100
anon_0051232,100
anon_0051264,100
anon_0051244,70
anon_0051224,85
anon_0051244,80
anon_0051193,100
anon_0051153,100
anon_0051182,90
anon_0051232,90
anon_0051232,85
anon_0051193,100
anon_0051193,100
anon_0051182,85
anon_0051232,95
anon_0051193,100
anon_0051232,85
anon_0051193,20
anon_0051193,50
anon_0051232,80
anon_0051153,90
anon_0051250,85
anon_0051182,80
anon_0051232,90
anon_0051250,100
anon_0051182,100
anon_0051232,100
anon_0051232,85
anon_0051153,100
anon_0051209,90
anon_0051232,85
anon_0051232,85
anon_0051182,100
anon_0051244,85
anon_0051192,100
anon_0051232,60
anon_0051192,0
anon_0051182,90
anon_0051250,95
anon_0051193,100
anon_0051232,50
anon_0051182,85
anon_0051232,75
anon_0051232,85
anon_0051232,85
anon_0051232,85
anon_0051182,85
anon_0051232,90
anon_0051232,85
anon_0051192,50
anon_0051232,90
anon_0051232,85
anon_0051192,100
anon_0051192,95
anon_0051232,85
anon_0051232,75
anon_0051232,85
anon_0051232,85
anon_0051232,85
anon_0051232,85
anon_0051232,85
anon_0051232,85
anon_0051232,85
anon_0051192,90
anon_0051232,85
anon_0051232,90
anon_0051230,90
anon_0051230,100
anon_0051193,50
anon_0051193,100
anon_0051193,100
anon_0051192,85
anon_0051193,100
anon_0051192,100
anon_0051193,0
anon_0051230,90
anon_0051230,90
anon_0051193,85
anon_0051193,100
anon_0051232,90
anon_0051230,90
anon_0051230,50
anon_0051193,95
anon_0051230,95
anon_0051193,100
anon_0051230,85
anon_0051230,50
anon_0051193,100
anon_0051250,85
anon_0051309,100
anon_0051193,100
anon_0051153,75
anon_0051244,100
anon_0051266,85
anon_0051244,100
anon_0051193,100
anon_0051193,100
anon_0051286,100
anon_0051309,100
anon_0051286,100
anon_0051192,95
anon_0051293,0
anon_0051153,100
anon_0051317,95
anon_0051244,100
anon_0051295,100
anon_0051266,85
anon_0051244,100
anon_0051220,85
anon_0051286,80
anon_0051331,50
anon_0051244,0
anon_0051317,0
anon_0051192,0
anon_0051295,100
anon_0051244,90
anon_0051250,85
anon_0051309,95
anon_0051220,85
anon_0051317,0
anon_0051309,85
anon_0051309,100
anon_0051279,90
anon_0051309,85
anon_0051309,85
anon_0051193,85
anon_0051266,95
anon_0051244,100
anon_0051293,90
anon_0051295,100
anon_0051309,100
anon_0051220,70
anon_0051266,100
anon_0051153,95
anon_0051244,0
anon_0051278,100
anon_0051230,85
anon_0051286,85
anon_0051278,100
anon_0051193,100
anon_0051295,85
anon_0051331,50
anon_0051286,100
anon_0051250,100
anon_0051266,100
anon_0051220,NA
anon_0051220,75
anon_0051220,85
anon_0051279,90
anon_0051193,100
anon_0051278,100
anon_0051293,95
anon_0051278,100
anon_0051295,85
anon_0051293,90
anon_0051193,85
anon_0051193,100
anon_0051244,85
anon_0051309,95
anon_0051286,90
anon_0051230,70
anon_0051309,50
anon_0051293,85
anon_0051278,100
anon_0051295,100
anon_0051220,85
anon_0051278,90
anon_0051309,100
anon_0051279,85
anon_0051286,90
anon_0051309,90
anon_0051266,95
anon_0051278,100
anon_0051278,95
anon_0051266,90
anon_0051309,100
anon_0051309,100
anon_0051220,85
anon_0051286,100
anon_0051230,90
anon_0051295,100
anon_0051278,85
anon_0051193,95
anon_0051309,100
anon_0051220,50
anon_0051250,90
anon_0051244,100
anon_0051278,90
anon_0051293,95
anon_0051278,100
anon_0051309,100
anon_0051278,0
anon_0051309,0
anon_0051309,100
anon_0051309,86
anon_0051192,100
anon_0051250,100
anon_0051278,90
anon_0051231,50
anon_0051250,85
anon_0051174,100
anon_0051192,90
anon_0051250,90
anon_0051231,100
anon_0051286,85
anon_0051208,85
anon_0051231,90
anon_0051266,85
anon_0051250,85
anon_0051278,85
anon_0051278,90
anon_0051231,95
anon_0051286,85
anon_0051250,50
anon_0051192,95
anon_0051309,100
anon_0051208,50
anon_0051278,90
anon_0051231,85
anon_0051286,85
anon_0051208,90
anon_0051278,100
anon_0051250,90
anon_0051231,90
anon_0051278,0
anon_0051208,90
anon_0051193,0
anon_0051193,0
anon_0051174,85
anon_0051264,85
anon_0051193,90
anon_0051193,100
anon_0051193,100
anon_0051174,100
anon_0051208,85
anon_0051193,30
anon_0051192,0
anon_0051174,100
anon_0051278,100
anon_0051193,85
anon_0051264,100
anon_0051208,95
anon_0051208,80
anon_0051193,100
anon_0051174,85
anon_0051208,100
anon_0051231,85
anon_0051208,50
anon_0051208,85
anon_0051278,90
anon_0051208,100
anon_0051208,85
anon_0051231,50
anon_0051278,50
anon_0051208,85
anon_0051208,100
anon_0051231,100
anon_0051231,90
anon_0051264,85
anon_0051278,50
anon_0051192,85
anon_0051208,85
anon_0051192,10
anon_0051286,85
anon_0051192,85
anon_0051208,85
anon_0051208,100
anon_0051231,0
anon_0051208,85
anon_0051174,100
anon_0051208,85
anon_0051208,70
anon_0051174,100
anon_0051208,95
anon_0051193,70
anon_0051231,100
anon_0051293,100
anon_0051231,100
anon_0051293,100
anon_0051293,100
anon_0051293,85
anon_0051293,85
anon_0051264,100
anon_0051295,100
anon_0051293,100
anon_0051367,0
anon_0051331,0
anon_0051344,100
anon_0051344,100
anon_0051264,100
anon_0051278,100
anon_0051375,100
anon_0051293,90
anon_0051375,80
anon_0051363,100
anon_0051309,100
anon_0051375,90
anon_0051344,100
anon_0051336,0
anon_0051309,0
anon_0051363,95
anon_0051336,100
anon_0051356,0
anon_0051279,100
anon_0051286,100
anon_0051295,100
anon_0051344,100
anon_0051309,95
anon_0051356,100
anon_0051344,100
anon_0051344,100
anon_0051278,100
anon_0051344,100
anon_0051231,0
anon_0051363,100
anon_0051279,95
anon_0051344,90
anon_0051295,0
anon_0051309,90
anon_0051293,95
anon_0051309,100
anon_0051363,0
anon_0051309,85
anon_0051264,100
anon_0051278,0
anon_0051309,100
anon_0051250,100
anon_0051382,90
anon_0051309,100
anon_0051363,85
anon_0051295,90
anon_0051334,85
anon_0051363,85
anon_0051334,50
anon_0051344,85
anon_0051279,85
anon_0051231,85
anon_0051336,50
anon_0051264,85
anon_0051250,100
anon_0051336,0
anon_0051331,85
anon_0051231,0
anon_0051342,0
anon_0051286,90
anon_0051231,100
anon_0051309,100
anon_0051286,100
anon_0051286,100
anon_0051375,0
anon_0051344,85
anon_0051375,100
anon_0051375,0
anon_0051359,0
anon_0051363,90
anon_0051250,85
anon_0051334,90
anon_0051264,90
anon_0051286,90
anon_0051309,80
anon_0051334,100
anon_0051342,75
anon_0051231,95
anon_0051356,0
anon_0051309,0
anon_0051231,100
anon_0051334,100
anon_0051367,90
anon_0051279,0
anon_0051363,0
anon_0051334,100
anon_0051309,100
anon_0051382,85
anon_0051309,0
anon_0051336,100
anon_0051336,90
anon_0051334,80
anon_0051336,100
anon_0051231,20
anon_0051336,100
anon_0051279,85
anon_0051309,100
anon_0051309,95
anon_0051309,90
anon_0051336,100
anon_0051336,100
anon_0051367,95
anon_0051336,100
anon_0051356,85
anon_0051336,100
anon_0051356,90
anon_0051336,100
anon_0051336,0
anon_0051336,100
anon_0051231,85
anon_0051331,0
anon_0051334,95
anon_0051367,95
anon_0051367,90
anon_0051231,85
anon_0051375,100
anon_0051279,100
anon_0051309,95
anon_0051356,100
anon_0051336,80
anon_0051309,100
anon_0051356,100
anon_0051231,50
anon_0051375,100
anon_0051382,85
anon_0051367,85
anon_0051367,100
anon_0051375,100
anon_0051220,100
anon_0051174,100
anon_0051174,100
anon_0051359,85
anon_0051336,0
anon_0051356,100
anon_0051375,100
anon_0051356,100
anon_0051356,100
anon_0051220,100
anon_0051220,90
anon_0051336,85
anon_0051359,90
anon_0051356,75
anon_0051220,95
anon_0051356,0
anon_0051220,100
anon_0051359,95
anon_0051220,85
anon_0051336,0
anon_0051220,100
anon_0051356,100
anon_0051356,100
anon_0051375,95
anon_0051356,60
anon_0051309,95
anon_0051279,0
anon_0051174,90
anon_0051331,100
anon_0051231,40
anon_0051231,95
anon_0051279,95
anon_0051174,0
anon_0051279,100
anon_0051279,100
anon_0051309,85
anon_0051375,100
anon_0051336,90
anon_0051331,60
anon_0051220,100
anon_0051174,85
anon_0051309,85
anon_0051331,90
anon_0051375,90
anon_0051279,85
anon_0051231,85
anon_0051264,100
anon_0051174,60
anon_0051174,100
anon_0051331,100
anon_0051395,85
anon_0051331,100
anon_0051367,100
anon_0051367,100
anon_0051295,95
anon_0051396,0
anon_0051220,85
anon_0051336,50
anon_0051363,50
anon_0051220,85
anon_0051295,85
anon_0051370,100
anon_0051220,70
anon_0051382,85
anon_0051387,100
anon_0051363,60
anon_0051396,100
anon_0051395,100
anon_0051396,90
anon_0051395,100
anon_0051395,95
anon_0051396,30
anon_0051403,100
anon_0051342,85
anon_0051336,0
anon_0051396,100
anon_0051405,95
anon_0051174,100
anon_0051424,100
anon_0051220,85
anon_0051363,85
anon_0051174,100
anon_0051405,100
anon_0051331,100
anon_0051396,100
anon_0051405,90
anon_0051363,90
anon_0051363,90
anon_0051220,50
anon_0051403,100
anon_0051331,100
anon_0051405,100
anon_0051264,0
anon_0051342,90
anon_0051336,100
anon_0051396,100
anon_0051220,90
anon_0051342,70
anon_0051426,95
anon_0051387,70
anon_0051382,0
anon_0051174,90
anon_0051356,100
anon_0051382,85
anon_0051403,100
anon_0051382,75
anon_0051396,100
anon_0051387,50
anon_0051424,90
anon_0051220,50
anon_0051382,85
anon_0051367,100
anon_0051387,85
anon_0051367,85
anon_0051387,50
anon_0051387,90
anon_0051334,85
anon_0051387,90
anon_0051426,90
anon_0051396,100
anon_0051174,95
anon_0051174,100
anon_0051174,85
anon_0051342,90
anon_0051387,90
anon_0051363,100
anon_0051405,50
anon_0051395,85
anon_0051356,90
anon_0051405,100
anon_0051382,90
anon_0051403,0
anon_0051220,50
anon_0051367,85
anon_0051396,85
anon_0051279,100
anon_0051367,100
anon_0051387,85
anon_0051382,95
anon_0051359,100
anon_0051382,85
anon_0051334,0
anon_0051220,75
anon_0051334,100
anon_0051334,95
anon_0051363,90
anon_0051279,100
anon_0051279,90
anon_0051356,100
anon_0051279,20
anon_0051387,85
anon_0051381,100
anon_0051359,85
anon_0051367,85
anon_0051334,100
anon_0051375,85
anon_0051403,100
anon_0051363,0
anon_0051367,100
anon_0051403,100
anon_0051375,100
anon_0051375,100
anon_0051356,85
anon_0051356,100
anon_0051356,0
anon_0051279,0
anon_0051344,85
anon_0051356,100
anon_0051356,0
anon_0051363,90
anon_0051356,100
anon_0051403,100
anon_0051367,90
anon_0051334,90
anon_0051367,90
anon_0051356,100
anon_0051367,85
anon_0051336,85
anon_0051381,100
anon_0051414,90
anon_0051414,85
anon_0051356,85
anon_0051403,0
anon_0051403,89
anon_0051356,100
anon_0051367,100
anon_0051375,90
anon_0051359,90
anon_0051356,0
anon_0051375,50
anon_0051336,90
anon_0051359,85
anon_0051367,90
anon_0051367,85
anon_0051356,100
anon_0051356,0
anon_0051367,95
anon_0051356,100
anon_0051356,100
anon_0051356,0
anon_0051356,90
anon_0051344,50
anon_0051381,100
anon_0051359,75
anon_0051356,100
anon_0051336,0
anon_0051344,85
anon_0051356,85
anon_0051336,85
anon_0051359,100
anon_0051356,50
anon_0051356,100
anon_0051367,90
anon_0051344,85
anon_0051334,90
anon_0051356,100
anon_0051356,100
anon_0051356,90
anon_0051367,100
anon_0051414,85
anon_0051336,95
anon_0051356,0
anon_0051356,90
anon_0051336,85
anon_0051356,90
anon_0051356,NA
anon_0051356,50
anon_0051356,100
anon_0051356,85
anon_0051356,100
anon_0051279,20
anon_0051336,95
anon_0051356,90
anon_0051336,100
anon_0051356,100
anon_0051356,85
anon_0051414,75
anon_0051367,50
anon_0051336,100
anon_0051344,100
anon_0051414,85
anon_0051356,90
anon_0051279,90
anon_0051356,50
anon_0051405,90
anon_0051381,85
anon_0051356,0
anon_0051424,100
anon_0051334,95
anon_0051443,85
anon_0051342,85
anon_0051359,100
anon_0051395,85
anon_0051356,0
anon_0051381,90
anon_0051356,100
anon_0051363,0
anon_0051344,100
anon_0051359,85
anon_0051363,100
anon_0051405,100
anon_0051382,100
anon_0051344,100
anon_0051363,100
anon_0051336,85
anon_0051356,85
anon_0051342,50
anon_0051382,85
anon_0051363,100
anon_0051356,100
anon_0051356,90
anon_0051264,100
anon_0051363,85
anon_0051405,95
anon_0051359,100
anon_0051443,85
anon_0051356,70
anon_0051363,90
anon_0051382,85
anon_0051279,0
anon_0051342,80
anon_0051344,90
anon_0051424,100
anon_0051336,95
anon_0051405,100
anon_0051334,90
anon_0051395,85
anon_0051336,100
anon_0051420,100
anon_0051342,100
anon_0051405,0
anon_0051395,85
anon_0051382,85
anon_0051420,100
anon_0051420,95
anon_0051356,100
anon_0051363,85
anon_0051405,95
anon_0051334,85
anon_0051382,100
anon_0051396,90
anon_0051405,85
anon_0051443,100
anon_0051344,90
anon_0051336,100
anon_0051415,20
anon_0051344,90
anon_0051342,50
anon_0051279,90
anon_0051395,95
anon_0051342,90
anon_0051405,100
anon_0051395,85
anon_0051405,85
anon_0051279,95
anon_0051336,0
anon_0051420,100
anon_0051395,85
anon_0051405,95
anon_0051424,0
anon_0051334,85
anon_0051405,100
anon_0051344,90
anon_0051363,0
anon_0051420,100
anon_0051342,100
anon_0051395,100
anon_0051342,85
anon_0051405,100
anon_0051334,100
anon_0051342,100
anon_0051331,100
anon_0051395,70
anon_0051415,100
anon_0051363,95
anon_0051342,85
anon_0051396,0
anon_0051405,90
anon_0051426,0
anon_0051405,100
anon_0051443,90
anon_0051403,100
anon_0051382,50
anon_0051395,85
anon_0051432,85
anon_0051405,100
anon_0051420,100
anon_0051336,95
anon_0051359,0
anon_0051396,90
anon_0051331,100
anon_0051359,100
anon_0051415,85
anon_0051363,100
anon_0051336,85
anon_0051432,40
anon_0051387,100
anon_0051426,100
anon_0051403,100
anon_0051344,90
anon_0051415,20
anon_0051396,100
anon_0051395,90
anon_0051363,100
anon_0051344,85
anon_0051356,100
anon_0051356,100
anon_0051295,85
anon_0051331,100
anon_0051405,50
anon_0051336,50
anon_0051424,85
anon_0051382,70
anon_0051426,100
anon_0051395,85
anon_0051424,95
anon_0051424,90
anon_0051356,85
anon_0051420,90
anon_0051424,95
anon_0051403,100
anon_0051403,100
anon_0051424,100
anon_0051426,100
anon_0051356,100
anon_0051363,100
anon_0051420,100
anon_0051359,85
anon_0051363,85
anon_0051426,95
anon_0051387,90
anon_0051405,100
anon_0051405,100
anon_0051424,95
anon_0051387,85
anon_0051359,80
anon_0051396,0
anon_0051426,85
anon_0051424,90
anon_0051387,85
anon_0051426,100
anon_0051420,100
anon_0051426,100
anon_0051359,100
anon_0051424,85
anon_0051395,85
anon_0051405,90
anon_0051420,80
anon_0051363,0
anon_0051387,85
anon_0051426,85
anon_0051405,85
anon_0051432,90
anon_0051405,95
anon_0051405,90
anon_0051426,90
anon_0051336,90
anon_0051336,50
anon_0051336,85
anon_0051420,50
anon_0051405,90
anon_0051420,90
anon_0051395,90
anon_0051405,90
anon_0051424,50
anon_0051395,95
anon_0051342,100
anon_0051426,0
anon_0051424,85
anon_0051426,100
anon_0051405,100
anon_0051387,90
anon_0051420,95
anon_0051359,90
anon_0051405,100
anon_0051439,95
anon_0051448,100
anon_0051405,100
anon_0051359,85
anon_0051334,90
anon_0051432,95
anon_0051403,100
anon_0051420,100
anon_0051415,50
anon_0051381,100
anon_0051395,100
anon_0051424,100
anon_0051432,85
anon_0051420,0
anon_0051331,100
anon_0051458,50
anon_0051405,95
anon_0051295,100
anon_0051403,100
anon_0051420,50
anon_0051405,85
anon_0051381,100
anon_0051370,85
anon_0051470,0
anon_0051443,100
anon_0051439,85
anon_0051458,95
anon_0051334,0
anon_0051443,100
anon_0051370,85
anon_0051359,100
anon_0051426,100
anon_0051432,100
anon_0051279,100
anon_0051415,85
anon_0051426,100
anon_0051279,75
anon_0051443,85
anon_0051405,100
anon_0051458,50
anon_0051387,90
anon_0051420,0
anon_0051405,100
anon_0051415,20
anon_0051359,100
anon_0051342,85
anon_0051432,90
anon_0051405,95
anon_0051432,95
anon_0051334,85
anon_0051279,90
anon_0051432,100
anon_0051279,90
anon_0051405,100
anon_0051470,85
anon_0051381,50
anon_0051279,95
anon_0051432,50
anon_0051465,100
anon_0051465,100
anon_0051359,100
anon_0051405,95
anon_0051395,0
anon_0051334,90
anon_0051470,80
anon_0051458,90
anon_0051403,50
anon_0051403,100
anon_0051387,70
anon_0051420,100
anon_0051295,85
anon_0051443,90
anon_0051370,85
anon_0051458,100
anon_0051387,50
anon_0051432,100
anon_0051403,85
anon_0051432,90
anon_0051342,90
anon_0051432,10
anon_0051387,85
anon_0051405,100
anon_0051370,50
anon_0051489,0
anon_0051342,100
anon_0051387,90
anon_0051403,85
anon_0051405,95
anon_0051279,90
anon_0051415,100
anon_0051415,90
anon_0051403,100
anon_0051465,95
anon_0051489,90
anon_0051415,100
anon_0051465,100
anon_0051470,85
anon_0051395,100
anon_0051405,85
anon_0051465,60
anon_0051443,0
anon_0051415,60
anon_0051415,100
anon_0051443,30
anon_0051381,100
anon_0051387,90
anon_0051405,90
anon_0051420,50
anon_0051403,100
anon_0051387,100
anon_0051458,85
anon_0051387,50
anon_0051403,85
anon_0051387,50
anon_0051465,90
anon_0051458,85
anon_0051443,85
anon_0051489,85
anon_0051465,85
anon_0051395,100
anon_0051443,20
anon_0051381,50
anon_0051489,100
anon_0051395,100
anon_0051443,85
anon_0051381,100
anon_0051465,0
anon_0051405,85
anon_0051395,50
anon_0051381,50
anon_0051465,50
anon_0051465,50
anon_0051443,30
anon_0051443,85
anon_0051387,85
anon_0051395,85
anon_0051395,85
anon_0051405,100
anon_0051458,0
anon_0051443,20
anon_0051395,90
anon_0051381,0
anon_0051414,100
anon_0051359,100
anon_0051537,85
anon_0051295,100
anon_0051520,95
anon_0051480,85
anon_0051403,85
anon_0051480,95
anon_0051295,75
anon_0051443,90
anon_0051403,85
anon_0051472,85
anon_0051403,85
anon_0051472,85
anon_0051295,20
anon_0051359,85
anon_0051530,100
anon_0051414,100
anon_0051443,85
anon_0051381,85
anon_0051472,95
anon_0051448,100
anon_0051387,0
anon_0051295,90
anon_0051387,90
anon_0051448,95
anon_0051387,95
anon_0051472,85
anon_0051295,85
anon_0051537,95
anon_0051502,85
anon_0051472,85
anon_0051480,100
anon_0051502,85
anon_0051295,85
anon_0051530,100
anon_0051295,85
anon_0051443,95
anon_0051420,90
anon_0051472,0
anon_0051520,100
anon_0051359,95
anon_0051295,100
anon_0051443,100
anon_0051470,100
anon_0051470,90
anon_0051295,100
anon_0051470,20
anon_0051530,90
anon_0051443,75
anon_0051472,95
anon_0051295,100
anon_0051387,100
anon_0051387,85
anon_0051443,0
anon_0051439,100
anon_0051295,39
anon_0051439,100
anon_0051530,85
anon_0051420,100
anon_0051439,100
anon_0051420,90
anon_0051470,0
anon_0051381,100
anon_0051470,85
anon_0051470,85
anon_0051470,100
anon_0051489,100
anon_0051458,100
anon_0051381,100
anon_0051489,0
anon_0051470,0
anon_0051381,90
anon_0051443,60
anon_0051439,100
anon_0051381,100
anon_0051489,95
anon_0051443,95
anon_0051420,90
anon_0051489,90
anon_0051439,90
anon_0051480,95
anon_0051439,95
anon_0051381,100
anon_0051420,85
anon_0051470,50
anon_0051489,90
anon_0051439,85
anon_0051489,100
anon_0051420,100
anon_0051381,90
anon_0051470,90
anon_0051513,50
anon_0051470,0
anon_0051443,95
anon_0051530,85
anon_0051489,85
anon_0051420,100
anon_0051387,100
anon_0051530,90
anon_0051513,90
anon_0051439,60
anon_0051420,90
anon_0051420,85
anon_0051420,85
anon_0051470,100
anon_0051381,100
anon_0051381,100
anon_0051489,0
anon_0051420,100
anon_0051439,90
anon_0051513,0
anon_0051420,100
anon_0051470,90
anon_0051420,50
anon_0051458,95
anon_0051470,85
anon_0051489,90
anon_0051470,85
anon_0051530,90
anon_0051470,30
anon_0051420,85
anon_0051387,90
anon_0051458,100
anon_0051387,85
anon_0051489,100
anon_0051439,30
anon_0051470,70
anon_0051480,90
anon_0051465,85
anon_0051439,85
anon_0051470,85
anon_0051489,30
anon_0051470,85
anon_0051480,85
anon_0051480,85
anon_0051387,85
anon_0051513,85
anon_0051439,85
anon_0051513,90
anon_0051443,85
anon_0051465,85
anon_0051513,100
anon_0051465,100
anon_0051465,95
anon_0051465,85
anon_0051458,100
anon_0051465,70
anon_0051465,90
anon_0051489,85
anon_0051470,100
anon_0051513,100
anon_0051573,0
anon_0051537,90
anon_0051573,100
anon_0051472,0
anon_0051538,100
anon_0051414,100
anon_0051489,100
anon_0051458,100
anon_0051414,100
anon_0051537,85
anon_0051414,90
anon_0051489,50
anon_0051458,100
anon_0051537,100
anon_0051513,95
anon_0051573,95
anon_0051370,100
anon_0051576,100
anon_0051472,90
anon_0051489,90
anon_0051489,0
anon_0051573,100
anon_0051448,0
anon_0051573,90
anon_0051538,85
anon_0051537,85
anon_0051537,100
anon_0051538,100
anon_0051538,100
anon_0051538,0
anon_0051472,95
anon_0051537,100
anon_0051439,0
anon_0051537,0
anon_0051370,100
anon_0051489,90
anon_0051489,100
anon_0051538,100
anon_0051472,100
anon_0051439,95
anon_0051480,85
anon_0051458,85
anon_0051538,100
anon_0051538,100
anon_0051472,90
anon_0051472,100
anon_0051573,95
anon_0051537,50
anon_0051537,50
anon_0051458,100
anon_0051513,100
anon_0051458,100
anon_0051480,95
anon_0051458,95
anon_0051480,85
anon_0051513,100
anon_0051537,50
anon_0051576,100
anon_0051513,100
anon_0051573,95
anon_0051530,85
anon_0051576,0
anon_0051480,85
anon_0051480,95
anon_0051472,85
anon_0051480,85
anon_0051472,100
anon_0051489,100
anon_0051576,100
anon_0051537,50
anon_0051537,100
anon_0051489,80
anon_0051513,85
anon_0051458,95
anon_0051414,85
anon_0051537,85
anon_0051472,100
anon_0051489,85
anon_0051537,75
anon_0051513,90
anon_0051537,30
anon_0051513,90
anon_0051576,100
anon_0051448,100
anon_0051489,75
anon_0051564,85
anon_0051370,100
anon_0051448,100
anon_0051414,90
anon_0051480,95
anon_0051564,50
anon_0051576,100
anon_0051489,90
anon_0051489,85
anon_0051537,85
anon_0051576,100
anon_0051458,85
anon_0051564,100
anon_0051414,0
anon_0051414,100
anon_0051414,90
anon_0051513,100
anon_0051564,90
anon_0051472,0
anon_0051538,85
anon_0051573,90
anon_0051564,50
anon_0051513,95
anon_0051513,100
anon_0051480,85
anon_0051414,70
anon_0051489,85
anon_0051564,100
anon_0051537,50
anon_0051564,85
anon_0051537,85
anon_0051513,85
anon_0051564,85
anon_0051564,100
anon_0051414,0
anon_0051448,100
anon_0051573,95
anon_0051513,90
anon_0051370,90
anon_0051448,100
anon_0051414,50
anon_0051472,90
anon_0051513,50
anon_0051513,100
anon_0051537,100
anon_0051513,85
anon_0051576,100
anon_0051538,85
anon_0051414,100
anon_0051538,100
anon_0051537,85
anon_0051448,100
anon_0051414,90
anon_0051414,0
anon_0051537,100
anon_0051472,0
anon_0051537,70
anon_0051370,90
anon_0051538,80
anon_0051513,90
anon_0051573,0
anon_0051458,50
anon_0051381,95
anon_0051381,95
anon_0051472,90
anon_0051513,100
anon_0051513,100
anon_0051573,95
anon_0051537,90
anon_0051472,100
anon_0051513,85
anon_0051414,85
anon_0051537,100
anon_0051538,100
anon_0051538,85
anon_0051537,85
anon_0051370,0
anon_0051530,100
anon_0051370,100
anon_0051537,85
anon_0051381,100
anon_0051414,85
anon_0051530,100
anon_0051538,50
anon_0051370,90
anon_0051370,100
anon_0051472,95
anon_0051537,85
anon_0051370,85
anon_0051530,85
anon_0051537,95
anon_0051537,20
anon_0051414,85
anon_0051537,85
anon_0051573,95
anon_0051414,85
anon_0051414,50
anon_0051370,100
anon_0051537,85
anon_0051537,85
anon_0051370,0
anon_0051530,85
anon_0051620,90
anon_0051513,90
anon_0051608,0
anon_0051513,100
anon_0051513,90
anon_0051620,0
anon_0051608,0
anon_0051617,100
anon_0051608,85
anon_0051513,0
anon_0051414,85
anon_0051620,0
anon_0051513,100
anon_0051513,80
anon_0051458,85
anon_0051573,0
anon_0051634,85
anon_0051666,100
anon_0051592,90
anon_0051626,90
anon_0051573,100
anon_0051573,90
anon_0051634,100
anon_0051538,85
anon_0051634,90
anon_0051634,100
anon_0051573,20
anon_0051626,0
anon_0051564,100
anon_0051564,80
anon_0051634,100
anon_0051538,100
anon_0051564,95
anon_0051617,100
anon_0051592,100
anon_0051414,85
anon_0051573,90
anon_0051634,90
anon_0051414,100
anon_0051538,95
anon_0051513,90
anon_0051564,75
anon_0051538,95
anon_0051513,100
anon_0051513,100
anon_0051617,100
anon_0051513,100
anon_0051513,85
anon_0051538,100
anon_0051617,100
anon_0051513,90
anon_0051513,100
anon_0051458,90
anon_0051666,100
anon_0051564,100
anon_0051538,100
anon_0051564,90
anon_0051458,100
anon_0051666,100
anon_0051458,100
anon_0051617,95
anon_0051620,85
anon_0051538,100
anon_0051620,0
anon_0051634,100
anon_0051617,100
anon_0051573,100
anon_0051513,50
anon_0051564,85
anon_0051513,85
anon_0051596,95
anon_0051513,100
anon_0051458,90
anon_0051617,100
anon_0051458,100
anon_0051617,100
anon_0051538,90
anon_0051513,0
anon_0051617,100
anon_0051458,90
anon_0051596,90
anon_0051564,85
anon_0051626,100
anon_0051564,85
anon_0051620,0
anon_0051513,85
anon_0051513,50
anon_0051617,50
anon_0051458,100
anon_0051564,50
anon_0051592,95
anon_0051564,50
anon_0051617,100
anon_0051608,75
anon_0051458,85
anon_0051439,100
anon_0051513,100
anon_0051439,85
anon_0051573,85
anon_0051513,0
anon_0051596,90
anon_0051458,100
anon_0051595,90
anon_0051538,100
anon_0051458,100
anon_0051538,100
anon_0051595,85
anon_0051564,85
anon_0051626,85
anon_0051564,85
anon_0051538,100
anon_0051513,90
anon_0051564,85
anon_0051458,85
anon_0051576,100
anon_0051626,0
anon_0051439,75
anon_0051564,85
anon_0051538,90
anon_0051538,100
anon_0051439,50
anon_0051513,85
anon_0051595,85
anon_0051576,100
anon_0051439,85
anon_0051573,85
anon_0051458,90
anon_0051439,85
anon_0051439,85
anon_0051439,50
anon_0051595,NA
anon_0051538,100
anon_0051538,100
anon_0051439,85
anon_0051538,100
anon_0051458,100
anon_0051439,85
anon_0051538,80
anon_0051595,50
anon_0051595,85
anon_0051564,75
anon_0051513,50
anon_0051564,100
anon_0051576,0
anon_0051538,90
anon_0051513,0
anon_0051538,85
anon_0051576,100
anon_0051564,85
anon_0051595,95
anon_0051513,0
anon_0051576,0
anon_0051538,0
anon_0051564,85
anon_0051538,85
anon_0051513,100
anon_0051595,90
anon_0051439,0
anon_0051439,90
anon_0051513,85
anon_0051538,85
anon_0051538,85
anon_0051439,85
anon_0051595,95
anon_0051576,50
anon_0051439,85
anon_0051439,90
anon_0051595,70
anon_0051439,85
anon_0051564,95
anon_0051538,90
anon_0051439,85
anon_0051513,100
anon_0051458,95
anon_0051651,100
anon_0051690,100
anon_0051634,100
anon_0051690,100
anon_0051658,100
anon_0051634,85
anon_0051608,85
anon_0051657,90
anon_0051666,100
anon_0051608,100
anon_0051651,90
anon_0051617,100
anon_0051617,0
anon_0051666,100
anon_0051634,50
anon_0051458,100
anon_0051458,50
anon_0051595,85
anon_0051596,100
anon_0051458,100
anon_0051666,85
anon_0051608,100
anon_0051666,85
anon_0051657,100
anon_0051576,100
anon_0051617,50
anon_0051576,0
anon_0051617,85
anon_0051651,100
anon_0051617,20
anon_0051667,100
anon_0051666,90
anon_0051667,85
anon_0051666,90
anon_0051634,85
anon_0051667,90
anon_0051617,0
anon_0051576,85
anon_0051690,100
anon_0051651,100
anon_0051608,0
anon_0051458,100
anon_0051608,100
anon_0051595,100
anon_0051657,0
anon_0051620,100
anon_0051576,100
anon_0051414,50
anon_0051617,100
anon_0051576,100
anon_0051651,90
anon_0051666,75
anon_0051651,50
anon_0051666,95
anon_0051658,90
anon_0051634,85
anon_0051658,90
anon_0051638,85
anon_0051576,85
anon_0051608,100
anon_0051651,100
anon_0051658,100
anon_0051596,100
anon_0051634,100
anon_0051667,100
anon_0051667,80
anon_0051620,100
anon_0051667,100
anon_0051414,90
anon_0051634,85
anon_0051666,70
anon_0051608,0
anon_0051626,95
anon_0051667,85
anon_0051595,NA
anon_0051658,90
anon_0051617,100
anon_0051620,85
anon_0051576,100
anon_0051626,85
anon_0051658,85
anon_0051458,85
anon_0051658,95
anon_0051576,85
anon_0051617,50
anon_0051658,100
anon_0051596,100
anon_0051620,85
anon_0051596,100
anon_0051658,60
anon_0051666,95
anon_0051576,80
anon_0051634,90
anon_0051666,90
anon_0051634,50
anon_0051658,85
anon_0051658,90
anon_0051596,100
anon_0051666,100
anon_0051638,85
anon_0051658,80
anon_0051658,50
anon_0051595,85
anon_0051617,85
anon_0051651,0
anon_0051666,90
anon_0051658,85
anon_0051666,85
anon_0051638,90
anon_0051651,85
anon_0051690,100
anon_0051620,75
anon_0051690,90
anon_0051596,90
anon_0051651,90
anon_0051634,90
anon_0051638,85
anon_0051576,90
anon_0051596,50
anon_0051617,0
anon_0051458,85
anon_0051595,90
anon_0051595,100
anon_0051658,85
anon_0051638,85
anon_0051596,85
anon_0051620,60
anon_0051666,100
anon_0051626,80
anon_0051620,85
anon_0051658,60
anon_0051595,100
anon_0051458,90
anon_0051658,90
anon_0051638,100
anon_0051638,90
anon_0051595,85
anon_0051595,75
anon_0051595,50
anon_0051458,50
anon_0051651,90
anon_0051666,100
anon_0051658,0
anon_0051595,90
anon_0051458,100
anon_0051658,70
anon_0051638,0
anon_0051690,100
anon_0051458,50
anon_0051658,85
anon_0051638,95
anon_0051690,85
anon_0051638,80
anon_0051596,85
anon_0051458,100
anon_0051458,0
anon_0051595,75
anon_0051458,90
anon_0051638,90
anon_0051658,95
anon_0051658,85
anon_0051651,100
anon_0051658,85
anon_0051690,90
anon_0051708,85
anon_0051757,100
anon_0051667,85
anon_0051757,85
anon_0051757,100
anon_0051704,85
anon_0051596,90
anon_0051698,100
anon_0051595,50
anon_0051698,0
anon_0051690,85
anon_0051698,95
anon_0051700,85
anon_0051706,85
anon_0051698,90
anon_0051690,0
anon_0051737,100
anon_0051706,100
anon_0051737,0
anon_0051626,100
anon_0051698,100
anon_0051626,100
anon_0051658,85
anon_0051595,30
anon_0051708,85
anon_0051706,95
anon_0051658,100
anon_0051698,100
anon_0051658,70
anon_0051698,90
anon_0051708,90
anon_0051626,85
anon_0051667,50
anon_0051730,100
anon_0051737,0
anon_0051737,100
anon_0051730,90
anon_0051706,85
anon_0051708,85
anon_0051757,100
anon_0051700,50
anon_0051658,100
anon_0051651,95
anon_0051704,85
anon_0051595,50
anon_0051658,100
anon_0051693,0
anon_0051657,85
anon_0051706,90
anon_0051708,90
anon_0051657,100
anon_0051700,90
anon_0051596,85
anon_0051704,0
anon_0051667,90
anon_0051658,100
anon_0051651,100
anon_0051698,0
anon_0051730,90
anon_0051730,85
anon_0051706,90
anon_0051698,0
anon_0051595,85
anon_0051693,50
anon_0051658,100
anon_0051596,50
anon_0051658,85
anon_0051708,95
anon_0051730,85
anon_0051730,90
anon_0051690,100
anon_0051700,100
anon_0051690,0
anon_0051658,85
anon_0051693,85
anon_0051658,90
anon_0051596,85
anon_0051706,90
anon_0051596,100
anon_0051690,95
anon_0051658,85
anon_0051651,90
anon_0051730,85
anon_0051706,85
anon_0051658,100
anon_0051730,85
anon_0051658,95
anon_0051658,20
anon_0051698,85
anon_0051760,85
anon_0051651,90
anon_0051698,100
anon_0051700,100
anon_0051737,85
anon_0051700,90
anon_0051700,0
anon_0051657,100
anon_0051576,50
anon_0051667,100
anon_0051657,100
anon_0051596,100
anon_0051708,75
anon_0051760,80
anon_0051596,100
anon_0051700,85
anon_0051690,100
anon_0051698,100
anon_0051576,100
anon_0051700,85
anon_0051698,85
anon_0051658,85
anon_0051658,50
anon_0051620,90
anon_0051576,90
anon_0051576,0
anon_0051667,50
anon_0051700,95
anon_0051667,85
anon_0051620,90
anon_0051620,100
anon_0051657,100
anon_0051700,85
anon_0051657,95
anon_0051658,85
anon_0051626,100
anon_0051626,85
anon_0051700,85
anon_0051620,85
anon_0051698,50
anon_0051620,85
anon_0051657,100
anon_0051730,85
anon_0051657,100
anon_0051658,75
anon_0051596,90
anon_0051762,85
anon_0051620,85
anon_0051657,100
anon_0051730,85
anon_0051690,85
anon_0051596,100
anon_0051657,100
anon_0051667,50
anon_0051657,100
anon_0051762,85
anon_0051667,85
anon_0051576,85
anon_0051657,100
anon_0051700,60
anon_0051698,90
anon_0051690,85
anon_0051760,0
anon_0051690,100
anon_0051657,100
anon_0051690,90
anon_0051690,100
anon_0051620,100
anon_0051620,90
anon_0051762,95
anon_0051626,85
anon_0051690,90
anon_0051596,90
anon_0051700,50
anon_0051730,95
anon_0051760,90
anon_0051690,85
anon_0051700,100
anon_0051700,95
anon_0051657,95
anon_0051620,90
anon_0051596,100
anon_0051690,0
anon_0051638,90
anon_0051700,0
anon_0051762,50
anon_0051690,90
anon_0051730,85
anon_0051626,85
anon_0051638,90
anon_0051638,90
anon_0051730,85
anon_0051730,85
anon_0051690,100
anon_0051730,85
anon_0051638,85
anon_0051620,90
anon_0051638,85
anon_0051638,85
anon_0051620,95
anon_0051638,85
anon_0051651,100
anon_0051626,0
anon_0051784,100
anon_0051704,100
anon_0051791,95
anon_0051693,100
anon_0051762,100
anon_0051708,85
anon_0051757,90
anon_0051698,100
anon_0051760,100
anon_0051737,85
anon_0051725,100
anon_0051651,0
anon_0051706,85
anon_0051730,95
anon_0051700,85
anon_0051704,100
anon_0051725,85
anon_0051784,100
anon_0051693,85
anon_0051762,100
anon_0051757,100
anon_0051760,100
anon_0051698,100
anon_0051733,100
anon_0051730,100
anon_0051733,100
anon_0051784,90
anon_0051791,0
anon_0051760,85
anon_0051725,0
anon_0051762,100
anon_0051717,100
anon_0051657,100
anon_0051762,100
anon_0051791,100
anon_0051780,85
anon_0051784,95
anon_0051784,85
anon_0051708,85
anon_0051708,85
anon_0051737,100
anon_0051791,95
anon_0051706,85
anon_0051796,90
anon_0051704,100
anon_0051762,85
anon_0051657,90
anon_0051762,100
anon_0051667,100
anon_0051737,90
anon_0051796,95
anon_0051706,85
anon_0051760,75
anon_0051733,100
anon_0051706,100
anon_0051733,100
anon_0051706,100
anon_0051733,100
anon_0051693,85
anon_0051762,85
anon_0051760,85
anon_0051760,90
anon_0051762,90
anon_0051796,50
anon_0051651,100
anon_0051757,100
anon_0051733,100
anon_0051733,100
anon_0051700,85
anon_0051780,95
anon_0051760,85
anon_0051667,50
anon_0051717,90
anon_0051732,100
anon_0051762,100
anon_0051667,90
anon_0051730,85
anon_0051706,95
anon_0051780,90
anon_0051737,100
anon_0051760,90
anon_0051717,85
anon_0051757,100
anon_0051791,0
anon_0051730,85
anon_0051780,85
anon_0051700,85
anon_0051762,85
anon_0051730,100
anon_0051796,85
anon_0051725,90
anon_0051762,90
anon_0051732,100
anon_0051760,100
anon_0051706,85
anon_0051706,95
anon_0051700,95
anon_0051733,100
anon_0051762,95
anon_0051733,100
anon_0051760,90
anon_0051784,95
anon_0051732,85
anon_0051730,95
anon_0051733,100
anon_0051730,90
anon_0051733,85
anon_0051730,95
anon_0051760,100
anon_0051730,85
anon_0051667,85
anon_0051762,85
anon_0051690,20
anon_0051700,85
anon_0051667,100
anon_0051700,85
anon_0051730,100
anon_0051725,95
anon_0051690,95
anon_0051733,100
anon_0051717,85
anon_0051706,90
anon_0051706,90
anon_0051760,100
anon_0051737,95
anon_0051737,100
anon_0051725,100
anon_0051725,100
anon_0051693,100
anon_0051737,85
anon_0051690,85
anon_0051730,85
anon_0051733,100
anon_0051725,100
anon_0051776,30
anon_0051700,100
anon_0051700,50
anon_0051658,95
anon_0051776,85
anon_0051667,50
anon_0051693,100
anon_0051700,85
anon_0051693,0
anon_0051760,100
anon_0051667,100
anon_0051737,85
anon_0051733,0
anon_0051667,100
anon_0051667,100
anon_0051706,100
anon_0051690,85
anon_0051737,90
anon_0051658,90
anon_0051620,85
anon_0051690,100
anon_0051658,60
anon_0051690,90
anon_0051620,85
anon_0051690,60
anon_0051700,50
anon_0051760,100
anon_0051732,85
anon_0051776,85
anon_0051658,100
anon_0051690,85
anon_0051620,100
anon_0051760,0
anon_0051700,85
anon_0051725,0
anon_0051690,70
anon_0051700,85
anon_0051737,95
anon_0051620,NA
anon_0051737,60
anon_0051776,90
anon_0051658,85
anon_0051620,85
anon_0051620,75
anon_0051620,20
anon_0051620,100
anon_0051690,85
anon_0051658,95
anon_0051760,90
anon_0051620,100
anon_0051658,100
anon_0051658,95
anon_0051658,85
anon_0051620,95
anon_0051620,50
anon_0051737,85
anon_0051733,100
anon_0051620,85
anon_0051737,85
anon_0051706,90
anon_0051760,95
anon_0051620,85
anon_0051620,50
anon_0051690,95
anon_0051658,75
anon_0051700,50
anon_0051620,90
anon_0051762,95
anon_0051762,100
anon_0051760,0
anon_0051762,100
anon_0051651,50
anon_0051725,0
anon_0051796,100
anon_0051815,100
anon_0051760,100
anon_0051651,95
anon_0051737,85
anon_0051706,100
anon_0051762,100
anon_0051762,85
anon_0051706,100
anon_0051706,85
anon_0051706,85
anon_0051822,0
anon_0051760,100
anon_0051809,100
anon_0051762,90
anon_0051757,85
anon_0051651,90
anon_0051693,95
anon_0051762,95
anon_0051790,85
anon_0051815,90
anon_0051757,95
anon_0051820,95
anon_0051809,0
anon_0051790,95
anon_0051762,100
anon_0051717,85
anon_0051820,85
anon_0051737,95
anon_0051725,50
anon_0051791,95
anon_0051790,85
anon_0051706,85
anon_0051776,100
anon_0051796,90
anon_0051708,85
anon_0051651,100
anon_0051815,95
anon_0051790,100
anon_0051820,90
anon_0051760,100
anon_0051791,100
anon_0051762,100
anon_0051651,50
anon_0051815,0
anon_0051737,100
anon_0051667,100
anon_0051796,100
anon_0051693,50
anon_0051815,90
anon_0051706,95
anon_0051791,100
anon_0051776,85
anon_0051760,80
anon_0051784,0
anon_0051706,100
anon_0051776,85
anon_0051706,85
anon_0051708,100
anon_0051776,85
anon_0051737,90
anon_0051693,90
anon_0051776,80
anon_0051776,85
anon_0051708,90
anon_0051776,85
anon_0051725,85
anon_0051667,90
anon_0051796,50
anon_0051822,20
anon_0051737,100
anon_0051762,100
anon_0051790,95
anon_0051737,95
anon_0051796,85
anon_0051820,85
anon_0051776,90
anon_0051725,100
anon_0051815,85
anon_0051708,85
anon_0051708,100
anon_0051796,75
anon_0051790,85
anon_0051651,85
anon_0051704,50
anon_0051776,85
anon_0051667,95
anon_0051651,50
anon_0051717,50
anon_0051776,80
anon_0051725,0
anon_0051708,90
anon_0051796,85
anon_0051762,85
anon_0051708,85
anon_0051708,100
anon_0051725,85
anon_0051760,90
anon_0051760,100
anon_0051725,85
anon_0051725,85
anon_0051760,85
anon_0051760,100
anon_0051776,95
anon_0051732,100
anon_0051796,100
anon_0051776,90
anon_0051717,85
anon_0051780,80
anon_0051717,85
anon_0051667,90
anon_0051760,100
anon_0051760,100
anon_0051760,85
anon_0051638,85
anon_0051780,85
anon_0051791,85
anon_0051732,85
anon_0051620,100
anon_0051725,85
anon_0051760,100
anon_0051717,50
anon_0051733,100
anon_0051796,100
anon_0051620,90
anon_0051796,85
anon_0051780,90
anon_0051796,95
anon_0051760,100
anon_0051693,100
anon_0051725,85
anon_0051732,90
anon_0051796,70
anon_0051776,90
anon_0051651,0
anon_0051620,30
anon_0051704,85
anon_0051725,100
anon_0051733,100
anon_0051725,100
anon_0051733,100
anon_0051796,85
anon_0051704,90
anon_0051791,100
anon_0051733,85
anon_0051717,85
anon_0051638,90
anon_0051791,NA
anon_0051732,90
anon_0051733,85
anon_0051717,100
anon_0051796,95
anon_0051780,85
anon_0051638,100
anon_0051796,75
anon_0051638,95
anon_0051733,85
anon_0051791,85
anon_0051717,90
anon_0051725,90
anon_0051638,85
anon_0051780,85
anon_0051776,90
anon_0051776,85
anon_0051717,85
anon_0051791,90
anon_0051717,85
anon_0051717,85
anon_0051638,85
anon_0051638,60
anon_0051638,75
anon_0051791,95
anon_0051732,0
anon_0051796,85
anon_0051809,100
anon_0051833,100
anon_0051821,100
anon_0051717,100
anon_0051784,90
anon_0051708,90
anon_0051821,0
anon_0051733,90
anon_0051717,100
anon_0051822,0
anon_0051784,100
anon_0051717,100
anon_0051826,100
anon_0051826,100
anon_0051784,100
anon_0051791,0
anon_0051829,100
anon_0051815,85
anon_0051833,50
anon_0051796,100
anon_0051667,100
anon_0051706,90
anon_0051796,85
anon_0051717,100
anon_0051693,100
anon_0051693,90
anon_0051706,90
anon_0051706,85
anon_0051737,50
anon_0051826,85
anon_0051757,95
anon_0051706,85
anon_0051757,85
anon_0051717,85
anon_0051693,85
anon_0051784,100
anon_0051809,90
anon_0051708,75
anon_0051826,100
anon_0051737,100
anon_0051784,100
anon_0051667,90
anon_0051737,85
anon_0051776,85
anon_0051815,90
anon_0051826,100
anon_0051737,85
anon_0051826,90
anon_0051757,90
anon_0051822,0
anon_0051809,100
anon_0051733,100
anon_0051737,90
anon_0051784,30
anon_0051757,100
anon_0051733,100
anon_0051708,100
anon_0051780,85
anon_0051784,75
anon_0051822,90
anon_0051706,95
anon_0051717,85
anon_0051757,95
anon_0051757,50
anon_0051733,50
anon_0051708,50
anon_0051784,95
anon_0051776,95
anon_0051717,85
anon_0051706,90
anon_0051796,85
anon_0051784,100
anon_0051757,90
anon_0051776,85
anon_0051826,90
anon_0051667,100
anon_0051784,90
anon_0051784,85
anon_0051757,95
anon_0051784,85
anon_0051829,0
anon_0051796,30
anon_0051706,50
anon_0051737,100
anon_0051757,85
anon_0051717,95
anon_0051815,80
anon_0051780,50
anon_0051829,90
anon_0051820,100
anon_0051820,100
anon_0051820,85
anon_0051809,95
anon_0051809,80
anon_0051790,85
anon_0051809,85
anon_0051796,100
anon_0051776,85
anon_0051829,100
anon_0051780,100
anon_0051790,50
anon_0051757,50
anon_0051717,85
anon_0051780,85
anon_0051708,85
anon_0051638,85
anon_0051737,0
anon_0051780,100
anon_0051776,90
anon_0051762,100
anon_0051809,70
anon_0051737,95
anon_0051757,90
anon_0051829,100
anon_0051757,100
anon_0051784,75
anon_0051796,30
anon_0051776,100
anon_0051796,85
anon_0051790,90
anon_0051776,95
anon_0051757,70
anon_0051762,100
anon_0051762,20
anon_0051809,95
anon_0051717,100
anon_0051790,85
anon_0051776,100
anon_0051776,90
anon_0051762,90
anon_0051638,80
anon_0051737,90
anon_0051784,75
anon_0051829,90
anon_0051776,70
anon_0051737,0
anon_0051780,100
anon_0051717,95
anon_0051717,95
anon_0051790,85
anon_0051829,85
anon_0051776,85
anon_0051757,85
anon_0051717,95
anon_0051829,100
anon_0051776,85
anon_0051790,85
anon_0051776,60
anon_0051762,85
anon_0051762,100
anon_0051790,95
anon_0051796,70
anon_0051790,85
anon_0051737,85
anon_0051829,100
anon_0051776,85
anon_0051638,95
anon_0051776,0
anon_0051776,70
anon_0051757,85
anon_0051638,100
anon_0051780,100
anon_0051737,85
anon_0051717,85
anon_0051784,60
anon_0051796,60
anon_0051717,0
anon_0051776,85
anon_0051796,100
anon_0051638,85
anon_0051762,85
anon_0051776,85
anon_0051821,100
anon_0051820,100
anon_0051877,90
anon_0051815,0
anon_0051809,100
anon_0051809,100
anon_0051732,0
anon_0051833,100
anon_0051829,100
anon_0051877,100
anon_0051822,85
anon_0051842,100
anon_0051867,0
anon_0051780,50
anon_0051862,100
anon_0051820,50
anon_0051875,0
anon_0051780,50
anon_0051888,100
anon_0051822,0
anon_0051822,20
anon_0051822,100
anon_0051829,100
anon_0051820,85
anon_0051842,90
anon_0051826,85
anon_0051820,70
anon_0051829,100
anon_0051833,100
anon_0051780,90
anon_0051820,100
anon_0051861,90
anon_0051815,95
anon_0051780,30
anon_0051732,100
anon_0051842,85
anon_0051867,0
anon_0051822,50
anon_0051888,75
anon_0051861,90
anon_0051706,0
anon_0051826,0
anon_0051717,20
anon_0051841,85
anon_0051826,100
anon_0051706,30
anon_0051790,0
anon_0051790,85
anon_0051841,90
anon_0051842,100
anon_0051815,85
anon_0051820,90
anon_0051833,100
anon_0051780,90
anon_0051841,85
anon_0051829,90
anon_0051820,67
anon_0051842,95
anon_0051815,0
anon_0051829,100
anon_0051815,50
anon_0051877,85
anon_0051732,0
anon_0051875,0
anon_0051780,60
anon_0051867,85
anon_0051821,90
anon_0051867,90
anon_0051829,100
anon_0051815,85
anon_0051822,85
anon_0051815,0
anon_0051861,85
anon_0051821,85
anon_0051815,0
anon_0051842,95
anon_0051826,85
anon_0051822,60
anon_0051815,100
anon_0051829,95
anon_0051717,85
anon_0051833,85
anon_0051822,100
anon_0051815,90
anon_0051822,50
anon_0051822,0
anon_0051780,75
anon_0051815,95
anon_0051820,90
anon_0051833,100
anon_0051780,85
anon_0051841,95
anon_0051822,85
anon_0051706,85
anon_0051861,0
anon_0051757,85
anon_0051717,50
anon_0051829,0
anon_0051833,100
anon_0051815,85
anon_0051842,100
anon_0051820,90
anon_0051877,0
anon_0051829,100
anon_0051821,95
anon_0051833,100
anon_0051829,100
anon_0051717,85
anon_0051842,100
anon_0051776,50
anon_0051829,100
anon_0051841,85
anon_0051842,100
anon_0051842,85
anon_0051841,90
anon_0051717,85
anon_0051877,100
anon_0051733,0
anon_0051733,90
anon_0051706,85
anon_0051820,95
anon_0051757,85
anon_0051733,0
anon_0051833,90
anon_0051841,85
anon_0051733,90
anon_0051820,50
anon_0051717,85
anon_0051733,100
anon_0051717,85
anon_0051733,100
anon_0051757,85
anon_0051706,90
anon_0051833,90
anon_0051733,100
anon_0051733,85
anon_0051780,85
anon_0051776,85
anon_0051706,90
anon_0051638,100
anon_0051776,90
anon_0051638,50
anon_0051842,85
anon_0051776,90
anon_0051842,0
anon_0051820,85
anon_0051842,85
anon_0051820,90
anon_0051841,85
anon_0051733,100
anon_0051706,85
anon_0051757,100
anon_0051706,85
anon_0051842,90
anon_0051717,85
anon_0051733,90
anon_0051717,85
anon_0051733,100
anon_0051733,100
anon_0051717,85
anon_0051877,90
anon_0051757,80
anon_0051638,85
anon_0051638,60
anon_0051638,50
anon_0051780,50
anon_0051706,85
anon_0051861,100
anon_0051898,100
anon_0051895,95
anon_0051815,100
anon_0051732,50
anon_0051822,0
anon_0051821,100
anon_0051829,85
anon_0051842,100
anon_0051867,0
anon_0051820,90
anon_0051871,100
anon_0051895,85
anon_0051790,0
anon_0051861,0
anon_0051732,90
anon_0051821,100
anon_0051895,0
anon_0051820,85
anon_0051861,95
anon_0051882,100
anon_0051904,100
anon_0051898,100
anon_0051904,90
anon_0051893,100
anon_0051895,85
anon_0051822,50
anon_0051867,95
anon_0051871,100
anon_0051638,85
anon_0051842,100
anon_0051829,50
anon_0051861,100
anon_0051842,95
anon_0051693,90
anon_0051895,85
anon_0051904,100
anon_0051895,100
anon_0051790,50
anon_0051833,85
anon_0051898,0
anon_0051820,85
anon_0051898,100
anon_0051829,100
anon_0051893,0
anon_0051888,85
anon_0051904,85
anon_0051893,70
anon_0051893,95
anon_0051822,85
anon_0051833,90
anon_0051895,70
anon_0051833,85
anon_0051882,95
anon_0051877,90
anon_0051875,50
anon_0051888,50
anon_0051895,70
anon_0051693,100
anon_0051904,100
anon_0051820,95
anon_0051842,90
anon_0051895,90
anon_0051888,95
anon_0051867,50
anon_0051882,0
anon_0051861,100
anon_0051888,60
anon_0051882,100
anon_0051861,100
anon_0051861,100
anon_0051821,85
anon_0051882,100
anon_0051822,0
anon_0051877,100
anon_0051888,100
anon_0051875,85
anon_0051898,100
anon_0051820,90
anon_0051815,100
anon_0051875,85
anon_0051875,85
anon_0051867,50
anon_0051871,100
anon_0051867,85
anon_0051893,90
anon_0051871,100
anon_0051877,0
anon_0051638,85
anon_0051693,60
anon_0051638,95
anon_0051888,0
anon_0051842,100
anon_0051861,100
anon_0051861,95
anon_0051841,85
anon_0051862,50
anon_0051898,85
anon_0051888,0
anon_0051638,30
anon_0051861,95
anon_0051815,50
anon_0051826,100
anon_0051822,85
anon_0051871,100
anon_0051861,90
anon_0051861,100
anon_0051861,100
anon_0051815,95
anon_0051862,90
anon_0051877,95
anon_0051842,85
anon_0051826,100
anon_0051842,90
anon_0051888,85
anon_0051862,100
anon_0051861,100
anon_0051841,85
anon_0051815,95
anon_0051841,70
anon_0051877,85
anon_0051826,95
anon_0051842,50
anon_0051841,85
anon_0051877,95
anon_0051877,100
anon_0051877,95
anon_0051877,100
anon_0051877,95
anon_0051888,85
anon_0051877,100
anon_0051888,85
anon_0051877,80
anon_0051861,90
anon_0051841,85
anon_0051861,90
anon_0051877,90
anon_0051888,0
anon_0051877,0
anon_0051877,95
anon_0051842,20
anon_0051826,95
anon_0051877,95
anon_0051861,100
anon_0051877,90
anon_0051862,90
anon_0051861,100
anon_0051861,85
anon_0051861,85
anon_0051877,90
anon_0051826,90
anon_0051877,90
anon_0051842,100
anon_0051862,85
anon_0051871,100
anon_0051871,100
anon_0051842,100
anon_0051875,0
anon_0051809,0
anon_0051842,50
anon_0051871,100
anon_0051842,100
anon_0051826,90
anon_0051842,100
anon_0051893,85
anon_0051826,100
anon_0051809,100
anon_0051895,100
anon_0051893,95
anon_0051790,85
anon_0051693,50
anon_0051913,100
anon_0051877,100
anon_0051833,50
anon_0051913,100
anon_0051875,0
anon_0051833,85
anon_0051882,100
anon_0051732,85
anon_0051826,100
anon_0051913,100
anon_0051904,95
anon_0051893,95
anon_0051871,100
anon_0051842,100
anon_0051842,95
anon_0051893,70
anon_0051893,95
anon_0051875,90
anon_0051842,100
anon_0051842,30
anon_0051809,90
anon_0051871,100
anon_0051809,100
anon_0051904,90
anon_0051842,95
anon_0051826,75
anon_0051693,80
anon_0051841,100
anon_0051833,100
anon_0051913,75
anon_0051842,85
anon_0051841,85
anon_0051875,40
anon_0051877,75
anon_0051841,100
anon_0051809,90
anon_0051920,0
anon_0051815,100
anon_0051809,100
anon_0051877,0
anon_0051877,50
anon_0051877,85
anon_0051833,90
anon_0051877,100
anon_0051833,100
anon_0051877,100
anon_0051877,100
anon_0051809,90
anon_0051809,100
anon_0051913,90
anon_0051842,100
anon_0051833,100
anon_0051882,90
anon_0051693,0
anon_0051893,85
anon_0051842,50
anon_0051877,90
anon_0051913,90
anon_0051820,85
anon_0051842,95
anon_0051833,90
anon_0051809,100
anon_0051732,100
anon_0051842,90
anon_0051842,85
anon_0051877,95
anon_0051882,90
anon_0051913,90
anon_0051877,50
anon_0051877,100
anon_0051920,85
anon_0051877,85
anon_0051882,100
anon_0051693,90
anon_0051693,100
anon_0051893,95
anon_0051861,100
anon_0051638,95
anon_0051815,90
anon_0051809,85
anon_0051920,50
anon_0051822,0
anon_0051638,0
anon_0051693,100
anon_0051842,50
anon_0051842,20
anon_0051842,90
anon_0051877,85
anon_0051833,85
anon_0051877,90
anon_0051822,100
anon_0051861,80
anon_0051693,50
anon_0051893,95
anon_0051893,100
anon_0051815,0
anon_0051877,85
anon_0051898,90
anon_0051861,100
anon_0051893,100
anon_0051815,85
anon_0051638,85
anon_0051822,85
anon_0051920,0
anon_0051877,75
anon_0051898,95
anon_0051893,85
anon_0051882,100
anon_0051638,100
anon_0051882,95
anon_0051920,90
anon_0051820,80
anon_0051820,70
anon_0051693,70
anon_0051882,80
anon_0051638,50
anon_0051861,90
anon_0051882,100
anon_0051898,95
anon_0051882,50
anon_0051898,85
anon_0051882,100
anon_0051815,0
anon_0051898,100
anon_0051822,0
anon_0051898,95
anon_0051820,85
anon_0051820,100
anon_0051862,100
anon_0051820,85
anon_0051898,95
anon_0051882,100
anon_0051898,100
anon_0051877,85
anon_0051898,90
anon_0051920,90
anon_0051862,95
anon_0051898,95
anon_0051893,95
anon_0051920,0
anon_0051861,100
anon_0051877,85
anon_0051862,90
anon_0051898,90
anon_0051820,50
anon_0051893,85
anon_0051882,100
anon_0051862,95
anon_0051893,100
anon_0051893,100
anon_0051638,70
anon_0051862,85
anon_0051861,85
anon_0051882,85
anon_0051638,30
anon_0051882,85
anon_0051882,85
anon_0051882,85
anon_0051882,85
anon_0051882,75
anon_0051882,85
anon_0051820,90
anon_0051638,0
anon_0051882,50
anon_0051893,85
anon_0051862,100
anon_0051815,95
anon_0051877,30
anon_0051893,95
anon_0051882,80
anon_0051898,100
anon_0051893,85
anon_0051898,85
anon_0051882,95
anon_0051893,85
anon_0051893,90
anon_0051882,50
anon_0051893,85
anon_0051893,95
anon_0051841,90
anon_0051882,95
anon_0051815,0
anon_0051882,90
anon_0051895,100
anon_0051833,85
anon_0051893,85
anon_0051833,100
anon_0051862,0
anon_0051820,90
anon_0051913,100
anon_0051957,0
anon_0051826,100
anon_0051898,95
anon_0051913,100
anon_0051904,50
anon_0051882,90
anon_0051898,90
anon_0051820,100
anon_0051732,0
anon_0051957,50
anon_0051961,95
anon_0051898,100
anon_0051913,100
anon_0051882,100
anon_0051938,100
anon_0051895,90
anon_0051833,100
anon_0051913,100
anon_0051822,85
anon_0051826,100
anon_0051882,0
anon_0051841,85
anon_0051913,85
anon_0051820,100
anon_0051920,0
anon_0051882,90
anon_0051913,100
anon_0051638,95
anon_0051882,100
anon_0051946,100
anon_0051822,50
anon_0051946,90
anon_0051862,100
anon_0051638,85
anon_0051968,100
anon_0051882,95
anon_0051882,0
anon_0051958,90
anon_0051882,100
anon_0051904,90
anon_0051809,95
anon_0051833,85
anon_0051638,20
anon_0051920,90
anon_0051862,100
anon_0051913,100
anon_0051938,100
anon_0051920,0
anon_0051968,80
anon_0051882,100
anon_0051913,85
anon_0051809,85
anon_0051638,85
anon_0051638,75
anon_0051809,95
anon_0051961,95
anon_0051946,100
anon_0051833,100
anon_0051968,100
anon_0051862,100
anon_0051913,100
anon_0051882,100
anon_0051882,85
anon_0051913,90
anon_0051638,30
anon_0051826,100
anon_0051822,0
anon_0051913,85
anon_0051946,100
anon_0051732,90
anon_0051638,85
anon_0051904,85
anon_0051895,90
anon_0051809,100
anon_0051833,0
anon_0051961,90
anon_0051862,95
anon_0051957,0
anon_0051895,50
anon_0051822,90
anon_0051895,90
anon_0051958,85
anon_0051833,95
anon_0051968,90
anon_0051920,90
anon_0051841,85
anon_0051913,85
anon_0051946,100
anon_0051893,90
anon_0051638,95
anon_0051895,70
anon_0051938,100
anon_0051946,85
anon_0051920,85
anon_0051913,60
anon_0051893,100
anon_0051898,100
anon_0051938,100
anon_0051904,85
anon_0051826,100
anon_0051946,90
anon_0051895,50
anon_0051893,85
anon_0051893,90
anon_0051826,90
anon_0051895,100
anon_0051826,85
anon_0051920,90
anon_0051893,100
anon_0051913,85
anon_0051893,90
anon_0051898,100
anon_0051898,100
anon_0051913,90
anon_0051895,100
anon_0051882,85
anon_0051913,85
anon_0051895,70
anon_0051895,85
anon_0051893,100
anon_0051913,100
anon_0051893,100
anon_0051893,75
anon_0051898,90
anon_0051895,90
anon_0051938,100
anon_0051638,20
anon_0051893,85
anon_0051893,100
anon_0051920,85
anon_0051895,100
anon_0051898,90
anon_0051893,85
anon_0051938,100
anon_0051893,90
anon_0051893,85
anon_0051638,85
anon_0051893,90
anon_0051898,90
anon_0051893,90
anon_0051893,85
anon_0051893,85
anon_0051893,90
anon_0051895,75
anon_0051638,85
anon_0051893,95
anon_0051638,50
anon_0051920,95
anon_0051895,80
anon_0051893,85
anon_0051638,85
anon_0051920,100
anon_0051898,85
anon_0051895,100
anon_0051895,90
anon_0051893,75
anon_0051895,100
anon_0051638,85
anon_0051893,85
anon_0051895,85
anon_0051893,85
anon_0051893,90
anon_0051893,70
anon_0051638,85
anon_0051913,40
anon_0051893,90
anon_0051898,100
anon_0051893,85
anon_0051893,85
anon_0051893,75
anon_0051826,85
anon_0051893,85
anon_0051895,85
anon_0051893,90
anon_0051893,100
anon_0051638,85
anon_0051893,100
anon_0051638,0
anon_0051973,100
anon_0051969,100
anon_0051973,100
anon_0051969,100
anon_0051955,100
anon_0051958,100
anon_0051867,0
anon_0051969,100
anon_0051882,85
anon_0051826,100
anon_0051882,100
anon_0051946,0
anon_0051968,0
anon_0051961,100
anon_0051958,90
anon_0051841,100
anon_0051958,100
anon_0051904,90
anon_0051969,100
anon_0051920,85
anon_0051969,91
anon_0051968,0
anon_0051973,90
anon_0051961,85
anon_0051976,90
anon_0051882,100
anon_0051973,100
anon_0051976,90
anon_0051955,0
anon_0051973,85
anon_0051882,90
anon_0051946,50
anon_0051972,90
anon_0051638,85
anon_0051973,90
anon_0051973,100
anon_0051958,100
anon_0051973,100
anon_0051972,0
anon_0051958,95
anon_0051938,100
anon_0051826,85
anon_0051904,0
anon_0051904,95
anon_0051790,0
anon_0051969,100
anon_0051826,85
anon_0052000,0
anon_0051958,85
anon_0051971,90
anon_0051971,85
anon_0051972,85
anon_0051958,100
anon_0051938,0
anon_0051826,85
anon_0051826,85
anon_0051920,85
anon_0051996,100
anon_0051973,100
anon_0051957,0
anon_0051958,90
anon_0051973,100
anon_0052000,0
anon_0051638,85
anon_0051958,90
anon_0051638,85
anon_0051969,100
anon_0051904,100
anon_0051920,90
anon_0051973,100
anon_0051973,100
anon_0051882,85
anon_0051968,100
anon_0051968,0
anon_0051790,0
anon_0051973,85
anon_0051638,90
anon_0051968,100
anon_0051938,100
anon_0051938,100
anon_0051826,85
anon_0051841,85
anon_0051973,90
anon_0051826,85
anon_0051790,100
anon_0051790,0
anon_0051973,85
anon_0051955,0
anon_0051972,100
anon_0051841,75
anon_0051826,85
anon_0051950,NA
anon_0051638,90
anon_0051973,85
anon_0051938,95
anon_0051882,85
anon_0051862,100
anon_0051862,90
anon_0051976,90
anon_0051972,85
anon_0051968,90
anon_0051920,85
anon_0051972,50
anon_0051950,100
anon_0051972,70
anon_0051950,20
anon_0052000,0
anon_0051862,85
anon_0051898,85
anon_0051898,85
anon_0051972,85
anon_0051898,95
anon_0051968,100
anon_0051938,100
anon_0051972,95
anon_0051862,85
anon_0051972,95
anon_0052000,100
anon_0051972,100
anon_0052000,100
anon_0051693,100
anon_0051972,75
anon_0052000,100
anon_0051693,100
anon_0051693,75
anon_0051968,100
anon_0052000,0
anon_0051862,0
anon_0052000,100
anon_0051904,85
anon_0051950,90
anon_0051972,90
anon_0051790,50
anon_0051968,30
anon_0051841,75
anon_0051972,90
anon_0052000,100
anon_0051950,90
anon_0051898,100
anon_0051841,85
anon_0051898,50
anon_0051972,85
anon_0051693,100
anon_0051972,90
anon_0051862,0
anon_0051898,90
anon_0051693,100
anon_0051972,70
anon_0051968,95
anon_0051898,85
anon_0051862,85
anon_0051968,50
anon_0051950,60
anon_0051898,95
anon_0051841,95
anon_0051693,90
anon_0051968,50
anon_0051938,100
anon_0051968,50
anon_0051968,100
anon_0052023,0
anon_0051955,0
anon_0052015,90
anon_0052023,90
anon_0051938,0
anon_0051971,85
anon_0051971,0
anon_0051841,100
anon_0051898,100
anon_0052015,0
anon_0051950,100
anon_0051950,100
anon_0051950,100
anon_0051996,100
anon_0051973,85
anon_0051898,100
anon_0052030,85
anon_0051946,95
anon_0051957,100
anon_0051957,95
anon_0051841,0
anon_0051957,100
anon_0051957,90
anon_0052015,0
anon_0052015,0
anon_0051996,90
anon_0051867,85
anon_0051973,85
anon_0051841,85
anon_0051867,0
anon_0051973,85
anon_0051973,90
anon_0052015,100
anon_0051937,100
anon_0051957,100
anon_0051898,100
anon_0051973,100
anon_0051973,50
anon_0051996,90
anon_0051972,100
anon_0051841,100
anon_0052015,100
anon_0051898,85
anon_0051973,85
anon_0052023,100
anon_0051971,85
anon_0052023,90
anon_0051950,100
anon_0051973,100
anon_0051938,0
anon_0051996,0
anon_0051946,100
anon_0052030,90
anon_0051971,85
anon_0051938,100
anon_0051973,85
anon_0052015,100
anon_0051920,90
anon_0051973,85
anon_0051976,NA
anon_0051937,100
anon_0051957,100
anon_0051937,100
anon_0051958,85
anon_0051841,85
anon_0051972,85
anon_0052015,100
anon_0052023,95
anon_0051973,70
anon_0051957,85
anon_0052030,95
anon_0051841,85
anon_0051961,90
anon_0051961,85
anon_0051958,90
anon_0051937,0
anon_0051972,90
anon_0051973,95
anon_0051961,90
anon_0052015,85
anon_0052030,85
anon_0051937,100
anon_0052030,85
anon_0052015,85
anon_0051976,75
anon_0052023,95
anon_0051971,75
anon_0051958,85
anon_0051961,100
anon_0052023,NA
anon_0051937,100
anon_0052030,85
anon_0051946,85
anon_0051957,85
anon_0051946,85
anon_0051971,85
anon_0051973,90
anon_0051958,85
anon_0051972,100
anon_0051968,100
anon_0051972,100
anon_0051946,85
anon_0051973,90
anon_0051996,75
anon_0052015,85
anon_0051973,85
anon_0051946,85
anon_0051937,100
anon_0051996,0
anon_0051973,100
anon_0051968,90
anon_0051958,85
anon_0051938,85
anon_0051969,100
anon_0051972,100
anon_0051826,85
anon_0051968,95
anon_0051961,50
anon_0051973,60
anon_0051969,50
anon_0051968,95
anon_0051973,NA
anon_0051790,80
anon_0051972,100
anon_0051972,100
anon_0051961,85
anon_0051920,85
anon_0051961,90
anon_0051968,95
anon_0051968,90
anon_0051969,100
anon_0051969,100
anon_0051969,100
anon_0051826,50
anon_0051968,100
anon_0051961,100
anon_0051973,85
anon_0051968,100
anon_0051937,100
anon_0051937,100
anon_0051968,95
anon_0051973,85
anon_0051790,100
anon_0051968,100
anon_0051968,70
anon_0051969,100
anon_0051972,85
anon_0051961,50
anon_0051790,85
anon_0051961,90
anon_0051972,85
anon_0051961,85
anon_0051972,80
anon_0051790,20
anon_0051968,85
anon_0051968,50
anon_0051790,100
anon_0051961,95
anon_0051973,90
anon_0051968,100
anon_0051968,85
anon_0051973,85
anon_0051968,70
anon_0051937,100
anon_0051973,85
anon_0051968,90
anon_0051973,85
anon_0051790,85
anon_0051826,85
anon_0051968,85
anon_0051968,90
anon_0051968,85
anon_0051867,85
anon_0051973,85
anon_0051973,85
anon_0051973,90
anon_0051968,0
anon_0051976,85
anon_0051957,100
anon_0051867,100
anon_0051976,100
anon_0051969,100
anon_0051937,100
anon_0051957,60
anon_0051996,90
anon_0051950,90
anon_0052000,90
anon_0052042,90
anon_0051957,100
anon_0051976,0
anon_0051961,90
anon_0052042,85
anon_0052023,85
anon_0051841,95
anon_0052051,100
anon_0051957,90
anon_0051976,100
anon_0051826,85
anon_0051976,100
anon_0051976,100
anon_0052045,85
anon_0052000,75
anon_0051976,85
anon_0051950,75
anon_0051950,0
anon_0051957,80
anon_0051841,90
anon_0051937,100
anon_0051969,0
anon_0051826,100
anon_0051968,100
anon_0051946,0
anon_0051937,100
anon_0052042,50
anon_0052023,85
anon_0051950,100
anon_0051957,100
anon_0051969,100
anon_0052051,95
anon_0051950,90
anon_0051969,85
anon_0051867,85
anon_0052042,95
anon_0051961,50
anon_0051968,85
anon_0051969,85
anon_0052023,100
anon_0051955,100
anon_0051961,85
anon_0051976,50
anon_0052051,100
anon_0051938,100
anon_0051957,90
anon_0052000,60
anon_0051969,100
anon_0052042,85
anon_0051950,100
anon_0051961,100
anon_0051961,85
anon_0051937,100
anon_0051937,100
anon_0052000,85
anon_0051841,50
anon_0051957,50
anon_0051976,85
anon_0052042,90
anon_0051961,85
anon_0051976,95
anon_0052000,50
anon_0051976,40
anon_0051961,85
anon_0051937,100
anon_0051937,100
anon_0051957,100
anon_0052042,90
anon_0051955,85
anon_0051957,100
anon_0051968,85
anon_0051958,85
anon_0051961,70
anon_0051826,70
anon_0051976,85
anon_0051950,0
anon_0051976,75
anon_0051841,85
anon_0052045,0
anon_0051957,90
anon_0051958,95
anon_0051958,85
anon_0051996,95
anon_0052000,85
anon_0052042,95
anon_0051996,100
anon_0051968,85
anon_0051841,85
anon_0052042,90
anon_0052045,50
anon_0052023,0
anon_0051937,50
anon_0051976,85
anon_0051971,100
anon_0051958,95
anon_0051996,100
anon_0051996,100
anon_0051938,95
anon_0051961,85
anon_0052045,0
anon_0052045,50
anon_0051961,70
anon_0051938,85
anon_0051938,90
anon_0052030,50
anon_0051938,85
anon_0051958,85
anon_0051961,85
anon_0051958,100
anon_0051937,0
anon_0051958,100
anon_0051938,100
anon_0051841,90
anon_0052023,90
anon_0051996,0
anon_0052030,50
anon_0051950,90
anon_0051938,100
anon_0052030,50
anon_0052030,70
anon_0052045,50
anon_0051996,90
anon_0052030,75
anon_0051968,100
anon_0051961,100
anon_0051968,100
anon_0052023,85
anon_0051958,70
anon_0051971,85
anon_0052045,85
anon_0051968,80
anon_0051961,90
anon_0051968,75
anon_0052023,100
anon_0051937,100
anon_0052045,75
anon_0051968,100
anon_0051968,100
anon_0052000,0
anon_0051971,100
anon_0051961,100
anon_0051968,50
anon_0052000,50
anon_0051996,100
anon_0051961,95
anon_0052000,85
anon_0051968,85
anon_0051968,90
anon_0052023,85
anon_0051968,85
anon_0051968,50
anon_0052030,90
anon_0052030,NA
anon_0051961,85
anon_0051937,85
anon_0051968,100
anon_0051968,85
anon_0051968,100
anon_0051958,50
anon_0052023,85
anon_0051971,85
anon_0052000,85
anon_0051958,95
anon_0051961,95
anon_0051961,85
anon_0051968,85
anon_0051961,90
anon_0051968,85
anon_0052030,85
anon_0051961,80
anon_0052030,100
anon_0051968,90
anon_0052023,70
anon_0051968,0
anon_0051968,85
anon_0051958,85
anon_0052023,85
anon_0051958,95
anon_0052000,85
anon_0051968,90
anon_0051961,100
anon_0051958,80
anon_0052030,50
anon_0051968,85
anon_0051968,85
anon_0052030,0
anon_0051958,95
anon_0051968,85
anon_0052030,85
anon_0052030,85
anon_0051958,95
anon_0052030,85
anon_0051950,100
anon_0052000,85
anon_0051937,100
anon_0051958,100
anon_0052073,95
anon_0052084,100
anon_0052084,100
anon_0052084,100
anon_0052073,85
anon_0051976,0
anon_0051937,100
anon_0052073,100
anon_0052023,0
anon_0052071,0
anon_0051938,100
anon_0052051,0
anon_0051969,85
anon_0052085,85
anon_0051996,100
anon_0052077,0
anon_0051938,0
anon_0052071,0
anon_0051969,100
anon_0051950,0
anon_0052055,85
anon_0052055,85
anon_0051976,90
anon_0051969,100
anon_0052077,85
anon_0051955,90
anon_0052077,0
anon_0051996,100
anon_0051937,100
anon_0052023,90
anon_0051950,100
anon_0052070,50
anon_0052051,50
anon_0052055,100
anon_0052023,50
anon_0051938,85
anon_0051950,100
anon_0052051,100
anon_0052070,100
anon_0051969,90
anon_0052055,100
anon_0051968,100
anon_0051968,100
anon_0052023,0
anon_0052084,100
anon_0051938,100
anon_0051996,100
anon_0051950,90
anon_0052055,95
anon_0051969,90
anon_0052055,0
anon_0052070,20
anon_0051968,100
anon_0052070,95
anon_0052055,85
anon_0051937,80
anon_0051938,85
anon_0052070,85
anon_0052023,100
anon_0052084,100
anon_0051996,0
anon_0052084,100
anon_0052073,90
anon_0051996,90
anon_0051938,85
anon_0052084,100
anon_0051955,85
anon_0052055,50
anon_0051968,85
anon_0052073,100
anon_0051969,95
anon_0052073,50
anon_0052073,100
anon_0052023,90
anon_0052051,90
anon_0052077,0
anon_0052070,85
anon_0052051,100
anon_0052085,85
anon_0052023,90
anon_0051955,70
anon_0052070,85
anon_0052073,60
anon_0052055,85
anon_0051996,85
anon_0052051,90
anon_0051937,100
anon_0051996,80
anon_0052055,0
anon_0052042,100
anon_0052055,85
anon_0052023,100
anon_0052073,85
anon_0051976,50
anon_0052051,100
anon_0051969,90
anon_0052023,85
anon_0051950,90
anon_0052051,95
anon_0052051,100
anon_0052073,85
anon_0052023,85
anon_0052023,95
anon_0052071,0
anon_0052051,100
anon_0052051,100
anon_0052051,100
anon_0052051,95
anon_0052045,50
anon_0052051,100
anon_0052042,100
anon_0052045,0
anon_0052051,100
anon_0052042,50
anon_0052042,90
anon_0052045,90
anon_0051976,85
anon_0051937,100
anon_0051976,85
anon_0051937,85
anon_0052081,100
anon_0052045,100
anon_0052042,85
anon_0052077,95
anon_0052042,100
anon_0051937,80
anon_0051996,90
anon_0052051,0
anon_0052042,100
anon_0052051,100
anon_0051976,50
anon_0052051,100
anon_0052081,50
anon_0051937,0
anon_0052077,0
anon_0051976,90
anon_0052051,100
anon_0052051,90
anon_0051976,85
anon_0052045,90
anon_0052081,85
anon_0052081,0
anon_0052042,90
anon_0052042,85
anon_0052042,85
anon_0052081,85
anon_0052051,50
anon_0052045,90
anon_0052081,95
anon_0052045,100
anon_0052045,85
anon_0052051,95
anon_0052081,85
anon_0052045,100
anon_0051937,50
anon_0052081,90
anon_0052042,85
anon_0052045,100
anon_0052045,85
anon_0051976,40
anon_0052081,100
anon_0052045,50
anon_0052051,90
anon_0052081,90
anon_0052081,85
anon_0051937,100
anon_0052071,0
anon_0052070,100
anon_0052042,90
anon_0052087,85
anon_0052073,95
anon_0052087,90
anon_0052073,100
anon_0052085,90
anon_0052099,100
anon_0052084,100
anon_0051976,50
anon_0051969,85
anon_0052087,100
anon_0052084,85
anon_0052084,0
anon_0052087,100
anon_0052066,0
anon_0052087,50
anon_0052085,50
anon_0051937,100
anon_0052117,90
anon_0052112,75
anon_0051976,100
anon_0052099,95
anon_0052087,85
anon_0052084,100
anon_0051937,100
anon_0052073,100
anon_0052066,0
anon_0052087,50
anon_0052085,80
anon_0052073,50
anon_0052070,100
anon_0052084,100
anon_0052042,85
anon_0052085,80
anon_0052085,50
anon_0051976,85
anon_0052117,90
anon_0052070,0
anon_0051996,100
anon_0052085,0
anon_0051996,95
anon_0051996,100
anon_0052073,85
anon_0052084,100
anon_0052085,70
anon_0052085,90
anon_0052084,90
anon_0052122,0
anon_0051976,50
anon_0052085,85
anon_0052085,100
anon_0052073,90
anon_0051969,100
anon_0052099,90
anon_0052084,100
anon_0051996,95
anon_0052085,95
anon_0052042,90
anon_0052084,90
anon_0052112,85
anon_0052084,100
anon_0052108,90
anon_0051976,85
anon_0052084,100
anon_0051969,90
anon_0052112,80
anon_0052084,95
anon_0051969,30
anon_0051976,95
anon_0052085,85
anon_0052073,85
anon_0052070,100
anon_0052085,0
anon_0052073,50
anon_0052084,100
anon_0052085,50
anon_0052085,85
anon_0052084,0
anon_0051969,95
anon_0052117,90
anon_0052118,90
anon_0051937,100
anon_0052042,90
anon_0052108,85
anon_0052070,100
anon_0052085,85
anon_0052112,90
anon_0052081,50
anon_0051969,100
anon_0052081,95
anon_0052085,85
anon_0052099,90
anon_0052073,50
anon_0052073,50
anon_0052073,85
anon_0052122,85
anon_0051937,75
anon_0052112,90
anon_0052073,85
anon_0052084,100
anon_0052084,100
anon_0052071,0
anon_0052070,100
anon_0051976,85
anon_0052117,90
anon_0052081,85
anon_0052118,100
anon_0052118,100
anon_0052117,90
anon_0052081,100
anon_0052118,100
anon_0052070,85
anon_0052070,50
anon_0051937,100
anon_0052081,0
anon_0052134,90
anon_0052081,100
anon_0052084,90
anon_0052134,85
anon_0052117,85
anon_0052073,100
anon_0052081,90
anon_0052118,100
anon_0052081,85
anon_0052081,100
anon_0052118,100
anon_0051969,0
anon_0052070,90
anon_0051937,100
anon_0051937,95
anon_0052084,100
anon_0052081,70
anon_0051937,85
anon_0052073,85
anon_0052081,0
anon_0052081,100
anon_0051969,75
anon_0052117,85
anon_0052084,100
anon_0052071,0
anon_0052084,95
anon_0052118,100
anon_0052071,0
anon_0052081,0
anon_0052117,85
anon_0052081,85
anon_0052073,100
anon_0052081,85
anon_0052117,90
anon_0052073,90
anon_0052081,95
anon_0052070,80
anon_0052085,85
anon_0051969,50
anon_0052081,100
anon_0052073,95
anon_0052081,0
anon_0052070,85
anon_0052071,95
anon_0052085,90
anon_0052070,85
anon_0052085,95
anon_0052081,85
anon_0052073,100
anon_0052117,85
anon_0051969,100
anon_0052118,100
anon_0051969,50
anon_0052084,100
anon_0052073,90
anon_0052081,100
anon_0052081,100
anon_0052134,100
anon_0052073,85
anon_0052081,40
anon_0052073,100
anon_0052073,100
anon_0052070,85
anon_0052085,85
anon_0052073,100
anon_0052073,100
anon_0052071,85
anon_0052085,85
anon_0052134,90
anon_0052085,85
anon_0052117,85
anon_0051969,NA
anon_0052023,0
anon_0052023,90
anon_0052023,85
anon_0052023,95
anon_0052023,50
anon_0052118,0
anon_0052118,85
anon_0052073,100
anon_0052071,0
anon_0052081,0
anon_0052118,95
anon_0052112,90
anon_0052087,100
anon_0052108,100
anon_0052118,0
anon_0052085,0
anon_0052134,100
anon_0052073,90
anon_0052134,0
anon_0052066,100
anon_0052134,85
anon_0052066,100
anon_0052134,85
anon_0052134,90
anon_0052084,100
anon_0052085,100
anon_0052084,100
anon_0052081,0
anon_0052108,100
anon_0052123,100
anon_0052108,100
anon_0052134,100
anon_0052085,90
anon_0052108,100
anon_0052085,85
anon_0052071,0
anon_0052108,100
anon_0052071,0
anon_0052087,100
anon_0052081,100
anon_0052118,85
anon_0052084,100
anon_0052081,85
anon_0052172,0
anon_0052108,100
anon_0052134,90
anon_0052066,85
anon_0052156,100
anon_0052099,50
anon_0052099,100
anon_0052123,100
anon_0052073,85
anon_0052108,100
anon_0052085,100
anon_0052066,0
anon_0052085,100
anon_0052085,100
anon_0052084,100
anon_0052162,85
anon_0052108,100
anon_0052118,100
anon_0052150,80
anon_0052108,40
anon_0052084,0
anon_0052134,85
anon_0052099,0
anon_0052071,100
anon_0052118,0
anon_0052108,95
anon_0052147,85
anon_0052108,85
anon_0052108,100
anon_0052073,85
anon_0052118,85
anon_0052162,85
anon_0052084,90
anon_0052071,90
anon_0052112,85
anon_0052081,50
anon_0052134,85
anon_0052134,90
anon_0052071,66
anon_0052134,95
anon_0052108,95
anon_0052081,85
anon_0052085,100
anon_0052081,95
anon_0052134,NA
anon_0052150,0
anon_0052117,100
anon_0052123,90
anon_0052156,85
anon_0052185,85
anon_0052071,100
anon_0052081,85
anon_0052084,90
anon_0052150,85
anon_0052084,100
anon_0052071,50
anon_0052071,85
anon_0052134,85
anon_0052112,90
anon_0052117,100
anon_0052081,85
anon_0052087,100
anon_0052084,100
anon_0052156,100
anon_0052185,100
anon_0052071,100
anon_0052073,85
anon_0052156,85
anon_0052071,85
anon_0052071,100
anon_0052066,85
anon_0052071,90
anon_0052117,70
anon_0052117,95
anon_0052117,100
anon_0052123,85
anon_0052134,75
anon_0052084,80
anon_0052159,100
anon_0052117,100
anon_0052123,100
anon_0052071,80
anon_0052117,85
anon_0052117,85
anon_0052117,100
anon_0052117,90
anon_0052071,100
anon_0052087,100
anon_0052117,85
anon_0052085,90
anon_0052134,85
anon_0052117,100
anon_0052084,90
anon_0052123,85
anon_0052117,85
anon_0052084,100
anon_0052117,90
anon_0052084,100
anon_0052085,90
anon_0052185,85
anon_0052123,85
anon_0052159,100
anon_0052117,85
anon_0052071,50
anon_0052185,85
anon_0052117,85
anon_0052117,90
anon_0052117,85
anon_0052123,95
anon_0052117,95
anon_0052117,60
anon_0052117,90
anon_0052117,85
anon_0052071,50
anon_0052117,85
anon_0052150,90
anon_0052172,50
anon_0052087,90
anon_0052087,0
anon_0052117,90
anon_0052085,100
anon_0052085,85
anon_0052117,85
anon_0052117,85
anon_0052159,85
anon_0052084,90
anon_0052085,90
anon_0052123,95
anon_0052085,85
anon_0052117,85
anon_0052084,20
anon_0052087,100
anon_0052117,85
anon_0052085,80
anon_0052123,100
anon_0052087,85
anon_0052112,0
anon_0052085,85
anon_0052084,85
anon_0052117,85
anon_0052085,85
anon_0052085,100
anon_0052185,85
anon_0052085,95
anon_0052159,90
anon_0052085,95
anon_0052085,90
anon_0052085,85
anon_0052085,100
anon_0052085,85
anon_0052085,85
anon_0052175,100
anon_0052159,0
anon_0052181,100
anon_0052108,100
anon_0052172,95
anon_0052199,95
anon_0052201,100
anon_0052172,70
anon_0052156,85
anon_0052172,100
anon_0052108,95
anon_0052118,100
anon_0052108,100
anon_0052099,85
anon_0052228,100
anon_0052123,100
anon_0052081,85
anon_0052108,100
anon_0052172,85
anon_0052176,100
anon_0052084,85
anon_0052204,50
anon_0052173,50
anon_0052199,90
anon_0052159,85
anon_0052176,100
anon_0052204,0
anon_0052173,90
anon_0052172,85
anon_0052228,90
anon_0052173,85
anon_0052099,85
anon_0052150,100
anon_0052204,0
anon_0052181,95
anon_0052081,85
anon_0052173,100
anon_0052172,85
anon_0052150,0
anon_0052181,85
anon_0052084,85
anon_0052084,70
anon_0052172,0
anon_0052176,50
anon_0052162,100
anon_0052173,95
anon_0052173,100
anon_0052162,85
anon_0052084,85
anon_0052099,90
anon_0052199,85
anon_0052201,95
anon_0052108,90
anon_0052201,100
anon_0052066,0
anon_0052118,95
anon_0052162,100
anon_0052108,70
anon_0052162,85
anon_0052084,90
anon_0052185,85
anon_0052181,100
anon_0052156,90
anon_0052172,75
anon_0052156,95
anon_0052228,95
anon_0052150,85
anon_0052156,100
anon_0052108,85
anon_0052204,50
anon_0052099,90
anon_0052084,90
anon_0052150,85
anon_0052150,90
anon_0052156,90
anon_0052159,100
anon_0052159,85
anon_0052173,90
anon_0052173,95
anon_0052066,90
anon_0052162,85
anon_0052147,80
anon_0052156,100
anon_0052198,100
anon_0052084,90
anon_0052176,100
anon_0052118,100
anon_0052172,0
anon_0052199,NA
anon_0052084,85
anon_0052181,100
anon_0052156,85
anon_0052173,50
anon_0052198,100
anon_0052081,85
anon_0052066,85
anon_0052108,90
anon_0052172,85
anon_0052081,85
anon_0052172,85
anon_0052108,90
anon_0052198,100
anon_0052198,50
anon_0052159,85
anon_0052066,100
anon_0052198,95
anon_0052204,50
anon_0052118,20
anon_0052198,100
anon_0052099,85
anon_0052198,100
anon_0052123,100
anon_0052198,100
anon_0052123,100
anon_0052118,85
anon_0052156,100
anon_0052176,100
anon_0052159,85
anon_0052118,80
anon_0052198,90
anon_0052099,85
anon_0052099,50
anon_0052099,85
anon_0052199,100
anon_0052112,100
anon_0052099,100
anon_0052198,95
anon_0052156,100
anon_0052176,100
anon_0052099,100
anon_0052199,90
anon_0052159,70
anon_0052159,85
anon_0052175,95
anon_0052198,100
anon_0052099,100
anon_0052099,95
anon_0052112,85
anon_0052159,100
anon_0052159,90
anon_0052099,95
anon_0052112,75
anon_0052199,85
anon_0052175,90
anon_0052175,85
anon_0052198,0
anon_0052099,100
anon_0052118,50
anon_0052099,100
anon_0052198,100
anon_0052176,100
anon_0052185,20
anon_0052175,85
anon_0052112,0
anon_0052175,100
anon_0052198,85
anon_0052198,90
anon_0052123,100
anon_0052185,85
anon_0052156,90
anon_0052185,100
anon_0052175,100
anon_0052185,95
anon_0052185,70
anon_0052123,95
anon_0052185,60
anon_0052112,85
anon_0052099,100
anon_0052112,85
anon_0052118,85
anon_0052199,90
anon_0052156,85
anon_0052185,20
anon_0052112,85
anon_0052112,90
anon_0052199,90
anon_0052185,95
anon_0052185,50
anon_0052175,95
anon_0052112,85
anon_0052185,100
anon_0052118,100
anon_0052162,100
anon_0052185,95
anon_0052118,80
anon_0052123,95
anon_0052175,90
anon_0052123,85
anon_0052175,85
anon_0052185,85
anon_0052185,85
anon_0052118,90
anon_0052185,85
anon_0052118,100
anon_0052185,75
anon_0052185,95
anon_0052112,0
anon_0052185,75
anon_0052118,85
anon_0052118,70
anon_0052185,90
anon_0052099,95
anon_0052173,0
anon_0052175,0
anon_0052237,95
anon_0052175,100
anon_0052228,100
anon_0052199,85
anon_0052172,90
anon_0052162,100
anon_0052228,100
anon_0052201,100
anon_0052235,100
anon_0052185,85
anon_0052237,90
anon_0052099,100
anon_0052172,100
anon_0052199,100
anon_0052175,100
anon_0052175,50
anon_0052162,100
anon_0052162,85
anon_0052181,85
anon_0052176,95
anon_0052108,95
anon_0052150,0
anon_0052181,90
anon_0052176,50
anon_0052099,100
anon_0052228,95
anon_0052159,85
anon_0052185,90
anon_0052181,100
anon_0052262,0
anon_0052173,100
anon_0052150,95
anon_0052235,90
anon_0052099,90
anon_0052181,100
anon_0052099,90
anon_0052201,95
anon_0052237,90
anon_0052099,75
anon_0052181,100
anon_0052237,85
anon_0052237,90
anon_0052199,50
anon_0052159,100
anon_0052175,95
anon_0052150,100
anon_0052175,90
anon_0052228,100
anon_0052199,95
anon_0052173,85
anon_0052099,85
anon_0052204,85
anon_0052204,100
anon_0052262,85
anon_0052099,85
anon_0052235,90
anon_0052185,50
anon_0052172,0
anon_0052228,100
anon_0052181,100
anon_0052185,100
anon_0052172,85
anon_0052108,70
anon_0052108,85
anon_0052159,0
anon_0052176,100
anon_0052185,85
anon_0052147,100
anon_0052099,100
anon_0052108,100
anon_0052099,90
anon_0052150,90
anon_0052172,85
anon_0052108,85
anon_0052147,100
anon_0052185,0
anon_0052204,85
anon_0052159,90
anon_0052175,50
anon_0052108,90
anon_0052181,90
anon_0052204,100
anon_0052181,90
anon_0052147,100
anon_0052237,85
anon_0052099,95
anon_0052185,100
anon_0052108,85
anon_0052176,100
anon_0052173,100
anon_0052185,75
anon_0052172,95
anon_0052235,85
anon_0052235,85
anon_0052162,100
anon_0052108,85
anon_0052199,90
anon_0052172,100
anon_0052185,70
anon_0052156,0
anon_0052147,90
anon_0052147,100
anon_0052238,100
anon_0052198,100
anon_0052172,100
anon_0052198,100
anon_0052162,75
anon_0052099,85
anon_0052204,100
anon_0052198,100
anon_0052204,50
anon_0052201,95
anon_0052198,100
anon_0052262,90
anon_0052162,85
anon_0052162,100
anon_0052198,0
anon_0052198,90
anon_0052204,0
anon_0052172,85
anon_0052159,50
anon_0052198,100
anon_0052172,100
anon_0052156,0
anon_0052185,85
anon_0052112,90
anon_0052201,0
anon_0052112,85
anon_0052112,100
anon_0052159,95
anon_0052238,85
anon_0052159,100
anon_0052204,85
anon_0052156,50
anon_0052238,100
anon_0052185,85
anon_0052159,100
anon_0052147,100
anon_0052112,90
anon_0052162,85
anon_0052201,100
anon_0052198,85
anon_0052201,100
anon_0052159,100
anon_0052159,100
anon_0052147,90
anon_0052172,0
anon_0052185,30
anon_0052108,85
anon_0052162,85
anon_0052156,90
anon_0052147,85
anon_0052172,90
anon_0052198,85
anon_0052201,95
anon_0052159,100
anon_0052156,0
anon_0052201,90
anon_0052185,85
anon_0052147,95
anon_0052185,100
anon_0052172,50
anon_0052198,85
anon_0052112,50
anon_0052112,85
anon_0052175,100
anon_0052185,90
anon_0052185,75
anon_0052185,85
anon_0052201,100
anon_0052238,100
anon_0052156,90
anon_0052283,100
anon_0052199,90
anon_0052204,100
anon_0052175,100
anon_0052099,100
anon_0052112,90
anon_0052199,100
anon_0052176,100
anon_0052112,85
anon_0052150,100
anon_0052201,90
anon_0052283,100
anon_0052099,0
anon_0052204,90
anon_0052156,85
anon_0052303,100
anon_0052175,0
anon_0052238,100
anon_0052303,100
anon_0052283,100
anon_0052303,100
anon_0052175,100
anon_0052283,100
anon_0052156,100
anon_0052204,100
anon_0052150,90
anon_0052283,100
anon_0052303,100
anon_0052283,100
anon_0052238,100
anon_0052283,100
anon_0052175,100
anon_0052238,100
anon_0052237,40
anon_0052302,90
anon_0052256,90
anon_0052283,100
anon_0052204,100
anon_0052172,70
anon_0052302,100
anon_0052256,90
anon_0052302,0
anon_0052302,100
anon_0052273,100
anon_0052238,100
anon_0052201,100
anon_0052176,0
anon_0052199,85
anon_0052201,0
anon_0052256,90
anon_0052112,0
anon_0052273,100
anon_0052201,95
anon_0052238,100
anon_0052176,0
anon_0052175,100
anon_0052201,0
anon_0052273,0
anon_0052204,100
anon_0052302,50
anon_0052237,0
anon_0052156,95
anon_0052176,100
anon_0052256,85
anon_0052199,85
anon_0052256,90
anon_0052256,90
anon_0052172,90
anon_0052302,50
anon_0052099,90
anon_0052273,0
anon_0052175,100
anon_0052172,85
anon_0052283,90
anon_0052112,50
anon_0052302,90
anon_0052175,100
anon_0052099,90
anon_0052204,90
anon_0052273,90
anon_0052172,85
anon_0052303,85
anon_0052273,100
anon_0052172,85
anon_0052175,90
anon_0052204,85
anon_0052237,0
anon_0052172,85
anon_0052237,90
anon_0052256,90
anon_0052271,50
anon_0052256,85
anon_0052228,100
anon_0052302,100
anon_0052201,100
anon_0052204,100
anon_0052237,90
anon_0052271,85
anon_0052172,40
anon_0052273,85
anon_0052283,100
anon_0052283,85
anon_0052150,85
anon_0052237,100
anon_0052175,100
anon_0052262,30
anon_0052283,100
anon_0052262,100
anon_0052283,100
anon_0052283,100
anon_0052271,90
anon_0052237,80
anon_0052283,50
anon_0052172,70
anon_0052228,85
anon_0052273,90
anon_0052237,100
anon_0052273,85
anon_0052283,30
anon_0052283,85
anon_0052262,85
anon_0052262,95
anon_0052199,85
anon_0052271,80
anon_0052283,100
anon_0052283,100
anon_0052283,20
anon_0052283,0
anon_0052199,85
anon_0052237,0
anon_0052228,90
anon_0052175,100
anon_0052175,95
anon_0052237,100
anon_0052262,90
anon_0052204,85
anon_0052237,100
anon_0052204,50
anon_0052235,0
anon_0052237,85
anon_0052262,85
anon_0052175,90
anon_0052237,100
anon_0052271,90
anon_0052262,90
anon_0052199,100
anon_0052235,85
anon_0052181,90
anon_0052228,90
anon_0052283,100
anon_0052283,75
anon_0052175,0
anon_0052204,50
anon_0052283,85
anon_0052181,95
anon_0052283,50
anon_0052198,100
anon_0052228,85
anon_0052181,100
anon_0052228,85
anon_0052198,0
anon_0052273,NA
anon_0052228,100
anon_0052198,50
anon_0052198,0
anon_0052271,85
anon_0052181,90
anon_0052235,50
anon_0052262,85
anon_0052181,70
anon_0052181,90
anon_0052237,100
anon_0052271,85
anon_0052198,85
anon_0052262,85
anon_0052271,85
anon_0052199,85
anon_0052237,80
anon_0052199,90
anon_0052235,95
anon_0052262,85
anon_0052181,85
anon_0052198,90
anon_0052181,90
anon_0052198,50
anon_0052283,85
anon_0052271,85
anon_0052237,85
anon_0052181,90
anon_0052237,100
anon_0052181,85
anon_0052198,50
anon_0052235,90
anon_0052198,30
anon_0052337,100
anon_0052273,0
anon_0052156,100
anon_0052256,100
anon_0052181,90
anon_0052238,75
anon_0052204,50
anon_0052337,95
anon_0052303,100
anon_0052256,95
anon_0052303,100
anon_0052256,90
anon_0052326,75
anon_0052326,50
anon_0052181,95
anon_0052273,0
anon_0052344,50
anon_0052337,100
anon_0052326,100
anon_0052181,100
anon_0052354,85
anon_0052360,85
anon_0052344,100
anon_0052256,90
anon_0052256,100
anon_0052360,0
anon_0052303,100
anon_0052271,100
anon_0052199,85
anon_0052354,100
anon_0052256,100
anon_0052344,100
anon_0052256,90
anon_0052352,0
anon_0052181,100
anon_0052303,100
anon_0052344,100
anon_0052344,100
anon_0052354,50
anon_0052344,85
anon_0052303,100
anon_0052344,100
anon_0052199,100
anon_0052204,85
anon_0052256,100
anon_0052204,85
anon_0052344,90
anon_0052204,85
anon_0052302,100
anon_0052198,0
anon_0052271,95
anon_0052198,100
anon_0052204,50
anon_0052199,100
anon_0052199,100
anon_0052198,0
anon_0052344,0
anon_0052344,85
anon_0052238,85
anon_0052302,100
anon_0052235,95
anon_0052302,90
anon_0052273,85
anon_0052354,0
anon_0052344,100
anon_0052303,100
anon_0052352,0
anon_0052198,100
anon_0052256,100
anon_0052302,0
anon_0052198,100
anon_0052235,90
anon_0052228,0
anon_0052344,50
anon_0052235,100
anon_0052235,40
anon_0052303,85
anon_0052256,85
anon_0052181,70
anon_0052273,90
anon_0052344,100
anon_0052344,85
anon_0052354,90
anon_0052198,0
anon_0052156,100
anon_0052273,0
anon_0052302,85
anon_0052303,90
anon_0052228,85
anon_0052352,95
anon_0052364,85
anon_0052337,100
anon_0052271,50
anon_0052344,90
anon_0052337,100
anon_0052344,100
anon_0052364,85
anon_0052302,100
anon_0052354,85
anon_0052228,100
anon_0052271,85
anon_0052198,85
anon_0052204,50
anon_0052344,90
anon_0052302,100
anon_0052364,80
anon_0052337,100
anon_0052302,85
anon_0052271,95
anon_0052364,100
anon_0052302,85
anon_0052337,100
anon_0052302,50
anon_0052337,50
anon_0052337,100
anon_0052344,100
anon_0052326,90
anon_0052156,50
anon_0052156,85
anon_0052156,85
anon_0052302,85
anon_0052337,100
anon_0052256,90
anon_0052228,100
anon_0052352,90
anon_0052302,85
anon_0052156,85
anon_0052256,100
anon_0052228,100
anon_0052352,85
anon_0052156,85
anon_0052344,85
anon_0052198,100
anon_0052337,100
anon_0052344,85
anon_0052302,50
anon_0052360,85
anon_0052352,0
anon_0052302,100
anon_0052337,85
anon_0052344,90
anon_0052228,0
anon_0052344,50
anon_0052181,100
anon_0052228,50
anon_0052181,95
anon_0052364,85
anon_0052228,85
anon_0052181,0
anon_0052198,50
anon_0052364,85
anon_0052256,90
anon_0052344,85
anon_0052302,50
anon_0052302,85
anon_0052256,50
anon_0052181,90
anon_0052344,50
anon_0052344,85
anon_0052256,85
anon_0052181,75
anon_0052344,90
anon_0052344,90
anon_0052326,85
anon_0052360,85
anon_0052360,0
anon_0052256,90
anon_0052354,0
anon_0052181,50
anon_0052256,0
anon_0052352,0
anon_0052337,80
anon_0052364,90
anon_0052364,50
anon_0052387,100
anon_0052337,90
anon_0052373,100
anon_0052256,100
anon_0052228,100
anon_0052337,85
anon_0052373,100
anon_0052364,0
anon_0052256,100
anon_0052181,85
anon_0052337,100
anon_0052303,100
anon_0052326,90
anon_0052326,90
anon_0052337,95
anon_0052373,0
anon_0052337,0
anon_0052337,80
anon_0052181,85
anon_0052387,85
anon_0052352,100
anon_0052364,85
anon_0052352,100
anon_0052337,85
anon_0052337,100
anon_0052387,100
anon_0052228,85
anon_0052387,90
anon_0052337,100
anon_0052352,0
anon_0052256,100
anon_0052412,85
anon_0052364,100
anon_0052373,85
anon_0052352,85
anon_0052337,90
anon_0052354,0
anon_0052303,100
anon_0052364,95
anon_0052364,90
anon_0052181,85
anon_0052303,90
anon_0052337,85
anon_0052337,100
anon_0052256,50
anon_0052326,100
anon_0052326,90
anon_0052337,100
anon_0052354,85
anon_0052360,90
anon_0052373,0
anon_0052337,85
anon_0052337,95
anon_0052273,0
anon_0052337,100
anon_0052181,85
anon_0052337,100
anon_0052273,85
anon_0052364,85
anon_0052337,90
anon_0052412,85
anon_0052364,85
anon_0052373,90
anon_0052373,90
anon_0052387,90
anon_0052181,90
anon_0052352,100
anon_0052373,100
anon_0052337,90
anon_0052360,85
anon_0052373,85
anon_0052198,100
anon_0052364,90
anon_0052337,100
anon_0052364,70
anon_0052364,50
anon_0052337,95
anon_0052387,85
anon_0052337,100
anon_0052326,100
anon_0052373,95
anon_0052176,50
anon_0052364,85
anon_0052228,100
anon_0052337,100
anon_0052198,100
anon_0052198,100
anon_0052198,90
anon_0052198,85
anon_0052373,100
anon_0052387,85
anon_0052364,90
anon_0052373,90
anon_0052198,90
anon_0052411,95
anon_0052176,100
anon_0052387,90
anon_0052273,85
anon_0052176,90
anon_0052198,80
anon_0052364,90
anon_0052198,85
anon_0052204,0
anon_0052198,100
anon_0052204,90
anon_0052198,100
anon_0052373,85
anon_0052411,100
anon_0052364,75
anon_0052198,85
anon_0052198,100
anon_0052176,95
anon_0052204,100
anon_0052228,50
anon_0052411,100
anon_0052198,100
anon_0052412,100
anon_0052337,0
anon_0052410,0
anon_0052373,100
anon_0052198,100
anon_0052198,NA
anon_0052198,NA
anon_0052228,85
anon_0052198,100
anon_0052364,90
anon_0052204,90
anon_0052181,90
anon_0052337,85
anon_0052198,100
anon_0052412,90
anon_0052176,95
anon_0052373,95
anon_0052412,100
anon_0052204,85
anon_0052198,0
anon_0052373,100
anon_0052364,90
anon_0052337,90
anon_0052228,0
anon_0052204,50
anon_0052412,90
anon_0052418,100
anon_0052373,85
anon_0052198,85
anon_0052373,85
anon_0052204,50
anon_0052228,90
anon_0052198,90
anon_0052228,70
anon_0052198,100
anon_0052373,0
anon_0052198,100
anon_0052373,95
anon_0052410,85
anon_0052373,90
anon_0052411,85
anon_0052337,100
anon_0052198,100
anon_0052412,90
anon_0052364,85
anon_0052337,90
anon_0052337,50
anon_0052412,85
anon_0052198,90
anon_0052427,100
anon_0052447,100
anon_0052303,90
anon_0052440,100
anon_0052427,100
anon_0052440,100
anon_0052427,0
anon_0052447,100
anon_0052412,85
anon_0052427,100
anon_0052435,0
anon_0052337,100
anon_0052447,100
anon_0052303,100
anon_0052440,100
anon_0052411,100
anon_0052440,100
anon_0052440,90
anon_0052410,85
anon_0052447,0
anon_0052447,100
anon_0052408,85
anon_0052435,0
anon_0052440,100
anon_0052176,95
anon_0052440,100
anon_0052408,100
anon_0052447,100
anon_0052176,50
anon_0052427,0
anon_0052427,95
anon_0052435,100
anon_0052447,100
anon_0052440,90
anon_0052427,85
anon_0052228,80
anon_0052427,100
anon_0052427,100
anon_0052337,100
anon_0052427,100
anon_0052364,90
anon_0052411,100
anon_0052427,100
anon_0052337,100
anon_0052446,0
anon_0052435,100
anon_0052228,90
anon_0052427,0
anon_0052446,90
anon_0052429,90
anon_0052411,100
anon_0052447,90
anon_0052410,85
anon_0052447,95
anon_0052429,90
anon_0052303,85
anon_0052410,100
anon_0052228,50
anon_0052427,85
anon_0052429,85
anon_0052440,95
anon_0052387,20
anon_0052427,100
anon_0052352,100
anon_0052429,0
anon_0052410,95
anon_0052364,70
anon_0052412,75
anon_0052440,100
anon_0052303,85
anon_0052440,0
anon_0052440,100
anon_0052352,100
anon_0052440,100
anon_0052411,0
anon_0052440,85
anon_0052427,100
anon_0052412,85
anon_0052446,90
anon_0052337,85
anon_0052427,100
anon_0052387,85
anon_0052440,90
anon_0052440,30
anon_0052435,0
anon_0052429,95
anon_0052337,85
anon_0052427,90
anon_0052427,100
anon_0052429,0
anon_0052352,85
anon_0052412,50
anon_0052364,0
anon_0052429,90
anon_0052411,75
anon_0052412,85
anon_0052411,95
anon_0052429,85
anon_0052429,90
anon_0052364,60
anon_0052352,50
anon_0052412,NA
anon_0052429,100
anon_0052387,85
anon_0052387,85
anon_0052446,100
anon_0052446,85
anon_0052429,0
anon_0052412,0
anon_0052198,50
anon_0052412,50
anon_0052411,85
anon_0052446,100
anon_0052364,50
anon_0052387,85
anon_0052352,0
anon_0052198,70
anon_0052427,75
anon_0052412,70
anon_0052198,85
anon_0052387,50
anon_0052387,85
anon_0052303,50
anon_0052427,10
anon_0052303,0
anon_0052446,90
anon_0052354,100
anon_0052387,85
anon_0052354,90
anon_0052198,85
anon_0052337,100
anon_0052412,75
anon_0052412,100
anon_0052364,90
anon_0052412,85
anon_0052373,100
anon_0052198,100
anon_0052303,95
anon_0052446,75
anon_0052303,85
anon_0052337,100
anon_0052373,75
anon_0052303,85
anon_0052373,100
anon_0052429,85
anon_0052435,0
anon_0052364,75
anon_0052303,90
anon_0052337,85
anon_0052387,85
anon_0052412,50
anon_0052446,100
anon_0052337,100
anon_0052364,85
anon_0052354,100
anon_0052373,0
anon_0052364,85
anon_0052373,85
anon_0052446,90
anon_0052337,85
anon_0052337,90
anon_0052303,100
anon_0052364,85
anon_0052429,85
anon_0052412,50
anon_0052387,85
anon_0052429,85
anon_0052387,90
anon_0052373,100
anon_0052373,100
anon_0052303,85
anon_0052364,90
anon_0052373,90
anon_0052364,85
anon_0052354,85
anon_0052364,50
anon_0052435,100
anon_0052440,85
anon_0052461,70
anon_0052432,100
anon_0052228,100
anon_0052228,0
anon_0052408,100
anon_0052475,85
anon_0052463,100
anon_0052429,100
anon_0052435,100
anon_0052228,100
anon_0052458,100
anon_0052435,100
anon_0052429,0
anon_0052411,100
anon_0052446,100
anon_0052410,0
anon_0052446,100
anon_0052408,0
anon_0052408,90
anon_0052408,90
anon_0052446,0
anon_0052429,0
anon_0052228,50
anon_0052432,100
anon_0052387,85
anon_0052176,100
anon_0052446,100
anon_0052427,85
anon_0052447,85
anon_0052432,95
anon_0052478,90
anon_0052429,100
anon_0052458,90
anon_0052410,85
anon_0052429,100
anon_0052411,85
anon_0052373,0
anon_0052475,100
anon_0052373,90
anon_0052478,0
anon_0052228,100
anon_0052478,100
anon_0052461,100
anon_0052492,100
anon_0052488,85
anon_0052373,0
anon_0052387,85
anon_0052458,100
anon_0052176,100
anon_0052447,85
anon_0052478,100
anon_0052373,90
anon_0052435,85
anon_0052475,75
anon_0052228,85
anon_0052435,85
anon_0052435,85
anon_0052429,100
anon_0052446,95
anon_0052463,100
anon_0052446,90
anon_0052429,100
anon_0052478,100
anon_0052458,100
anon_0052446,100
anon_0052478,100
anon_0052446,85
anon_0052478,100
anon_0052228,90
anon_0052463,50
anon_0052440,85
anon_0052461,70
anon_0052458,100
anon_0052228,50
anon_0052387,0
anon_0052432,85
anon_0052411,85
anon_0052435,85
anon_0052429,100
anon_0052429,85
anon_0052458,100
anon_0052461,95
anon_0052429,100
anon_0052478,90
anon_0052461,90
anon_0052447,50
anon_0052427,85
anon_0052461,85
anon_0052478,100
anon_0052176,100
anon_0052460,100
anon_0052491,100
anon_0052463,75
anon_0052429,85
anon_0052461,95
anon_0052411,95
anon_0052427,90
anon_0052446,85
anon_0052458,85
anon_0052429,50
anon_0052461,100
anon_0052446,0
anon_0052461,90
anon_0052478,100
anon_0052463,50
anon_0052475,100
anon_0052461,90
anon_0052432,85
anon_0052491,100
anon_0052475,95
anon_0052491,100
anon_0052475,100
anon_0052463,100
anon_0052491,100
anon_0052463,50
anon_0052492,90
anon_0052461,90
anon_0052427,100
anon_0052461,90
anon_0052475,50
anon_0052461,85
anon_0052427,85
anon_0052460,90
anon_0052478,100
anon_0052461,90
anon_0052427,90
anon_0052427,85
anon_0052446,90
anon_0052427,40
anon_0052373,60
anon_0052460,95
anon_0052411,0
anon_0052432,100
anon_0052411,85
anon_0052458,100
anon_0052387,85
anon_0052432,85
anon_0052460,100
anon_0052432,100
anon_0052432,100
anon_0052427,100
anon_0052461,85
anon_0052387,90
anon_0052458,100
anon_0052460,90
anon_0052491,90
anon_0052446,80
anon_0052461,95
anon_0052411,90
anon_0052460,95
anon_0052446,50
anon_0052460,85
anon_0052427,100
anon_0052461,85
anon_0052387,40
anon_0052411,90
anon_0052475,85
anon_0052373,90
anon_0052427,100
anon_0052458,90
anon_0052461,90
anon_0052432,85
anon_0052446,50
anon_0052460,95
anon_0052446,90
anon_0052432,85
anon_0052446,85
anon_0052458,100
anon_0052461,85
anon_0052427,100
anon_0052373,85
anon_0052373,50
anon_0052446,90
anon_0052458,85
anon_0052427,90
anon_0052427,95
anon_0052446,85
anon_0052427,90
anon_0052411,0
anon_0052387,85
anon_0052458,90
anon_0052458,50
anon_0052373,85
anon_0052411,50
anon_0052387,75
anon_0052432,85
anon_0052387,85
anon_0052387,85
anon_0052373,85
anon_0052463,95
anon_0052504,100
anon_0052488,100
anon_0052463,100
anon_0052488,100
anon_0052446,85
anon_0052475,85
anon_0052446,100
anon_0052463,100
anon_0052488,100
anon_0052460,95
anon_0052504,100
anon_0052446,85
anon_0052446,100
anon_0052228,0
anon_0052500,95
anon_0052500,85
anon_0052488,100
anon_0052228,85
anon_0052508,100
anon_0052461,100
anon_0052460,90
anon_0052446,100
anon_0052228,100
anon_0052408,85
anon_0052478,100
anon_0052478,90
anon_0052432,100
anon_0052460,85
anon_0052461,85
anon_0052408,90
anon_0052475,85
anon_0052475,85
anon_0052504,95
anon_0052500,95
anon_0052508,95
anon_0052387,50
anon_0052446,80
anon_0052488,100
anon_0052508,100
anon_0052461,85
anon_0052458,85
anon_0052446,0
anon_0052478,95
anon_0052508,100
anon_0052458,50
anon_0052446,100
anon_0052500,75
anon_0052492,85
anon_0052504,90
anon_0052410,0
anon_0052446,85
anon_0052463,85
anon_0052463,0
anon_0052458,85
anon_0052228,0
anon_0052504,100
anon_0052508,95
anon_0052463,95
anon_0052491,90
anon_0052446,100
anon_0052458,90
anon_0052432,100
anon_0052508,50
anon_0052463,85
anon_0052508,50
anon_0052491,100
anon_0052432,100
anon_0052478,0
anon_0052491,0
anon_0052478,85
anon_0052492,50
anon_0052500,0
anon_0052492,85
anon_0052410,85
anon_0052500,100
anon_0052432,95
anon_0052228,95
anon_0052446,100
anon_0052492,90
anon_0052478,85
anon_0052500,85
anon_0052478,95
anon_0052500,90
anon_0052460,90
anon_0052461,85
anon_0052492,95
anon_0052387,90
anon_0052491,90
anon_0052492,85
anon_0052491,85
anon_0052491,70
anon_0052500,90
anon_0052387,95
anon_0052461,100
anon_0052460,95
anon_0052491,70
anon_0052492,100
anon_0052491,50
anon_0052491,100
anon_0052492,95
anon_0052461,95
anon_0052492,85
anon_0052408,0
anon_0052488,100
anon_0052228,0
anon_0052488,100
anon_0052492,85
anon_0052491,100
anon_0052492,85
anon_0052492,100
anon_0052508,0
anon_0052491,90
anon_0052517,100
anon_0052461,0
anon_0052387,60
anon_0052492,100
anon_0052488,100
anon_0052488,100
anon_0052504,95
anon_0052491,100
anon_0052488,85
anon_0052517,100
anon_0052488,100
anon_0052517,100
anon_0052517,100
anon_0052488,100
anon_0052488,100
anon_0052488,100
anon_0052461,0
anon_0052517,100
anon_0052492,90
anon_0052411,100
anon_0052461,90
anon_0052411,50
anon_0052488,100
anon_0052492,85
anon_0052500,100
anon_0052488,100
anon_0052446,90
anon_0052524,0
anon_0052517,0
anon_0052492,100
anon_0052411,100
anon_0052408,85
anon_0052488,100
anon_0052492,100
anon_0052411,100
anon_0052461,85
anon_0052517,75
anon_0052475,75
anon_0052477,100
anon_0052387,90
anon_0052411,90
anon_0052411,85
anon_0052475,50
anon_0052517,100
anon_0052488,50
anon_0052500,95
anon_0052492,90
anon_0052461,100
anon_0052508,100
anon_0052411,100
anon_0052411,90
anon_0052461,85
anon_0052475,30
anon_0052477,0
anon_0052517,100
anon_0052475,50
anon_0052517,100
anon_0052492,90
anon_0052463,100
anon_0052461,50
anon_0052524,85
anon_0052500,100
anon_0052475,0
anon_0052461,60
anon_0052477,95
anon_0052492,95
anon_0052492,0
anon_0052387,75
anon_0052461,85
anon_0052446,40
anon_0052411,100
anon_0052408,0
anon_0052463,100
anon_0052517,100
anon_0052508,85
anon_0052477,100
anon_0052492,100
anon_0052446,85
anon_0052508,90
anon_0052508,100
anon_0052492,100
anon_0052477,90
anon_0052477,85
anon_0052461,85
anon_0052508,100
anon_0052463,100
anon_0052411,85
anon_0052446,85
anon_0052461,85
anon_0052408,100
anon_0052477,100
anon_0052477,85
anon_0052408,90
anon_0052508,50
anon_0052492,100
anon_0052408,100
anon_0052517,85
anon_0052517,100
anon_0052517,85
anon_0052517,100
anon_0052517,90
anon_0052463,100
anon_0052463,100
anon_0052517,100
anon_0052463,85
anon_0052517,50
anon_0052517,100
anon_0052517,20
anon_0052517,50
anon_0052477,100
anon_0052524,0
anon_0052478,100
anon_0052410,70
anon_0052529,100
anon_0052478,100
anon_0052504,85
anon_0052475,30
anon_0052461,0
anon_0052492,100
anon_0052539,100
anon_0052524,100
anon_0052488,100
anon_0052529,0
anon_0052524,85
anon_0052539,50
anon_0052477,100
anon_0052477,90
anon_0052524,85
anon_0052500,85
anon_0052517,100
anon_0052526,0
anon_0052477,85
anon_0052517,100
anon_0052500,85
anon_0052517,100
anon_0052529,100
anon_0052550,100
anon_0052488,95
anon_0052500,50
anon_0052529,100
anon_0052504,100
anon_0052475,80
anon_0052524,100
anon_0052491,85
anon_0052524,100
anon_0052492,85
anon_0052539,85
anon_0052504,90
anon_0052461,85
anon_0052529,85
anon_0052550,0
anon_0052492,60
anon_0052477,90
anon_0052475,70
anon_0052517,100
anon_0052524,85
anon_0052492,85
anon_0052508,90
anon_0052524,0
anon_0052500,85
anon_0052526,0
anon_0052461,85
anon_0052524,85
anon_0052524,100
anon_0052529,100
anon_0052524,100
anon_0052517,50
anon_0052524,85
anon_0052500,0
anon_0052524,50
anon_0052410,50
anon_0052176,100
anon_0052491,90
anon_0052461,85
anon_0052508,50
anon_0052529,100
anon_0052491,100
anon_0052491,85
anon_0052524,50
anon_0052461,100
anon_0052475,85
anon_0052488,90
anon_0052477,100
anon_0052508,0
anon_0052557,50
anon_0052500,0
anon_0052529,95
anon_0052524,80
anon_0052539,95
anon_0052526,100
anon_0052504,85
anon_0052491,85
anon_0052410,85
anon_0052478,85
anon_0052529,90
anon_0052529,95
anon_0052504,85
anon_0052517,90
anon_0052477,85
anon_0052524,75
anon_0052524,90
anon_0052492,90
anon_0052475,75
anon_0052176,80
anon_0052517,95
anon_0052491,90
anon_0052529,95
anon_0052475,90
anon_0052517,85
anon_0052492,60
anon_0052526,85
anon_0052176,100
anon_0052477,100
anon_0052492,85
anon_0052526,85
anon_0052176,50
anon_0052477,90
anon_0052176,100
anon_0052504,50
anon_0052517,75
anon_0052504,85
anon_0052517,85
anon_0052387,50
anon_0052477,95
anon_0052491,95
anon_0052517,95
anon_0052477,90
anon_0052387,95
anon_0052526,85
anon_0052491,100
anon_0052492,100
anon_0052475,95
anon_0052477,90
anon_0052504,95
anon_0052475,85
anon_0052504,100
anon_0052387,100
anon_0052491,100
anon_0052517,100
anon_0052504,85
anon_0052504,95
anon_0052504,85
anon_0052475,0
anon_0052526,90
anon_0052517,85
anon_0052475,85
anon_0052387,100
anon_0052492,100
anon_0052492,100
anon_0052475,90
anon_0052477,85
anon_0052491,90
anon_0052477,95
anon_0052492,100
anon_0052475,100
anon_0052492,100
anon_0052504,100
anon_0052492,100
anon_0052491,85
anon_0052461,90
anon_0052387,100
anon_0052517,90
anon_0052387,30
anon_0052176,85
anon_0052387,95
anon_0052387,100
anon_0052475,100
anon_0052504,90
anon_0052387,100
anon_0052504,100
anon_0052461,90
anon_0052492,100
anon_0052387,85
anon_0052475,85
anon_0052461,100
anon_0052526,75
anon_0052504,100
anon_0052461,85
anon_0052504,85
anon_0052461,0
anon_0052461,100
anon_0052475,60
anon_0052387,70
anon_0052461,85
anon_0052504,75
anon_0052461,70
anon_0052517,50
anon_0052410,85
anon_0052576,100
anon_0052550,0
anon_0052576,50
anon_0052478,90
anon_0052524,100
anon_0052504,100
anon_0052598,90
anon_0052477,0
anon_0052564,100
anon_0052475,90
anon_0052564,0
anon_0052557,85
anon_0052524,85
anon_0052524,100
anon_0052576,90
anon_0052576,100
anon_0052557,0
anon_0052492,90
anon_0052529,95
anon_0052539,100
anon_0052524,100
anon_0052529,90
anon_0052557,85
anon_0052524,85
anon_0052576,90
anon_0052500,90
anon_0052524,95
anon_0052477,100
anon_0052557,85
anon_0052477,100
anon_0052478,90
anon_0052478,50
anon_0052557,85
anon_0052539,100
anon_0052500,100
anon_0052478,50
anon_0052550,100
anon_0052478,90
anon_0052524,100
anon_0052475,85
anon_0052460,0
anon_0052557,100
anon_0052598,90
anon_0052576,85
anon_0052539,85
anon_0052564,100
anon_0052557,85
anon_0052492,95
anon_0052557,70
anon_0052478,30
anon_0052598,90
anon_0052524,100
anon_0052524,90
anon_0052477,50
anon_0052477,100
anon_0052492,90
anon_0052524,100
anon_0052564,100
anon_0052500,90
anon_0052524,100
anon_0052460,100
anon_0052500,85
anon_0052576,100
anon_0052557,100
anon_0052478,100
anon_0052477,100
anon_0052576,85
anon_0052524,30
anon_0052564,50
anon_0052492,90
anon_0052478,50
anon_0052477,100
anon_0052576,85
anon_0052504,100
anon_0052478,0
anon_0052500,0
anon_0052576,85
anon_0052606,95
anon_0052500,0
anon_0052557,75
anon_0052500,0
anon_0052500,85
anon_0052500,90
anon_0052524,90
anon_0052477,100
anon_0052478,70
anon_0052526,90
anon_0052460,90
anon_0052557,75
anon_0052492,85
anon_0052606,90
anon_0052477,100
anon_0052606,90
anon_0052557,85
anon_0052539,60
anon_0052557,90
anon_0052517,100
anon_0052478,50
anon_0052576,85
anon_0052478,100
anon_0052517,80
anon_0052524,85
anon_0052477,100
anon_0052526,90
anon_0052524,95
anon_0052500,50
anon_0052557,100
anon_0052477,95
anon_0052524,100
anon_0052500,95
anon_0052576,70
anon_0052557,85
anon_0052478,100
anon_0052598,90
anon_0052504,85
anon_0052598,90
anon_0052500,95
anon_0052460,0
anon_0052526,100
anon_0052517,85
anon_0052526,100
anon_0052500,100
anon_0052478,90
anon_0052517,0
anon_0052500,85
anon_0052477,100
anon_0052500,75
anon_0052504,0
anon_0052517,90
anon_0052524,100
anon_0052598,0
anon_0052504,85
anon_0052517,100
anon_0052526,100
anon_0052478,90
anon_0052477,100
anon_0052576,50
anon_0052517,85
anon_0052526,100
anon_0052524,90
anon_0052517,100
anon_0052504,0
anon_0052524,100
anon_0052477,100
anon_0052517,100
anon_0052517,100
anon_0052504,85
anon_0052524,100
anon_0052477,85
anon_0052598,85
anon_0052557,85
anon_0052517,90
anon_0052598,100
anon_0052517,95
anon_0052526,90
anon_0052517,70
anon_0052517,75
anon_0052504,0
anon_0052524,100
anon_0052524,85
anon_0052517,100
anon_0052517,85
anon_0052504,70
anon_0052524,85
anon_0052557,85
anon_0052517,85
anon_0052517,100
anon_0052524,100
anon_0052524,90
anon_0052517,85
anon_0052524,85
anon_0052524,85
anon_0052517,95
anon_0052517,85
anon_0052564,90
anon_0052614,90
anon_0052500,85
anon_0052529,100
anon_0052606,100
anon_0052614,70
anon_0052550,100
anon_0052598,85
anon_0052550,90
anon_0052529,0
anon_0052614,100
anon_0052614,0
anon_0052500,90
anon_0052564,90
anon_0052614,90
anon_0052598,95
anon_0052526,85
anon_0052614,95
anon_0052606,100
anon_0052564,50
anon_0052526,100
anon_0052598,85
anon_0052500,85
anon_0052529,50
anon_0052606,0
anon_0052598,100
anon_0052606,90
anon_0052614,100
anon_0052614,95
anon_0052564,95
anon_0052614,100
anon_0052598,85
anon_0052598,90
anon_0052564,100
anon_0052614,100
anon_0052564,90
anon_0052614,100
anon_0052598,90
anon_0052564,85
anon_0052564,85
anon_0052614,0
anon_0052598,95
anon_0052614,85
anon_0052598,100
anon_0052598,100
anon_0052598,90
anon_0052614,85
anon_0052526,85
anon_0052529,100
anon_0052614,0
anon_0052614,50
anon_0052529,80
anon_0052614,90
anon_0052564,100
anon_0052614,100
anon_0052529,100
anon_0052576,70
anon_0052500,85
anon_0052529,90
anon_0052614,0
anon_0052614,85
anon_0052614,90
anon_0052564,50
anon_0052614,80
anon_0052564,50
anon_0052564,100
anon_0052529,100
anon_0052529,95
anon_0052564,100
anon_0052550,80
anon_0052606,100
anon_0052529,90
anon_0052614,90
anon_0052598,90
anon_0052598,90
anon_0052576,50
anon_0052598,85
anon_0052598,90
anon_0052606,50
anon_0052598,85
anon_0052500,85
anon_0052598,85
anon_0052564,100
anon_0052526,85
anon_0052598,100
anon_0052598,100
anon_0052529,85
anon_0052500,90
anon_0052614,100
anon_0052500,85
anon_0052614,0
anon_0052529,0
anon_0052614,90
anon_0052598,85
anon_0052598,90
anon_0052500,20
anon_0052598,85
anon_0052526,50
anon_0052529,90
anon_0052598,0
anon_0052606,90
anon_0052500,85
anon_0052598,85
anon_0052529,0
anon_0052598,90
anon_0052526,95
anon_0052529,100
anon_0052529,95
anon_0052564,100
anon_0052500,85
anon_0052500,90
anon_0052614,100
anon_0052526,90
anon_0052598,85
anon_0052598,100
anon_0052526,90
anon_0052529,95
anon_0052564,50
anon_0052614,100
anon_0052598,85
anon_0052529,100
anon_0052526,90
anon_0052529,100
anon_0052606,85
anon_0052598,85
anon_0052526,75
anon_0052614,85
anon_0052598,50
anon_0052564,85
anon_0052500,80
anon_0052598,0
anon_0052529,85
anon_0052614,90
anon_0052564,0
anon_0052529,0
anon_0052526,100
anon_0052564,90
anon_0052529,85
anon_0052564,85
anon_0052529,85
anon_0052529,100
anon_0052564,95
anon_0052598,95
anon_0052526,85
anon_0052529,0
anon_0052529,100
anon_0052564,100
anon_0052614,100
anon_0052564,100
anon_0052500,0
anon_0052529,100
anon_0052529,100
anon_0052598,95
anon_0052500,85
anon_0052500,50
anon_0052564,50
anon_0052500,85
anon_0052500,80
anon_0052564,85
anon_0052614,90
anon_0052564,95
anon_0052564,100
anon_0052564,100
anon_0052529,90
anon_0052529,85
anon_0052564,100
anon_0052598,100
anon_0052614,100
anon_0052598,85
anon_0052614,100
anon_0052614,0
anon_0052598,50
anon_0052526,85
anon_0052526,95
anon_0052526,85
anon_0052526,85
anon_0052529,90
anon_0052529,95
anon_0052526,0
anon_0052564,90
anon_0052614,85
anon_0052614,85
anon_0052614,85
anon_0052606,90
anon_0052644,0
anon_0052649,100
anon_0052550,100
anon_0052644,100
anon_0052626,100
anon_0052653,0
anon_0052550,100
anon_0052644,85
anon_0052620,100
anon_0052550,90
anon_0052626,85
anon_0052655,90
anon_0052649,100
anon_0052620,100
anon_0052620,95
anon_0052626,85
anon_0052627,85
anon_0052626,0
anon_0052627,85
anon_0052674,100
anon_0052649,100
anon_0052655,90
anon_0052620,90
anon_0052626,100
anon_0052655,100
anon_0052626,100
anon_0052664,0
anon_0052655,100
anon_0052649,100
anon_0052620,40
anon_0052644,0
anon_0052649,0
anon_0052644,0
anon_0052649,86
anon_0052655,0
anon_0052620,95
anon_0052614,85
anon_0052669,90
anon_0052644,85
anon_0052636,95
anon_0052655,100
anon_0052649,100
anon_0052642,0
anon_0052649,100
anon_0052644,90
anon_0052550,100
anon_0052655,100
anon_0052620,85
anon_0052626,90
anon_0052644,85
anon_0052642,85
anon_0052644,85
anon_0052649,95
anon_0052626,100
anon_0052620,85
anon_0052626,70
anon_0052626,90
anon_0052649,85
anon_0052627,100
anon_0052642,85
anon_0052674,90
anon_0052626,100
anon_0052614,100
anon_0052649,100
anon_0052649,100
anon_0052626,85
anon_0052620,100
anon_0052626,85
anon_0052655,90
anon_0052626,85
anon_0052642,85
anon_0052626,85
anon_0052669,85
anon_0052626,85
anon_0052635,90
anon_0052674,85
anon_0052635,85
anon_0052627,95
anon_0052627,70
anon_0052627,95
anon_0052550,85
anon_0052614,90
anon_0052620,85
anon_0052649,80
anon_0052550,50
anon_0052626,100
anon_0052636,85
anon_0052550,90
anon_0052627,0
anon_0052661,100
anon_0052644,50
anon_0052669,90
anon_0052626,100
anon_0052669,85
anon_0052635,100
anon_0052614,85
anon_0052626,100
anon_0052661,100
anon_0052661,95
anon_0052620,85
anon_0052661,0
anon_0052653,95
anon_0052550,90
anon_0052644,90
anon_0052669,90
anon_0052550,85
anon_0052635,100
anon_0052635,100
anon_0052626,90
anon_0052644,85
anon_0052635,100
anon_0052653,95
anon_0052626,85
anon_0052661,100
anon_0052669,100
anon_0052644,85
anon_0052644,100
anon_0052636,85
anon_0052661,0
anon_0052550,50
anon_0052626,100
anon_0052620,95
anon_0052669,95
anon_0052644,90
anon_0052653,95
anon_0052626,85
anon_0052644,85
anon_0052644,100
anon_0052653,85
anon_0052626,90
anon_0052653,100
anon_0052674,NA
anon_0052620,50
anon_0052620,100
anon_0052644,85
anon_0052620,0
anon_0052626,90
anon_0052620,85
anon_0052626,95
anon_0052653,85
anon_0052644,90
anon_0052664,100
anon_0052664,0
anon_0052653,85
anon_0052661,100
anon_0052675,85
anon_0052642,100
anon_0052642,85
anon_0052706,90
anon_0052655,100
anon_0052675,0
anon_0052710,95
anon_0052685,100
anon_0052685,100
anon_0052661,100
anon_0052661,100
anon_0052661,30
anon_0052685,90
anon_0052635,100
anon_0052635,100
anon_0052655,100
anon_0052710,90
anon_0052669,85
anon_0052635,100
anon_0052647,0
anon_0052655,100
anon_0052661,100
anon_0052702,85
anon_0052647,0
anon_0052664,100
anon_0052674,100
anon_0052675,40
anon_0052649,100
anon_0052664,0
anon_0052635,100
anon_0052627,100
anon_0052664,95
anon_0052635,0
anon_0052675,0
anon_0052685,85
anon_0052675,85
anon_0052702,100
anon_0052685,90
anon_0052675,85
anon_0052669,30
anon_0052685,90
anon_0052635,100
anon_0052674,85
anon_0052649,90
anon_0052685,90
anon_0052653,95
anon_0052664,85
anon_0052674,85
anon_0052669,90
anon_0052674,100
anon_0052655,0
anon_0052669,95
anon_0052635,100
anon_0052653,100
anon_0052627,85
anon_0052635,100
anon_0052685,0
anon_0052635,100
anon_0052674,95
anon_0052647,75
anon_0052710,90
anon_0052655,85
anon_0052669,100
anon_0052661,95
anon_0052706,100
anon_0052669,100
anon_0052713,85
anon_0052675,0
anon_0052661,95
anon_0052653,85
anon_0052675,85
anon_0052649,90
anon_0052627,70
anon_0052653,85
anon_0052675,85
anon_0052685,85
anon_0052685,100
anon_0052647,95
anon_0052664,100
anon_0052653,85
anon_0052661,85
anon_0052702,50
anon_0052664,90
anon_0052664,100
anon_0052647,0
anon_0052635,85
anon_0052647,100
anon_0052702,95
anon_0052642,85
anon_0052706,90
anon_0052675,85
anon_0052664,100
anon_0052655,100
anon_0052635,50
anon_0052649,100
anon_0052647,100
anon_0052669,95
anon_0052627,75
anon_0052669,90
anon_0052649,100
anon_0052647,100
anon_0052664,100
anon_0052649,85
anon_0052635,90
anon_0052669,100
anon_0052664,100
anon_0052649,90
anon_0052664,100
anon_0052664,100
anon_0052647,85
anon_0052649,100
anon_0052675,100
anon_0052664,95
anon_0052664,90
anon_0052647,50
anon_0052649,85
anon_0052675,100
anon_0052664,100
anon_0052649,85
anon_0052669,100
anon_0052647,85
anon_0052669,100
anon_0052664,90
anon_0052655,100
anon_0052649,95
anon_0052702,60
anon_0052669,85
anon_0052647,100
anon_0052647,80
anon_0052669,85
anon_0052664,80
anon_0052649,85
anon_0052675,100
anon_0052664,100
anon_0052664,90
anon_0052669,85
anon_0052675,90
anon_0052674,90
anon_0052669,80
anon_0052649,100
anon_0052669,85
anon_0052649,85
anon_0052669,100
anon_0052669,85
anon_0052736,100
anon_0052706,100
anon_0052729,95
anon_0052725,100
anon_0052725,100
anon_0052669,0
anon_0052751,100
anon_0052736,0
anon_0052710,50
anon_0052721,100
anon_0052751,50
anon_0052728,90
anon_0052721,100
anon_0052751,100
anon_0052706,85
anon_0052725,100
anon_0052669,100
anon_0052635,85
anon_0052710,100
anon_0052706,90
anon_0052728,100
anon_0052736,100
anon_0052674,50
anon_0052669,75
anon_0052655,100
anon_0052728,100
anon_0052728,100
anon_0052635,0
anon_0052713,100
anon_0052721,100
anon_0052655,100
anon_0052706,50
anon_0052721,100
anon_0052728,100
anon_0052729,90
anon_0052635,85
anon_0052655,80
anon_0052749,100
anon_0052710,0
anon_0052635,50
anon_0052751,0
anon_0052751,0
anon_0052729,0
anon_0052685,85
anon_0052729,100
anon_0052669,85
anon_0052728,100
anon_0052736,50
anon_0052710,0
anon_0052725,100
anon_0052713,0
anon_0052728,50
anon_0052729,100
anon_0052763,100
anon_0052674,50
anon_0052710,85
anon_0052729,100
anon_0052674,50
anon_0052674,85
anon_0052669,85
anon_0052729,100
anon_0052710,90
anon_0052749,95
anon_0052710,100
anon_0052725,90
anon_0052729,100
anon_0052765,100
anon_0052706,50
anon_0052725,100
anon_0052729,100
anon_0052728,50
anon_0052674,70
anon_0052706,100
anon_0052725,95
anon_0052725,50
anon_0052765,95
anon_0052765,100
anon_0052729,100
anon_0052729,100
anon_0052653,100
anon_0052725,80
anon_0052713,0
anon_0052763,95
anon_0052729,100
anon_0052763,0
anon_0052725,95
anon_0052729,95
anon_0052729,85
anon_0052763,100
anon_0052765,100
anon_0052710,100
anon_0052725,90
anon_0052725,100
anon_0052713,85
anon_0052685,50
anon_0052653,100
anon_0052706,100
anon_0052725,90
anon_0052729,100
anon_0052725,75
anon_0052725,100
anon_0052710,95
anon_0052729,100
anon_0052749,90
anon_0052713,90
anon_0052706,60
anon_0052710,100
anon_0052728,95
anon_0052729,90
anon_0052725,100
anon_0052674,100
anon_0052706,100
anon_0052669,85
anon_0052713,85
anon_0052706,90
anon_0052710,95
anon_0052725,90
anon_0052669,90
anon_0052642,100
anon_0052674,85
anon_0052674,95
anon_0052635,85
anon_0052685,100
anon_0052713,50
anon_0052706,0
anon_0052728,0
anon_0052713,85
anon_0052706,50
anon_0052685,100
anon_0052706,80
anon_0052725,0
anon_0052635,85
anon_0052655,100
anon_0052674,85
anon_0052728,90
anon_0052749,85
anon_0052685,90
anon_0052674,90
anon_0052706,60
anon_0052729,0
anon_0052706,85
anon_0052721,100
anon_0052655,95
anon_0052655,90
anon_0052706,50
anon_0052685,95
anon_0052635,85
anon_0052706,100
anon_0052674,85
anon_0052674,85
anon_0052653,100
anon_0052706,100
anon_0052706,75
anon_0052674,50
anon_0052642,85
anon_0052655,100
anon_0052721,100
anon_0052721,100
anon_0052642,85
anon_0052642,50
anon_0052655,90
anon_0052721,95
anon_0052706,100
anon_0052685,95
anon_0052749,85
anon_0052721,50
anon_0052728,85
anon_0052635,90
anon_0052655,100
anon_0052728,100
anon_0052706,0
anon_0052749,0
anon_0052728,0
anon_0052685,NA
anon_0052721,100
anon_0052749,90
anon_0052721,50
anon_0052710,95
anon_0052749,100
anon_0052751,100
anon_0052751,100
anon_0052751,100
anon_0052655,85
anon_0052754,100
anon_0052751,100
anon_0052754,100
anon_0052775,50
anon_0052710,100
anon_0052736,85
anon_0052765,100
anon_0052749,100
anon_0052765,0
anon_0052751,85
anon_0052749,100
anon_0052729,100
anon_0052729,100
anon_0052779,85
anon_0052751,85
anon_0052773,100
anon_0052775,90
anon_0052779,85
anon_0052736,100
anon_0052754,100
anon_0052779,0
anon_0052736,100
anon_0052754,100
anon_0052765,100
anon_0052779,100
anon_0052751,100
anon_0052779,100
anon_0052754,100
anon_0052736,100
anon_0052775,100
anon_0052766,100
anon_0052758,90
anon_0052749,85
anon_0052775,0
anon_0052728,50
anon_0052728,85
anon_0052749,90
anon_0052779,100
anon_0052773,85
anon_0052766,100
anon_0052655,90
anon_0052766,0
anon_0052766,95
anon_0052751,90
anon_0052710,100
anon_0052765,95
anon_0052775,90
anon_0052751,100
anon_0052758,0
anon_0052787,0
anon_0052773,85
anon_0052754,100
anon_0052775,100
anon_0052749,95
anon_0052751,95
anon_0052787,90
anon_0052728,85
anon_0052775,85
anon_0052766,90
anon_0052751,85
anon_0052749,100
anon_0052751,85
anon_0052721,100
anon_0052766,85
anon_0052754,100
anon_0052749,100
anon_0052773,90
anon_0052779,80
anon_0052710,75
anon_0052754,90
anon_0052751,85
anon_0052765,95
anon_0052754,100
anon_0052749,85
anon_0052655,95
anon_0052728,85
anon_0052751,95
anon_0052766,50
anon_0052754,100
anon_0052754,100
anon_0052754,100
anon_0052779,50
anon_0052751,50
anon_0052754,100
anon_0052721,95
anon_0052754,50
anon_0052751,80
anon_0052779,85
anon_0052721,100
anon_0052766,85
anon_0052729,50
anon_0052766,85
anon_0052765,90
anon_0052721,50
anon_0052706,100
anon_0052729,85
anon_0052773,85
anon_0052754,0
anon_0052754,85
anon_0052710,90
anon_0052710,95
anon_0052765,0
anon_0052721,100
anon_0052655,90
anon_0052729,0
anon_0052710,90
anon_0052754,85
anon_0052763,100
anon_0052721,90
anon_0052655,90
anon_0052763,100
anon_0052773,85
anon_0052655,100
anon_0052729,100
anon_0052754,100
anon_0052728,85
anon_0052763,90
anon_0052729,80
anon_0052765,100
anon_0052706,100
anon_0052729,50
anon_0052754,90
anon_0052763,85
anon_0052765,100
anon_0052779,90
anon_0052728,100
anon_0052765,100
anon_0052763,100
anon_0052706,100
anon_0052763,100
anon_0052710,95
anon_0052655,85
anon_0052706,85
anon_0052779,50
anon_0052754,85
anon_0052763,90
anon_0052655,85
anon_0052763,100
anon_0052765,100
anon_0052728,100
anon_0052728,100
anon_0052765,100
anon_0052706,85
anon_0052765,100
anon_0052706,80
anon_0052728,85
anon_0052779,100
anon_0052710,50
anon_0052766,100
anon_0052710,50
anon_0052728,95
anon_0052710,90
anon_0052763,90
anon_0052765,100
anon_0052729,20
anon_0052710,70
anon_0052763,85
anon_0052728,85
anon_0052779,95
anon_0052728,100
anon_0052765,50
anon_0052765,100
anon_0052710,85
anon_0052706,90
anon_0052706,80
anon_0052728,90
anon_0052728,85
anon_0052779,95
anon_0052765,100
anon_0052728,85
anon_0052765,0
anon_0052728,85
anon_0052773,0
anon_0052706,0
anon_0052721,100
anon_0052763,100
anon_0052779,50
anon_0052787,100
anon_0052749,100
anon_0052779,100
anon_0052779,100
anon_0052787,95
anon_0052766,100
anon_0052758,100
anon_0052763,100
anon_0052754,100
anon_0052758,100
anon_0052749,85
anon_0052805,100
anon_0052766,100
anon_0052773,0
anon_0052787,85
anon_0052751,100
anon_0052758,100
anon_0052754,95
anon_0052713,0
anon_0052775,100
anon_0052655,100
anon_0052754,0
anon_0052655,85
anon_0052721,100
anon_0052779,100
anon_0052765,90
anon_0052749,90
anon_0052758,100
anon_0052758,100
anon_0052758,90
anon_0052751,100
anon_0052787,95
anon_0052766,100
anon_0052787,100
anon_0052655,100
anon_0052758,95
anon_0052754,95
anon_0052721,95
anon_0052751,70
anon_0052787,90
anon_0052787,100
anon_0052751,85
anon_0052749,85
anon_0052773,85
anon_0052655,100
anon_0052787,85
anon_0052805,100
anon_0052749,90
anon_0052779,100
anon_0052766,100
anon_0052749,20
anon_0052787,100
anon_0052765,95
anon_0052787,0
anon_0052749,90
anon_0052754,50
anon_0052751,100
anon_0052775,75
anon_0052758,100
anon_0052779,100
anon_0052754,50
anon_0052655,100
anon_0052787,85
anon_0052779,100
anon_0052779,90
anon_0052779,85
anon_0052765,0
anon_0052754,90
anon_0052787,90
anon_0052749,95
anon_0052655,85
anon_0052766,95
anon_0052749,95
anon_0052773,90
anon_0052775,85
anon_0052721,90
anon_0052706,0
anon_0052763,100
anon_0052749,60
anon_0052763,100
anon_0052713,85
anon_0052805,100
anon_0052655,85
anon_0052766,90
anon_0052773,85
anon_0052773,90
anon_0052721,95
anon_0052706,90
anon_0052706,70
anon_0052749,85
anon_0052787,85
anon_0052766,90
anon_0052763,90
anon_0052754,90
anon_0052713,85
anon_0052713,75
anon_0052766,100
anon_0052766,100
anon_0052775,100
anon_0052754,50
anon_0052766,85
anon_0052706,100
anon_0052787,85
anon_0052773,100
anon_0052766,50
anon_0052706,100
anon_0052713,90
anon_0052754,90
anon_0052754,90
anon_0052766,95
anon_0052706,90
anon_0052706,0
anon_0052721,85
anon_0052820,90
anon_0052766,100
anon_0052763,100
anon_0052749,85
anon_0052706,95
anon_0052706,50
anon_0052713,85
anon_0052766,100
anon_0052773,85
anon_0052820,100
anon_0052775,90
anon_0052763,90
anon_0052775,100
anon_0052773,100
anon_0052766,90
anon_0052766,85
anon_0052721,50
anon_0052779,85
anon_0052766,85
anon_0052773,0
anon_0052766,90
anon_0052713,90
anon_0052775,85
anon_0052775,85
anon_0052773,100
anon_0052763,90
anon_0052763,100
anon_0052754,85
anon_0052775,90
anon_0052766,85
anon_0052763,100
anon_0052766,85
anon_0052754,90
anon_0052706,100
anon_0052773,100
anon_0052773,90
anon_0052713,80
anon_0052763,95
anon_0052763,90
anon_0052820,85
anon_0052773,85
anon_0052706,85
anon_0052706,100
anon_0052706,100
anon_0052775,90
anon_0052721,100
anon_0052766,100
anon_0052779,90
anon_0052773,85
anon_0052706,100
anon_0052706,100
anon_0052766,100
anon_0052773,90
anon_0052706,90
anon_0052766,100
anon_0052754,85
anon_0052754,85
anon_0052773,85
anon_0052754,85
anon_0052763,0
anon_0052766,75
anon_0052779,100
anon_0052754,85
anon_0052779,100
anon_0052706,50
anon_0052773,100
anon_0052763,100
anon_0052773,90
anon_0052721,90
anon_0052706,85
anon_0052706,85
anon_0052754,0
anon_0052706,85
anon_0052706,NA
anon_0052766,100
anon_0052847,100
anon_0052721,100
anon_0052841,100
anon_0052773,0
anon_0052805,100
anon_0052805,100
anon_0052841,100
anon_0052847,95
anon_0052721,0
anon_0052820,100
anon_0052820,100
anon_0052847,85
anon_0052758,100
anon_0052841,85
anon_0052841,100
anon_0052820,85
anon_0052820,90
anon_0052763,90
anon_0052820,100
anon_0052773,0
anon_0052841,100
anon_0052766,90
anon_0052841,100
anon_0052820,85
anon_0052849,90
anon_0052773,100
anon_0052820,100
anon_0052763,85
anon_0052773,100
anon_0052763,85
anon_0052820,90
anon_0052706,85
anon_0052820,85
anon_0052773,100
anon_0052850,60
anon_0052706,80
anon_0052849,85
anon_0052841,85
anon_0052773,80
anon_0052820,95
anon_0052773,85
anon_0052820,30
anon_0052763,85
anon_0052850,90
anon_0052850,70
anon_0052841,85
anon_0052706,85
anon_0052820,90
anon_0052841,100
anon_0052763,100
anon_0052820,100
anon_0052841,85
anon_0052820,100
anon_0052721,85
anon_0052763,100
anon_0052849,95
anon_0052721,100
anon_0052850,100
anon_0052773,100
anon_0052820,85
anon_0052805,50
anon_0052841,100
anon_0052820,90
anon_0052749,50
anon_0052766,85
anon_0052773,85
anon_0052805,100
anon_0052749,85
anon_0052763,75
anon_0052805,85
anon_0052820,95
anon_0052766,50
anon_0052850,95
anon_0052766,85
anon_0052763,90
anon_0052820,85
anon_0052773,85
anon_0052820,100
anon_0052820,50
anon_0052847,85
anon_0052850,85
anon_0052874,100
anon_0052805,95
anon_0052766,85
anon_0052849,90
anon_0052773,90
anon_0052773,80
anon_0052820,95
anon_0052850,75
anon_0052847,85
anon_0052820,90
anon_0052847,100
anon_0052758,90
anon_0052763,85
anon_0052847,100
anon_0052773,85
anon_0052721,90
anon_0052847,100
anon_0052850,100
anon_0052758,90
anon_0052758,85
anon_0052758,95
anon_0052847,100
anon_0052805,85
anon_0052805,85
anon_0052847,100
anon_0052874,100
anon_0052773,85
anon_0052849,50
anon_0052879,100
anon_0052820,100
anon_0052874,100
anon_0052820,50
anon_0052874,100
anon_0052877,90
anon_0052773,100
anon_0052820,100
anon_0052879,85
anon_0052874,100
anon_0052820,95
anon_0052847,100
anon_0052805,100
anon_0052849,100
anon_0052847,0
anon_0052874,91
anon_0052805,100
anon_0052850,85
anon_0052805,95
anon_0052773,75
anon_0052877,100
anon_0052820,100
anon_0052805,50
anon_0052874,100
anon_0052841,0
anon_0052773,90
anon_0052874,90
anon_0052850,100
anon_0052820,90
anon_0052805,75
anon_0052850,100
anon_0052874,85
anon_0052874,100
anon_0052850,90
anon_0052805,95
anon_0052805,90
anon_0052805,95
anon_0052805,0
anon_0052849,100
anon_0052841,100
anon_0052874,85
anon_0052820,90
anon_0052876,90
anon_0052773,90
anon_0052874,100
anon_0052850,70
anon_0052876,90
anon_0052876,85
anon_0052850,85
anon_0052758,85
anon_0052805,90
anon_0052849,95
anon_0052841,90
anon_0052841,50
anon_0052874,100
anon_0052820,50
anon_0052805,100
anon_0052820,50
anon_0052820,90
anon_0052874,85
anon_0052820,85
anon_0052849,90
anon_0052841,85
anon_0052758,50
anon_0052874,100
anon_0052841,50
anon_0052820,60
anon_0052820,100
anon_0052721,90
anon_0052850,85
anon_0052900,0
anon_0052876,100
anon_0052850,100
anon_0052900,100
anon_0052849,50
anon_0052849,100
anon_0052894,100
anon_0052882,0
anon_0052841,85
anon_0052900,95
anon_0052900,0
anon_0052900,100
anon_0052758,100
anon_0052917,85
anon_0052879,50
anon_0052900,100
anon_0052849,100
anon_0052900,85
anon_0052849,100
anon_0052917,100
anon_0052850,90
anon_0052882,100
anon_0052758,100
anon_0052877,100
anon_0052894,100
anon_0052894,100
anon_0052894,0
anon_0052887,60
anon_0052841,100
anon_0052882,0
anon_0052849,50
anon_0052877,100
anon_0052900,90
anon_0052887,100
anon_0052876,90
anon_0052876,80
anon_0052849,100
anon_0052758,100
anon_0052882,85
anon_0052877,90
anon_0052879,0
anon_0052849,100
anon_0052887,100
anon_0052876,100
anon_0052879,0
anon_0052876,85
anon_0052894,100
anon_0052879,70
anon_0052882,85
anon_0052894,100
anon_0052887,100
anon_0052876,90
anon_0052849,100
anon_0052876,85
anon_0052841,100
anon_0052900,95
anon_0052900,90
anon_0052879,100
anon_0052876,95
anon_0052894,100
anon_0052849,90
anon_0052876,100
anon_0052917,90
anon_0052917,50
anon_0052879,90
anon_0052879,85
anon_0052879,100
anon_0052879,95
anon_0052894,100
anon_0052841,75
anon_0052849,100
anon_0052894,100
anon_0052887,85
anon_0052876,100
anon_0052876,90
anon_0052882,85
anon_0052887,95
anon_0052879,100
anon_0052900,85
anon_0052876,90
anon_0052876,90
anon_0052849,85
anon_0052849,85
anon_0052894,100
anon_0052877,90
anon_0052876,90
anon_0052849,85
anon_0052879,90
anon_0052879,0
anon_0052882,100
anon_0052877,100
anon_0052887,100
anon_0052900,95
anon_0052894,85
anon_0052898,100
anon_0052758,100
anon_0052841,100
anon_0052894,100
anon_0052887,50
anon_0052898,100
anon_0052841,100
anon_0052841,100
anon_0052758,90
anon_0052898,100
anon_0052898,100
anon_0052874,100
anon_0052758,100
anon_0052820,80
anon_0052917,100
anon_0052898,100
anon_0052877,100
anon_0052841,100
anon_0052879,90
anon_0052849,80
anon_0052894,100
anon_0052894,100
anon_0052874,100
anon_0052877,100
anon_0052874,100
anon_0052898,100
anon_0052874,100
anon_0052841,100
anon_0052917,90
anon_0052850,85
anon_0052820,85
anon_0052894,100
anon_0052874,90
anon_0052758,100
anon_0052917,95
anon_0052898,85
anon_0052917,90
anon_0052874,95
anon_0052874,95
anon_0052917,100
anon_0052894,100
anon_0052820,90
anon_0052874,100
anon_0052841,100
anon_0052874,90
anon_0052917,100
anon_0052758,100
anon_0052894,95
anon_0052874,85
anon_0052874,0
anon_0052874,50
anon_0052877,NA
anon_0052879,50
anon_0052874,100
anon_0052874,100
anon_0052874,100
anon_0052758,100
anon_0052850,90
anon_0052879,95
anon_0052898,60
anon_0052898,70
anon_0052820,85
anon_0052879,85
anon_0052898,50
anon_0052874,100
anon_0052877,100
anon_0052841,100
anon_0052874,100
anon_0052898,85
anon_0052879,0
anon_0052898,50
anon_0052874,100
anon_0052917,100
anon_0052879,0
anon_0052874,100
anon_0052917,100
anon_0052820,85
anon_0052874,85
anon_0052758,100
anon_0052917,95
anon_0052877,90
anon_0052850,85
anon_0052850,85
anon_0052874,100
anon_0052850,85
anon_0052917,0
anon_0052917,100
anon_0052917,85
anon_0052874,100
anon_0052874,85
anon_0052874,90
anon_0052874,100
anon_0052879,85
anon_0052874,90
anon_0052894,50
anon_0052874,85
anon_0052874,100
anon_0052900,85
anon_0052900,85
anon_0052879,95
anon_0052874,50
anon_0052879,100
anon_0052940,0
anon_0052947,100
anon_0052876,100
anon_0052849,85
anon_0052876,90
anon_0052879,85
anon_0052940,0
anon_0052898,0
anon_0052951,85
anon_0052879,85
anon_0052887,100
anon_0052942,90
anon_0052898,85
anon_0052882,100
anon_0052953,100
anon_0052879,85
anon_0052947,85
anon_0052953,95
anon_0052849,100
anon_0052849,20
anon_0052879,100
anon_0052879,60
anon_0052849,95
anon_0052879,85
anon_0052876,100
anon_0052947,85
anon_0052942,85
anon_0052900,95
anon_0052940,100
anon_0052942,90
anon_0052898,50
anon_0052758,100
anon_0052876,90
anon_0052947,90
anon_0052940,100
anon_0052876,50
anon_0052876,100
anon_0052951,50
anon_0052942,85
anon_0052942,100
anon_0052879,50
anon_0052849,90
anon_0052876,85
anon_0052900,90
anon_0052887,100
anon_0052942,95
anon_0052940,100
anon_0052942,85
anon_0052879,90
anon_0052953,85
anon_0052879,100
anon_0052942,85
anon_0052900,100
anon_0052951,85
anon_0052898,50
anon_0052876,95
anon_0052887,90
anon_0052849,100
anon_0052876,85
anon_0052940,100
anon_0052917,85
anon_0052971,90
anon_0052900,90
anon_0052971,100
anon_0052849,90
anon_0052900,90
anon_0052887,85
anon_0052942,85
anon_0052971,90
anon_0052967,100
anon_0052900,100
anon_0052940,85
anon_0052953,75
anon_0052942,85
anon_0052951,20
anon_0052951,80
anon_0052942,90
anon_0052876,85
anon_0052849,95
anon_0052879,85
anon_0052940,50
anon_0052758,85
anon_0052951,85
anon_0052951,90
anon_0052898,0
anon_0052942,90
anon_0052942,85
anon_0052942,95
anon_0052879,85
anon_0052942,85
anon_0052849,95
anon_0052917,100
anon_0052940,0
anon_0052947,90
anon_0052877,85
anon_0052940,90
anon_0052876,90
anon_0052940,100
anon_0052967,95
anon_0052942,90
anon_0052942,90
anon_0052942,95
anon_0052849,100
anon_0052953,85
anon_0052877,0
anon_0052940,100
anon_0052758,85
anon_0052917,0
anon_0052877,100
anon_0052942,90
anon_0052942,85
anon_0052877,50
anon_0052917,100
anon_0052877,100
anon_0052877,95
anon_0052879,85
anon_0052758,95
anon_0052877,90
anon_0052877,50
anon_0052971,85
anon_0052917,100
anon_0052917,95
anon_0052849,95
anon_0052877,50
anon_0052874,90
anon_0052879,90
anon_0052940,85
anon_0052894,90
anon_0052953,95
anon_0052967,95
anon_0052967,95
anon_0052758,85
anon_0052849,100
anon_0052936,88
anon_0052917,100
anon_0052874,85
anon_0052971,85
anon_0052877,90
anon_0052877,85
anon_0052877,90
anon_0052877,100
anon_0052849,100
anon_0052877,85
anon_0052849,100
anon_0052877,85
anon_0052917,100
anon_0052917,100
anon_0052877,90
anon_0052940,100
anon_0052849,100
anon_0052849,85
anon_0052877,85
anon_0052942,75
anon_0052894,85
anon_0052849,100
anon_0052900,90
anon_0052936,100
anon_0052917,90
anon_0052942,85
anon_0052874,100
anon_0052971,100
anon_0052940,100
anon_0052879,85
anon_0052971,100
anon_0052900,70
anon_0052936,100
anon_0052953,85
anon_0052953,30
anon_0052894,85
anon_0052940,100
anon_0052894,90
anon_0052900,85
anon_0052936,100
anon_0052894,50
anon_0052874,70
anon_0052894,100
anon_0052940,85
anon_0052894,90
anon_0052900,85
anon_0052874,60
anon_0052894,85
anon_0052936,100
anon_0052953,75
anon_0052894,90
anon_0052874,95
anon_0052894,100
anon_0052894,90
anon_0052894,85
anon_0052936,0
anon_0052971,90
anon_0052940,90
anon_0052947,100
anon_0052971,100
anon_0052980,90
anon_0053007,100
anon_0052877,0
anon_0052940,50
anon_0052951,85
anon_0052980,90
anon_0052940,95
anon_0052993,95
anon_0052940,90
anon_0052993,100
anon_0053014,100
anon_0052877,100
anon_0052947,75
anon_0052951,100
anon_0053007,85
anon_0053014,95
anon_0052980,95
anon_0052877,100
anon_0053014,100
anon_0053007,50
anon_0052940,100
anon_0052951,100
anon_0052917,100
anon_0052951,100
anon_0052984,95
anon_0052992,0
anon_0052936,100
anon_0052995,100
anon_0052877,90
anon_0052984,100
anon_0052940,90
anon_0052936,100
anon_0052936,100
anon_0052877,0
anon_0052953,50
anon_0053007,100
anon_0052971,90
anon_0052951,85
anon_0052940,100
anon_0052917,100
anon_0052980,100
anon_0052993,100
anon_0052995,100
anon_0053007,85
anon_0052951,90
anon_0052951,85
anon_0053014,90
anon_0052917,100
anon_0052984,100
anon_0052992,85
anon_0052995,85
anon_0052992,90
anon_0052984,100
anon_0052995,95
anon_0052947,100
anon_0052947,100
anon_0052993,90
anon_0052993,95
anon_0052984,100
anon_0052992,100
anon_0052936,100
anon_0053007,85
anon_0052951,85
anon_0052877,85
anon_0052953,90
anon_0052980,0
anon_0052993,0
anon_0052984,64
anon_0052971,90
anon_0052995,90
anon_0053007,90
anon_0052993,85
anon_0052980,100
anon_0052940,0
anon_0052995,100
anon_0052940,85
anon_0052940,100
anon_0052993,100
anon_0052980,85
anon_0052953,100
anon_0052940,95
anon_0052940,0
anon_0052992,85
anon_0052993,100
anon_0053007,100
anon_0053007,90
anon_0052953,70
anon_0052951,85
anon_0052992,90
anon_0052971,100
anon_0052993,0
anon_0052953,100
anon_0052951,20
anon_0052951,85
anon_0052953,100
anon_0052951,90
anon_0052951,85
anon_0052953,85
anon_0052953,90
anon_0052953,85
anon_0052953,100
anon_0052971,85
anon_0052980,90
anon_0052887,90
anon_0052992,95
anon_0052887,50
anon_0052971,85
anon_0052936,90
anon_0052953,100
anon_0052951,40
anon_0052980,100
anon_0052980,70
anon_0052980,85
anon_0052980,100
anon_0052953,100
anon_0052953,90
anon_0052953,75
anon_0052936,100
anon_0052951,100
anon_0052887,100
anon_0052953,100
anon_0052887,100
anon_0052971,85
anon_0052887,90
anon_0052992,85
anon_0052993,90
anon_0052951,70
anon_0052971,85
anon_0052980,95
anon_0052936,100
anon_0052953,50
anon_0052953,85
anon_0052953,85
anon_0052936,85
anon_0052953,85
anon_0052980,85
anon_0052980,85
anon_0052887,100
anon_0052980,100
anon_0052992,85
anon_0052992,90
anon_0052936,100
anon_0052992,85
anon_0052953,90
anon_0052980,NA
anon_0052887,90
anon_0052953,95
anon_0052936,100
anon_0052953,100
anon_0052953,95
anon_0052980,100
anon_0052980,100
anon_0052887,80
anon_0052980,85
anon_0052980,100
anon_0052936,100
anon_0052980,90
anon_0052936,0
anon_0052980,100
anon_0052936,0
anon_0052953,100
anon_0052953,85
anon_0052936,100
anon_0052980,100
anon_0052953,85
anon_0052953,30
anon_0052980,85
anon_0052953,85
anon_0052953,90
anon_0052980,85
anon_0052953,85
anon_0052971,90
anon_0052980,85
anon_0052992,85
anon_0052992,85
anon_0052971,85
anon_0053024,0
anon_0053022,50
anon_0053022,0
anon_0052995,100
anon_0053037,90
anon_0053037,90
anon_0053007,90
anon_0053025,100
anon_0053007,90
anon_0053005,100
anon_0052995,85
anon_0053037,100
anon_0052992,85
anon_0053007,90
anon_0053022,100
anon_0052992,100
anon_0053035,100
anon_0052971,100
anon_0053037,90
anon_0053014,100
anon_0052993,100
anon_0053037,95
anon_0053037,95
anon_0052995,85
anon_0052993,100
anon_0052992,95
anon_0052995,100
anon_0052995,100
anon_0052980,75
anon_0052980,100
anon_0053035,90
anon_0053049,100
anon_0052993,100
anon_0053024,90
anon_0053007,0
anon_0052971,85
anon_0052995,100
anon_0053014,59
anon_0052980,100
anon_0053024,100
anon_0052992,100
anon_0053024,85
anon_0053059,100
anon_0052877,90
anon_0052980,100
anon_0052995,100
anon_0052980,85
anon_0053035,100
anon_0053005,95
anon_0052877,100
anon_0053022,0
anon_0053024,50
anon_0052877,90
anon_0053024,85
anon_0053049,100
anon_0053025,100
anon_0053007,100
anon_0053059,100
anon_0053007,90
anon_0052992,95
anon_0053037,95
anon_0053025,85
anon_0053024,50
anon_0053024,90
anon_0052980,0
anon_0053024,100
anon_0053005,85
anon_0052980,100
anon_0052980,90
anon_0052992,90
anon_0053014,85
anon_0052995,85
anon_0052980,50
anon_0053007,100
anon_0052980,85
anon_0053007,100
anon_0053007,95
anon_0053024,85
anon_0053007,100
anon_0053035,90
anon_0052995,85
anon_0052971,85
anon_0053024,60
anon_0052995,90
anon_0053022,75
anon_0053022,85
anon_0053049,95
anon_0052992,50
anon_0053005,100
anon_0053005,100
anon_0053022,85
anon_0053059,100
anon_0053024,0
anon_0053007,0
anon_0053024,85
anon_0053005,90
anon_0053037,0
anon_0053037,100
anon_0053014,100
anon_0053005,100
anon_0053014,85
anon_0053007,95
anon_0053007,30
anon_0053014,95
anon_0053022,100
anon_0053014,95
anon_0053007,100
anon_0053014,0
anon_0053014,100
anon_0053014,100
anon_0053022,100
anon_0053005,0
anon_0053014,100
anon_0053005,0
anon_0053007,80
anon_0053037,100
anon_0053007,100
anon_0053005,100
anon_0053059,90
anon_0052980,100
anon_0052993,100
anon_0052993,100
anon_0053007,70
anon_0052993,0
anon_0052992,0
anon_0052993,100
anon_0053014,100
anon_0053022,0
anon_0053037,85
anon_0053014,90
anon_0053037,85
anon_0053037,90
anon_0053014,100
anon_0053007,100
anon_0053014,0
anon_0052992,0
anon_0053007,50
anon_0052993,100
anon_0053014,100
anon_0052992,90
anon_0053037,90
anon_0053014,0
anon_0053007,75
anon_0052995,75
anon_0053014,100
anon_0053014,85
anon_0053005,90
anon_0052992,90
anon_0053022,80
anon_0052992,85
anon_0052993,85
anon_0052992,90
anon_0053014,85
anon_0053005,0
anon_0053005,91
anon_0053059,95
anon_0053049,90
anon_0053057,100
anon_0053057,100
anon_0053014,100
anon_0053059,100
anon_0053059,100
anon_0053035,100
anon_0053059,100
anon_0053059,100
anon_0053057,0
anon_0053038,100
anon_0052995,50
anon_0053049,100
anon_0053049,100
anon_0053005,90
anon_0052995,100
anon_0053024,75
anon_0053024,85
anon_0053059,85
anon_0053005,100
anon_0053024,90
anon_0053059,85
anon_0052995,95
anon_0053059,85
anon_0053025,85
anon_0053024,85
anon_0053038,100
anon_0053049,100
anon_0053049,100
anon_0053014,50
anon_0053049,100
anon_0052995,85
anon_0053059,90
anon_0053014,100
anon_0053038,0
anon_0053049,100
anon_0053049,95
anon_0053049,95
anon_0053049,80
anon_0053049,0
anon_0052995,0
anon_0053074,100
anon_0052984,0
anon_0052995,90
anon_0053014,0
anon_0052995,95
anon_0053038,90
anon_0052995,85
anon_0053049,100
anon_0053024,85
anon_0053099,75
anon_0053024,90
anon_0053014,0
anon_0053057,85
anon_0052984,0
anon_0053024,85
anon_0052992,100
anon_0053057,90
anon_0053024,85
anon_0052995,95
anon_0053024,95
anon_0053049,0
anon_0053059,90
anon_0053099,0
anon_0053057,90
anon_0052995,100
anon_0053038,100
anon_0052995,70
anon_0053025,85
anon_0053005,100
anon_0053049,100
anon_0052992,50
anon_0052995,50
anon_0052995,85
anon_0053059,90
anon_0053059,85
anon_0053038,95
anon_0053049,85
anon_0053074,85
anon_0053024,90
anon_0053024,85
anon_0053074,0
anon_0053059,50
anon_0053014,0
anon_0052984,100
anon_0053014,100
anon_0053014,0
anon_0053025,95
anon_0053014,100
anon_0052984,0
anon_0052995,90
anon_0052995,85
anon_0053035,85
anon_0053014,0
anon_0053074,100
anon_0053024,85
anon_0053074,100
anon_0052995,75
anon_0053074,85
anon_0052995,85
anon_0053014,100
anon_0053035,85
anon_0052992,85
anon_0053038,100
anon_0053074,85
anon_0053014,100
anon_0052992,95
anon_0052984,85
anon_0053074,85
anon_0053035,85
anon_0053049,85
anon_0052984,100
anon_0053074,85
anon_0052984,100
anon_0052984,100
anon_0052992,50
anon_0052984,100
anon_0053025,60
anon_0053024,85
anon_0053014,50
anon_0053005,85
anon_0053024,85
anon_0053005,100
anon_0053038,90
anon_0053074,100
anon_0052992,85
anon_0053049,85
anon_0053074,90
anon_0053024,85
anon_0053024,60
anon_0053005,90
anon_0052992,85
anon_0052992,50
anon_0052992,85
anon_0053014,0
anon_0053024,85
anon_0053074,100
anon_0053014,50
anon_0053038,100
anon_0053049,0
anon_0052995,85
anon_0053049,100
anon_0052992,100
anon_0053014,100
anon_0053074,100
anon_0053005,75
anon_0053024,85
anon_0053024,85
anon_0053038,100
anon_0053014,100
anon_0053024,95
anon_0053014,85
anon_0052992,90
anon_0053049,90
anon_0053049,90
anon_0052992,60
anon_0053014,90
anon_0053038,85
anon_0052992,90
anon_0053014,50
anon_0052992,85
anon_0053024,90
anon_0053038,95
anon_0053049,100
anon_0053024,90
anon_0053049,90
anon_0053014,90
anon_0053014,95
anon_0053014,85
anon_0052992,95
anon_0053014,0
anon_0053014,50
anon_0053014,85
anon_0052992,85
anon_0053074,80
anon_0053014,100
anon_0053024,85
anon_0052992,85
anon_0053014,85
anon_0053024,85
anon_0053057,100
anon_0053148,95
anon_0053157,90
anon_0053110,95
anon_0053111,0
anon_0053111,90
anon_0053074,50
anon_0053123,100
anon_0053148,90
anon_0053157,90
anon_0053049,100
anon_0053111,100
anon_0053005,90
anon_0053038,100
anon_0053119,100
anon_0053005,100
anon_0053074,0
anon_0053074,100
anon_0053111,90
anon_0053059,85
anon_0053038,0
anon_0053049,90
anon_0053049,85
anon_0053049,85
anon_0053110,90
anon_0053110,100
anon_0053111,90
anon_0053005,100
anon_0053059,100
anon_0053142,100
anon_0053111,85
anon_0053136,100
anon_0053142,85
anon_0053129,95
anon_0053049,50
anon_0053111,100
anon_0053123,100
anon_0053123,100
anon_0053111,90
anon_0053135,95
anon_0053157,95
anon_0053099,0
anon_0053148,0
anon_0053099,95
anon_0053143,100
anon_0053142,100
anon_0053111,50
anon_0053110,90
anon_0053049,90
anon_0053111,100
anon_0053110,100
anon_0053111,90
anon_0053074,80
anon_0053111,90
anon_0053136,100
anon_0053135,100
anon_0053135,100
anon_0053049,100
anon_0053111,100
anon_0053123,100
anon_0053110,95
anon_0053057,85
anon_0053114,90
anon_0053123,50
anon_0053135,100
anon_0053129,95
anon_0053123,100
anon_0053111,60
anon_0053110,100
anon_0053136,0
anon_0053136,100
anon_0053123,0
anon_0053099,0
anon_0053119,95
anon_0053123,100
anon_0053123,100
anon_0053074,0
anon_0053074,85
anon_0053123,100
anon_0053135,95
anon_0053074,90
anon_0053074,90
anon_0053074,50
anon_0053157,90
anon_0053123,50
anon_0053136,100
anon_0053074,85
anon_0053143,85
anon_0053143,90
anon_0053142,100
anon_0053049,90
anon_0053049,100
anon_0053143,90
anon_0053049,50
anon_0053114,90
anon_0053074,20
anon_0053074,85
anon_0053074,85
anon_0053136,100
anon_0053111,75
anon_0053114,85
anon_0053123,100
anon_0053049,0
anon_0053110,90
anon_0053123,100
anon_0053049,50
anon_0053049,100
anon_0053142,100
anon_0053025,100
anon_0053143,100
anon_0053143,100
anon_0053142,50
anon_0053135,100
anon_0053074,85
anon_0053025,80
anon_0053123,0
anon_0053014,100
anon_0053025,100
anon_0053111,100
anon_0053035,90
anon_0053049,0
anon_0053136,90
anon_0053114,60
anon_0053135,100
anon_0053111,100
anon_0053114,100
anon_0053114,100
anon_0053114,85
anon_0053049,85
anon_0053035,100
anon_0053114,85
anon_0053035,100
anon_0053014,100
anon_0053114,90
anon_0053143,100
anon_0053025,100
anon_0053123,0
anon_0053114,85
anon_0053035,100
anon_0053049,100
anon_0053049,30
anon_0053049,50
anon_0053114,85
anon_0053014,85
anon_0053025,100
anon_0053135,90
anon_0053049,90
anon_0053049,85
anon_0053035,100
anon_0053143,85
anon_0053111,100
anon_0053114,70
anon_0053135,85
anon_0053049,50
anon_0053142,100
anon_0053143,85
anon_0053142,95
anon_0053014,100
anon_0053143,100
anon_0053143,100
anon_0053114,85
anon_0053114,85
anon_0053049,50
anon_0053014,0
anon_0053025,85
anon_0053143,85
anon_0053143,85
anon_0053114,90
anon_0053143,85
anon_0053049,90
anon_0053025,50
anon_0053025,50
anon_0053014,100
anon_0053168,100
anon_0053197,100
anon_0053197,95
anon_0053143,100
anon_0053038,100
anon_0053142,90
anon_0053197,90
anon_0053148,100
anon_0053164,85
anon_0053176,0
anon_0053143,100
anon_0053164,100
anon_0053168,100
anon_0053159,100
anon_0053167,100
anon_0053143,100
anon_0053136,0
anon_0053143,85
anon_0053167,100
anon_0053123,95
anon_0053159,95
anon_0053168,50
anon_0053025,85
anon_0053157,90
anon_0053157,100
anon_0053110,90
anon_0053157,90
anon_0053188,95
anon_0053143,85
anon_0053168,80
anon_0053123,85
anon_0053143,100
anon_0053171,95
anon_0053159,90
anon_0053157,100
anon_0053188,90
anon_0053167,90
anon_0053143,100
anon_0053157,100
anon_0053136,0
anon_0053176,100
anon_0053148,100
anon_0053148,100
anon_0053110,100
anon_0053159,100
anon_0053025,50
anon_0053157,100
anon_0053159,100
anon_0053142,0
anon_0053176,85
anon_0053171,95
anon_0053136,0
anon_0053188,85
anon_0053038,95
anon_0053164,90
anon_0053157,95
anon_0053123,50
anon_0053142,75
anon_0053074,50
anon_0053143,50
anon_0053143,95
anon_0053168,50
anon_0053157,100
anon_0053167,85
anon_0053157,100
anon_0053114,100
anon_0053148,90
anon_0053110,0
anon_0053176,100
anon_0053142,90
anon_0053167,100
anon_0053143,85
anon_0053114,50
anon_0053176,100
anon_0053142,90
anon_0053157,90
anon_0053148,100
anon_0053176,100
anon_0053136,0
anon_0053148,100
anon_0053157,90
anon_0053167,100
anon_0053025,50
anon_0053188,85
anon_0053074,95
anon_0053176,85
anon_0053114,90
anon_0053167,100
anon_0053114,85
anon_0053038,85
anon_0053148,100
anon_0053159,100
anon_0053005,70
anon_0053123,100
anon_0053143,85
anon_0053110,85
anon_0053159,100
anon_0053005,90
anon_0053148,90
anon_0053148,85
anon_0053148,100
anon_0053123,100
anon_0053005,100
anon_0053136,100
anon_0053114,85
anon_0053148,50
anon_0053074,90
anon_0053074,90
anon_0053038,100
anon_0053025,20
anon_0053157,85
anon_0053135,100
anon_0053123,100
anon_0053143,85
anon_0053142,0
anon_0053135,0
anon_0053148,100
anon_0053143,0
anon_0053159,100
anon_0053074,0
anon_0053159,95
anon_0053159,90
anon_0053148,100
anon_0053142,100
anon_0053142,100
anon_0053143,95
anon_0053159,100
anon_0053159,100
anon_0053005,50
anon_0053159,100
anon_0053159,50
anon_0053123,85
anon_0053142,100
anon_0053074,85
anon_0053148,75
anon_0053143,95
anon_0053005,0
anon_0053143,75
anon_0053074,90
anon_0053123,0
anon_0053074,85
anon_0053168,100
anon_0053159,85
anon_0053005,85
anon_0053005,85
anon_0053074,60
anon_0053135,100
anon_0053159,100
anon_0053123,50
anon_0053143,100
anon_0053136,100
anon_0053143,95
anon_0053135,100
anon_0053159,90
anon_0053136,100
anon_0053135,70
anon_0053143,85
anon_0053136,85
anon_0053148,90
anon_0053005,0
anon_0053005,85
anon_0053143,75
anon_0053005,85
anon_0053159,95
anon_0053142,100
anon_0053005,90
anon_0053135,100
anon_0053142,100
anon_0053143,90
anon_0053143,90
anon_0053005,75
anon_0053005,90
anon_0053135,90
anon_0053005,50
anon_0053159,100
anon_0053142,95
anon_0053142,20
anon_0053142,100
anon_0053142,20
anon_0053135,0
anon_0053074,85
anon_0053136,90
anon_0053143,75
anon_0053143,85
anon_0053143,85
anon_0053135,85
anon_0053143,0
anon_0053136,0
anon_0053176,100
anon_0053143,100
anon_0053204,100
anon_0053143,100
anon_0053057,100
anon_0053142,0
anon_0053176,100
anon_0053057,100
anon_0053143,100
anon_0053143,90
anon_0053204,95
anon_0053142,90
anon_0053176,100
anon_0053224,100
anon_0053204,0
anon_0053119,100
anon_0053143,90
anon_0053142,100
anon_0053114,90
anon_0053176,85
anon_0053168,100
anon_0053171,0
anon_0053136,0
anon_0053136,85
anon_0053206,100
anon_0053110,90
anon_0053168,100
anon_0053136,85
anon_0053123,85
anon_0053159,50
anon_0053164,90
anon_0053110,95
anon_0053143,85
anon_0053171,70
anon_0053171,100
anon_0053114,100
anon_0053224,100
anon_0053142,85
anon_0053171,90
anon_0053176,80
anon_0053142,50
anon_0053176,100
anon_0053164,85
anon_0053136,100
anon_0053176,85
anon_0053219,85
anon_0053136,0
anon_0053203,90
anon_0053135,0
anon_0053159,95
anon_0053142,100
anon_0053164,85
anon_0053110,95
anon_0053159,85
anon_0053168,100
anon_0053142,100
anon_0053123,85
anon_0053167,85
anon_0053176,100
anon_0053135,95
anon_0053136,90
anon_0053176,95
anon_0053142,100
anon_0053110,100
anon_0053143,95
anon_0053203,90
anon_0053142,85
anon_0053171,70
anon_0053176,100
anon_0053203,90
anon_0053110,85
anon_0053114,85
anon_0053206,100
anon_0053142,100
anon_0053168,100
anon_0053136,90
anon_0053219,0
anon_0053164,85
anon_0053119,85
anon_0053219,0
anon_0053176,100
anon_0053176,85
anon_0053119,85
anon_0053204,0
anon_0053143,80
anon_0053114,50
anon_0053203,95
anon_0053143,95
anon_0053143,85
anon_0053206,90
anon_0053143,85
anon_0053119,100
anon_0053204,100
anon_0053123,85
anon_0053136,0
anon_0053038,100
anon_0053208,100
anon_0053159,100
anon_0053188,85
anon_0053135,50
anon_0053038,100
anon_0053143,75
anon_0053038,0
anon_0053114,50
anon_0053171,100
anon_0053208,100
anon_0053038,100
anon_0053159,80
anon_0053142,90
anon_0053136,90
anon_0053119,95
anon_0053188,90
anon_0053110,90
anon_0053110,100
anon_0053038,100
anon_0053208,100
anon_0053143,100
anon_0053135,100
anon_0053208,100
anon_0053159,100
anon_0053143,85
anon_0053176,85
anon_0053110,85
anon_0053208,100
anon_0053208,90
anon_0053219,90
anon_0053159,100
anon_0053038,50
anon_0053208,0
anon_0053143,90
anon_0053176,100
anon_0053159,95
anon_0053188,100
anon_0053171,100
anon_0053143,85
anon_0053188,90
anon_0053135,100
anon_0053197,100
anon_0053197,100
anon_0053159,90
anon_0053208,100
anon_0053159,90
anon_0053197,100
anon_0053208,100
anon_0053038,50
anon_0053159,100
anon_0053159,95
anon_0053171,90
anon_0053224,100
anon_0053208,100
anon_0053171,85
anon_0053110,85
anon_0053208,100
anon_0053159,90
anon_0053038,85
anon_0053188,85
anon_0053159,50
anon_0053224,100
anon_0053110,85
anon_0053176,100
anon_0053038,85
anon_0053038,85
anon_0053159,100
anon_0053038,90
anon_0053038,85
anon_0053159,100
anon_0053197,80
anon_0053176,50
anon_0053188,50
anon_0053110,90
anon_0053224,100
anon_0053197,85
anon_0053197,100
anon_0053110,50
anon_0053110,100
anon_0053110,90
anon_0053208,100
anon_0053110,85
anon_0053176,70
anon_0053197,85
anon_0053224,100
anon_0053171,50
anon_0053110,85
anon_0053197,85
anon_0053203,90
anon_0053159,100
anon_0053188,100
anon_0053206,100
anon_0053208,100
anon_0053142,100
anon_0053164,100
anon_0053188,100
anon_0053206,95
anon_0053224,90
anon_0053142,100
anon_0053171,90
anon_0053159,85
anon_0053219,100
anon_0053219,85
anon_0053206,95
anon_0053197,100
anon_0053206,90
anon_0053224,100
anon_0053203,100
anon_0053208,85
anon_0053168,100
anon_0053188,0
anon_0053142,85
anon_0053224,85
anon_0053219,90
anon_0053197,85
anon_0053272,90
anon_0053197,100
anon_0053224,60
anon_0053197,100
anon_0053164,90
anon_0053119,100
anon_0053197,100
anon_0053188,60
anon_0053214,90
anon_0053203,90
anon_0053159,70
anon_0053168,85
anon_0053208,100
anon_0053168,75
anon_0053208,100
anon_0053206,50
anon_0053206,95
anon_0053142,100
anon_0053188,85
anon_0053142,95
anon_0053203,90
anon_0053206,100
anon_0053206,85
anon_0053188,100
anon_0053214,50
anon_0053159,85
anon_0053206,100
anon_0053164,0
anon_0053206,95
anon_0053159,85
anon_0053206,100
anon_0053038,0
anon_0053038,100
anon_0053188,100
anon_0053164,90
anon_0053119,100
anon_0053168,90
anon_0053208,95
anon_0053188,100
anon_0053219,85
anon_0053214,90
anon_0053188,100
anon_0053208,100
anon_0053038,100
anon_0053159,85
anon_0053272,85
anon_0053168,90
anon_0053219,100
anon_0053204,90
anon_0053204,85
anon_0053164,100
anon_0053206,95
anon_0053188,80
anon_0053119,85
anon_0053208,85
anon_0053219,90
anon_0053272,85
anon_0053208,100
anon_0053267,50
anon_0053204,95
anon_0053119,95
anon_0053159,85
anon_0053197,100
anon_0053208,90
anon_0053171,85
anon_0053204,100
anon_0053119,100
anon_0053176,100
anon_0053206,85
anon_0053206,85
anon_0053206,85
anon_0053176,100
anon_0053159,90
anon_0053214,90
anon_0053176,100
anon_0053272,85
anon_0053204,100
anon_0053214,80
anon_0053168,100
anon_0053119,95
anon_0053119,100
anon_0053171,85
anon_0053197,100
anon_0053197,100
anon_0053197,100
anon_0053206,0
anon_0053176,90
anon_0053176,100
anon_0053119,95
anon_0053203,50
anon_0053176,85
anon_0053219,60
anon_0053110,100
anon_0053214,100
anon_0053206,90
anon_0053119,50
anon_0053214,100
anon_0053204,90
anon_0053197,100
anon_0053168,90
anon_0053176,85
anon_0053219,90
anon_0053176,100
anon_0053214,90
anon_0053208,90
anon_0053219,85
anon_0053119,100
anon_0053110,100
anon_0053204,100
anon_0053119,0
anon_0053119,100
anon_0053204,100
anon_0053110,100
anon_0053119,100
anon_0053119,95
anon_0053214,85
anon_0053204,100
anon_0053197,50
anon_0053176,100
anon_0053168,85
anon_0053219,50
anon_0053219,85
anon_0053176,75
anon_0053168,50
anon_0053204,100
anon_0053176,100
anon_0053110,100
anon_0053204,100
anon_0053214,100
anon_0053176,100
anon_0053176,85
anon_0053214,90
anon_0053208,85
anon_0053119,90
anon_0053110,90
anon_0053168,50
anon_0053110,90
anon_0053168,85
anon_0053176,85
anon_0053168,50
anon_0053119,70
anon_0053176,100
anon_0053168,85
anon_0053168,85
anon_0053204,100
anon_0053204,50
anon_0053204,85
anon_0053176,100
anon_0053176,100
anon_0053168,85
anon_0053219,85
anon_0053176,80
anon_0053204,50
anon_0053168,85
anon_0053168,90
anon_0053176,90
anon_0053176,90
anon_0053110,85
anon_0053176,0
anon_0053168,70
anon_0053197,85
anon_0053214,50
anon_0053208,90
anon_0053168,90
anon_0053299,95
anon_0053208,50
anon_0053306,0
anon_0053188,95
anon_0053280,90
anon_0053224,50
anon_0053280,100
anon_0053306,100
anon_0053206,100
anon_0053336,100
anon_0053203,85
anon_0053119,85
anon_0053214,90
anon_0053299,100
anon_0053271,95
anon_0053280,60
anon_0053299,100
anon_0053188,90
anon_0053271,90
anon_0053336,85
anon_0053280,100
anon_0053272,0
anon_0053214,100
anon_0053299,100
anon_0053280,100
anon_0053214,95
anon_0053280,100
anon_0053272,0
anon_0053299,100
anon_0053203,100
anon_0053336,85
anon_0053271,85
anon_0053214,100
anon_0053188,100
anon_0053271,90
anon_0053271,90
anon_0053188,90
anon_0053214,100
anon_0053280,90
anon_0053272,100
anon_0053271,85
anon_0053271,85
anon_0053299,90
anon_0053188,95
anon_0053188,90
anon_0053306,50
anon_0053206,100
anon_0053214,100
anon_0053203,85
anon_0053208,90
anon_0053208,95
anon_0053299,85
anon_0053188,85
anon_0053336,90
anon_0053299,100
anon_0053271,85
anon_0053206,100
anon_0053299,100
anon_0053271,100
anon_0053214,90
anon_0053299,90
anon_0053271,95
anon_0053306,85
anon_0053280,100
anon_0053203,100
anon_0053188,85
anon_0053280,100
anon_0053271,85
anon_0053203,100
anon_0053299,85
anon_0053299,90
anon_0053306,100
anon_0053188,70
anon_0053206,90
anon_0053280,85
anon_0053280,85
anon_0053203,90
anon_0053299,100
anon_0053214,90
anon_0053271,90
anon_0053299,0
anon_0053271,90
anon_0053214,85
anon_0053224,90
anon_0053272,85
anon_0053271,30
anon_0053272,80
anon_0053271,85
anon_0053272,100
anon_0053271,50
anon_0053206,100
anon_0053271,95
anon_0053271,85
anon_0053188,100
anon_0053272,30
anon_0053280,90
anon_0053321,85
anon_0053280,100
anon_0053280,90
anon_0053272,90
anon_0053203,85
anon_0053272,85
anon_0053299,100
anon_0053321,85
anon_0053224,0
anon_0053271,85
anon_0053280,80
anon_0053280,95
anon_0053206,100
anon_0053206,90
anon_0053272,60
anon_0053272,85
anon_0053299,90
anon_0053272,85
anon_0053206,100
anon_0053272,90
anon_0053272,85
anon_0053206,85
anon_0053271,70
anon_0053206,100
anon_0053272,100
anon_0053272,90
anon_0053206,100
anon_0053272,20
anon_0053272,85
anon_0053203,85
anon_0053355,100
anon_0053382,90
anon_0053347,85
anon_0053299,90
anon_0053321,50
anon_0053321,0
anon_0053306,100
anon_0053306,100
anon_0053336,0
anon_0053361,100
anon_0053299,85
anon_0053323,90
anon_0053355,90
anon_0053392,85
anon_0053382,100
anon_0053382,100
anon_0053323,100
anon_0053321,0
anon_0053361,90
anon_0053355,85
anon_0053299,90
anon_0053355,90
anon_0053323,100
anon_0053336,85
anon_0053323,100
anon_0053306,90
anon_0053353,85
anon_0053355,85
anon_0053382,100
anon_0053392,85
anon_0053299,100
anon_0053355,85
anon_0053299,90
anon_0053321,0
anon_0053299,100
anon_0053355,95
anon_0053355,85
anon_0053299,85
anon_0053382,90
anon_0053361,85
anon_0053351,0
anon_0053361,0
anon_0053299,90
anon_0053306,100
anon_0053336,85
anon_0053347,85
anon_0053361,95
anon_0053321,85
anon_0053306,85
anon_0053323,85
anon_0053321,50
anon_0053299,95
anon_0053306,70
anon_0053336,85
anon_0053361,85
anon_0053321,0
anon_0053355,50
anon_0053361,100
anon_0053271,90
anon_0053355,50
anon_0053355,85
anon_0053392,70
anon_0053351,80
anon_0053271,100
anon_0053361,95
anon_0053299,85
anon_0053299,85
anon_0053382,85
anon_0053321,85
anon_0053306,90
anon_0053355,85
anon_0053306,90
anon_0053355,95
anon_0053347,95
anon_0053271,90
anon_0053355,100
anon_0053336,85
anon_0053299,85
anon_0053361,100
anon_0053355,95
anon_0053299,50
anon_0053299,90
anon_0053353,85
anon_0053355,85
anon_0053361,100
anon_0053353,100
anon_0053321,100
anon_0053336,50
anon_0053352,89
anon_0053321,75
anon_0053361,85
anon_0053371,100
anon_0053392,85
anon_0053355,85
anon_0053321,70
anon_0053321,90
anon_0053382,90
anon_0053392,90
anon_0053323,100
anon_0053352,86
anon_0053352,90
anon_0053371,100
anon_0053347,85
anon_0053299,75
anon_0053361,100
anon_0053352,90
anon_0053355,85
anon_0053352,100
anon_0053352,0
anon_0053323,95
anon_0053371,100
anon_0053371,0
anon_0053382,100
anon_0053361,0
anon_0053271,90
anon_0053361,90
anon_0053355,100
anon_0053355,85
anon_0053336,80
anon_0053361,100
anon_0053352,90
anon_0053353,90
anon_0053382,100
anon_0053353,100
anon_0053355,85
anon_0053323,90
anon_0053382,85
anon_0053352,100
anon_0053352,90
anon_0053361,90
anon_0053353,100
anon_0053382,90
anon_0053323,95
anon_0053352,90
anon_0053353,100
anon_0053352,85
anon_0053323,100
anon_0053371,95
anon_0053361,95
anon_0053371,85
anon_0053352,90
anon_0053352,88
anon_0053371,100
anon_0053355,85
anon_0053353,95
anon_0053361,100
anon_0053352,95
anon_0053371,0
anon_0053361,90
anon_0053371,85
anon_0053347,85
anon_0053347,85
anon_0053352,80
anon_0053352,85
anon_0053353,90
anon_0053353,85
anon_0053271,0
anon_0053382,100
anon_0053353,100
anon_0053271,85
anon_0053353,85
anon_0053271,75
anon_0053347,85
anon_0053347,85
anon_0053353,100
anon_0053336,75
anon_0053336,60
anon_0053353,85
anon_0053336,85
anon_0053371,85
anon_0053371,85
anon_0053271,100
anon_0053361,85
anon_0053353,85
anon_0053336,70
anon_0053299,0
anon_0053371,85
anon_0053355,85
anon_0053271,70
anon_0053353,85
anon_0053352,100
anon_0053336,85
anon_0053336,85
anon_0053371,90
anon_0053353,85
anon_0053336,85
anon_0053271,85
anon_0053299,95
anon_0053382,85
anon_0053299,85
anon_0053351,100
anon_0053353,100
anon_0053355,90
anon_0053355,85
anon_0053271,90
anon_0053361,100
anon_0053323,85
anon_0053361,100
anon_0053355,100
anon_0053361,90
anon_0053371,60
anon_0053355,85
anon_0053353,90
anon_0053355,90
anon_0053413,85
anon_0053361,100
anon_0053323,85
anon_0053271,100
anon_0053361,100
anon_0053323,0
anon_0053382,85
anon_0053392,60
anon_0053392,0
anon_0053413,100
anon_0053323,0
anon_0053352,100
anon_0053361,100
anon_0053353,100
anon_0053351,85
anon_0053392,50
anon_0053353,100
anon_0053271,90
anon_0053355,70
anon_0053382,100
anon_0053392,100
anon_0053371,100
anon_0053355,50
anon_0053352,100
anon_0053271,90
anon_0053271,95
anon_0053413,100
anon_0053413,95
anon_0053392,100
anon_0053323,95
anon_0053392,85
anon_0053323,50
anon_0053323,100
anon_0053361,50
anon_0053352,100
anon_0053361,100
anon_0053351,100
anon_0053361,100
anon_0053355,85
anon_0053392,90
anon_0053336,85
anon_0053351,90
anon_0053382,85
anon_0053412,90
anon_0053351,0
anon_0053323,95
anon_0053392,90
anon_0053355,75
anon_0053323,95
anon_0053361,85
anon_0053355,85
anon_0053351,70
anon_0053323,0
anon_0053352,85
anon_0053353,85
anon_0053371,95
anon_0053361,90
anon_0053361,50
anon_0053413,85
anon_0053351,100
anon_0053347,85
anon_0053412,0
anon_0053352,0
anon_0053271,90
anon_0053392,85
anon_0053355,85
anon_0053355,20
anon_0053347,90
anon_0053271,85
anon_0053353,75
anon_0053323,100
anon_0053382,50
anon_0053336,85
anon_0053353,90
anon_0053361,90
anon_0053323,95
anon_0053392,100
anon_0053271,85
anon_0053355,70
anon_0053371,85
anon_0053353,100
anon_0053371,90
anon_0053271,85
anon_0053271,90
anon_0053382,90
anon_0053412,90
anon_0053371,90
anon_0053382,100
anon_0053336,85
anon_0053336,85
anon_0053353,50
anon_0053353,50
anon_0053352,0
anon_0053371,100
anon_0053336,100
anon_0053347,100
anon_0053371,85
anon_0053351,100
anon_0053347,100
anon_0053271,85
anon_0053336,90
anon_0053336,90
anon_0053353,50
anon_0053347,70
anon_0053353,50
anon_0053353,0
anon_0053353,85
anon_0053353,50
anon_0053355,95
anon_0053353,50
anon_0053382,0
anon_0053323,95
anon_0053323,90
anon_0053336,85
anon_0053353,70
anon_0053412,85
anon_0053336,85
anon_0053353,75
anon_0053323,100
anon_0053336,100
anon_0053392,100
anon_0053392,100
anon_0053336,95
anon_0053353,85
anon_0053347,85
anon_0053355,50
anon_0053382,85
anon_0053336,85
anon_0053352,90
anon_0053355,85
anon_0053392,85
anon_0053351,85
anon_0053323,100
anon_0053353,50
anon_0053336,80
anon_0053392,50
anon_0053323,95
anon_0053336,20
anon_0053323,100
anon_0053392,100
anon_0053392,90
anon_0053352,50
anon_0053352,100
anon_0053336,50
anon_0053355,90
anon_0053347,20
anon_0053392,85
anon_0053347,50
anon_0053355,0
anon_0053336,50
anon_0053355,80
anon_0053323,80
anon_0053353,90
anon_0053323,95
anon_0053392,85
anon_0053392,60
anon_0053412,90
anon_0053353,85
anon_0053412,90
anon_0053412,85
anon_0053392,50
anon_0053392,85
anon_0053323,95
anon_0053460,85
anon_0053462,100
anon_0053449,0
anon_0053454,90
anon_0053392,90
anon_0053413,90
anon_0053462,100
anon_0053443,50
anon_0053413,85
anon_0053432,100
anon_0053462,100
anon_0053413,100
anon_0053413,100
anon_0053443,85
anon_0053443,85
anon_0053462,100
anon_0053413,95
anon_0053392,100
anon_0053438,100
anon_0053438,85
anon_0053432,85
anon_0053347,85
anon_0053413,90
anon_0053443,85
anon_0053413,100
anon_0053438,90
anon_0053432,100
anon_0053454,100
anon_0053432,0
anon_0053443,100
anon_0053371,100
anon_0053413,100
anon_0053438,85
anon_0053392,100
anon_0053392,70
anon_0053421,0
anon_0053413,90
anon_0053438,50
anon_0053432,85
anon_0053432,100
anon_0053449,0
anon_0053449,100
anon_0053449,85
anon_0053449,85
anon_0053413,95
anon_0053413,85
anon_0053443,90
anon_0053449,100
anon_0053462,50
anon_0053454,85
anon_0053423,95
anon_0053413,100
anon_0053437,0
anon_0053454,95
anon_0053454,85
anon_0053438,85
anon_0053423,100
anon_0053413,95
anon_0053438,85
anon_0053347,85
anon_0053413,100
anon_0053423,100
anon_0053443,85
anon_0053413,85
anon_0053423,0
anon_0053392,30
anon_0053347,50
anon_0053413,95
anon_0053423,100
anon_0053437,70
anon_0053460,85
anon_0053423,62
anon_0053432,85
anon_0053392,85
anon_0053454,95
anon_0053432,0
anon_0053347,0
anon_0053460,85
anon_0053432,90
anon_0053443,100
anon_0053413,100
anon_0053371,100
anon_0053432,90
anon_0053449,85
anon_0053392,100
anon_0053423,100
anon_0053438,90
anon_0053413,95
anon_0053413,85
anon_0053413,85
anon_0053437,85
anon_0053392,95
anon_0053443,85
anon_0053413,75
anon_0053438,50
anon_0053443,85
anon_0053438,100
anon_0053423,50
anon_0053438,75
anon_0053443,85
anon_0053421,50
anon_0053413,50
anon_0053438,100
anon_0053421,0
anon_0053438,95
anon_0053432,90
anon_0053413,85
anon_0053438,100
anon_0053392,85
anon_0053454,85
anon_0053438,100
anon_0053412,100
anon_0053392,85
anon_0053438,85
anon_0053438,100
anon_0053438,90
anon_0053454,95
anon_0053438,50
anon_0053432,90
anon_0053412,90
anon_0053438,90
anon_0053271,85
anon_0053392,85
anon_0053412,100
anon_0053271,85
anon_0053412,50
anon_0053412,85
anon_0053454,85
anon_0053432,90
anon_0053412,75
anon_0053454,85
anon_0053454,90
anon_0053438,90
anon_0053412,85
anon_0053454,95
anon_0053438,100
anon_0053432,95
anon_0053412,95
anon_0053454,90
anon_0053412,75
anon_0053392,50
anon_0053412,85
anon_0053438,90
anon_0053438,85
anon_0053438,90
anon_0053438,75
anon_0053454,85
anon_0053432,100
anon_0053271,100
anon_0053454,85
anon_0053392,85
anon_0053454,90
anon_0053438,90
anon_0053438,85
anon_0053412,0
anon_0053412,90
anon_0053412,75
anon_0053412,100
anon_0053412,90
anon_0053412,95
anon_0053412,85
anon_0053271,85
anon_0053412,50
anon_0053412,0
anon_0053496,100
anon_0053496,95
anon_0053437,85
anon_0053486,0
anon_0053423,100
anon_0053437,50
anon_0053462,0
anon_0053449,0
anon_0053486,50
anon_0053503,100
anon_0053486,100
anon_0053491,100
anon_0053460,70
anon_0053449,100
anon_0053494,100
anon_0053473,100
anon_0053437,100
anon_0053423,50
anon_0053473,100
anon_0053423,100
anon_0053460,60
anon_0053454,0
anon_0053532,85
anon_0053486,100
anon_0053423,100
anon_0053449,100
anon_0053496,85
anon_0053449,0
anon_0053421,0
anon_0053462,100
anon_0053443,100
anon_0053462,95
anon_0053473,100
anon_0053421,0
anon_0053449,85
anon_0053432,70
anon_0053491,90
anon_0053473,95
anon_0053449,0
anon_0053462,85
anon_0053421,100
anon_0053421,100
anon_0053437,50
anon_0053421,100
anon_0053503,100
anon_0053491,100
anon_0053486,100
anon_0053486,100
anon_0053421,100
anon_0053473,0
anon_0053421,100
anon_0053532,90
anon_0053449,90
anon_0053443,100
anon_0053503,90
anon_0053491,95
anon_0053460,70
anon_0053443,0
anon_0053443,100
anon_0053421,85
anon_0053454,85
anon_0053443,0
anon_0053494,100
anon_0053486,95
anon_0053494,95
anon_0053494,100
anon_0053437,100
anon_0053473,100
anon_0053432,50
anon_0053532,85
anon_0053491,85
anon_0053491,100
anon_0053460,90
anon_0053437,90
anon_0053503,85
anon_0053462,100
anon_0053454,85
anon_0053432,100
anon_0053473,100
anon_0053494,95
anon_0053449,70
anon_0053449,100
anon_0053449,90
anon_0053486,85
anon_0053491,85
anon_0053462,90
anon_0053449,0
anon_0053460,50
anon_0053443,85
anon_0053432,85
anon_0053454,85
anon_0053460,100
anon_0053449,100
anon_0053449,100
anon_0053494,100
anon_0053462,95
anon_0053460,85
anon_0053473,100
anon_0053423,50
anon_0053412,0
anon_0053423,90
anon_0053473,80
anon_0053473,85
anon_0053449,50
anon_0053454,85
anon_0053460,85
anon_0053532,85
anon_0053460,90
anon_0053460,90
anon_0053460,100
anon_0053460,90
anon_0053412,90
anon_0053503,85
anon_0053494,100
anon_0053454,90
anon_0053412,85
anon_0053462,85
anon_0053494,100
anon_0053473,80
anon_0053423,90
anon_0053423,90
anon_0053473,85
anon_0053423,0
anon_0053460,85
anon_0053494,90
anon_0053423,80
anon_0053454,85
anon_0053460,85
anon_0053494,100
anon_0053494,95
anon_0053473,85
anon_0053423,20
anon_0053412,85
anon_0053412,70
anon_0053423,0
anon_0053503,0
anon_0053454,100
anon_0053503,85
anon_0053423,100
anon_0053412,50
anon_0053454,85
anon_0053454,95
anon_0053494,0
anon_0053412,50
anon_0053423,70
anon_0053503,100
anon_0053412,50
anon_0053412,85
anon_0053412,20
anon_0053412,100
anon_0053503,100
anon_0053423,90
anon_0053462,100
anon_0053454,95
anon_0053412,85
anon_0053454,90
anon_0053412,90
anon_0053412,90
anon_0053423,85
anon_0053412,85
anon_0053454,60
anon_0053494,80
anon_0053412,85
anon_0053454,70
anon_0053462,85
anon_0053503,100
anon_0053454,85
anon_0053462,85
anon_0053462,85
anon_0053460,90
anon_0053503,100
anon_0053454,100
anon_0053454,90
anon_0053462,95
anon_0053503,85
anon_0053454,85
anon_0053454,85
anon_0053454,85
anon_0053412,90
anon_0053412,85
anon_0053412,90
anon_0053454,75
anon_0053454,85
anon_0053412,85
anon_0053454,85
anon_0053503,90
anon_0053454,90
anon_0053454,85
anon_0053503,100
anon_0053559,100
anon_0053559,100
anon_0053574,0
anon_0053559,100
anon_0053552,90
anon_0053421,80
anon_0053574,100
anon_0053581,50
anon_0053552,80
anon_0053503,85
anon_0053503,85
anon_0053473,100
anon_0053581,100
anon_0053491,85
anon_0053491,90
anon_0053574,100
anon_0053532,85
anon_0053581,100
anon_0053581,100
anon_0053491,0
anon_0053473,90
anon_0053581,100
anon_0053574,100
anon_0053559,90
anon_0053421,85
anon_0053581,100
anon_0053574,100
anon_0053552,100
anon_0053460,50
anon_0053491,0
anon_0053552,90
anon_0053552,85
anon_0053581,100
anon_0053460,85
anon_0053552,90
anon_0053473,100
anon_0053491,95
anon_0053574,100
anon_0053581,100
anon_0053521,100
anon_0053552,85
anon_0053606,100
anon_0053581,95
anon_0053491,90
anon_0053503,50
anon_0053581,100
anon_0053491,90
anon_0053491,80
anon_0053473,50
anon_0053574,100
anon_0053581,100
anon_0053421,85
anon_0053460,50
anon_0053532,85
anon_0053449,50
anon_0053552,90
anon_0053491,90
anon_0053532,100
anon_0053521,85
anon_0053532,85
anon_0053574,95
anon_0053491,90
anon_0053552,80
anon_0053460,90
anon_0053532,100
anon_0053581,90
anon_0053532,75
anon_0053503,85
anon_0053473,80
anon_0053486,85
anon_0053421,80
anon_0053606,100
anon_0053532,95
anon_0053460,85
anon_0053532,50
anon_0053521,85
anon_0053503,0
anon_0053532,85
anon_0053491,90
anon_0053595,85
anon_0053606,100
anon_0053473,90
anon_0053460,85
anon_0053460,85
anon_0053532,85
anon_0053532,75
anon_0053581,85
anon_0053532,85
anon_0053532,85
anon_0053421,50
anon_0053581,85
anon_0053421,80
anon_0053574,100
anon_0053581,85
anon_0053503,90
anon_0053581,95
anon_0053491,90
anon_0053574,90
anon_0053595,90
anon_0053503,100
anon_0053606,90
anon_0053503,95
anon_0053473,100
anon_0053473,90
anon_0053606,85
anon_0053473,100
anon_0053503,90
anon_0053473,100
anon_0053494,95
anon_0053503,75
anon_0053473,95
anon_0053494,0
anon_0053473,100
anon_0053552,100
anon_0053460,85
anon_0053449,75
anon_0053532,85
anon_0053494,50
anon_0053494,100
anon_0053473,95
anon_0053423,75
anon_0053494,85
anon_0053494,100
anon_0053552,90
anon_0053532,50
anon_0053552,100
anon_0053494,100
anon_0053473,100
anon_0053503,85
anon_0053552,100
anon_0053473,95
anon_0053473,85
anon_0053503,95
anon_0053491,0
anon_0053494,85
anon_0053494,85
anon_0053423,50
anon_0053552,100
anon_0053423,85
anon_0053423,100
anon_0053449,90
anon_0053494,50
anon_0053473,100
anon_0053552,90
anon_0053552,100
anon_0053473,100
anon_0053532,95
anon_0053494,100
anon_0053494,0
anon_0053532,85
anon_0053532,85
anon_0053494,90
anon_0053532,100
anon_0053552,100
anon_0053552,0
anon_0053532,85
anon_0053552,90
anon_0053494,100
anon_0053552,90
anon_0053532,50
anon_0053494,85
anon_0053494,0
anon_0053552,95
anon_0053532,70
anon_0053552,90
anon_0053552,100
anon_0053595,85
anon_0053552,100
anon_0053494,85
anon_0053595,100
anon_0053491,100
anon_0053552,100
anon_0053552,90
anon_0053449,90
anon_0053494,50
anon_0053532,70
anon_0053595,100
anon_0053595,100
anon_0053595,85
anon_0053494,95
anon_0053532,90
anon_0053595,85
anon_0053491,100
anon_0053532,85
anon_0053494,100
anon_0053595,100
anon_0053494,90
anon_0053494,50
anon_0053494,100
anon_0053494,85
anon_0053552,95
anon_0053552,90
anon_0053595,85
anon_0053532,85
anon_0053552,100
anon_0053595,100
anon_0053616,0
anon_0053559,0
anon_0053494,100
anon_0053581,90
anon_0053599,100
anon_0053581,100
anon_0053581,100
anon_0053603,100
anon_0053593,50
anon_0053581,0
anon_0053581,95
anon_0053595,90
anon_0053622,90
anon_0053608,100
anon_0053603,80
anon_0053622,50
anon_0053616,85
anon_0053603,100
anon_0053521,100
anon_0053503,100
anon_0053581,100
anon_0053503,100
anon_0053521,100
anon_0053494,90
anon_0053581,100
anon_0053641,90
anon_0053622,0
anon_0053503,100
anon_0053581,100
anon_0053608,85
anon_0053595,90
anon_0053641,85
anon_0053608,100
anon_0053581,100
anon_0053639,90
anon_0053595,70
anon_0053581,100
anon_0053606,90
anon_0053593,100
anon_0053603,100
anon_0053503,85
anon_0053593,0
anon_0053603,100
anon_0053559,95
anon_0053581,100
anon_0053622,50
anon_0053616,85
anon_0053603,100
anon_0053503,100
anon_0053521,20
anon_0053599,95
anon_0053616,85
anon_0053503,90
anon_0053639,90
anon_0053608,100
anon_0053503,100
anon_0053608,95
anon_0053603,100
anon_0053616,50
anon_0053608,100
anon_0053593,85
anon_0053622,50
anon_0053608,85
anon_0053521,85
anon_0053503,95
anon_0053622,50
anon_0053622,90
anon_0053581,100
anon_0053581,85
anon_0053608,100
anon_0053593,100
anon_0053595,90
anon_0053622,0
anon_0053581,90
anon_0053595,90
anon_0053494,95
anon_0053581,85
anon_0053581,100
anon_0053608,85
anon_0053622,85
anon_0053608,100
anon_0053581,100
anon_0053503,85
anon_0053616,50
anon_0053603,100
anon_0053593,100
anon_0053622,85
anon_0053521,85
anon_0053608,85
anon_0053622,85
anon_0053606,0
anon_0053622,50
anon_0053603,85
anon_0053639,90
anon_0053608,50
anon_0053581,90
anon_0053622,85
anon_0053608,100
anon_0053532,85
anon_0053622,85
anon_0053494,85
anon_0053603,100
anon_0053552,85
anon_0053608,85
anon_0053494,85
anon_0053622,100
anon_0053632,90
anon_0053581,100
anon_0053632,100
anon_0053608,100
anon_0053559,100
anon_0053608,100
anon_0053622,85
anon_0053632,0
anon_0053593,100
anon_0053559,75
anon_0053622,85
anon_0053494,75
anon_0053608,100
anon_0053574,85
anon_0053559,100
anon_0053494,90
anon_0053552,85
anon_0053559,50
anon_0053552,95
anon_0053581,90
anon_0053494,100
anon_0053552,90
anon_0053608,100
anon_0053552,100
anon_0053574,90
anon_0053632,100
anon_0053491,50
anon_0053632,100
anon_0053574,85
anon_0053491,100
anon_0053559,100
anon_0053559,0
anon_0053632,100
anon_0053608,80
anon_0053491,90
anon_0053494,85
anon_0053593,95
anon_0053494,70
anon_0053491,85
anon_0053491,90
anon_0053552,50
anon_0053574,100
anon_0053559,100
anon_0053574,85
anon_0053559,100
anon_0053622,85
anon_0053608,85
anon_0053593,0
anon_0053574,100
anon_0053608,85
anon_0053559,100
anon_0053608,90
anon_0053532,0
anon_0053608,100
anon_0053491,85
anon_0053608,85
anon_0053552,0
anon_0053559,85
anon_0053608,85
anon_0053532,85
anon_0053593,95
anon_0053532,50
anon_0053645,100
anon_0053593,100
anon_0053559,100
anon_0053702,85
anon_0053688,100
anon_0053559,95
anon_0053603,100
anon_0053603,85
anon_0053645,95
anon_0053702,85
anon_0053639,100
anon_0053645,100
anon_0053603,100
anon_0053702,95
anon_0053702,100
anon_0053666,100
anon_0053702,100
anon_0053645,100
anon_0053603,100
anon_0053666,90
anon_0053559,100
anon_0053675,100
anon_0053666,100
anon_0053616,0
anon_0053639,100
anon_0053683,90
anon_0053593,0
anon_0053681,85
anon_0053639,100
anon_0053681,90
anon_0053641,50
anon_0053641,85
anon_0053645,100
anon_0053683,100
anon_0053683,100
anon_0053593,85
anon_0053593,100
anon_0053688,85
anon_0053702,100
anon_0053666,90
anon_0053645,80
anon_0053645,85
anon_0053559,85
anon_0053666,90
anon_0053641,90
anon_0053688,100
anon_0053593,50
anon_0053645,85
anon_0053593,0
anon_0053641,85
anon_0053632,0
anon_0053641,85
anon_0053666,100
anon_0053593,100
anon_0053641,100
anon_0053666,100
anon_0053683,0
anon_0053603,85
anon_0053603,90
anon_0053702,85
anon_0053574,0
anon_0053688,95
anon_0053645,100
anon_0053599,90
anon_0053521,60
anon_0053559,90
anon_0053593,85
anon_0053599,100
anon_0053645,85
anon_0053688,100
anon_0053603,95
anon_0053681,90
anon_0053681,100
anon_0053702,90
anon_0053645,85
anon_0053603,85
anon_0053681,85
anon_0053593,95
anon_0053675,100
anon_0053603,85
anon_0053574,50
anon_0053574,100
anon_0053574,85
anon_0053641,85
anon_0053632,80
anon_0053603,85
anon_0053702,85
anon_0053639,90
anon_0053632,85
anon_0053688,100
anon_0053645,50
anon_0053559,70
anon_0053574,90
anon_0053641,85
anon_0053688,85
anon_0053645,85
anon_0053559,85
anon_0053593,85
anon_0053639,90
anon_0053574,85
anon_0053632,95
anon_0053632,100
anon_0053603,100
anon_0053639,90
anon_0053574,0
anon_0053603,85
anon_0053688,100
anon_0053645,85
anon_0053641,85
anon_0053603,100
anon_0053632,0
anon_0053632,100
anon_0053645,50
anon_0053632,100
anon_0053632,90
anon_0053616,100
anon_0053639,100
anon_0053688,85
anon_0053603,90
anon_0053616,90
anon_0053683,85
anon_0053641,85
anon_0053683,85
anon_0053645,90
anon_0053603,70
anon_0053603,100
anon_0053599,85
anon_0053616,0
anon_0053603,0
anon_0053603,90
anon_0053688,100
anon_0053645,90
anon_0053616,100
anon_0053616,0
anon_0053616,50
anon_0053603,85
anon_0053683,90
anon_0053599,95
anon_0053639,85
anon_0053639,100
anon_0053616,50
anon_0053616,50
anon_0053645,85
anon_0053599,90
anon_0053639,50
anon_0053683,95
anon_0053639,100
anon_0053639,100
anon_0053639,100
anon_0053599,85
anon_0053603,90
anon_0053645,0
anon_0053639,100
anon_0053603,90
anon_0053688,100
anon_0053599,90
anon_0053639,85
anon_0053632,100
anon_0053632,100
anon_0053683,85
anon_0053639,85
anon_0053599,85
anon_0053632,100
anon_0053616,85
anon_0053599,0
anon_0053616,100
anon_0053603,85
anon_0053639,85
anon_0053683,50
anon_0053599,85
anon_0053616,50
anon_0053632,95
anon_0053599,70
anon_0053718,100
anon_0053710,100
anon_0053717,100
anon_0053717,80
anon_0053645,90
anon_0053718,0
anon_0053645,100
anon_0053710,100
anon_0053717,85
anon_0053707,0
anon_0053718,0
anon_0053717,100
anon_0053593,100
anon_0053718,95
anon_0053717,100
anon_0053715,0
anon_0053715,100
anon_0053639,100
anon_0053645,90
anon_0053731,100
anon_0053717,100
anon_0053717,95
anon_0053645,100
anon_0053645,100
anon_0053715,100
anon_0053559,95
anon_0053715,50
anon_0053707,90
anon_0053645,100
anon_0053715,100
anon_0053717,100
anon_0053681,95
anon_0053675,95
anon_0053718,50
anon_0053717,100
anon_0053616,100
anon_0053688,85
anon_0053731,100
anon_0053688,100
anon_0053688,30
anon_0053616,100
anon_0053599,100
anon_0053683,95
anon_0053645,0
anon_0053717,100
anon_0053724,100
anon_0053639,80
anon_0053675,100
anon_0053645,100
anon_0053724,90
anon_0053702,95
anon_0053710,50
anon_0053724,95
anon_0053710,100
anon_0053731,100
anon_0053616,85
anon_0053718,90
anon_0053724,95
anon_0053718,0
anon_0053715,75
anon_0053645,100
anon_0053683,100
anon_0053681,95
anon_0053645,90
anon_0053681,95
anon_0053715,95
anon_0053639,85
anon_0053645,50
anon_0053645,90
anon_0053599,95
anon_0053710,100
anon_0053724,90
anon_0053718,100
anon_0053710,100
anon_0053645,90
anon_0053683,95
anon_0053688,100
anon_0053717,0
anon_0053599,100
anon_0053710,50
anon_0053559,100
anon_0053616,90
anon_0053724,90
anon_0053707,90
anon_0053731,80
anon_0053715,85
anon_0053645,75
anon_0053559,100
anon_0053683,90
anon_0053715,50
anon_0053645,100
anon_0053599,90
anon_0053639,85
anon_0053710,85
anon_0053521,100
anon_0053683,75
anon_0053593,85
anon_0053710,50
anon_0053731,100
anon_0053521,95
anon_0053718,90
anon_0053559,100
anon_0053521,100
anon_0053639,85
anon_0053702,85
anon_0053702,85
anon_0053616,70
anon_0053593,90
anon_0053710,100
anon_0053683,90
anon_0053702,85
anon_0053521,0
anon_0053521,100
anon_0053641,100
anon_0053641,95
anon_0053702,85
anon_0053702,85
anon_0053710,100
anon_0053603,90
anon_0053683,95
anon_0053710,100
anon_0053681,100
anon_0053603,85
anon_0053702,85
anon_0053603,85
anon_0053702,85
anon_0053683,95
anon_0053681,85
anon_0053639,90
anon_0053559,95
anon_0053639,85
anon_0053639,85
anon_0053639,100
anon_0053683,100
anon_0053639,90
anon_0053593,90
anon_0053639,80
anon_0053710,100
anon_0053559,95
anon_0053702,85
anon_0053603,100
anon_0053599,100
anon_0053639,85
anon_0053641,30
anon_0053593,80
anon_0053559,100
anon_0053639,100
anon_0053641,85
anon_0053710,90
anon_0053593,0
anon_0053683,85
anon_0053593,75
anon_0053639,85
anon_0053683,90
anon_0053593,59
anon_0053641,85
anon_0053639,85
anon_0053593,50
anon_0053681,90
anon_0053681,85
anon_0053683,85
anon_0053710,100
anon_0053786,95
anon_0053731,100
anon_0053731,0
anon_0053666,85
anon_0053675,100
anon_0053683,100
anon_0053731,100
anon_0053731,100
anon_0053675,85
anon_0053707,100
anon_0053718,90
anon_0053675,95
anon_0053666,100
anon_0053710,100
anon_0053707,85
anon_0053731,50
anon_0053763,100
anon_0053639,90
anon_0053639,85
anon_0053639,100
anon_0053675,95
anon_0053784,100
anon_0053784,100
anon_0053784,90
anon_0053681,85
anon_0053745,100
anon_0053786,85
anon_0053683,85
anon_0053731,100
anon_0053707,100
anon_0053710,90
anon_0053683,85
anon_0053710,90
anon_0053731,100
anon_0053599,95
anon_0053784,85
anon_0053731,50
anon_0053639,75
anon_0053731,90
anon_0053599,85
anon_0053707,85
anon_0053675,100
anon_0053731,90
anon_0053731,90
anon_0053731,85
anon_0053707,90
anon_0053786,95
anon_0053745,85
anon_0053786,50
anon_0053786,70
anon_0053639,85
anon_0053763,50
anon_0053683,85
anon_0053718,75
anon_0053683,30
anon_0053731,100
anon_0053731,60
anon_0053786,100
anon_0053786,70
anon_0053789,85
anon_0053789,100
anon_0053707,85
anon_0053718,100
anon_0053718,90
anon_0053639,90
anon_0053683,100
anon_0053683,90
anon_0053599,85
anon_0053786,90
anon_0053639,90
anon_0053763,85
anon_0053731,100
anon_0053718,100
anon_0053731,80
anon_0053710,75
anon_0053786,0
anon_0053599,100
anon_0053718,100
anon_0053718,100
anon_0053599,90
anon_0053731,90
anon_0053683,90
anon_0053763,95
anon_0053786,85
anon_0053683,90
anon_0053731,85
anon_0053789,90
anon_0053745,85
anon_0053639,90
anon_0053763,95
anon_0053786,50
anon_0053786,75
anon_0053786,85
anon_0053763,90
anon_0053718,90
anon_0053718,100
anon_0053763,90
anon_0053763,100
anon_0053639,90
anon_0053718,85
anon_0053718,85
anon_0053763,100
anon_0053731,85
anon_0053789,90
anon_0053707,100
anon_0053763,100
anon_0053718,90
anon_0053731,100
anon_0053666,0
anon_0053731,85
anon_0053763,85
anon_0053763,90
anon_0053731,100
anon_0053683,90
anon_0053784,90
anon_0053666,100
anon_0053731,100
anon_0053763,90
anon_0053707,0
anon_0053707,100
anon_0053763,100
anon_0053786,NA
anon_0053731,100
anon_0053718,50
anon_0053681,85
anon_0053731,100
anon_0053681,0
anon_0053707,100
anon_0053681,100
anon_0053786,0
anon_0053784,0
anon_0053681,0
anon_0053683,90
anon_0053707,100
anon_0053666,100
anon_0053681,100
anon_0053681,95
anon_0053683,90
anon_0053683,90
anon_0053681,50
anon_0053789,85
anon_0053789,0
anon_0053681,100
anon_0053731,95
anon_0053789,85
anon_0053683,85
anon_0053731,100
anon_0053731,85
anon_0053763,0
anon_0053707,90
anon_0053681,0
anon_0053707,100
anon_0053666,85
anon_0053666,100
anon_0053683,100
anon_0053731,95
anon_0053784,90
anon_0053681,85
anon_0053666,0
anon_0053681,85
anon_0053681,85
anon_0053707,95
anon_0053789,90
anon_0053681,85
anon_0053666,85
anon_0053599,NA
anon_0053707,50
anon_0053784,0
anon_0053681,95
anon_0053681,85
anon_0053784,0
anon_0053681,85
anon_0053681,85
anon_0053707,100
anon_0053784,85
anon_0053681,75
anon_0053784,0
anon_0053681,70
anon_0053681,85
anon_0053763,95
anon_0053784,90
anon_0053718,0
anon_0053789,90
anon_0052633,50
anon_0052633,0
anon_0053763,100
anon_0052633,100
anon_0053835,100
anon_0053789,100
anon_0053718,100
anon_0053763,100
anon_0053786,100
anon_0052633,85
anon_0053789,100
anon_0053813,100
anon_0053786,100
anon_0053819,85
anon_0053786,100
anon_0053718,50
anon_0053789,100
anon_0053835,100
anon_0053835,0
anon_0053819,0
anon_0053789,100
anon_0053718,100
anon_0053786,100
anon_0053835,100
anon_0053803,100
anon_0052633,50
anon_0053784,85
anon_0053803,0
anon_0053819,0
anon_0053789,100
anon_0053813,90
anon_0053789,85
anon_0053718,0
anon_0053718,85
anon_0053803,0
anon_0053786,90
anon_0053819,0
anon_0053789,85
anon_0053789,85
anon_0053835,90
anon_0053809,100
anon_0053763,90
anon_0053786,100
anon_0053789,95
anon_0053819,85
anon_0053718,50
anon_0052633,85
anon_0053789,90
anon_0053789,85
anon_0053812,100
anon_0053809,50
anon_0053718,100
anon_0053789,95
anon_0053786,85
anon_0053809,85
anon_0053812,85
anon_0052633,90
anon_0053835,85
anon_0053718,85
anon_0053835,100
anon_0052633,85
anon_0053789,100
anon_0053789,0
anon_0053809,90
anon_0053786,85
anon_0053789,100
anon_0053803,90
anon_0053789,100
anon_0053786,95
anon_0053812,100
anon_0053809,85
anon_0053763,85
anon_0053803,95
anon_0053763,90
anon_0053718,95
anon_0053819,85
anon_0053789,100
anon_0053718,50
anon_0053812,90
anon_0052633,90
anon_0053803,95
anon_0052633,85
anon_0053812,90
anon_0053812,85
anon_0053789,100
anon_0053707,95
anon_0053786,0
anon_0053809,90
anon_0053789,90
anon_0053812,85
anon_0052633,85
anon_0053812,90
anon_0053789,100
anon_0053819,85
anon_0053789,100
anon_0053718,85
anon_0053763,100
anon_0053786,85
anon_0053789,100
anon_0053718,100
anon_0053707,90
anon_0053789,95
anon_0053784,100
anon_0053718,100
anon_0053786,85
anon_0053813,85
anon_0053784,100
anon_0053784,50
anon_0053784,100
anon_0053707,0
anon_0053813,90
anon_0053786,85
anon_0053789,100
anon_0053789,100
anon_0053812,85
anon_0053813,85
anon_0053784,100
anon_0053784,85
anon_0053789,80
anon_0053718,100
anon_0053813,90
anon_0053784,100
anon_0053784,85
anon_0053813,100
anon_0053784,100
anon_0053789,100
anon_0053813,85
anon_0053789,90
anon_0053789,85
anon_0053784,50
anon_0053789,0
anon_0053813,85
anon_0053784,100
anon_0053813,90
anon_0053789,100
anon_0053718,100
anon_0053784,0
anon_0053784,0
anon_0053784,85
anon_0053784,100
anon_0053784,95
anon_0053789,100
anon_0053784,90
anon_0053784,90
anon_0053784,95
anon_0053789,90
anon_0053784,85
anon_0053813,85
anon_0053813,100
anon_0053763,0
anon_0053718,85
anon_0052633,100
anon_0052633,100
anon_0053784,90
anon_0053813,85
anon_0053789,100
anon_0053707,90
anon_0053784,95
anon_0053784,90
anon_0053786,85
anon_0053789,90
anon_0052633,85
anon_0053786,85
anon_0053784,85
anon_0053784,90
anon_0053789,90
anon_0052633,85
anon_0053789,90
anon_0053813,95
anon_0053789,85
anon_0053763,100
anon_0053718,85
anon_0053784,100
anon_0053763,90
anon_0053784,0
anon_0053718,70
anon_0053763,90
anon_0053763,85
anon_0053784,0
anon_0053718,85
anon_0053813,85
anon_0053789,85
anon_0053718,100
anon_0053718,100
anon_0053763,60
anon_0053813,90
anon_0053784,100
anon_0053789,85
anon_0053763,85
anon_0053812,90
anon_0053887,85
anon_0053835,95
anon_0053867,85
anon_0053835,90
anon_0053847,90
anon_0053809,100
anon_0053831,100
anon_0053812,50
anon_0053887,0
anon_0053860,50
anon_0053847,0
anon_0053847,100
anon_0053813,90
anon_0053818,0
anon_0053845,90
anon_0053830,100
anon_0053845,95
anon_0053812,0
anon_0053847,90
anon_0053813,0
anon_0053847,100
anon_0053803,50
anon_0053803,100
anon_0053830,100
anon_0053813,100
anon_0053835,100
anon_0053887,95
anon_0053831,95
anon_0053812,85
anon_0053819,100
anon_0053809,100
anon_0053803,90
anon_0053831,85
anon_0053887,50
anon_0053803,100
anon_0053867,95
anon_0053867,0
anon_0053847,85
anon_0053831,85
anon_0053835,90
anon_0053847,0
anon_0053812,70
anon_0053819,0
anon_0053847,100
anon_0053803,90
anon_0053847,85
anon_0053813,50
anon_0053847,0
anon_0053867,85
anon_0053867,100
anon_0053813,85
anon_0053812,90
anon_0053835,75
anon_0053812,85
anon_0053813,85
anon_0053830,85
anon_0053887,85
anon_0053887,95
anon_0053803,85
anon_0053835,90
anon_0053831,85
anon_0053812,95
anon_0053809,90
anon_0053831,80
anon_0053803,20
anon_0053847,100
anon_0053831,85
anon_0053835,90
anon_0053813,100
anon_0053813,90
anon_0053847,0
anon_0053813,100
anon_0053847,90
anon_0053813,90
anon_0053813,100
anon_0053812,100
anon_0053860,0
anon_0053887,100
anon_0053819,90
anon_0053867,50
anon_0053803,90
anon_0053847,100
anon_0053803,0
anon_0053867,90
anon_0053845,85
anon_0053847,0
anon_0053812,85
anon_0053860,0
anon_0053847,85
anon_0053887,90
anon_0053830,100
anon_0053847,85
anon_0053860,85
anon_0053835,85
anon_0053845,85
anon_0053847,100
anon_0053803,100
anon_0053809,100
anon_0053831,85
anon_0053819,100
anon_0053845,75
anon_0053813,85
anon_0053847,90
anon_0053860,100
anon_0053859,100
anon_0053835,85
anon_0053867,0
anon_0053847,90
anon_0053859,90
anon_0053847,90
anon_0053835,85
anon_0053809,100
anon_0053845,90
anon_0053813,90
anon_0053813,85
anon_0053860,20
anon_0053847,90
anon_0053845,85
anon_0053809,85
anon_0053812,100
anon_0053812,85
anon_0053887,85
anon_0053835,90
anon_0053887,60
anon_0053859,0
anon_0053847,100
anon_0053809,100
anon_0053812,100
anon_0053812,100
anon_0053859,90
anon_0053887,90
anon_0053819,100
anon_0053812,95
anon_0053847,0
anon_0053803,0
anon_0053819,0
anon_0053809,90
anon_0053812,95
anon_0053859,40
anon_0053819,75
anon_0053860,85
anon_0053847,95
anon_0053812,90
anon_0053803,100
anon_0053859,100
anon_0053812,75
anon_0053812,100
anon_0053835,95
anon_0053803,100
anon_0053803,90
anon_0053812,85
anon_0053847,100
anon_0053812,100
anon_0053860,85
anon_0053812,100
anon_0053812,85
anon_0053803,40
anon_0053809,85
anon_0053809,0
anon_0053809,100
anon_0053812,90
anon_0053803,90
anon_0053812,85
anon_0053859,75
anon_0053812,90
anon_0053812,NA
anon_0053812,95
anon_0053847,NA
anon_0053803,100
anon_0053812,95
anon_0053812,85
anon_0053812,85
anon_0053812,95
anon_0053812,100
anon_0053969,90
anon_0053835,100
anon_0053803,100
anon_0053845,100
anon_0053927,90
anon_0053818,100
anon_0053944,100
anon_0053818,90
anon_0053867,0
anon_0053938,100
anon_0053938,100
anon_0053859,50
anon_0053867,100
anon_0053934,50
anon_0053972,0
anon_0053835,95
anon_0053867,100
anon_0053934,0
anon_0053952,85
anon_0053949,85
anon_0053944,85
anon_0053895,85
anon_0053818,90
anon_0053845,0
anon_0053972,85
anon_0053952,85
anon_0053867,100
anon_0053835,100
anon_0053895,85
anon_0053845,90
anon_0053949,100
anon_0053949,100
anon_0053969,95
anon_0053867,30
anon_0053895,95
anon_0053944,90
anon_0053867,0
anon_0053952,90
anon_0053847,50
anon_0053952,95
anon_0053803,100
anon_0053867,85
anon_0053818,0
anon_0053835,100
anon_0053927,100
anon_0053847,100
anon_0053895,100
anon_0053859,90
anon_0053887,100
anon_0053895,85
anon_0053949,85
anon_0053969,100
anon_0053949,85
anon_0053944,100
anon_0053809,100
anon_0053949,100
anon_0053887,0
anon_0053867,50
anon_0053859,90
anon_0053835,50
anon_0053927,0
anon_0053952,95
anon_0053949,90
anon_0053859,100
anon_0053949,100
anon_0053845,85
anon_0053835,100
anon_0053934,85
anon_0053952,100
anon_0053859,85
anon_0053895,95
anon_0053859,100
anon_0053867,85
anon_0053845,85
anon_0053847,0
anon_0053959,100
anon_0053867,85
anon_0053809,85
anon_0053949,75
anon_0053867,90
anon_0053952,85
anon_0053927,85
anon_0053934,90
anon_0053867,90
anon_0053867,100
anon_0053809,100
anon_0053847,85
anon_0053934,100
anon_0053859,85
anon_0053927,100
anon_0053859,85
anon_0053959,100
anon_0053809,100
anon_0053927,90
anon_0053927,0
anon_0053867,85
anon_0053859,85
anon_0053835,100
anon_0053972,95
anon_0053859,85
anon_0053934,85
anon_0053859,85
anon_0053847,0
anon_0053887,100
anon_0053835,50
anon_0053867,100
anon_0053944,100
anon_0053831,50
anon_0053927,90
anon_0053952,85
anon_0053803,0
anon_0053847,50
anon_0053831,85
anon_0053944,100
anon_0053809,100
anon_0053944,90
anon_0053944,90
anon_0053887,100
anon_0053830,100
anon_0053809,50
anon_0053812,85
anon_0053887,95
anon_0053831,85
anon_0053830,90
anon_0053927,100
anon_0053809,100
anon_0053812,85
anon_0053927,100
anon_0053845,75
anon_0053845,20
anon_0053927,85
anon_0053845,70
anon_0053847,50
anon_0053830,60
anon_0053809,100
anon_0053944,85
anon_0053812,85
anon_0053944,50
anon_0053831,95
anon_0053944,50
anon_0053952,95
anon_0053845,70
anon_0053847,85
anon_0053831,100
anon_0053835,0
anon_0053944,85
anon_0053830,90
anon_0053812,85
anon_0053830,60
anon_0053887,0
anon_0053835,85
anon_0053887,85
anon_0053845,85
anon_0053835,75
anon_0053944,90
anon_0053927,85
anon_0053809,100
anon_0053830,85
anon_0053830,90
anon_0053835,85
anon_0053830,90
anon_0053830,100
anon_0053835,85
anon_0053944,95
anon_0053944,90
anon_0053835,80
anon_0053944,80
anon_0053965,100
anon_0053895,100
anon_0053959,100
anon_0053809,95
anon_0053934,100
anon_0053830,50
anon_0053944,100
anon_0053969,90
anon_0053887,100
anon_0053830,0
anon_0053809,100
anon_0053887,95
anon_0053934,0
anon_0053980,80
anon_0053831,90
anon_0053965,100
anon_0053830,100
anon_0053887,90
anon_0053965,100
anon_0053949,95
anon_0053980,100
anon_0053980,0
anon_0053830,85
anon_0053809,0
anon_0053887,90
anon_0053965,100
anon_0053965,100
anon_0053949,95
anon_0053887,95
anon_0053809,50
anon_0053980,95
anon_0053934,0
anon_0053809,100
anon_0053887,100
anon_0053830,85
anon_0053969,0
anon_0053934,100
anon_0053949,85
anon_0053980,100
anon_0053809,20
anon_0053972,50
anon_0054016,100
anon_0053969,85
anon_0053944,100
anon_0053944,90
anon_0053944,100
anon_0053972,50
anon_0053959,100
anon_0053944,95
anon_0053845,90
anon_0053845,50
anon_0053980,50
anon_0053938,90
anon_0053934,95
anon_0053895,90
anon_0053980,50
anon_0053895,90
anon_0053969,100
anon_0053831,85
anon_0053969,100
anon_0053845,85
anon_0053831,75
anon_0053969,100
anon_0053944,90
anon_0053972,100
anon_0053980,85
anon_0053809,85
anon_0053949,85
anon_0053845,85
anon_0053969,90
anon_0053969,85
anon_0053934,100
anon_0053830,85
anon_0053927,85
anon_0053980,85
anon_0054016,0
anon_0054016,95
anon_0053980,90
anon_0053980,100
anon_0053944,90
anon_0053927,85
anon_0053934,90
anon_0053959,85
anon_0053809,0
anon_0053944,100
anon_0053949,100
anon_0053972,75
anon_0053959,90
anon_0053972,0
anon_0053830,85
anon_0053895,85
anon_0053969,0
anon_0053944,100
anon_0053938,90
anon_0053980,90
anon_0053895,100
anon_0053831,85
anon_0053938,90
anon_0053944,100
anon_0053980,90
anon_0053952,85
anon_0053952,95
anon_0053938,0
anon_0053952,75
anon_0053895,30
anon_0053944,100
anon_0053934,95
anon_0053944,50
anon_0053952,50
anon_0053830,85
anon_0053965,100
anon_0053959,95
anon_0053959,100
anon_0053938,90
anon_0053959,95
anon_0053934,100
anon_0053965,100
anon_0054016,85
anon_0053934,100
anon_0053938,100
anon_0053927,100
anon_0053965,100
anon_0053952,85
anon_0053934,50
anon_0053887,100
anon_0053887,100
anon_0053927,100
anon_0053965,0
anon_0053934,85
anon_0053934,95
anon_0053830,85
anon_0053830,85
anon_0053952,85
anon_0053959,100
anon_0053959,85
anon_0053965,90
anon_0053959,90
anon_0053965,85
anon_0053952,90
anon_0053830,50
anon_0053965,100
anon_0053927,100
anon_0053927,90
anon_0053887,90
anon_0053952,90
anon_0053927,100
anon_0053965,95
anon_0053887,95
anon_0053887,95
anon_0053887,90
anon_0053927,100
anon_0053845,100
anon_0053927,85
anon_0053965,85
anon_0053965,85
anon_0053887,90
anon_0053949,85
anon_0053887,90
anon_0053887,50
anon_0053887,50
anon_0053887,85
anon_0053949,95
anon_0053944,90
anon_0053887,100
anon_0053965,90
anon_0053830,30
anon_0053887,50
anon_0053949,85
anon_0053927,85
anon_0053887,100
anon_0053887,90
anon_0053887,70
anon_0053887,85
anon_0053887,85
anon_0053959,85
anon_0053959,100
anon_0053949,70
anon_0053887,85
anon_0053831,90
anon_0053965,0
anon_0054016,100
anon_0053965,50
anon_0054017,100
anon_0053969,100
anon_0053965,0
anon_0054049,100
anon_0054012,100
anon_0054039,90
anon_0053927,100
anon_0054016,95
anon_0053938,100
anon_0054012,100
anon_0054039,100
anon_0054012,90
anon_0054047,85
anon_0054016,100
anon_0054016,90
anon_0053938,100
anon_0054017,90
anon_0053927,70
anon_0053927,100
anon_0054047,85
anon_0054016,100
anon_0053969,90
anon_0054016,100
anon_0053969,90
anon_0054012,90
anon_0053965,91
anon_0054016,85
anon_0053887,100
anon_0053938,100
anon_0054012,100
anon_0053887,20
anon_0053969,100
anon_0053927,100
anon_0054012,100
anon_0054016,85
anon_0054012,100
anon_0053830,100
anon_0053927,100
anon_0054039,90
anon_0053938,90
anon_0053927,100
anon_0054016,100
anon_0053969,90
anon_0054016,90
anon_0053969,90
anon_0053965,100
anon_0054012,100
anon_0054017,100
anon_0054040,95
anon_0054039,100
anon_0054012,100
anon_0054031,100
anon_0053938,100
anon_0053927,100
anon_0053969,85
anon_0054040,85
anon_0053830,85
anon_0054017,100
anon_0053969,90
anon_0054016,85
anon_0054012,100
anon_0054012,95
anon_0053969,90
anon_0053969,90
anon_0053969,85
anon_0053887,95
anon_0054017,85
anon_0053969,90
anon_0054016,100
anon_0054016,70
anon_0053927,60
anon_0054016,0
anon_0053965,95
anon_0054040,75
anon_0053969,90
anon_0053965,90
anon_0053965,100
anon_0054016,85
anon_0053830,85
anon_0054017,100
anon_0053969,85
anon_0053969,85
anon_0054040,85
anon_0054040,85
anon_0053965,100
anon_0053927,95
anon_0054012,85
anon_0054039,85
anon_0054016,85
anon_0054017,85
anon_0053830,85
anon_0054031,85
anon_0054049,0
anon_0053830,60
anon_0053952,50
anon_0053830,70
anon_0053965,100
anon_0053927,60
anon_0053952,75
anon_0054062,100
anon_0054040,85
anon_0054017,90
anon_0054040,90
anon_0053887,85
anon_0053965,90
anon_0053952,100
anon_0054012,60
anon_0054017,85
anon_0053969,85
anon_0053952,90
anon_0054040,90
anon_0054017,100
anon_0054017,100
anon_0053965,0
anon_0054040,100
anon_0053965,85
anon_0054017,85
anon_0054017,100
anon_0053895,100
anon_0053938,85
anon_0054017,95
anon_0053938,100
anon_0054017,100
anon_0054040,85
anon_0053895,90
anon_0053952,90
anon_0054017,100
anon_0054017,95
anon_0054017,95
anon_0053952,90
anon_0054040,85
anon_0054012,60
anon_0054017,85
anon_0053895,85
anon_0053952,85
anon_0054017,90
anon_0053952,90
anon_0053952,100
anon_0054040,90
anon_0053952,100
anon_0054017,90
anon_0053895,90
anon_0053938,100
anon_0053938,50
anon_0054040,85
anon_0054062,100
anon_0054062,85
anon_0054040,0
anon_0053952,85
anon_0053895,85
anon_0053952,70
anon_0053895,85
anon_0054012,95
anon_0053952,85
anon_0053952,90
anon_0054062,100
anon_0053952,85
anon_0053938,85
anon_0054012,70
anon_0053895,100
anon_0054062,90
anon_0053895,90
anon_0053895,75
anon_0053938,90
anon_0054063,100
anon_0054077,100
anon_0054063,100
anon_0054016,100
anon_0054049,0
anon_0054040,100
anon_0053965,85
anon_0053938,100
anon_0054049,85
anon_0053952,70
anon_0054077,85
anon_0054116,100
anon_0054107,90
anon_0054107,90
anon_0054116,100
anon_0054017,50
anon_0053952,50
anon_0054074,100
anon_0053969,85
anon_0054062,100
anon_0054062,100
anon_0054016,90
anon_0054017,75
anon_0054040,100
anon_0054016,90
anon_0053952,100
anon_0053938,85
anon_0054017,90
anon_0054075,90
anon_0054075,85
anon_0053965,85
anon_0053952,50
anon_0054074,100
anon_0054049,85
anon_0053938,0
anon_0054049,100
anon_0054016,100
anon_0054049,20
anon_0053938,85
anon_0054016,NA
anon_0054074,100
anon_0054075,0
anon_0054107,100
anon_0054039,100
anon_0054075,60
anon_0053952,75
anon_0053938,90
anon_0054074,85
anon_0054012,90
anon_0053938,85
anon_0053938,85
anon_0054062,100
anon_0054077,100
anon_0054074,100
anon_0054012,85
anon_0054062,95
anon_0054039,0
anon_0054012,85
anon_0054077,90
anon_0054049,85
anon_0054040,50
anon_0054016,100
anon_0053938,90
anon_0053952,100
anon_0054040,85
anon_0054047,95
anon_0053965,100
anon_0054116,90
anon_0054049,50
anon_0054047,100
anon_0053965,90
anon_0053952,60
anon_0054074,90
anon_0054047,85
anon_0054074,80
anon_0054016,85
anon_0054075,85
anon_0054075,100
anon_0054016,100
anon_0054039,95
anon_0054031,100
anon_0054074,100
anon_0054039,95
anon_0054075,85
anon_0054075,100
anon_0054062,100
anon_0054077,100
anon_0054077,50
anon_0054077,100
anon_0054031,95
anon_0054074,100
anon_0054074,85
anon_0054039,100
anon_0054012,90
anon_0054077,100
anon_0054017,95
anon_0054063,85
anon_0053969,85
anon_0054074,90
anon_0054087,85
anon_0054017,70
anon_0054077,100
anon_0054062,85
anon_0054039,100
anon_0054074,100
anon_0054039,100
anon_0054074,100
anon_0054039,0
anon_0054031,90
anon_0054074,90
anon_0054074,100
anon_0054074,90
anon_0054077,100
anon_0054074,100
anon_0054012,80
anon_0054063,85
anon_0054074,100
anon_0054074,100
anon_0054012,85
anon_0054077,85
anon_0054074,100
anon_0054077,100
anon_0054049,50
anon_0054031,100
anon_0054039,100
anon_0054074,85
anon_0054074,85
anon_0054074,90
anon_0054074,100
anon_0054074,85
anon_0054031,95
anon_0054074,50
anon_0054062,100
anon_0054077,95
anon_0054012,100
anon_0054062,85
anon_0054031,85
anon_0054074,100
anon_0054062,100
anon_0054074,90
anon_0054074,85
anon_0054074,90
anon_0054062,85
anon_0054074,100
anon_0054039,90
anon_0054062,85
anon_0054031,100
anon_0054031,90
anon_0054012,85
anon_0054016,100
anon_0053830,0
anon_0054153,100
anon_0054031,100
anon_0054130,100
anon_0054116,100
anon_0054118,0
anon_0054116,100
anon_0054116,100
anon_0054116,100
anon_0054077,100
anon_0054118,0
anon_0054116,90
anon_0054130,100
anon_0054130,50
anon_0054075,50
anon_0054118,100
anon_0054146,100
anon_0054049,100
anon_0054118,90
anon_0054107,85
anon_0054063,90
anon_0054049,100
anon_0054031,100
anon_0054118,100
anon_0054063,100
anon_0053830,0
anon_0054049,90
anon_0053938,85
anon_0054153,100
anon_0054130,0
anon_0054063,95
anon_0054148,100
anon_0054063,85
anon_0054049,100
anon_0054146,100
anon_0054116,100
anon_0054118,85
anon_0054130,50
anon_0054107,85
anon_0054075,85
anon_0054049,0
anon_0054077,100
anon_0054075,30
anon_0054148,95
anon_0054049,100
anon_0054063,90
anon_0054146,100
anon_0054031,100
anon_0054107,0
anon_0054063,100
anon_0054110,90
anon_0054031,100
anon_0054130,100
anon_0054075,85
anon_0054107,100
anon_0054158,100
anon_0054107,100
anon_0054148,100
anon_0054075,100
anon_0054077,95
anon_0054075,0
anon_0054077,90
anon_0054107,85
anon_0054146,100
anon_0054118,0
anon_0054110,0
anon_0054118,100
anon_0054158,90
anon_0054148,100
anon_0054130,100
anon_0054116,95
anon_0054148,100
anon_0054063,0
anon_0054107,100
anon_0054075,80
anon_0054107,100
anon_0054012,20
anon_0054118,50
anon_0054107,100
anon_0054107,0
anon_0053938,90
anon_0054110,80
anon_0054075,85
anon_0053938,85
anon_0054158,100
anon_0054012,85
anon_0054012,85
anon_0054148,100
anon_0054130,90
anon_0054049,90
anon_0054130,85
anon_0054107,100
anon_0054107,100
anon_0054107,100
anon_0054116,85
anon_0054158,95
anon_0054116,85
anon_0053938,85
anon_0054012,50
anon_0054130,85
anon_0054130,100
anon_0054074,100
anon_0054118,100
anon_0054012,85
anon_0054146,100
anon_0054116,90
anon_0054039,100
anon_0054063,100
anon_0054039,90
anon_0054110,100
anon_0054118,100
anon_0054074,100
anon_0054039,100
anon_0054074,90
anon_0054074,0
anon_0053965,50
anon_0054074,100
anon_0053965,100
anon_0054146,100
anon_0053965,100
anon_0054110,0
anon_0054107,100
anon_0054074,100
anon_0053965,90
anon_0054107,85
anon_0053965,100
anon_0054110,85
anon_0053965,90
anon_0054074,100
anon_0054110,100
anon_0054039,100
anon_0054063,90
anon_0054118,95
anon_0054063,85
anon_0054118,85
anon_0053965,100
anon_0054110,100
anon_0054107,85
anon_0053965,75
anon_0054074,90
anon_0054074,100
anon_0054146,100
anon_0054146,100
anon_0054074,90
anon_0054074,100
anon_0054146,90
anon_0054074,100
anon_0054107,50
anon_0054146,0
anon_0054074,0
anon_0054118,100
anon_0053965,100
anon_0054031,90
anon_0054107,85
anon_0054039,95
anon_0054110,90
anon_0054107,90
anon_0054074,95
anon_0054074,90
anon_0054074,95
anon_0054107,50
anon_0054074,100
anon_0054074,90
anon_0054063,85
anon_0054063,85
anon_0054031,100
anon_0054074,80
anon_0053965,85
anon_0054074,90
anon_0054110,85
anon_0054074,50
anon_0053965,100
anon_0054074,100
anon_0054074,90
anon_0054074,100
anon_0054039,85
anon_0054107,90
anon_0054031,95
anon_0054107,50
anon_0054074,95
anon_0054074,100
anon_0054110,100
anon_0054031,90
anon_0054074,100
anon_0054074,100
anon_0054031,90
anon_0054074,90
anon_0054074,100
anon_0054074,100
anon_0054031,90
anon_0054110,0
anon_0054074,100
anon_0054074,50
anon_0054074,50
anon_0054074,100
anon_0054110,100
anon_0054074,100
anon_0054107,85
anon_0054074,90
anon_0054074,100
anon_0054074,100
anon_0054074,100
anon_0054074,100
anon_0054074,95
anon_0053965,85
anon_0054074,95
anon_0054074,100
anon_0054074,0
anon_0054063,0
anon_0054074,100
anon_0054074,100
anon_0054110,90
anon_0054074,95
anon_0054074,100
anon_0054074,100
anon_0054074,100
anon_0054074,90
anon_0054074,100
anon_0054153,90
anon_0054215,100
anon_0054194,0
anon_0054116,100
anon_0054116,100
anon_0054158,100
anon_0054214,100
anon_0054153,95
anon_0054214,90
anon_0054175,100
anon_0054214,100
anon_0054175,100
anon_0054116,100
anon_0054158,100
anon_0054178,100
anon_0054215,100
anon_0054178,100
anon_0054116,0
anon_0054186,90
anon_0054153,100
anon_0054118,50
anon_0054214,100
anon_0054175,100
anon_0054116,100
anon_0054214,50
anon_0054153,100
anon_0054153,100
anon_0054175,100
anon_0054178,100
anon_0054211,100
anon_0054153,100
anon_0054178,100
anon_0054146,50
anon_0054118,0
anon_0054116,85
anon_0054175,100
anon_0054175,100
anon_0054047,50
anon_0054110,100
anon_0054186,100
anon_0054186,95
anon_0054211,90
anon_0054153,85
anon_0054175,90
anon_0054178,100
anon_0054186,90
anon_0054158,100
anon_0054146,90
anon_0054214,0
anon_0054153,100
anon_0054215,0
anon_0054153,100
anon_0054116,30
anon_0054186,100
anon_0054110,100
anon_0054110,85
anon_0054146,0
anon_0054146,100
anon_0054158,100
anon_0054110,85
anon_0054175,100
anon_0054047,85
anon_0054186,0
anon_0054110,100
anon_0054211,85
anon_0054110,90
anon_0054211,0
anon_0054215,100
anon_0054186,90
anon_0054158,85
anon_0054118,85
anon_0054047,85
anon_0054175,85
anon_0054158,50
anon_0054158,85
anon_0054186,50
anon_0054186,0
anon_0054116,40
anon_0054158,85
anon_0054186,85
anon_0054153,100
anon_0054194,0
anon_0054211,100
anon_0054211,85
anon_0054178,50
anon_0054118,100
anon_0054110,95
anon_0054153,90
anon_0054153,95
anon_0054186,85
anon_0054186,85
anon_0054178,100
anon_0054158,80
anon_0054153,100
anon_0054186,90
anon_0054178,100
anon_0054194,100
anon_0054178,100
anon_0054110,85
anon_0054110,100
anon_0054153,0
anon_0054153,85
anon_0054110,100
anon_0054153,100
anon_0054158,70
anon_0054186,85
anon_0054178,100
anon_0054186,85
anon_0054178,100
anon_0054153,100
anon_0054118,0
anon_0054186,95
anon_0054118,0
anon_0054118,0
anon_0054175,80
anon_0054118,100
anon_0054047,50
anon_0054178,70
anon_0054178,100
anon_0054047,90
anon_0054178,100
anon_0054118,100
anon_0054175,100
anon_0054118,50
anon_0054153,100
anon_0054047,50
anon_0054178,100
anon_0054153,100
anon_0054175,100
anon_0054153,100
anon_0054153,100
anon_0054118,100
anon_0054178,0
anon_0054186,100
anon_0054178,0
anon_0054175,50
anon_0054118,100
anon_0054047,100
anon_0054148,90
anon_0054186,100
anon_0054047,85
anon_0054186,100
anon_0054118,85
anon_0054178,50
anon_0054148,100
anon_0054175,95
anon_0054148,0
anon_0054194,0
anon_0054186,100
anon_0054148,0
anon_0054148,100
anon_0054186,95
anon_0054178,100
anon_0054178,100
anon_0054118,100
anon_0054178,100
anon_0054148,80
anon_0054186,90
anon_0054047,85
anon_0054118,90
anon_0054118,100
anon_0054186,85
anon_0054047,90
anon_0054175,90
anon_0054175,95
anon_0054186,100
anon_0054175,0
anon_0054178,95
anon_0054186,95
anon_0054178,85
anon_0054178,100
anon_0054186,100
anon_0054178,90
anon_0054175,85
anon_0054118,85
anon_0054186,95
anon_0054153,0
anon_0054186,90
anon_0054186,90
anon_0054118,85
anon_0054186,100
anon_0054118,NA
anon_0054186,90
anon_0054148,90
anon_0054186,85
anon_0054178,80
anon_0054175,85
anon_0054259,100
anon_0054148,0
anon_0054110,50
anon_0054196,100
anon_0054211,0
anon_0054210,100
anon_0054211,100
anon_0054047,85
anon_0054259,100
anon_0054248,100
anon_0054211,100
anon_0054259,90
anon_0054211,85
anon_0054211,85
anon_0054211,100
anon_0054211,85
anon_0054194,90
anon_0054178,100
anon_0054210,0
anon_0054214,0
anon_0054175,0
anon_0054158,0
anon_0054148,100
anon_0054158,100
anon_0054047,50
anon_0054148,85
anon_0054196,0
anon_0054175,85
anon_0054194,100
anon_0054210,0
anon_0054178,100
anon_0054211,100
anon_0054211,100
anon_0054158,100
anon_0054248,100
anon_0054211,80
anon_0054158,90
anon_0054194,85
anon_0054178,100
anon_0054158,100
anon_0054211,90
anon_0054148,100
anon_0054047,90
anon_0054178,95
anon_0054047,85
anon_0054248,100
anon_0054158,90
anon_0054148,100
anon_0054214,95
anon_0054211,100
anon_0054158,100
anon_0054194,90
anon_0054158,100
anon_0054272,85
anon_0054110,90
anon_0054272,100
anon_0054194,100
anon_0054196,75
anon_0054194,100
anon_0054158,100
anon_0054110,100
anon_0054259,100
anon_0054211,85
anon_0054110,85
anon_0054259,0
anon_0054158,100
anon_0054210,100
anon_0054194,85
anon_0054257,95
anon_0054211,85
anon_0054158,90
anon_0054211,100
anon_0054047,95
anon_0054194,0
anon_0054211,90
anon_0054158,85
anon_0054158,90
anon_0054210,85
anon_0054211,90
anon_0054196,100
anon_0054178,100
anon_0054211,0
anon_0054211,85
anon_0054196,100
anon_0054211,75
anon_0054210,90
anon_0054211,85
anon_0054240,100
anon_0054196,95
anon_0054047,85
anon_0054047,50
anon_0054158,85
anon_0054257,90
anon_0054196,90
anon_0054175,85
anon_0054211,100
anon_0054215,100
anon_0054215,0
anon_0054210,85
anon_0054194,85
anon_0054248,100
anon_0054210,50
anon_0054196,100
anon_0054210,90
anon_0054248,100
anon_0054158,100
anon_0054158,85
anon_0054178,100
anon_0054214,75
anon_0054178,100
anon_0054259,95
anon_0054211,100
anon_0054196,100
anon_0054259,100
anon_0054210,85
anon_0054178,100
anon_0054210,100
anon_0054210,100
anon_0054240,95
anon_0054178,100
anon_0054211,75
anon_0054248,85
anon_0054240,85
anon_0054211,100
anon_0054178,100
anon_0054178,95
anon_0054178,100
anon_0054211,90
anon_0054178,100
anon_0054178,90
anon_0054178,90
anon_0054248,100
anon_0054196,100
anon_0054240,85
anon_0054178,100
anon_0054211,85
anon_0054211,75
anon_0054178,100
anon_0054240,0
anon_0054196,85
anon_0054148,95
anon_0054259,85
anon_0054248,100
anon_0054178,95
anon_0054240,100
anon_0054210,85
anon_0054215,0
anon_0054178,0
anon_0054248,100
anon_0054240,85
anon_0054211,100
anon_0054153,100
anon_0054148,85
anon_0054153,100
anon_0054248,100
anon_0054215,90
anon_0054211,85
anon_0054175,85
anon_0054153,90
anon_0054175,90
anon_0054211,85
anon_0054153,95
anon_0054175,85
anon_0054158,50
anon_0054178,100
anon_0054211,85
anon_0054175,85
anon_0054211,85
anon_0054153,85
anon_0054240,0
anon_0054259,85
anon_0054175,0
anon_0054211,50
anon_0054148,90
anon_0054153,90
anon_0054211,0
anon_0054211,50
anon_0054211,90
anon_0054175,90
anon_0054301,0
anon_0054248,100
anon_0054103,90
anon_0054277,100
anon_0054277,100
anon_0054316,100
anon_0054196,90
anon_0054240,100
anon_0054313,0
anon_0054334,85
anon_0054047,100
anon_0054248,90
anon_0054313,100
anon_0054240,90
anon_0054322,0
anon_0054313,0
anon_0054272,90
anon_0054272,75
anon_0054196,100
anon_0054322,85
anon_0054334,100
anon_0054277,90
anon_0054272,90
anon_0054196,85
anon_0054194,100
anon_0054301,0
anon_0054047,100
anon_0054210,100
anon_0054272,100
anon_0054047,100
anon_0054276,100
anon_0054313,85
anon_0054272,100
anon_0054272,100
anon_0054334,85
anon_0054103,0
anon_0054103,85
anon_0054334,90
anon_0054313,70
anon_0054259,0
anon_0054196,0
anon_0054313,100
anon_0054272,50
anon_0054272,85
anon_0054259,0
anon_0054272,95
anon_0054240,85
anon_0054194,100
anon_0054210,95
anon_0054334,85
anon_0054240,90
anon_0054272,85
anon_0054301,75
anon_0054194,85
anon_0054196,85
anon_0054313,50
anon_0054313,95
anon_0054313,90
anon_0054194,100
anon_0054277,0
anon_0054210,100
anon_0054272,100
anon_0054272,95
anon_0054313,50
anon_0054301,100
anon_0054259,100
anon_0054313,85
anon_0054259,50
anon_0054272,90
anon_0054313,100
anon_0054316,100
anon_0054276,100
anon_0054276,100
anon_0054248,0
anon_0054194,85
anon_0054248,90
anon_0054301,100
anon_0054301,100
anon_0054322,0
anon_0054301,85
anon_0054301,90
anon_0054301,90
anon_0054047,100
anon_0054248,100
anon_0054248,50
anon_0054259,0
anon_0054259,90
anon_0054277,100
anon_0054194,85
anon_0054322,85
anon_0054276,90
anon_0054272,85
anon_0054319,100
anon_0054194,100
anon_0054313,85
anon_0054272,85
anon_0054301,0
anon_0054210,85
anon_0054277,100
anon_0054248,85
anon_0054313,85
anon_0054196,95
anon_0054240,100
anon_0054313,50
anon_0054240,100
anon_0054319,100
anon_0054313,50
anon_0054276,85
anon_0054259,85
anon_0054240,90
anon_0054313,85
anon_0054276,100
anon_0054276,85
anon_0054240,95
anon_0054276,95
anon_0054194,80
anon_0054319,95
anon_0054319,100
anon_0054313,95
anon_0054319,0
anon_0054313,100
anon_0054259,100
anon_0054276,90
anon_0054313,50
anon_0054319,95
anon_0054276,100
anon_0054240,100
anon_0054240,0
anon_0054240,100
anon_0054313,85
anon_0054313,85
anon_0054276,100
anon_0054259,75
anon_0054313,85
anon_0054194,100
anon_0054276,100
anon_0054194,0
anon_0054240,90
anon_0054240,100
anon_0054276,85
anon_0054276,90
anon_0054322,100
anon_0054272,100
anon_0054322,100
anon_0054353,100
anon_0054353,0
anon_0054355,85
anon_0054355,50
anon_0054272,100
anon_0054334,100
anon_0054322,0
anon_0054322,0
anon_0054272,100
anon_0054376,90
anon_0054353,95
anon_0054353,100
anon_0054353,100
anon_0054376,100
anon_0054370,100
anon_0054334,100
anon_0054322,85
anon_0054322,100
anon_0054316,100
anon_0054353,100
anon_0054313,85
anon_0054353,100
anon_0054316,100
anon_0054370,100
anon_0054329,100
anon_0054353,100
anon_0054375,100
anon_0054358,100
anon_0054334,95
anon_0054352,95
anon_0054375,100
anon_0054196,90
anon_0054322,90
anon_0054370,100
anon_0054370,90
anon_0054353,100
anon_0054352,100
anon_0054322,100
anon_0054353,100
anon_0054375,90
anon_0054353,95
anon_0054272,85
anon_0054375,95
anon_0054322,0
anon_0054313,50
anon_0054375,95
anon_0054357,100
anon_0054313,50
anon_0054313,50
anon_0054329,50
anon_0054322,70
anon_0054319,85
anon_0054329,100
anon_0054313,85
anon_0054322,85
anon_0054196,100
anon_0054329,90
anon_0054370,100
anon_0054316,85
anon_0054370,90
anon_0054313,90
anon_0054272,100
anon_0054353,0
anon_0054300,85
anon_0054322,100
anon_0054355,90
anon_0054322,100
anon_0054334,90
anon_0054353,100
anon_0054319,100
anon_0054272,90
anon_0054376,100
anon_0054319,100
anon_0054300,85
anon_0054300,100
anon_0054313,85
anon_0054300,90
anon_0054319,85
anon_0054352,85
anon_0054329,100
anon_0054329,95
anon_0054319,90
anon_0054313,85
anon_0054334,85
anon_0054272,85
anon_0054103,0
anon_0054316,90
anon_0054334,95
anon_0054352,100
anon_0054334,85
anon_0054334,85
anon_0054272,95
anon_0054376,85
anon_0054358,90
anon_0054240,100
anon_0054322,90
anon_0054355,85
anon_0054248,100
anon_0054272,100
anon_0054322,100
anon_0054352,100
anon_0054352,50
anon_0054352,100
anon_0054329,90
anon_0054313,20
anon_0054352,95
anon_0054352,100
anon_0054355,100
anon_0054272,90
anon_0054352,100
anon_0054272,90
anon_0054240,70
anon_0054355,100
anon_0054277,100
anon_0054375,95
anon_0054355,95
anon_0054277,80
anon_0054277,95
anon_0054322,100
anon_0054352,100
anon_0054277,90
anon_0054276,100
anon_0054319,85
anon_0054240,85
anon_0054319,100
anon_0054355,95
anon_0054355,100
anon_0054272,85
anon_0054352,100
anon_0054358,90
anon_0054352,90
anon_0054319,100
anon_0054316,85
anon_0054240,0
anon_0054248,0
anon_0054352,0
anon_0054276,100
anon_0054276,90
anon_0054352,100
anon_0054319,100
anon_0054240,85
anon_0054276,100
anon_0054352,90
anon_0054277,100
anon_0054319,100
anon_0054352,50
anon_0054276,100
anon_0054240,0
anon_0054248,100
anon_0054352,90
anon_0054272,85
anon_0054248,80
anon_0054276,100
anon_0054352,85
anon_0054248,85
anon_0054352,0
anon_0054248,85
anon_0054248,95
anon_0054240,50
anon_0054248,100
anon_0054277,100
anon_0054272,85
anon_0054240,100
anon_0054248,85
anon_0054240,100
anon_0054272,100
anon_0054277,90
anon_0054240,0
anon_0054276,100
anon_0054240,85
anon_0054319,70
anon_0054276,90
anon_0054276,90
anon_0054316,90
anon_0054240,100
anon_0054319,85
anon_0054276,70
anon_0054316,90
anon_0054276,90
anon_0054272,85
anon_0054248,0
anon_0054276,100
anon_0054334,100
anon_0054316,85
anon_0054370,95
anon_0054334,100
anon_0054334,100
anon_0054316,90
anon_0054412,100
anon_0054329,0
anon_0054376,0
anon_0054240,90
anon_0054334,100
anon_0054240,0
anon_0054375,85
anon_0054316,85
anon_0054329,90
anon_0054370,90
anon_0054398,95
anon_0054376,90
anon_0054322,100
anon_0054300,100
anon_0054376,50
anon_0054329,100
anon_0054240,90
anon_0054412,100
anon_0054370,100
anon_0054388,95
anon_0054240,50
anon_0054300,100
anon_0054412,100
anon_0054375,100
anon_0054240,85
anon_0054358,95
anon_0054322,100
anon_0054412,100
anon_0054375,100
anon_0054300,100
anon_0054383,100
anon_0054248,50
anon_0054398,100
anon_0054248,100
anon_0054300,95
anon_0054352,80
anon_0054375,95
anon_0054412,100
anon_0054388,85
anon_0054370,100
anon_0054248,75
anon_0054352,85
anon_0054370,100
anon_0054376,0
anon_0054370,100
anon_0054375,100
anon_0054375,100
anon_0054248,100
anon_0054248,0
anon_0054388,90
anon_0054352,85
anon_0054355,85
anon_0054300,90
anon_0054316,90
anon_0054375,90
anon_0054357,85
anon_0054240,85
anon_0054355,90
anon_0054329,85
anon_0054300,85
anon_0054240,0
anon_0054358,75
anon_0054383,90
anon_0054370,85
anon_0054322,100
anon_0054240,85
anon_0054240,85
anon_0054248,100
anon_0054412,0
anon_0054248,50
anon_0054248,90
anon_0054352,85
anon_0054412,85
anon_0054370,90
anon_0054376,100
anon_0054412,100
anon_0054370,100
anon_0054412,100
anon_0054240,85
anon_0054358,0
anon_0054370,100
anon_0054248,90
anon_0054300,100
anon_0054383,90
anon_0054240,0
anon_0054322,100
anon_0054322,100
anon_0054322,60
anon_0054412,95
anon_0054322,85
anon_0054352,100
anon_0054376,0
anon_0054370,85
anon_0054248,50
anon_0054370,95
anon_0054370,85
anon_0054355,90
anon_0054358,0
anon_0054370,90
anon_0054370,95
anon_0054300,100
anon_0054370,95
anon_0054240,NA
anon_0054358,0
anon_0054322,100
anon_0054388,85
anon_0054358,90
anon_0054334,0
anon_0054322,95
anon_0054388,50
anon_0054248,50
anon_0054370,50
anon_0054334,85
anon_0054388,90
anon_0054300,90
anon_0054276,85
anon_0054370,0
anon_0054355,0
anon_0054276,50
anon_0054334,0
anon_0054370,100
anon_0054370,85
anon_0054300,90
anon_0054322,85
anon_0054300,0
anon_0054300,50
anon_0054355,100
anon_0054334,85
anon_0054375,85
anon_0054355,85
anon_0054276,100
anon_0054322,85
anon_0054358,0
anon_0054355,100
anon_0054300,85
anon_0054276,85
anon_0054248,0
anon_0054300,90
anon_0054404,95
anon_0054375,100
anon_0054404,95
anon_0054334,85
anon_0054276,80
anon_0054300,50
anon_0054322,95
anon_0054334,100
anon_0054276,90
anon_0054404,100
anon_0054355,100
anon_0054300,50
anon_0054388,85
anon_0054375,90
anon_0054334,85
anon_0054276,50
anon_0054388,85
anon_0054300,90
anon_0054375,0
anon_0054276,50
anon_0054334,85
anon_0054388,90
anon_0054358,90
anon_0054322,90
anon_0054388,90
anon_0054358,40
anon_0054404,85
anon_0054358,90
anon_0054276,75
anon_0054375,90
anon_0054358,85
anon_0054388,85
anon_0054334,85
anon_0054375,80
anon_0054375,85
anon_0054375,20
anon_0054276,95
anon_0054358,60
anon_0054418,100
anon_0054428,100
anon_0054300,100
anon_0054418,100
anon_0054376,100
anon_0054300,85
anon_0054300,95
anon_0054103,90
anon_0054196,100
anon_0054300,85
anon_0054276,0
anon_0054358,95
anon_0054418,100
anon_0054412,85
anon_0054428,85
anon_0054388,0
anon_0054412,85
anon_0054383,100
anon_0054300,90
anon_0054412,90
anon_0054357,100
anon_0054412,100
anon_0054388,85
anon_0054300,95
anon_0054376,0
anon_0054428,100
anon_0054428,85
anon_0054376,50
anon_0054412,100
anon_0054196,100
anon_0054300,90
anon_0054412,100
anon_0054329,50
anon_0054300,90
anon_0054329,100
anon_0054376,0
anon_0054329,95
anon_0054300,90
anon_0054300,85
anon_0054388,100
anon_0054103,85
anon_0054412,90
anon_0054412,50
anon_0054329,90
anon_0054300,100
anon_0054376,0
anon_0054376,85
anon_0054418,95
anon_0054376,85
anon_0054103,90
anon_0054383,85
anon_0054196,80
anon_0054329,85
anon_0054418,90
anon_0054383,85
anon_0054300,80
anon_0054276,100
anon_0054196,85
anon_0054375,100
anon_0054388,95
anon_0054418,85
anon_0054412,100
anon_0054418,100
anon_0054358,90
anon_0054300,85
anon_0054376,100
anon_0054358,85
anon_0054300,50
anon_0054357,NA
anon_0054103,90
anon_0054300,50
anon_0054357,85
anon_0054418,90
anon_0054329,100
anon_0054300,30
anon_0054412,90
anon_0054329,95
anon_0054435,0
anon_0054418,85
anon_0054300,85
anon_0054383,85
anon_0054444,100
anon_0054276,90
anon_0054300,95
anon_0054376,85
anon_0054300,90
anon_0054300,85
anon_0054376,100
anon_0054300,85
anon_0054418,75
anon_0054428,0
anon_0054375,85
anon_0054398,0
anon_0054300,85
anon_0054412,85
anon_0054357,20
anon_0054428,100
anon_0054458,100
anon_0054428,85
anon_0054444,0
anon_0054428,85
anon_0054375,100
anon_0054376,100
anon_0054329,85
anon_0054358,85
anon_0054329,90
anon_0054276,100
anon_0054300,85
anon_0054329,100
anon_0054418,100
anon_0054418,100
anon_0054458,85
anon_0054428,90
anon_0054300,100
anon_0054428,0
anon_0054444,90
anon_0054428,NA
anon_0054358,95
anon_0054418,85
anon_0054375,85
anon_0054428,85
anon_0054435,0
anon_0054418,100
anon_0054300,90
anon_0054329,50
anon_0054454,90
anon_0054376,50
anon_0054329,50
anon_0054383,100
anon_0054375,85
anon_0054329,50
anon_0054383,70
anon_0054376,85
anon_0054329,100
anon_0054428,0
anon_0054300,85
anon_0054428,85
anon_0054418,85
anon_0054388,95
anon_0054300,20
anon_0054418,100
anon_0054418,100
anon_0054444,100
anon_0054418,100
anon_0054376,90
anon_0054428,90
anon_0054428,100
anon_0054388,85
anon_0054329,85
anon_0054358,85
anon_0054383,85
anon_0054358,85
anon_0054398,95
anon_0054454,90
anon_0054418,100
anon_0054300,50
anon_0054418,100
anon_0054418,100
anon_0054376,85
anon_0054458,95
anon_0054428,85
anon_0054418,100
anon_0054358,90
anon_0054454,90
anon_0054454,85
anon_0054300,85
anon_0054418,85
anon_0054358,85
anon_0054388,95
anon_0054375,100
anon_0054398,0
anon_0054451,100
anon_0054458,100
anon_0054444,100
anon_0054451,85
anon_0054418,90
anon_0054434,0
anon_0054488,50
anon_0054444,50
anon_0054480,50
anon_0054463,85
anon_0054454,100
anon_0054375,100
anon_0054375,80
anon_0054451,95
anon_0054476,90
anon_0054444,100
anon_0054451,100
anon_0054418,90
anon_0054486,100
anon_0054451,100
anon_0054451,95
anon_0054398,100
anon_0054480,100
anon_0054458,100
anon_0054451,80
anon_0054435,100
anon_0054357,100
anon_0054463,100
anon_0054375,100
anon_0054375,70
anon_0054418,0
anon_0054480,100
anon_0054486,85
anon_0054451,0
anon_0054480,100
anon_0054375,100
anon_0054458,100
anon_0054418,90
anon_0054451,100
anon_0054488,100
anon_0054376,85
anon_0054486,0
anon_0054476,100
anon_0054486,90
anon_0054442,100
anon_0054375,85
anon_0054454,100
anon_0054454,100
anon_0054434,100
anon_0054480,100
anon_0054480,95
anon_0054375,90
anon_0054458,90
anon_0054444,100
anon_0054474,100
anon_0054435,95
anon_0054398,85
anon_0054442,85
anon_0054444,100
anon_0054444,90
anon_0054434,85
anon_0054376,85
anon_0054357,100
anon_0054451,85
anon_0054488,100
anon_0054480,90
anon_0054463,80
anon_0054451,100
anon_0054480,100
anon_0054442,90
anon_0054474,95
anon_0054418,100
anon_0054375,90
anon_0054435,70
anon_0054376,100
anon_0054357,100
anon_0054486,90
anon_0054398,95
anon_0054444,100
anon_0054357,85
anon_0054458,95
anon_0054474,100
anon_0054474,50
anon_0054454,100
anon_0054451,90
anon_0054474,90
anon_0054442,90
anon_0054434,100
anon_0054474,85
anon_0054488,90
anon_0054463,50
anon_0054398,95
anon_0054451,85
anon_0054444,85
anon_0054418,100
anon_0054444,100
anon_0054476,100
anon_0054376,90
anon_0054375,90
anon_0054375,100
anon_0054444,90
anon_0054418,85
anon_0054480,100
anon_0054451,95
anon_0054474,85
anon_0054444,90
anon_0054442,100
anon_0054454,100
anon_0054444,100
anon_0054480,95
anon_0054474,100
anon_0054375,90
anon_0054418,95
anon_0054444,100
anon_0054388,0
anon_0054418,90
anon_0054474,100
anon_0054418,100
anon_0054444,90
anon_0054442,90
anon_0054444,100
anon_0054463,0
anon_0054476,50
anon_0054463,95
anon_0054444,100
anon_0054454,50
anon_0054375,95
anon_0054418,85
anon_0054418,100
anon_0054476,60
anon_0054476,85
anon_0054383,90
anon_0054463,85
anon_0054444,50
anon_0054480,100
anon_0054454,95
anon_0054358,95
anon_0054442,90
anon_0054463,95
anon_0054454,100
anon_0054375,50
anon_0054418,90
anon_0054418,50
anon_0054383,75
anon_0054357,60
anon_0054442,90
anon_0054480,100
anon_0054442,85
anon_0054358,85
anon_0054388,90
anon_0054357,90
anon_0054357,85
anon_0054480,0
anon_0054418,90
anon_0054418,100
anon_0054358,85
anon_0054388,85
anon_0054358,60
anon_0054418,85
anon_0054454,85
anon_0054358,90
anon_0054388,85
anon_0054444,90
anon_0054463,85
anon_0054418,100
anon_0054476,90
anon_0054476,95
anon_0054488,0
anon_0054383,50
anon_0054418,50
anon_0054418,85
anon_0054418,100
anon_0054358,85
anon_0054418,95
anon_0054383,85
anon_0054418,100
anon_0054418,100
anon_0054388,90
anon_0054358,70
anon_0054418,20
anon_0054418,100
anon_0054383,75
anon_0054358,75
anon_0054418,75
anon_0054418,80
anon_0054383,0
anon_0054434,100
anon_0054474,95
anon_0054520,100
anon_0054520,100
anon_0054357,100
anon_0054458,0
anon_0054458,100
anon_0054512,95
anon_0054463,100
anon_0054458,0
anon_0054518,100
anon_0054488,100
anon_0054529,90
anon_0054458,100
anon_0054474,0
anon_0054474,100
anon_0054383,100
anon_0054444,100
anon_0054474,100
anon_0054486,100
anon_0054518,100
anon_0054518,100
anon_0054474,100
anon_0054357,70
anon_0054434,100
anon_0054518,100
anon_0054518,100
anon_0054458,100
anon_0054518,100
anon_0054520,100
anon_0054474,100
anon_0054518,100
anon_0054518,100
anon_0054435,85
anon_0054520,95
anon_0054512,0
anon_0054488,0
anon_0054486,50
anon_0054520,90
anon_0054476,95
anon_0054474,85
anon_0054486,95
anon_0054512,100
anon_0054476,85
anon_0054486,100
anon_0054454,0
anon_0054520,50
anon_0054458,100
anon_0054434,100
anon_0054476,90
anon_0054463,50
anon_0054520,90
anon_0054458,85
anon_0054434,100
anon_0054458,100
anon_0054518,100
anon_0054444,85
anon_0054517,70
anon_0054434,50
anon_0054520,95
anon_0054454,85
anon_0054518,100
anon_0054444,95
anon_0054458,90
anon_0054486,100
anon_0054444,100
anon_0054520,90
anon_0054357,100
anon_0054463,85
anon_0054357,100
anon_0054458,100
anon_0054486,0
anon_0054463,90
anon_0054529,100
anon_0054520,90
anon_0054476,90
anon_0054518,95
anon_0054444,90
anon_0054458,100
anon_0054357,85
anon_0054517,90
anon_0054444,100
anon_0054518,100
anon_0054458,100
anon_0054517,30
anon_0054517,100
anon_0054454,85
anon_0054488,85
anon_0054529,100
anon_0054529,90
anon_0054444,90
anon_0054454,100
anon_0054357,100
anon_0054480,100
anon_0054488,100
anon_0054480,100
anon_0054357,100
anon_0054480,85
anon_0054529,85
anon_0054435,85
anon_0054480,100
anon_0054454,95
anon_0054383,85
anon_0054517,85
anon_0054486,100
anon_0054383,50
anon_0054480,0
anon_0054520,90
anon_0054383,100
anon_0054434,85
anon_0054488,95
anon_0054454,67
anon_0054442,85
anon_0054444,70
anon_0054434,100
anon_0054488,80
anon_0054488,95
anon_0054463,95
anon_0054442,0
anon_0054480,100
anon_0054486,0
anon_0054435,85
anon_0054517,40
anon_0054520,85
anon_0054442,100
anon_0054512,50
anon_0054529,85
anon_0054520,50
anon_0054435,90
anon_0054442,85
anon_0054517,85
anon_0054480,85
anon_0054512,100
anon_0054434,0
anon_0054435,90
anon_0054383,85
anon_0054480,85
anon_0054383,0
anon_0054486,0
anon_0054454,90
anon_0054529,85
anon_0054512,90
anon_0054463,100
anon_0054512,95
anon_0054488,100
anon_0054529,95
anon_0054517,70
anon_0054454,85
anon_0054529,60
anon_0054454,100
anon_0054463,85
anon_0054463,85
anon_0054454,85
anon_0054512,100
anon_0054486,85
anon_0054488,50
anon_0054454,95
anon_0054486,85
anon_0054442,85
anon_0054512,100
anon_0054442,85
anon_0054480,85
anon_0054442,100
anon_0054463,85
anon_0054442,100
anon_0054529,90
anon_0054486,85
anon_0054480,100
anon_0054480,85
anon_0054520,100
anon_0054486,90
anon_0054529,100
anon_0054545,100
anon_0054554,100
anon_0054444,100
anon_0054480,100
anon_0054529,100
anon_0054529,100
anon_0054444,100
anon_0054383,0
anon_0054554,0
anon_0054444,100
anon_0054512,100
anon_0054575,95
anon_0054545,100
anon_0054517,100
anon_0054545,100
anon_0054480,75
anon_0054541,85
anon_0054529,100
anon_0054517,100
anon_0054554,100
anon_0054529,100
anon_0054529,0
anon_0054554,90
anon_0054486,100
anon_0054575,100
anon_0054545,100
anon_0054480,95
anon_0054545,0
anon_0054486,95
anon_0054444,100
anon_0054520,100
anon_0054545,90
anon_0054543,95
anon_0054480,100
anon_0054517,85
anon_0054543,70
anon_0054520,100
anon_0054480,100
anon_0054520,95
anon_0054529,100
anon_0054434,100
anon_0054480,85
anon_0054545,50
anon_0054444,100
anon_0054543,80
anon_0054512,95
anon_0054545,100
anon_0054545,100
anon_0054554,95
anon_0054543,0
anon_0054545,0
anon_0054529,85
anon_0054512,100
anon_0054517,100
anon_0054529,50
anon_0054543,95
anon_0054543,85
anon_0054529,100
anon_0054545,100
anon_0054543,50
anon_0054554,90
anon_0054543,0
anon_0054434,85
anon_0054480,75
anon_0054520,100
anon_0054543,85
anon_0054517,100
anon_0054543,100
anon_0054383,70
anon_0054512,100
anon_0054444,95
anon_0054554,95
anon_0054444,90
anon_0054517,85
anon_0054520,100
anon_0054444,85
anon_0054480,85
anon_0054545,85
anon_0054529,50
anon_0054520,85
anon_0054554,100
anon_0054520,90
anon_0054575,85
anon_0054529,100
anon_0054444,95
anon_0054575,100
anon_0054554,100
anon_0054529,85
anon_0054517,67
anon_0054518,0
anon_0054517,100
anon_0054520,100
anon_0054444,100
anon_0054543,85
anon_0054518,90
anon_0054529,100
anon_0054512,85
anon_0054488,100
anon_0054529,100
anon_0054463,100
anon_0054529,100
anon_0054520,90
anon_0054520,90
anon_0054488,100
anon_0054543,95
anon_0054520,100
anon_0054488,100
anon_0054543,85
anon_0054463,100
anon_0054434,90
anon_0054518,85
anon_0054543,85
anon_0054512,100
anon_0054529,100
anon_0054512,85
anon_0054575,0
anon_0054554,95
anon_0054575,90
anon_0054512,85
anon_0054529,100
anon_0054512,100
anon_0054554,100
anon_0054463,100
anon_0054434,85
anon_0054520,95
anon_0054488,100
anon_0054486,90
anon_0054463,50
anon_0054554,95
anon_0054463,100
anon_0054480,85
anon_0054463,95
anon_0054554,75
anon_0054512,85
anon_0054486,95
anon_0054383,30
anon_0054554,0
anon_0054434,100
anon_0054463,90
anon_0054554,90
anon_0054383,95
anon_0054529,100
anon_0054434,90
anon_0054480,100
anon_0054512,85
anon_0054518,100
anon_0054488,50
anon_0054474,90
anon_0054488,85
anon_0054572,100
anon_0054474,75
anon_0054529,90
anon_0054520,85
anon_0054480,85
anon_0054518,90
anon_0054529,85
anon_0054488,85
anon_0054434,90
anon_0054474,100
anon_0054512,85
anon_0054518,85
anon_0054512,85
anon_0054434,100
anon_0054529,100
anon_0054486,85
anon_0054383,85
anon_0054383,75
anon_0054463,100
anon_0054383,90
anon_0054518,85
anon_0054518,0
anon_0054463,95
anon_0054529,100
anon_0054486,0
anon_0054529,100
anon_0054554,90
anon_0054543,60
anon_0054518,100
anon_0054529,100
anon_0054572,90
anon_0054486,0
anon_0054480,95
anon_0054486,85
anon_0054486,100
anon_0054518,85
anon_0054518,20
anon_0054486,100
anon_0054480,95
anon_0054543,85
anon_0054463,100
anon_0054463,100
anon_0054518,100
anon_0054463,100
anon_0054572,85
anon_0054463,100
anon_0054529,100
anon_0054463,85
anon_0054480,85
anon_0054518,100
anon_0054463,85
anon_0054543,60
anon_0054518,85
anon_0054463,90
anon_0054543,85
anon_0054543,90
anon_0054518,100
anon_0054518,90
anon_0054518,95
anon_0054518,80
anon_0054518,50
anon_0054543,85
anon_0054463,100
anon_0054474,85
anon_0054575,100
anon_0054488,100
anon_0054444,100
anon_0054488,100
anon_0054488,100
anon_0054598,100
anon_0054572,100
anon_0054590,100
anon_0054488,50
anon_0054608,90
anon_0054614,85
anon_0054463,100
anon_0054614,100
anon_0054598,85
anon_0054590,90
anon_0054590,100
anon_0054572,0
anon_0054575,90
anon_0054614,50
anon_0054575,100
anon_0054572,85
anon_0054598,90
anon_0054608,85
anon_0054575,90
anon_0054575,95
anon_0054598,90
anon_0054545,100
anon_0054598,95
anon_0054444,100
anon_0054614,0
anon_0054543,85
anon_0054463,100
anon_0054488,100
anon_0054598,100
anon_0054383,100
anon_0054529,90
anon_0054541,100
anon_0054590,100
anon_0054541,85
anon_0054614,100
anon_0054541,95
anon_0054529,100
anon_0054529,100
anon_0054598,100
anon_0054383,95
anon_0054575,100
anon_0054590,100
anon_0054598,85
anon_0054575,85
anon_0054575,100
anon_0054463,100
anon_0054543,95
anon_0054529,100
anon_0054541,85
anon_0054383,90
anon_0054545,85
anon_0054488,85
anon_0054572,0
anon_0054575,100
anon_0054543,95
anon_0054608,100
anon_0054488,90
anon_0054545,50
anon_0054575,85
anon_0054614,0
anon_0054590,95
anon_0054598,0
anon_0054543,85
anon_0054463,0
anon_0054575,90
anon_0054572,60
anon_0054529,100
anon_0054463,90
anon_0054529,85
anon_0054572,70
anon_0054608,85
anon_0054463,100
anon_0054463,100
anon_0054541,85
anon_0054543,100
anon_0054463,90
anon_0054488,90
anon_0054572,90
anon_0054383,85
anon_0054529,85
anon_0054608,85
anon_0054614,85
anon_0054541,85
anon_0054620,100
anon_0054463,75
anon_0054529,100
anon_0054608,85
anon_0054575,100
anon_0054545,100
anon_0054545,85
anon_0054608,100
anon_0054543,85
anon_0054572,40
anon_0054541,100
anon_0054541,50
anon_0054541,90
anon_0054620,100
anon_0054620,85
anon_0054541,90
anon_0054541,100
anon_0054383,90
anon_0054588,100
anon_0054575,75
anon_0054488,100
anon_0054545,100
anon_0054575,90
anon_0054529,85
anon_0054590,100
anon_0054529,0
anon_0054590,100
anon_0054545,100
anon_0054545,100
anon_0054545,85
anon_0054590,100
anon_0054545,100
anon_0054383,90
anon_0054541,100
anon_0054590,100
anon_0054598,85
anon_0054598,100
anon_0054588,85
anon_0054541,0
anon_0054588,85
anon_0054575,100
anon_0054590,90
anon_0054517,85
anon_0054488,100
anon_0054488,100
anon_0054598,0
anon_0054598,0
anon_0054575,100
anon_0054598,100
anon_0054488,100
anon_0054598,90
anon_0054488,0
anon_0054590,100
anon_0054488,50
anon_0054545,100
anon_0054590,100
anon_0054545,100
anon_0054529,20
anon_0054608,0
anon_0054545,100
anon_0054588,90
anon_0054575,90
anon_0054529,100
anon_0054598,90
anon_0054517,100
anon_0054590,85
anon_0054517,75
anon_0054575,85
anon_0054541,85
anon_0054598,0
anon_0054590,85
anon_0054598,90
anon_0054545,100
anon_0054541,100
anon_0054383,75
anon_0054529,90
anon_0054529,85
anon_0054541,100
anon_0054588,95
anon_0054517,85
anon_0054541,100
anon_0054383,100
anon_0054541,90
anon_0054598,90
anon_0054517,90
anon_0054590,90
anon_0054620,95
anon_0054383,50
anon_0054517,75
anon_0054517,90
anon_0054598,100
anon_0054517,85
anon_0054517,60
anon_0054598,100
anon_0054648,50
anon_0054541,100
anon_0054598,100
anon_0054633,100
anon_0054659,100
anon_0054614,100
anon_0054572,100
anon_0054598,100
anon_0054590,50
anon_0054383,100
anon_0054572,0
anon_0054572,90
anon_0054598,100
anon_0054598,0
anon_0054633,100
anon_0054648,90
anon_0054590,100
anon_0054659,90
anon_0054598,0
anon_0054636,0
anon_0054598,100
anon_0054633,90
anon_0054572,0
anon_0054636,90
anon_0054541,50
anon_0054598,90
anon_0054598,100
anon_0054590,100
anon_0054598,75
anon_0054590,85
anon_0054588,100
anon_0054633,100
anon_0054598,0
anon_0054611,95
anon_0054590,85
anon_0054638,90
anon_0054611,85
anon_0054608,85
anon_0054588,90
anon_0054648,85
anon_0054543,100
anon_0054541,100
anon_0054638,0
anon_0054598,90
anon_0054541,90
anon_0054588,85
anon_0054636,95
anon_0054614,90
anon_0054648,85
anon_0054660,0
anon_0054633,85
anon_0054620,100
anon_0054598,95
anon_0054541,90
anon_0054636,50
anon_0054598,100
anon_0054598,90
anon_0054659,90
anon_0054598,50
anon_0054598,90
anon_0054598,95
anon_0054588,100
anon_0054633,90
anon_0054633,100
anon_0054633,85
anon_0054633,90
anon_0054636,50
anon_0054598,85
anon_0054620,85
anon_0054541,85
anon_0054572,0
anon_0054614,50
anon_0054588,95
anon_0054598,85
anon_0054611,100
anon_0054572,85
anon_0054636,90
anon_0054614,85
anon_0054614,100
anon_0054543,85
anon_0054590,95
anon_0054588,100
anon_0054608,85
anon_0054608,85
anon_0054648,85
anon_0054614,50
anon_0054543,60
anon_0054633,85
anon_0054541,90
anon_0054598,90
anon_0054590,85
anon_0054620,100
anon_0054541,85
anon_0054633,85
anon_0054633,90
anon_0054660,0
anon_0054598,90
anon_0054648,85
anon_0054611,85
anon_0054608,100
anon_0054588,100
anon_0054598,90
anon_0054608,100
anon_0054614,100
anon_0054620,90
anon_0054588,100
anon_0054614,50
anon_0054543,100
anon_0054620,85
anon_0054444,100
anon_0054590,90
anon_0054614,85
anon_0054608,85
anon_0054614,100
anon_0054659,95
anon_0054608,100
anon_0054660,0
anon_0054620,100
anon_0054659,70
anon_0054620,100
anon_0054444,85
anon_0054598,85
anon_0054590,0
anon_0054590,85
anon_0054444,100
anon_0054590,85
anon_0054543,70
anon_0054543,75
anon_0054588,85
anon_0054608,85
anon_0054543,85
anon_0054588,95
anon_0054608,85
anon_0054608,85
anon_0054608,90
anon_0054543,50
anon_0054659,100
anon_0054590,85
anon_0054659,85
anon_0054444,70
anon_0054690,100
anon_0054694,100
anon_0054671,0
anon_0054671,100
anon_0054660,0
anon_0054689,90
anon_0054690,100
anon_0054671,0
anon_0054648,50
anon_0054660,85
anon_0054687,50
anon_0054660,0
anon_0054648,100
anon_0054633,50
anon_0054633,100
anon_0054694,90
anon_0054671,100
anon_0054689,85
anon_0054687,85
anon_0054690,85
anon_0054648,100
anon_0054690,85
anon_0054690,20
anon_0054671,0
anon_0054689,85
anon_0054694,0
anon_0054672,100
anon_0054527,85
anon_0054541,85
anon_0054687,85
anon_0054687,50
anon_0054671,90
anon_0054689,85
anon_0054687,50
anon_0054671,100
anon_0054690,100
anon_0054687,0
anon_0054588,100
anon_0054694,90
anon_0054541,85
anon_0054541,0
anon_0054667,0
anon_0054672,100
anon_0054667,0
anon_0054690,50
anon_0054671,95
anon_0054694,100
anon_0054690,90
anon_0054660,0
anon_0054633,95
anon_0054689,85
anon_0054672,100
anon_0054671,95
anon_0054541,85
anon_0054689,100
anon_0054636,100
anon_0054688,90
anon_0054541,100
anon_0054638,90
anon_0054638,100
anon_0054541,40
anon_0054660,85
anon_0054638,100
anon_0054667,85
anon_0054687,90
anon_0054588,100
anon_0054672,95
anon_0054541,100
anon_0054694,100
anon_0054688,85
anon_0054588,80
anon_0054541,85
anon_0054541,85
anon_0054688,95
anon_0054694,85
anon_0054685,100
anon_0054541,85
anon_0054633,60
anon_0054588,100
anon_0054672,100
anon_0054660,85
anon_0054671,100
anon_0054636,85
anon_0054527,85
anon_0054636,90
anon_0054667,95
anon_0054541,90
anon_0054588,100
anon_0054688,100
anon_0054638,100
anon_0054690,50
anon_0054685,85
anon_0054689,85
anon_0054527,90
anon_0054541,85
anon_0054633,85
anon_0054660,85
anon_0054667,95
anon_0054685,90
anon_0054689,85
anon_0054541,85
anon_0054638,50
anon_0054671,0
anon_0054636,0
anon_0054588,0
anon_0054588,95
anon_0054633,85
anon_0054638,100
anon_0054667,85
anon_0054660,85
anon_0054527,85
anon_0054667,85
anon_0054671,85
anon_0054672,100
anon_0054690,85
anon_0054660,75
anon_0054672,100
anon_0054672,100
anon_0054688,100
anon_0054690,85
anon_0054667,85
anon_0054688,100
anon_0054689,85
anon_0054685,90
anon_0054588,100
anon_0054660,90
anon_0054688,90
anon_0054572,100
anon_0054636,85
anon_0054667,85
anon_0054667,100
anon_0054704,59
anon_0054588,90
anon_0054704,100
anon_0054633,NA
anon_0054671,100
anon_0054636,100
anon_0054688,90
anon_0054688,0
anon_0054671,90
anon_0054636,100
anon_0054704,95
anon_0054667,50
anon_0054588,90
anon_0054671,90
anon_0054667,100
anon_0054671,90
anon_0054671,85
anon_0054690,0
anon_0054688,100
anon_0054704,90
anon_0054704,95
anon_0054660,85
anon_0054690,100
anon_0054688,85
anon_0054688,50
anon_0054690,100
anon_0054660,85
anon_0054636,85
anon_0054572,100
anon_0054660,0
anon_0054690,100
anon_0054667,85
anon_0054588,90
anon_0054660,50
anon_0054638,90
anon_0054689,85
anon_0054690,0
anon_0054611,100
anon_0054541,100
anon_0054690,100
anon_0054689,100
anon_0054636,85
anon_0054636,90
anon_0054638,90
anon_0054588,0
anon_0054689,50
anon_0054620,100
anon_0054689,85
anon_0054638,80
anon_0054659,90
anon_0054688,90
anon_0054572,100
anon_0054689,85
anon_0054611,90
anon_0054689,50
anon_0054588,0
anon_0054620,50
anon_0054636,0
anon_0054667,50
anon_0054541,85
anon_0054572,90
anon_0054687,100
anon_0054659,85
anon_0054541,95
anon_0054611,85
anon_0054672,100
anon_0054588,50
anon_0054690,0
anon_0054659,50
anon_0054689,95
anon_0054611,85
anon_0054687,80
anon_0054541,20
anon_0054689,90
anon_0054687,100
anon_0054620,100
anon_0054541,50
anon_0054638,85
anon_0054689,95
anon_0054687,90
anon_0054672,100
anon_0054689,70
anon_0054541,85
anon_0054689,75
anon_0054689,0
anon_0054690,100
anon_0054659,85
anon_0054689,90
anon_0054659,90
anon_0054638,80
anon_0054659,70
anon_0054633,70
anon_0054659,85
anon_0054672,90
anon_0054620,85
anon_0054620,85
anon_0054667,85
anon_0054704,85
anon_0054704,100
anon_0054708,100
anon_0054620,100
anon_0054633,100
anon_0054620,100
anon_0054708,100
anon_0054687,85
anon_0054694,0
anon_0054708,100
anon_0054694,100
anon_0054620,85
anon_0054620,50
anon_0054620,85
anon_0054636,85
anon_0054671,100
anon_0054688,100
anon_0054620,95
anon_0054723,100
anon_0054685,100
anon_0054659,100
anon_0054694,75
anon_0054689,0
anon_0054685,0
anon_0054694,90
anon_0054660,20
anon_0054527,90
anon_0054667,95
anon_0054704,75
anon_0054660,60
anon_0054659,90
anon_0054704,85
anon_0054704,90
anon_0054688,100
anon_0054694,90
anon_0054659,90
anon_0054671,90
anon_0054687,0
anon_0054688,100
anon_0054633,85
anon_0054694,95
anon_0054660,85
anon_0054689,50
anon_0054694,50
anon_0054636,90
anon_0054694,95
anon_0054687,0
anon_0054527,85
anon_0054687,90
anon_0054704,85
anon_0054671,90
anon_0054694,85
anon_0054708,95
anon_0054688,85
anon_0054671,0
anon_0054659,0
anon_0054667,90
anon_0054527,90
anon_0054671,80
anon_0054667,85
anon_0054671,100
anon_0054620,90
anon_0054694,85
anon_0054687,95
anon_0054685,95
anon_0054667,85
anon_0054694,85
anon_0054671,85
anon_0054685,95
anon_0054671,50
anon_0054667,85
anon_0054633,85
anon_0054527,90
anon_0054694,90
anon_0054667,100
anon_0054636,50
anon_0054659,85
anon_0054620,95
anon_0054689,90
anon_0054659,85
anon_0054688,100
anon_0054723,75
anon_0054660,0
anon_0054620,90
anon_0054708,0
anon_0054687,85
anon_0054694,90
anon_0054694,90
anon_0054671,50
anon_0054667,85
anon_0054667,60
anon_0054694,50
anon_0054667,85
anon_0054694,100
anon_0054697,90
anon_0054671,85
anon_0054671,100
anon_0054688,90
anon_0054704,0
anon_0054671,50
anon_0054685,50
anon_0054671,75
anon_0054672,100
anon_0054527,90
anon_0054671,100
anon_0054688,0
anon_0054697,85
anon_0054724,100
anon_0054724,95
anon_0054667,100
anon_0054667,100
anon_0054671,0
anon_0054687,100
anon_0054697,85
anon_0054672,80
anon_0054708,85
anon_0054688,85
anon_0054527,90
anon_0054687,90
anon_0054527,90
anon_0054697,85
anon_0054688,85
anon_0054667,50
anon_0054527,95
anon_0054724,90
anon_0054724,90
anon_0054671,100
anon_0054687,100
anon_0054724,90
anon_0054687,100
anon_0054527,90
anon_0054667,100
anon_0054687,0
anon_0054708,85
anon_0054667,50
anon_0054688,50
anon_0054688,85
anon_0054667,100
anon_0054667,85
anon_0054708,85
anon_0054671,0
anon_0054671,100
anon_0054688,100
anon_0054688,85
anon_0054611,85
anon_0054527,90
anon_0054708,95
anon_0054672,85
anon_0054688,80
anon_0054667,70
anon_0054671,90
anon_0054667,85
anon_0054687,0
anon_0054667,90
anon_0054527,50
anon_0054708,90
anon_0054671,100
anon_0054671,100
anon_0054667,85
anon_0054671,100
anon_0054708,95
anon_0054611,95
anon_0054708,85
anon_0054708,90
anon_0054527,85
anon_0054667,90
anon_0054527,85
anon_0054527,95
anon_0054688,90
anon_0054611,75
anon_0054611,50
anon_0054527,85
anon_0054527,85
anon_0054611,85
anon_0054667,20
anon_0054688,100
anon_0054687,50
anon_0054527,85
anon_0054527,85
anon_0054527,85
anon_0054527,85
anon_0054527,85
anon_0054527,85
anon_0054688,60
anon_0054740,90
anon_0054660,100
anon_0054771,100
anon_0054748,100
anon_0054671,0
anon_0054688,0
anon_0054724,100
anon_0054754,95
anon_0054688,85
anon_0054762,90
anon_0054688,70
anon_0054660,100
anon_0054724,0
anon_0054754,100
anon_0054638,0
anon_0054723,0
anon_0054704,0
anon_0054754,0
anon_0054671,0
anon_0054704,100
anon_0054688,50
anon_0054740,90
anon_0054723,100
anon_0054754,100
anon_0054671,95
anon_0054671,100
anon_0054688,85
anon_0054754,95
anon_0054741,100
anon_0054671,100
anon_0054724,100
anon_0054754,90
anon_0054704,95
anon_0054771,100
anon_0054660,100
anon_0054659,0
anon_0054660,100
anon_0054754,0
anon_0054724,100
anon_0054704,100
anon_0054660,0
anon_0054688,100
anon_0054740,80
anon_0054671,100
anon_0054754,90
anon_0054671,0
anon_0054771,100
anon_0054688,75
anon_0054660,100
anon_0054741,100
anon_0054685,90
anon_0054671,85
anon_0054754,90
anon_0054724,100
anon_0054704,0
anon_0054659,85
anon_0054685,100
anon_0054611,100
anon_0054762,90
anon_0054704,0
anon_0054754,85
anon_0054659,85
anon_0054688,80
anon_0054688,90
anon_0054762,90
anon_0054724,90
anon_0054771,50
anon_0054771,80
anon_0054771,0
anon_0054688,85
anon_0054740,80
anon_0054748,100
anon_0054741,95
anon_0054660,100
anon_0054660,100
anon_0054754,100
anon_0054671,75
anon_0054771,100
anon_0054724,100
anon_0054748,85
anon_0054753,75
anon_0054527,90
anon_0054671,85
anon_0054671,0
anon_0054688,90
anon_0054671,50
anon_0054671,85
anon_0054660,100
anon_0054771,85
anon_0054527,90
anon_0054671,85
anon_0054762,75
anon_0054660,90
anon_0054723,100
anon_0054527,85
anon_0054754,95
anon_0054527,95
anon_0054527,85
anon_0054748,100
anon_0054685,95
anon_0054527,85
anon_0054740,85
anon_0054685,85
anon_0054704,85
anon_0054748,100
anon_0054527,50
anon_0054527,50
anon_0054659,50
anon_0054740,100
anon_0054754,100
anon_0054748,90
anon_0054704,59
anon_0054723,100
anon_0054748,90
anon_0054659,85
anon_0054527,60
anon_0054685,85
anon_0054527,90
anon_0054723,100
anon_0054527,85
anon_0054748,50
anon_0054527,90
anon_0054685,85
anon_0054527,85
anon_0054527,75
anon_0054527,90
anon_0054748,95
anon_0054527,85
anon_0054704,100
anon_0054527,85
anon_0054527,85
anon_0054527,75
anon_0054723,85
anon_0054724,90
anon_0054724,90
anon_0054659,50
anon_0054724,100
anon_0054527,90
anon_0054527,85
anon_0054724,90
anon_0054723,85
anon_0054659,50
anon_0054748,85
anon_0054724,100
anon_0054724,90
anon_0054527,85
anon_0054724,100
anon_0054740,85
anon_0054748,85
anon_0054704,0
anon_0054704,0
anon_0054527,70
anon_0054659,50
anon_0054527,85
anon_0054659,50
anon_0054704,90
anon_0054748,90
anon_0054704,90
anon_0054527,90
anon_0054527,85
anon_0054527,60
anon_0054771,100
anon_0054704,0
anon_0054789,0
anon_0054748,95
anon_0054771,50
anon_0054753,100
anon_0054762,100
anon_0054704,100
anon_0054808,95
anon_0054740,0
anon_0054771,70
anon_0054704,100
anon_0054762,30
anon_0054808,100
anon_0054789,90
anon_0054748,85
anon_0054797,100
anon_0054808,85
anon_0054771,100
anon_0054771,50
anon_0054723,100
anon_0054740,0
anon_0054762,85
anon_0054753,85
anon_0054762,100
anon_0054723,90
anon_0054748,100
anon_0054753,70
anon_0054794,0
anon_0054748,90
anon_0054762,85
anon_0054808,90
anon_0054753,60
anon_0054808,90
anon_0054724,90
anon_0054724,50
anon_0054748,75
anon_0054797,0
anon_0054723,100
anon_0054723,0
anon_0054808,85
anon_0054762,70
anon_0054748,90
anon_0054704,50
anon_0054748,0
anon_0054723,85
anon_0054808,90
anon_0054704,95
anon_0054762,95
anon_0054808,50
anon_0054808,100
anon_0054808,75
anon_0054724,50
anon_0054808,85
anon_0054723,0
anon_0054797,100
anon_0054611,75
anon_0054748,70
anon_0054794,100
anon_0054762,85
anon_0054762,90
anon_0054789,0
anon_0054794,85
anon_0054704,90
anon_0054611,85
anon_0054748,90
anon_0054704,40
anon_0054794,85
anon_0054723,85
anon_0054808,70
anon_0054611,100
anon_0054762,50
anon_0054762,90
anon_0054685,50
anon_0054723,100
anon_0054789,95
anon_0054685,85
anon_0054611,100
anon_0054762,0
anon_0054762,85
anon_0054753,90
anon_0054797,90
anon_0054724,85
anon_0054685,100
anon_0054740,100
anon_0054753,100
anon_0054748,100
anon_0054797,85
anon_0054685,90
anon_0054789,0
anon_0054771,95
anon_0054789,95
anon_0054724,90
anon_0054740,100
anon_0054808,85
anon_0054797,0
anon_0054808,85
anon_0054740,100
anon_0054740,100
anon_0054789,85
anon_0054753,95
anon_0054748,90
anon_0054808,70
anon_0054740,90
anon_0054753,100
anon_0054611,0
anon_0054771,95
anon_0054740,100
anon_0054740,100
anon_0054762,85
anon_0054789,85
anon_0054762,95
anon_0054740,95
anon_0054748,100
anon_0054740,100
anon_0054704,100
anon_0054740,100
anon_0054704,40
anon_0054740,100
anon_0054740,95
anon_0054740,90
anon_0054748,80
anon_0054771,85
anon_0054704,90
anon_0054724,100
anon_0054748,85
anon_0054685,100
anon_0054685,100
anon_0054771,50
anon_0054748,85
anon_0054740,90
anon_0054740,100
anon_0054704,85
anon_0054789,85
anon_0054704,50
anon_0054762,100
anon_0054771,100
anon_0054704,90
anon_0054771,100
anon_0054771,100
anon_0054740,95
anon_0054724,100
anon_0054748,85
anon_0054685,90
anon_0054740,90
anon_0054704,95
anon_0054704,90
anon_0054685,100
anon_0054704,100
anon_0054685,85
anon_0054771,95
anon_0054740,50
anon_0054740,100
anon_0054740,95
anon_0054724,50
anon_0054704,100
anon_0054762,85
anon_0054771,85
anon_0054724,85
anon_0054724,85
anon_0054771,80
anon_0054724,90
anon_0054704,85
anon_0054762,90
anon_0054704,100
anon_0054704,85
anon_0054740,90
anon_0054771,85
anon_0054771,90
anon_0054771,50
anon_0054771,70
anon_0054771,60
anon_0054704,100
anon_0054771,85
anon_0054771,20
anon_0054724,80
anon_0054704,90
anon_0054724,85
anon_0054771,85
anon_0054724,80
anon_0054771,80
anon_0054771,85
anon_0054724,85
anon_0054771,100
anon_0054762,85
anon_0054704,0
anon_0054771,70
anon_0054771,85
anon_0054724,60
anon_0054771,90
anon_0054771,85
anon_0054685,85
anon_0054771,85
anon_0054724,85
anon_0054762,85
anon_0054704,85
anon_0054797,0
anon_0054825,100
anon_0054817,100
anon_0054825,0
anon_0054830,90
anon_0054817,100
anon_0054822,95
anon_0054822,90
anon_0054830,95
anon_0054855,100
anon_0054846,50
anon_0054817,100
anon_0054855,100
anon_0054794,100
anon_0054825,0
anon_0054817,100
anon_0054830,80
anon_0054839,100
anon_0054846,100
anon_0054839,85
anon_0054704,100
anon_0054817,85
anon_0054839,95
anon_0054740,50
anon_0054822,100
anon_0054822,85
anon_0054846,0
anon_0054794,100
anon_0054822,100
anon_0054822,80
anon_0054839,100
anon_0054817,60
anon_0054817,90
anon_0054830,90
anon_0054740,90
anon_0054817,90
anon_0054762,100
anon_0054704,100
anon_0054797,90
anon_0054846,0
anon_0054855,90
anon_0054801,0
anon_0054822,50
anon_0054753,85
anon_0054817,100
anon_0054846,85
anon_0054822,100
anon_0054822,85
anon_0054846,85
anon_0054825,0
anon_0054846,0
anon_0054822,100
anon_0054817,100
anon_0054822,100
anon_0054846,100
anon_0054822,90
anon_0054825,85
anon_0054808,85
anon_0054830,100
anon_0054822,100
anon_0054762,85
anon_0054846,0
anon_0054797,90
anon_0054753,100
anon_0054740,95
anon_0054846,90
anon_0054817,85
anon_0054753,90
anon_0054704,95
anon_0054825,75
anon_0054740,90
anon_0054822,100
anon_0054753,100
anon_0054822,85
anon_0054817,0
anon_0054822,85
anon_0054846,100
anon_0054762,90
anon_0054808,100
anon_0054830,95
anon_0054846,100
anon_0054830,95
anon_0054740,85
anon_0054817,70
anon_0054822,90
anon_0054822,100
anon_0054808,90
anon_0054817,0
anon_0054830,100
anon_0054753,100
anon_0054822,100
anon_0054753,85
anon_0054825,90
anon_0054848,50
anon_0054817,70
anon_0054740,30
anon_0054794,100
anon_0054740,100
anon_0054822,85
anon_0054846,100
anon_0054753,100
anon_0054822,50
anon_0054806,100
anon_0054806,95
anon_0054825,100
anon_0054808,50
anon_0054740,90
anon_0054808,30
anon_0054740,100
anon_0054753,100
anon_0054740,100
anon_0054797,85
anon_0054740,85
anon_0054753,85
anon_0054794,50
anon_0054806,95
anon_0054794,85
anon_0054794,90
anon_0054723,90
anon_0054740,100
anon_0054846,90
anon_0054723,85
anon_0054723,85
anon_0054797,100
anon_0054797,90
anon_0054846,100
anon_0054740,100
anon_0054723,100
anon_0054797,100
anon_0054740,100
anon_0054723,50
anon_0054723,85
anon_0054825,90
anon_0054806,100
anon_0054825,90
anon_0054723,50
anon_0054797,100
anon_0054794,90
anon_0054723,50
anon_0054797,100
anon_0054740,90
anon_0054753,100
anon_0054740,0
anon_0054723,85
anon_0054753,0
anon_0054846,100
anon_0054797,50
anon_0054825,85
anon_0054846,85
anon_0054825,85
anon_0054753,75
anon_0054794,90
anon_0054740,85
anon_0054817,90
anon_0054825,90
anon_0054886,85
anon_0054855,0
anon_0054830,100
anon_0054801,100
anon_0054872,0
anon_0054797,0
anon_0054797,100
anon_0054887,100
anon_0054830,90
anon_0054855,100
anon_0054872,100
anon_0054806,100
anon_0054723,100
anon_0054848,85
anon_0054887,95
anon_0054855,100
anon_0054848,100
anon_0054830,90
anon_0054887,100
anon_0054855,90
anon_0054839,0
anon_0054723,0
anon_0054855,0
anon_0054855,100
anon_0054855,100
anon_0054887,100
anon_0054887,85
anon_0054855,0
anon_0054855,100
anon_0054844,85
anon_0054723,100
anon_0054855,100
anon_0054723,0
anon_0054848,0
anon_0054887,90
anon_0054887,90
anon_0054844,0
anon_0054844,100
anon_0054806,100
anon_0054806,95
anon_0054844,70
anon_0054872,0
anon_0054801,NA
anon_0054839,0
anon_0054855,100
anon_0054797,100
anon_0054848,85
anon_0054855,0
anon_0054830,100
anon_0054797,95
anon_0054848,90
anon_0054855,100
anon_0054848,95
anon_0054806,100
anon_0054839,90
anon_0054806,85
anon_0054797,80
anon_0054844,NA
anon_0054797,95
anon_0054848,100
anon_0054830,85
anon_0054872,85
anon_0054801,100
anon_0054806,100
anon_0054848,90
anon_0054848,85
anon_0054872,100
anon_0054801,100
anon_0054806,0
anon_0054886,0
anon_0054855,90
anon_0054855,100
anon_0054801,0
anon_0054887,100
anon_0054887,100
anon_0054855,85
anon_0054887,95
anon_0054723,90
anon_0054855,85
anon_0054872,100
anon_0054844,90
anon_0054887,85
anon_0054817,90
anon_0054723,85
anon_0054844,85
anon_0054887,85
anon_0054817,50
anon_0054855,85
anon_0054830,85
anon_0054817,90
anon_0054723,100
anon_0054855,85
anon_0054830,90
anon_0054817,60
anon_0054839,0
anon_0054723,100
anon_0054848,100
anon_0054723,85
anon_0054848,85
anon_0054855,85
anon_0054848,100
anon_0054855,85
anon_0054848,85
anon_0054806,100
anon_0054886,75
anon_0054872,85
anon_0054830,90
anon_0054855,100
anon_0054848,0
anon_0054839,100
anon_0054806,90
anon_0054806,0
anon_0054872,100
anon_0054839,50
anon_0054806,95
anon_0054723,100
anon_0054839,100
anon_0054872,90
anon_0054723,100
anon_0054872,100
anon_0054806,100
anon_0054806,100
anon_0054839,0
anon_0054825,0
anon_0054848,85
anon_0054839,50
anon_0054848,0
anon_0054872,50
anon_0054848,0
anon_0054839,100
anon_0054839,0
anon_0054825,0
anon_0054886,85
anon_0054872,50
anon_0054839,100
anon_0054839,85
anon_0054872,95
anon_0054872,50
anon_0054886,95
anon_0054872,95
anon_0054872,85
anon_0054806,50
anon_0054839,50
anon_0054806,90
anon_0054839,100
anon_0054825,100
anon_0054806,70
anon_0054886,85
anon_0054886,85
anon_0054872,90
anon_0054839,85
anon_0054848,90
anon_0054848,85
anon_0054886,85
anon_0054848,85
anon_0054825,85
anon_0054839,95
anon_0054825,90
anon_0054872,85
anon_0054855,90
anon_0054923,0
anon_0054943,100
anon_0054872,100
anon_0054924,0
anon_0054903,100
anon_0054922,18
anon_0054921,100
anon_0054872,100
anon_0054903,0
anon_0054944,100
anon_0054906,0
anon_0054935,85
anon_0054801,100
anon_0054923,100
anon_0054903,100
anon_0054844,100
anon_0054935,100
anon_0054844,90
anon_0054906,0
anon_0054887,95
anon_0054906,100
anon_0054923,100
anon_0054935,100
anon_0054906,50
anon_0054926,100
anon_0054924,100
anon_0054922,0
anon_0054801,85
anon_0054926,0
anon_0054935,0
anon_0054906,0
anon_0054924,85
anon_0054872,100
anon_0054922,100
anon_0054855,90
anon_0054903,85
anon_0054922,100
anon_0054935,100
anon_0054906,0
anon_0054923,20
anon_0054903,75
anon_0054906,85
anon_0054903,100
anon_0054806,0
anon_0054906,85
anon_0054923,100
anon_0054801,85
anon_0054887,90
anon_0054906,0
anon_0054923,85
anon_0054922,90
anon_0054935,85
anon_0054855,100
anon_0054935,85
anon_0054921,85
anon_0054906,75
anon_0054801,0
anon_0054923,100
anon_0054923,85
anon_0054943,100
anon_0054944,100
anon_0054922,100
anon_0054922,100
anon_0054801,95
anon_0054926,85
anon_0054921,90
anon_0054943,100
anon_0054943,100
anon_0054923,100
anon_0054935,90
anon_0054923,85
anon_0054903,100
anon_0054887,0
anon_0054922,100
anon_0054872,85
anon_0054906,100
anon_0054924,100
anon_0054923,85
anon_0054806,80
anon_0054906,80
anon_0054922,100
anon_0054921,85
anon_0054921,20
anon_0054943,100
anon_0054922,85
anon_0054922,100
anon_0054924,100
anon_0054923,85
anon_0054906,100
anon_0054935,100
anon_0054922,100
anon_0054903,95
anon_0054923,85
anon_0054844,90
anon_0054923,100
anon_0054924,85
anon_0054906,0
anon_0054806,100
anon_0054924,100
anon_0054903,95
anon_0054887,100
anon_0054887,85
anon_0054877,0
anon_0054922,100
anon_0054806,0
anon_0054922,100
anon_0054844,0
anon_0054923,90
anon_0054887,95
anon_0054887,85
anon_0054906,100
anon_0054887,90
anon_0054923,85
anon_0054887,90
anon_0054872,100
anon_0054923,85
anon_0054887,85
anon_0054887,85
anon_0054924,90
anon_0054924,50
anon_0054806,40
anon_0054923,95
anon_0054906,50
anon_0054872,100
anon_0054806,85
anon_0054923,100
anon_0054887,85
anon_0054922,90
anon_0054923,90
anon_0054887,100
anon_0054924,85
anon_0054924,90
anon_0054887,100
anon_0054924,90
anon_0054887,100
anon_0054887,100
anon_0054924,100
anon_0054806,90
anon_0054887,100
anon_0054887,0
anon_0054806,90
anon_0054923,95
anon_0054887,100
anon_0054887,85
anon_0054887,85
anon_0054806,85
anon_0054806,50
anon_0054924,95
anon_0054924,90
anon_0054886,85
anon_0054924,95
anon_0054887,100
anon_0054887,85
anon_0054872,100
anon_0054887,85
anon_0054872,100
anon_0054877,85
anon_0054806,85
anon_0054806,90
anon_0054886,85
anon_0054872,100
anon_0054886,85
anon_0054806,85
anon_0054872,40
anon_0054887,85
anon_0054872,100
anon_0054877,90
anon_0054872,85
anon_0054887,90
anon_0054886,85
anon_0054886,90
anon_0054887,85
anon_0054886,85
anon_0054887,85
anon_0054906,100
anon_0054877,85
anon_0054872,90
anon_0054806,0
anon_0054926,100
anon_0054935,100
anon_0054978,95
anon_0054958,0
anon_0054926,100
anon_0054921,100
anon_0054944,100
anon_0054926,85
anon_0054978,100
anon_0054958,100
anon_0054926,100
anon_0054968,100
anon_0054993,95
anon_0054921,90
anon_0054924,85
anon_0054924,100
anon_0054968,100
anon_0054921,100
anon_0054922,0
anon_0054924,100
anon_0054978,0
anon_0054958,100
anon_0054993,90
anon_0054960,100
anon_0054924,50
anon_0054935,100
anon_0054960,100
anon_0054922,0
anon_0054978,0
anon_0054960,100
anon_0054924,100
anon_0054922,100
anon_0054922,100
anon_0054922,100
anon_0054922,100
anon_0054960,85
anon_0054922,0
anon_0054922,0
anon_0054922,85
anon_0054968,100
anon_0054943,85
anon_0054943,95
anon_0054978,85
anon_0054903,100
anon_0054958,50
anon_0054978,85
anon_0054960,100
anon_0054968,100
anon_0054943,0
anon_0054978,95
anon_0054968,100
anon_0054960,100
anon_0054935,100
anon_0054943,100
anon_0054968,100
anon_0054968,90
anon_0054958,90
anon_0054922,100
anon_0054921,100
anon_0054921,100
anon_0054944,95
anon_0054968,85
anon_0054958,95
anon_0054923,85
anon_0054926,85
anon_0054923,70
anon_0054944,50
anon_0054943,100
anon_0054921,95
anon_0054935,100
anon_0054903,100
anon_0054968,85
anon_0054958,100
anon_0054922,0
anon_0054926,100
anon_0054958,100
anon_0054968,100
anon_0054978,50
anon_0054922,0
anon_0054993,85
anon_0054921,95
anon_0054922,0
anon_0054922,100
anon_0054960,90
anon_0054960,90
anon_0054960,85
anon_0054978,85
anon_0054924,50
anon_0054968,95
anon_0054921,85
anon_0054968,90
anon_0054922,90
anon_0054923,90
anon_0054958,100
anon_0054958,100
anon_0054968,85
anon_0054943,50
anon_0054923,90
anon_0054921,100
anon_0054844,100
anon_0054958,100
anon_0054960,100
anon_0054960,100
anon_0054886,100
anon_0054922,90
anon_0054924,100
anon_0054886,100
anon_0054886,100
anon_0054844,100
anon_0054960,95
anon_0054922,85
anon_0054923,85
anon_0054993,85
anon_0054923,90
anon_0054886,100
anon_0054960,85
anon_0054923,85
anon_0054903,85
anon_0054958,100
anon_0054958,86
anon_0054943,85
anon_0054943,85
anon_0054943,0
anon_0054886,NA
anon_0054923,85
anon_0054958,95
anon_0054922,85
anon_0054924,85
anon_0054886,100
anon_0054886,60
anon_0054922,85
anon_0054922,100
anon_0054922,85
anon_0054923,75
anon_0054886,100
anon_0054924,85
anon_0054922,90
anon_0054943,100
anon_0054844,85
anon_0054922,90
anon_0054943,85
anon_0054943,85
anon_0054886,95
anon_0054923,85
anon_0054923,85
anon_0054923,90
anon_0054924,100
anon_0054943,100
anon_0054922,85
anon_0054943,85
anon_0054923,90
anon_0054943,100
anon_0054943,0
anon_0054886,85
anon_0054943,0
anon_0054924,100
anon_0054844,90
anon_0054943,100
anon_0054923,85
anon_0054943,90
anon_0054923,85
anon_0054923,40
anon_0054922,85
anon_0054903,95
anon_0054903,85
anon_0054922,95
anon_0054886,85
anon_0054943,85
anon_0054903,85
anon_0054886,50
anon_0054923,100
anon_0054886,85
anon_0054923,85
anon_0054943,100
anon_0054943,90
anon_0054903,85
anon_0054886,85
anon_0054886,50
anon_0054935,100
anon_0054993,0
anon_0054944,100
anon_0054978,50
anon_0054921,100
anon_0054960,95
anon_0054978,100
anon_0054943,0
anon_0054978,90
anon_0054993,100
anon_0054944,95
anon_0054903,100
anon_0055025,85
anon_0054993,50
anon_0055004,0
anon_0054992,100
anon_0055004,60
anon_0054992,100
anon_0054985,0
anon_0054921,100
anon_0054968,100
anon_0054968,85
anon_0055004,100
anon_0054992,80
anon_0054978,100
anon_0054993,85
anon_0054993,100
anon_0054985,95
anon_0054943,100
anon_0054985,0
anon_0054921,85
anon_0054968,90
anon_0054993,100
anon_0054992,100
anon_0054960,90
anon_0054993,50
anon_0054968,100
anon_0054968,85
anon_0054844,100
anon_0054844,85
anon_0054993,100
anon_0054985,85
anon_0054943,85
anon_0054993,90
anon_0054993,90
anon_0054944,85
anon_0054992,100
anon_0054993,100
anon_0054844,85
anon_0054960,100
anon_0054944,85
anon_0054985,90
anon_0054968,85
anon_0054993,90
anon_0054968,85
anon_0054944,100
anon_0054960,85
anon_0054978,100
anon_0054960,100
anon_0055025,75
anon_0054968,85
anon_0054960,95
anon_0054992,90
anon_0054844,85
anon_0054978,90
anon_0054921,95
anon_0054978,100
anon_0054968,95
anon_0054978,85
anon_0054968,50
anon_0054993,85
anon_0055004,100
anon_0054968,90
anon_0054844,90
anon_0054993,85
anon_0054968,90
anon_0054943,90
anon_0054978,90
anon_0054844,90
anon_0054944,95
anon_0054992,85
anon_0054903,100
anon_0054968,90
anon_0054992,85
anon_0054993,90
anon_0054968,50
anon_0054985,100
anon_0054993,90
anon_0054921,100
anon_0054978,90
anon_0054978,100
anon_0054944,90
anon_0055004,70
anon_0054978,90
anon_0054943,85
anon_0055019,95
anon_0054943,75
anon_0054943,50
anon_0055025,100
anon_0055025,70
anon_0054978,90
anon_0054968,85
anon_0054978,85
anon_0054993,95
anon_0054985,85
anon_0054968,100
anon_0055019,100
anon_0055019,100
anon_0054943,85
anon_0054844,50
anon_0055025,90
anon_0054978,85
anon_0054944,95
anon_0055019,100
anon_0054943,50
anon_0054926,90
anon_0054978,50
anon_0055025,85
anon_0054943,10
anon_0055019,0
anon_0054921,100
anon_0054978,95
anon_0054944,85
anon_0054978,85
anon_0054968,90
anon_0054993,85
anon_0054992,85
anon_0054944,85
anon_0054978,85
anon_0054978,85
anon_0054926,100
anon_0054968,85
anon_0054944,100
anon_0054978,95
anon_0054968,85
anon_0054978,100
anon_0054921,100
anon_0055025,0
anon_0054993,100
anon_0055034,100
anon_0054926,80
anon_0054993,100
anon_0055034,100
anon_0054943,50
anon_0054944,100
anon_0055034,80
anon_0054992,0
anon_0054926,90
anon_0054968,85
anon_0054978,60
anon_0055034,0
anon_0054992,95
anon_0055034,100
anon_0055019,0
anon_0055019,100
anon_0055025,70
anon_0054943,40
anon_0054926,95
anon_0054926,100
anon_0055034,100
anon_0054926,100
anon_0054978,85
anon_0054944,50
anon_0054992,85
anon_0054968,90
anon_0054992,80
anon_0054921,100
anon_0055034,100
anon_0054886,90
anon_0054968,85
anon_0054921,90
anon_0054886,85
anon_0054993,50
anon_0054968,85
anon_0054968,90
anon_0054886,100
anon_0054926,100
anon_0054968,85
anon_0054968,85
anon_0054926,85
anon_0054926,85
anon_0054886,85
anon_0054921,100
anon_0054968,75
anon_0054926,100
anon_0054926,70
anon_0054968,85
anon_0054886,70
anon_0054926,90
anon_0054968,85
anon_0054921,85
anon_0054921,85
anon_0054886,75
anon_0054886,85
anon_0054926,60
anon_0054921,100
anon_0054886,90
anon_0054978,85
anon_0055034,100
anon_0055042,100
anon_0054921,50
anon_0055019,100
anon_0055108,0
anon_0054926,0
anon_0055108,90
anon_0055034,100
anon_0055058,0
anon_0055063,100
anon_0055108,100
anon_0055063,100
anon_0055034,100
anon_0054921,95
anon_0055067,100
anon_0054921,90
anon_0055058,50
anon_0055058,0
anon_0054985,100
anon_0055058,0
anon_0055034,100
anon_0055034,100
anon_0055063,85
anon_0055067,0
anon_0055034,100
anon_0055058,100
anon_0055034,100
anon_0055034,100
anon_0054985,100
anon_0055034,100
anon_0055058,100
anon_0055034,90
anon_0055067,0
anon_0055004,100
anon_0055058,85
anon_0055042,90
anon_0055042,100
anon_0055108,50
anon_0055034,100
anon_0055042,0
anon_0055067,100
anon_0055019,100
anon_0054985,100
anon_0055042,85
anon_0054993,100
anon_0055042,0
anon_0055034,90
anon_0054985,0
anon_0055034,90
anon_0054985,100
anon_0055058,85
anon_0055058,90
anon_0055047,100
anon_0055047,95
anon_0055067,100
anon_0055019,0
anon_0055047,100
anon_0054993,100
anon_0055019,85
anon_0054921,90
anon_0055034,85
anon_0054985,90
anon_0055034,100
anon_0055042,85
anon_0055025,50
anon_0055058,90
anon_0055034,90
anon_0055025,85
anon_0054926,0
anon_0055019,50
anon_0055042,100
anon_0055034,50
anon_0055058,100
anon_0055058,85
anon_0055034,85
anon_0055042,80
anon_0055019,85
anon_0055034,95
anon_0055019,100
anon_0055025,70
anon_0055034,50
anon_0055025,100
anon_0055019,90
anon_0055034,85
anon_0055034,100
anon_0055034,85
anon_0055042,85
anon_0054993,85
anon_0054921,85
anon_0054926,100
anon_0055042,85
anon_0055042,50
anon_0055034,95
anon_0055025,90
anon_0054985,0
anon_0055058,90
anon_0055058,85
anon_0055019,75
anon_0054993,50
anon_0054926,100
anon_0055042,90
anon_0054921,60
anon_0055047,100
anon_0054993,90
anon_0054985,90
anon_0055025,90
anon_0055058,85
anon_0055047,100
anon_0055042,90
anon_0054985,0
anon_0054926,100
anon_0055047,50
anon_0054926,85
anon_0054985,90
anon_0054985,100
anon_0055047,100
anon_0055025,85
anon_0054926,100
anon_0054985,100
anon_0055058,60
anon_0055042,85
anon_0055058,100
anon_0054992,100
anon_0054926,85
anon_0054985,60
anon_0054992,100
anon_0054993,75
anon_0054926,0
anon_0055042,85
anon_0054993,100
anon_0054993,80
anon_0054993,100
anon_0055019,85
anon_0055019,95
anon_0054985,0
anon_0054993,90
anon_0054985,100
anon_0055025,90
anon_0055042,90
anon_0055047,100
anon_0055047,100
anon_0054926,0
anon_0055025,50
anon_0055025,100
anon_0054985,75
anon_0054985,85
anon_0054985,90
anon_0055042,100
anon_0055025,85
anon_0055047,100
anon_0055042,70
anon_0054985,85
anon_0055047,100
anon_0054985,70
anon_0054985,100
anon_0055019,95
anon_0055047,100
anon_0054993,50
anon_0055019,100
anon_0054926,90
anon_0054992,90
anon_0054992,85
anon_0055047,90
anon_0055025,95
anon_0054985,50
anon_0055019,90
anon_0055047,90
anon_0055019,100
anon_0055042,30
anon_0055042,50
anon_0055047,100
anon_0055019,90
anon_0054985,85
anon_0055025,95
anon_0054985,95
anon_0054993,90
anon_0055025,40
anon_0055042,NA
anon_0055042,50
anon_0055176,100
anon_0055063,0
anon_0055128,100
anon_0055176,100
anon_0055172,0
anon_0055139,100
anon_0055114,100
anon_0055176,0
anon_0055176,100
anon_0055176,100
anon_0055047,100
anon_0055067,0
anon_0055114,100
anon_0055176,100
anon_0055139,100
anon_0055145,90
anon_0055067,85
anon_0055139,100
anon_0055135,90
anon_0055145,90
anon_0055108,100
anon_0055063,0
anon_0055176,90
anon_0055108,90
anon_0055047,80
anon_0055067,85
anon_0055067,50
anon_0055135,95
anon_0055135,95
anon_0055135,95
anon_0055067,0
anon_0055139,100
anon_0055114,100
anon_0055145,85
anon_0055135,90
anon_0055135,50
anon_0055139,100
anon_0055135,90
anon_0055139,50
anon_0055176,90
anon_0055135,0
anon_0055047,85
anon_0055114,95
anon_0055135,95
anon_0055176,90
anon_0055135,100
anon_0055176,90
anon_0055067,100
anon_0055128,100
anon_0055176,100
anon_0055114,85
anon_0055172,85
anon_0055067,100
anon_0055135,90
anon_0055176,95
anon_0055047,90
anon_0055067,100
anon_0055139,0
anon_0055067,50
anon_0055135,100
anon_0055139,90
anon_0055114,85
anon_0055139,90
anon_0055128,100
anon_0055145,85
anon_0055139,90
anon_0055114,85
anon_0055063,100
anon_0055128,100
anon_0055135,85
anon_0055139,100
anon_0055047,75
anon_0055067,85
anon_0055114,85
anon_0055114,85
anon_0055176,100
anon_0055135,85
anon_0055114,100
anon_0055176,90
anon_0055063,85
anon_0055047,85
anon_0055135,95
anon_0055139,0
anon_0055176,90
anon_0055135,0
anon_0055176,90
anon_0055047,80
anon_0055108,0
anon_0055145,95
anon_0055067,100
anon_0055135,85
anon_0055135,90
anon_0055047,90
anon_0055145,90
anon_0055114,85
anon_0055128,85
anon_0055047,100
anon_0055135,100
anon_0055172,100
anon_0055108,0
anon_0055145,85
anon_0055114,95
anon_0055067,100
anon_0055063,100
anon_0055145,90
anon_0055128,90
anon_0055128,100
anon_0055128,100
anon_0055108,100
anon_0055063,95
anon_0055128,90
anon_0055047,50
anon_0055128,85
anon_0055108,85
anon_0055047,50
anon_0055067,100
anon_0055067,0
anon_0055128,85
anon_0055047,100
anon_0055047,90
anon_0055128,95
anon_0055145,85
anon_0055128,100
anon_0055067,50
anon_0055128,90
anon_0055067,85
anon_0055128,85
anon_0055176,90
anon_0055172,100
anon_0055128,100
anon_0055128,85
anon_0055067,85
anon_0055128,85
anon_0055067,100
anon_0055067,85
anon_0055145,90
anon_0055063,85
anon_0055047,90
anon_0055067,80
anon_0055172,95
anon_0055139,100
anon_0055067,50
anon_0055108,95
anon_0055128,95
anon_0055063,70
anon_0055145,85
anon_0055128,90
anon_0055145,85
anon_0055128,90
anon_0055108,70
anon_0055128,85
anon_0055067,90
anon_0055114,100
anon_0055128,90
anon_0055139,100
anon_0055172,100
anon_0055128,85
anon_0055128,70
anon_0055128,100
anon_0055114,85
anon_0055135,20
anon_0055145,85
anon_0055063,85
anon_0055172,70
anon_0055067,85
anon_0055135,85
anon_0055128,90
anon_0055047,20
anon_0055139,90
anon_0055172,50
anon_0055172,85
anon_0055172,85
anon_0055128,40
anon_0055128,60
anon_0055063,20
anon_0055135,0
anon_0055108,90
anon_0055128,90
anon_0055172,95
anon_0055139,100
anon_0055114,100
anon_0055067,85
anon_0055114,100
anon_0055135,90
anon_0055135,85
anon_0055172,90
anon_0055135,90
anon_0055108,90
anon_0055172,90
anon_0055172,90
anon_0055172,100
anon_0055047,20
anon_0055172,85
anon_0055139,85
anon_0055114,90
anon_0055139,100
anon_0055114,50
anon_0055139,0
anon_0055172,95
anon_0055172,100
anon_0055067,100
anon_0055172,100
anon_0055233,100
anon_0055067,100
anon_0055241,100
anon_0055219,100
anon_0055226,0
anon_0055232,90
anon_0055219,90
anon_0055114,100
anon_0055219,100
anon_0055067,100
anon_0055233,0
anon_0055269,100
anon_0055172,100
anon_0055233,100
anon_0055195,100
anon_0055232,85
anon_0055226,100
anon_0055226,90
anon_0055195,100
anon_0055233,100
anon_0055233,100
anon_0055232,100
anon_0055145,90
anon_0055269,90
anon_0055233,100
anon_0055225,100
anon_0055219,100
anon_0055172,100
anon_0055225,50
anon_0055241,85
anon_0055230,100
anon_0055231,90
anon_0055195,90
anon_0055231,100
anon_0055241,90
anon_0055232,100
anon_0055225,50
anon_0055230,95
anon_0055232,95
anon_0055172,100
anon_0055232,80
anon_0055219,95
anon_0055233,100
anon_0055230,100
anon_0055241,90
anon_0055114,85
anon_0055145,0
anon_0055225,90
anon_0055219,90
anon_0055195,95
anon_0055114,85
anon_0055195,85
anon_0055114,85
anon_0055172,100
anon_0055232,90
anon_0055172,90
anon_0055232,0
anon_0055233,100
anon_0055233,100
anon_0055232,50
anon_0055226,100
anon_0055114,80
anon_0055232,100
anon_0055067,80
anon_0055230,100
anon_0055226,100
anon_0055269,90
anon_0055225,90
anon_0055145,70
anon_0055195,85
anon_0055067,100
anon_0055233,75
anon_0055232,95
anon_0055225,80
anon_0055232,0
anon_0055145,100
anon_0055195,90
anon_0055233,100
anon_0055226,0
anon_0055232,73
anon_0055232,85
anon_0055067,100
anon_0055219,85
anon_0055219,95
anon_0055231,90
anon_0055231,85
anon_0055219,95
anon_0055232,90
anon_0055231,90
anon_0055241,85
anon_0055232,100
anon_0055172,85
anon_0055241,85
anon_0055232,85
anon_0055067,90
anon_0055232,100
anon_0055231,85
anon_0055233,100
anon_0055226,100
anon_0055232,90
anon_0055233,95
anon_0055063,95
anon_0055114,85
anon_0055063,NA
anon_0055063,85
anon_0055114,0
anon_0055063,85
anon_0055231,85
anon_0055233,100
anon_0055232,0
anon_0055233,100
anon_0055172,100
anon_0055231,100
anon_0055172,50
anon_0055172,95
anon_0055233,0
anon_0055233,85
anon_0055231,75
anon_0055233,0
anon_0055172,100
anon_0055114,100
anon_0055231,85
anon_0055172,95
anon_0055232,100
anon_0055232,85
anon_0055230,100
anon_0055172,100
anon_0055114,90
anon_0055233,90
anon_0055231,90
anon_0055230,100
anon_0055114,90
anon_0055233,100
anon_0055172,100
anon_0055114,90
anon_0055233,50
anon_0055114,100
anon_0055233,85
anon_0055219,90
anon_0055233,90
anon_0055230,95
anon_0055172,100
anon_0055172,100
anon_0055172,100
anon_0055172,85
anon_0055226,50
anon_0055231,75
anon_0055232,95
anon_0055230,90
anon_0055219,95
anon_0055233,100
anon_0055114,20
anon_0055219,100
anon_0055233,100
anon_0055233,90
anon_0055232,100
anon_0055219,100
anon_0055172,100
anon_0055226,85
anon_0055233,70
anon_0055219,90
anon_0055172,100
anon_0055233,100
anon_0055233,50
anon_0055230,85
anon_0055172,85
anon_0055219,100
anon_0055232,90
anon_0055219,20
anon_0055230,40
anon_0055232,50
anon_0055241,100
anon_0055233,85
anon_0055233,85
anon_0055233,95
anon_0055233,50
anon_0055219,100
anon_0055114,85
anon_0055114,100
anon_0055114,60
anon_0055232,0
anon_0055172,20
anon_0055241,0
anon_0055241,0
anon_0055241,85
anon_0055241,85
anon_0055233,50
anon_0055233,50
anon_0055233,100
anon_0055233,100
anon_0055233,70
anon_0055233,75
anon_0055067,100
anon_0055230,100
anon_0055301,100
anon_0055301,0
anon_0055067,100
anon_0055226,100
anon_0055219,85
anon_0055219,100
anon_0055241,0
anon_0055231,100
anon_0055225,100
anon_0055265,75
anon_0055241,85
anon_0055269,85
anon_0055219,0
anon_0055219,85
anon_0055269,85
anon_0055225,85
anon_0055301,100
anon_0055230,100
anon_0055265,90
anon_0055230,100
anon_0055067,100
anon_0055269,100
anon_0055219,85
anon_0055319,90
anon_0055269,95
anon_0055301,100
anon_0055225,50
anon_0055319,95
anon_0055219,30
anon_0055067,100
anon_0055265,85
anon_0055225,95
anon_0055265,100
anon_0055063,85
anon_0055265,95
anon_0055219,90
anon_0055265,100
anon_0055265,90
anon_0055269,100
anon_0055230,85
anon_0055265,90
anon_0055195,100
anon_0055269,100
anon_0055299,85
anon_0055067,85
anon_0055265,90
anon_0055251,85
anon_0055219,85
anon_0055269,90
anon_0055265,85
anon_0055230,85
anon_0055301,100
anon_0055269,20
anon_0055231,50
anon_0055226,50
anon_0055231,90
anon_0055265,100
anon_0055231,100
anon_0055299,90
anon_0055230,100
anon_0055265,95
anon_0055269,100
anon_0055265,50
anon_0055219,85
anon_0055301,100
anon_0055231,85
anon_0055269,95
anon_0055269,85
anon_0055225,85
anon_0055241,75
anon_0055195,95
anon_0055269,90
anon_0055063,90
anon_0055269,85
anon_0055269,85
anon_0055269,100
anon_0055269,95
anon_0055063,95
anon_0055269,60
anon_0055269,95
anon_0055269,85
anon_0055265,50
anon_0055269,70
anon_0055269,85
anon_0055225,85
anon_0055225,85
anon_0055231,85
anon_0055225,85
anon_0055269,95
anon_0055301,100
anon_0055269,85
anon_0055063,85
anon_0055251,90
anon_0055219,70
anon_0055251,85
anon_0055231,90
anon_0055301,100
anon_0055265,100
anon_0055265,100
anon_0055219,0
anon_0055301,100
anon_0055251,85
anon_0055063,90
anon_0055230,100
anon_0055230,85
anon_0055063,85
anon_0055269,95
anon_0055301,100
anon_0055265,100
anon_0055301,100
anon_0055231,100
anon_0055225,0
anon_0055301,100
anon_0055301,100
anon_0055195,85
anon_0055265,100
anon_0055230,100
anon_0055230,75
anon_0055265,100
anon_0055231,90
anon_0055269,90
anon_0055195,100
anon_0055219,95
anon_0055231,95
anon_0055225,0
anon_0055230,100
anon_0055231,90
anon_0055063,85
anon_0055301,100
anon_0055269,90
anon_0055219,95
anon_0055225,50
anon_0055265,20
anon_0055231,100
anon_0055301,100
anon_0055265,100
anon_0055301,100
anon_0055230,85
anon_0055265,100
anon_0055265,0
anon_0055063,85
anon_0055219,90
anon_0055230,85
anon_0055230,85
anon_0055230,85
anon_0055301,95
anon_0055195,85
anon_0055265,95
anon_0055301,75
anon_0055231,90
anon_0055219,85
anon_0055231,85
anon_0055230,90
anon_0055195,20
anon_0055230,85
anon_0055301,100
anon_0055265,50
anon_0055269,95
anon_0055301,90
anon_0055269,75
anon_0055269,30
anon_0055269,85
anon_0055195,60
anon_0055231,0
anon_0055195,85
anon_0055301,50
anon_0055301,75
anon_0055230,0
anon_0055301,0
anon_0055269,85
anon_0055269,75
anon_0055269,NA
anon_0055301,100
anon_0055301,0
anon_0055301,0
anon_0055337,100
anon_0055321,0
anon_0055338,100
anon_0055301,85
anon_0055351,100
anon_0055338,100
anon_0055269,100
anon_0055319,100
anon_0055299,90
anon_0055337,100
anon_0055265,100
anon_0055325,90
anon_0055318,0
anon_0055301,0
anon_0055348,100
anon_0055338,0
anon_0055269,100
anon_0055319,0
anon_0055351,90
anon_0055337,0
anon_0055318,85
anon_0055337,85
anon_0055348,100
anon_0055337,100
anon_0055330,90
anon_0055251,0
anon_0055301,100
anon_0055330,30
anon_0055337,0
anon_0055325,90
anon_0055325,95
anon_0055325,90
anon_0055301,90
anon_0055337,95
anon_0055338,100
anon_0055337,0
anon_0055325,90
anon_0055338,100
anon_0055348,100
anon_0055348,100
anon_0055319,100
anon_0055337,100
anon_0055348,100
anon_0055301,85
anon_0055337,20
anon_0055337,95
anon_0055269,100
anon_0055318,50
anon_0055318,85
anon_0055301,50
anon_0055251,95
anon_0055337,100
anon_0055330,85
anon_0055318,50
anon_0055337,100
anon_0055348,100
anon_0055265,80
anon_0055325,50
anon_0055063,20
anon_0055337,100
anon_0055251,70
anon_0055337,0
anon_0055338,100
anon_0055251,100
anon_0055265,85
anon_0055330,85
anon_0055325,90
anon_0055351,95
anon_0055195,85
anon_0055348,100
anon_0055321,0
anon_0055251,85
anon_0055330,85
anon_0055325,100
anon_0055337,100
anon_0055319,85
anon_0055318,50
anon_0055337,100
anon_0055251,85
anon_0055325,100
anon_0055325,95
anon_0055325,100
anon_0055251,85
anon_0055330,85
anon_0055337,50
anon_0055063,75
anon_0055195,85
anon_0055251,85
anon_0055348,100
anon_0055325,95
anon_0055269,100
anon_0055269,100
anon_0055325,90
anon_0055325,100
anon_0055325,100
anon_0055269,90
anon_0055299,100
anon_0055359,0
anon_0055319,90
anon_0055321,100
anon_0055299,0
anon_0055330,0
anon_0055378,100
anon_0055351,0
anon_0055318,85
anon_0055063,75
anon_0055321,100
anon_0055325,85
anon_0055338,100
anon_0055330,0
anon_0055359,100
anon_0055337,100
anon_0055330,85
anon_0055325,100
anon_0055351,90
anon_0055195,85
anon_0055299,90
anon_0055348,85
anon_0055195,85
anon_0055195,30
anon_0055378,0
anon_0055318,100
anon_0055321,85
anon_0055318,100
anon_0055378,100
anon_0055325,100
anon_0055321,100
anon_0055318,60
anon_0055195,85
anon_0055319,90
anon_0055325,85
anon_0055325,100
anon_0055319,0
anon_0055325,95
anon_0055351,85
anon_0055378,85
anon_0055378,95
anon_0055348,85
anon_0055318,90
anon_0055318,100
anon_0055338,100
anon_0055325,100
anon_0055338,90
anon_0055348,90
anon_0055351,100
anon_0055351,100
anon_0055348,100
anon_0055318,85
anon_0055319,100
anon_0055348,85
anon_0055351,100
anon_0055319,95
anon_0055325,80
anon_0055325,100
anon_0055318,90
anon_0055319,100
anon_0055338,0
anon_0055325,100
anon_0055337,90
anon_0055319,0
anon_0055325,95
anon_0055319,100
anon_0055337,NA
anon_0055319,100
anon_0055351,90
anon_0055195,75
anon_0055325,50
anon_0055325,100
anon_0055325,85
anon_0055319,100
anon_0055251,90
anon_0055351,85
anon_0055325,100
anon_0055319,85
anon_0055351,85
anon_0055351,85
anon_0055351,90
anon_0055330,50
anon_0055325,100
anon_0055319,85
anon_0055338,90
anon_0055325,90
anon_0055325,100
anon_0055325,100
anon_0055325,95
anon_0055325,85
anon_0055325,95
anon_0055325,95
anon_0055319,85
anon_0055348,85
anon_0055325,90
anon_0055348,90
anon_0055319,85
anon_0055325,100
anon_0055351,85
anon_0055325,95
anon_0055406,100
anon_0055425,0
anon_0055348,100
anon_0055378,100
anon_0055431,80
anon_0055251,100
anon_0055356,90
anon_0055398,100
anon_0055338,90
anon_0055319,100
anon_0055348,100
anon_0055396,100
anon_0055396,60
anon_0055398,85
anon_0055378,90
anon_0055325,100
anon_0055319,85
anon_0055378,100
anon_0055195,95
anon_0055378,50
anon_0055425,0
anon_0055325,90
anon_0055396,90
anon_0055378,90
anon_0055396,80
anon_0055367,95
anon_0055338,85
anon_0055378,100
anon_0055338,75
anon_0055251,0
anon_0055398,0
anon_0055398,90
anon_0055325,50
anon_0055378,100
anon_0055399,95
anon_0055359,100
anon_0055318,75
anon_0055398,85
anon_0055431,100
anon_0055195,100
anon_0055195,40
anon_0055356,100
anon_0055398,90
anon_0055426,0
anon_0055319,90
anon_0055426,0
anon_0055359,100
anon_0055398,100
anon_0055356,85
anon_0055378,100
anon_0055398,0
anon_0055396,0
anon_0055426,0
anon_0055319,85
anon_0055398,100
anon_0055367,0
anon_0055318,90
anon_0055378,100
anon_0055367,95
anon_0055378,95
anon_0055398,95
anon_0055423,75
anon_0055367,85
anon_0055396,100
anon_0055319,50
anon_0055348,95
anon_0055318,100
anon_0055396,75
anon_0055318,85
anon_0055359,85
anon_0055318,100
anon_0055378,75
anon_0055378,85
anon_0055367,85
anon_0055423,85
anon_0055318,100
anon_0055378,100
anon_0055396,100
anon_0055431,100
anon_0055378,50
anon_0055325,85
anon_0055398,50
anon_0055378,100
anon_0055378,95
anon_0055318,50
anon_0055398,80
anon_0055348,0
anon_0055425,95
anon_0055378,50
anon_0055396,100
anon_0055338,70
anon_0055318,100
anon_0055378,50
anon_0055318,75
anon_0055338,85
anon_0055348,85
anon_0055318,100
anon_0055318,85
anon_0055348,85
anon_0055425,100
anon_0055396,85
anon_0055251,85
anon_0055378,100
anon_0055321,90
anon_0055351,90
anon_0055398,90
anon_0055398,85
anon_0055425,100
anon_0055378,100
anon_0055321,100
anon_0055325,90
anon_0055378,100
anon_0055425,100
anon_0055321,90
anon_0055425,100
anon_0055325,95
anon_0055325,100
anon_0055378,0
anon_0055321,100
anon_0055378,70
anon_0055351,90
anon_0055351,100
anon_0055351,100
anon_0055325,95
anon_0055325,100
anon_0055325,85
anon_0055325,100
anon_0055378,50
anon_0055378,100
anon_0055425,100
anon_0055325,90
anon_0055325,95
anon_0055325,100
anon_0055325,0
anon_0055195,75
anon_0055195,70
anon_0055321,70
anon_0055325,100
anon_0055321,90
anon_0055325,90
anon_0055351,85
anon_0055378,30
anon_0055351,30
anon_0055378,90
anon_0055195,0
anon_0055325,90
anon_0055325,50
anon_0055325,100
anon_0055325,100
anon_0055325,90
anon_0055195,0
anon_0055378,85
anon_0055378,50
anon_0055378,50
anon_0055325,50
anon_0055195,85
anon_0055325,85
anon_0055325,90
anon_0055378,85
anon_0055325,100
anon_0055325,85
anon_0055325,50
anon_0055325,90
anon_0055325,100
anon_0055325,95
anon_0055325,85
anon_0055195,85
anon_0055325,85
anon_0055325,95
anon_0055338,95
anon_0055398,90
anon_0055442,95
anon_0055431,100
anon_0055406,0
anon_0055425,0
anon_0055396,100
anon_0055436,50
anon_0055431,95
anon_0055396,95
anon_0055448,85
anon_0055431,100
anon_0055318,100
anon_0055436,95
anon_0055458,95
anon_0055431,100
anon_0055318,100
anon_0055356,95
anon_0055431,90
anon_0055423,100
anon_0055445,100
anon_0055318,100
anon_0055348,50
anon_0055356,100
anon_0055251,90
anon_0055445,0
anon_0055429,100
anon_0055356,100
anon_0055348,100
anon_0055396,0
anon_0055195,50
anon_0055348,100
anon_0055356,100
anon_0055442,100
anon_0055445,95
anon_0055406,85
anon_0055356,95
anon_0055442,90
anon_0055396,100
anon_0055318,100
anon_0055348,50
anon_0055429,95
anon_0055436,100
anon_0055399,95
anon_0055436,90
anon_0055431,90
anon_0055429,95
anon_0055429,90
anon_0055195,85
anon_0055436,95
anon_0055452,90
anon_0055356,80
anon_0055423,90
anon_0055458,100
anon_0055458,85
anon_0055445,50
anon_0055399,95
anon_0055458,100
anon_0055442,85
anon_0055356,85
anon_0055251,85
anon_0055406,100
anon_0055425,90
anon_0055399,90
anon_0055431,85
anon_0055251,85
anon_0055436,50
anon_0055338,90
anon_0055429,100
anon_0055436,90
anon_0055425,0
anon_0055445,90
anon_0055442,90
anon_0055431,90
anon_0055338,75
anon_0055448,0
anon_0055445,100
anon_0055431,85
anon_0055423,85
anon_0055431,95
anon_0055436,0
anon_0055251,85
anon_0055356,95
anon_0055406,95
anon_0055445,0
anon_0055436,95
anon_0055436,100
anon_0055429,90
anon_0055338,85
anon_0055356,85
anon_0055442,85
anon_0055406,90
anon_0055356,85
anon_0055445,100
anon_0055436,90
anon_0055429,50
anon_0055356,90
anon_0055425,100
anon_0055399,100
anon_0055442,85
anon_0055356,100
anon_0055348,0
anon_0055445,100
anon_0055461,100
anon_0055461,90
anon_0055406,0
anon_0055461,100
anon_0055445,100
anon_0055445,100
anon_0055445,100
anon_0055348,90
anon_0055378,100
anon_0055425,100
anon_0055425,95
anon_0055396,85
anon_0055378,90
anon_0055378,100
anon_0055425,90
anon_0055425,100
anon_0055425,90
anon_0055378,90
anon_0055425,85
anon_0055251,100
anon_0055451,0
anon_0055406,90
anon_0055445,0
anon_0055251,85
anon_0055436,NA
anon_0055425,70
anon_0055445,100
anon_0055461,100
anon_0055251,85
anon_0055445,100
anon_0055378,100
anon_0055378,100
anon_0055445,90
anon_0055378,100
anon_0055425,85
anon_0055398,95
anon_0055378,100
anon_0055378,85
anon_0055461,0
anon_0055378,85
anon_0055251,30
anon_0055378,100
anon_0055398,50
anon_0055378,85
anon_0055425,90
anon_0055378,100
anon_0055398,100
anon_0055378,100
anon_0055425,100
anon_0055445,100
anon_0055445,50
anon_0055398,90
anon_0055406,90
anon_0055378,100
anon_0055451,100
anon_0055378,50
anon_0055398,75
anon_0055451,95
anon_0055378,85
anon_0055378,95
anon_0055398,20
anon_0055378,100
anon_0055378,100
anon_0055378,100
anon_0055425,85
anon_0055378,90
anon_0055398,85
anon_0055398,90
anon_0055398,85
anon_0055251,90
anon_0055445,100
anon_0055445,85
anon_0055475,100
anon_0055475,0
anon_0055399,75
anon_0055423,85
anon_0055469,0
anon_0055442,95
anon_0055429,100
anon_0055429,100
anon_0055442,0
anon_0055436,100
anon_0055436,100
anon_0055461,95
anon_0055458,90
anon_0055431,90
anon_0055425,100
anon_0055469,100
anon_0055431,50
anon_0055399,100
anon_0055479,100
anon_0055429,100
anon_0055469,100
anon_0055452,50
anon_0055429,0
anon_0055469,95
anon_0055423,70
anon_0055479,100
anon_0055475,85
anon_0055475,100
anon_0055425,100
anon_0055425,100
anon_0055429,85
anon_0055451,100
anon_0055448,100
anon_0055475,0
anon_0055452,0
anon_0055431,90
anon_0055442,85
anon_0055431,100
anon_0055436,90
anon_0055469,100
anon_0055451,0
anon_0055452,85
anon_0055436,100
anon_0055469,100
anon_0055448,90
anon_0055429,85
anon_0055452,0
anon_0055469,85
anon_0055458,50
anon_0055442,90
anon_0055436,100
anon_0055429,85
anon_0055458,100
anon_0055442,95
anon_0055436,70
anon_0055475,85
anon_0055452,100
anon_0055429,90
anon_0055479,0
anon_0055461,85
anon_0055442,85
anon_0055469,85
anon_0055475,85
anon_0055469,95
anon_0055451,90
anon_0055431,90
anon_0055452,90
anon_0055431,100
anon_0055429,100
anon_0055429,95
anon_0055458,100
anon_0055442,NA
anon_0055429,85
anon_0055451,0
anon_0055469,85
anon_0055429,100
anon_0055451,85
anon_0055475,75
anon_0055475,85
anon_0055458,100
anon_0055436,75
anon_0055475,0
anon_0055452,30
anon_0055461,50
anon_0055458,90
anon_0055475,85
anon_0055442,85
anon_0055399,85
anon_0055423,90
anon_0055399,90
anon_0055458,85
anon_0055423,100
anon_0055461,50
anon_0055399,90
anon_0055429,100
anon_0055431,100
anon_0055399,100
anon_0055469,90
anon_0055461,100
anon_0055429,100
anon_0055429,100
anon_0055431,100
anon_0055399,90
anon_0055348,100
anon_0055431,50
anon_0055461,50
anon_0055348,50
anon_0055469,90
anon_0055461,100
anon_0055469,85
anon_0055399,90
anon_0055461,0
anon_0055479,100
anon_0055461,90
anon_0055461,0
anon_0055251,50
anon_0055448,100
anon_0055461,100
anon_0055251,85
anon_0055469,100
anon_0055458,0
anon_0055348,20
anon_0055461,100
anon_0055431,100
anon_0055348,100
anon_0055429,50
anon_0055431,85
anon_0055348,100
anon_0055431,85
anon_0055461,100
anon_0055458,75
anon_0055348,0
anon_0055431,100
anon_0055431,85
anon_0055348,90
anon_0055406,90
anon_0055251,100
anon_0055461,50
anon_0055458,90
anon_0055461,100
anon_0055461,90
anon_0055469,85
anon_0055429,90
anon_0055251,85
anon_0055348,0
anon_0055431,100
anon_0055399,90
anon_0055348,50
anon_0055251,20
anon_0055251,75
anon_0055406,100
anon_0055461,85
anon_0055458,85
anon_0055461,90
anon_0055431,90
anon_0055461,85
anon_0055406,90
anon_0055348,50
anon_0055406,95
anon_0055429,85
anon_0055251,50
anon_0055429,90
anon_0055406,100
anon_0055461,100
anon_0055251,85
anon_0055458,90
anon_0055469,0
anon_0055251,85
anon_0055461,85
anon_0055458,90
anon_0055251,85
anon_0055251,85
anon_0055348,50
anon_0055458,85
anon_0055509,85
anon_0055499,100
anon_0055509,50
anon_0055425,85
anon_0055406,100
anon_0055509,95
anon_0055504,85
anon_0055509,100
anon_0055499,100
anon_0055525,100
anon_0055451,90
anon_0055509,50
anon_0055509,95
anon_0055431,100
anon_0055451,90
anon_0055425,85
anon_0055509,100
anon_0055451,85
anon_0055499,0
anon_0055451,90
anon_0055431,100
anon_0055509,85
anon_0055451,100
anon_0055425,90
anon_0055251,0
anon_0055537,0
anon_0055537,0
anon_0055519,80
anon_0055499,95
anon_0055451,100
anon_0055425,100
anon_0055509,100
anon_0055429,100
anon_0055525,100
anon_0055499,85
anon_0055406,50
anon_0055499,50
anon_0055251,85
anon_0055431,90
anon_0055451,100
anon_0055537,95
anon_0055504,0
anon_0055499,100
anon_0055431,0
anon_0055509,85
anon_0055519,50
anon_0055429,100
anon_0055499,100
anon_0055425,90
anon_0055431,85
anon_0055451,75
anon_0055451,85
anon_0055406,100
anon_0055451,100
anon_0055431,95
anon_0055431,85
anon_0055499,100
anon_0055425,90
anon_0055519,90
anon_0055431,85
anon_0055451,85
anon_0055429,100
anon_0055509,100
anon_0055499,100
anon_0055499,100
anon_0055451,100
anon_0055499,95
anon_0055431,100
anon_0055509,100
anon_0055431,50
anon_0055509,100
anon_0055509,90
anon_0055504,85
anon_0055499,85
anon_0055431,100
anon_0055451,0
anon_0055451,0
anon_0055504,85
anon_0055499,85
anon_0055251,85
anon_0055525,75
anon_0055519,90
anon_0055499,100
anon_0055509,100
anon_0055451,100
anon_0055251,85
anon_0055451,90
anon_0055509,NA
anon_0055499,100
anon_0055499,0
anon_0055451,90
anon_0055451,85
anon_0055431,75
anon_0055499,100
anon_0055429,100
anon_0055509,90
anon_0055499,100
anon_0055475,90
anon_0055504,90
anon_0055429,100
anon_0055499,50
anon_0055499,40
anon_0055499,95
anon_0055499,85
anon_0055504,85
anon_0055479,100
anon_0055504,50
anon_0055504,75
anon_0055406,90
anon_0055429,75
anon_0055504,50
anon_0055429,85
anon_0055475,100
anon_0055519,100
anon_0055425,0
anon_0055425,100
anon_0055499,100
anon_0055504,90
anon_0055431,85
anon_0055451,100
anon_0055429,100
anon_0055504,0
anon_0055509,85
anon_0055504,50
anon_0055452,100
anon_0055429,85
anon_0055475,100
anon_0055479,75
anon_0055406,85
anon_0055499,0
anon_0055509,50
anon_0055429,100
anon_0055499,75
anon_0055479,100
anon_0055479,90
anon_0055519,100
anon_0055406,0
anon_0055519,85
anon_0055499,90
anon_0055504,100
anon_0055499,0
anon_0055475,50
anon_0055479,50
anon_0055499,100
anon_0055479,90
anon_0055452,90
anon_0055406,0
anon_0055479,100
anon_0055499,70
anon_0055504,85
anon_0055499,85
anon_0055451,100
anon_0055452,100
anon_0055479,0
anon_0055479,100
anon_0055504,50
anon_0055452,50
anon_0055451,100
anon_0055429,100
anon_0055479,85
anon_0055479,90
anon_0055504,50
anon_0055519,100
anon_0055479,75
anon_0055499,85
anon_0055504,90
anon_0055504,85
anon_0055451,50
anon_0055479,100
anon_0055429,85
anon_0055504,85
anon_0055429,50
anon_0055499,85
anon_0055504,NA
anon_0055504,85
anon_0055451,50
anon_0055519,100
anon_0055499,90
anon_0055537,0
anon_0055519,100
anon_0055479,95
anon_0055525,85
anon_0055573,100
anon_0055499,80
anon_0055525,100
anon_0055499,100
anon_0055561,100
anon_0055538,0
anon_0055561,100
anon_0055566,100
anon_0055525,0
anon_0055561,100
anon_0055537,100
anon_0055525,100
anon_0055479,100
anon_0055573,100
anon_0055499,85
anon_0055479,80
anon_0055525,0
anon_0055561,100
anon_0055573,95
anon_0055540,0
anon_0055540,100
anon_0055577,100
anon_0055566,100
anon_0055525,100
anon_0055540,100
anon_0055525,100
anon_0055537,100
anon_0055499,80
anon_0055509,75
anon_0055509,0
anon_0055525,100
anon_0055525,100
anon_0055479,50
anon_0055499,100
anon_0055579,85
anon_0055499,100
anon_0055525,85
anon_0055579,100
anon_0055540,100
anon_0055540,100
anon_0055525,100
anon_0055579,100
anon_0055579,100
anon_0055540,0
anon_0055509,50
anon_0055538,85
anon_0055499,75
anon_0055525,100
anon_0055499,85
anon_0055499,75
anon_0055509,85
anon_0055509,90
anon_0055540,100
anon_0055525,90
anon_0055561,100
anon_0055577,70
anon_0055509,85
anon_0055525,95
anon_0055479,100
anon_0055509,100
anon_0055499,50
anon_0055525,85
anon_0055509,90
anon_0055538,100
anon_0055579,100
anon_0055579,90
anon_0055537,85
anon_0055525,85
anon_0055525,50
anon_0055519,100
anon_0055509,85
anon_0055509,85
anon_0055499,85
anon_0055509,0
anon_0055479,90
anon_0055566,100
anon_0055566,100
anon_0055537,0
anon_0055577,100
anon_0055525,NA
anon_0055579,100
anon_0055479,NA
anon_0055525,0
anon_0055537,50
anon_0055540,95
anon_0055499,100
anon_0055525,85
anon_0055525,90
anon_0055519,0
anon_0055561,100
anon_0055566,100
anon_0055566,100
anon_0055579,100
anon_0055538,50
anon_0055519,90
anon_0055586,90
anon_0055566,90
anon_0055586,100
anon_0055519,90
anon_0055561,100
anon_0055580,90
anon_0055548,85
anon_0055538,90
anon_0055586,90
anon_0055548,100
anon_0055525,85
anon_0055561,100
anon_0055525,90
anon_0055566,100
anon_0055479,0
anon_0055519,100
anon_0055525,100
anon_0055548,0
anon_0055479,90
anon_0055580,50
anon_0055537,90
anon_0055519,95
anon_0055548,90
anon_0055548,0
anon_0055538,100
anon_0055586,90
anon_0055566,100
anon_0055586,95
anon_0055479,85
anon_0055580,85
anon_0055566,100
anon_0055519,85
anon_0055566,100
anon_0055538,85
anon_0055580,90
anon_0055580,75
anon_0055548,85
anon_0055579,100
anon_0055525,95
anon_0055548,100
anon_0055519,85
anon_0055548,0
anon_0055566,90
anon_0055548,95
anon_0055519,50
anon_0055548,50
anon_0055525,100
anon_0055519,75
anon_0055509,85
anon_0055548,90
anon_0055579,85
anon_0055580,85
anon_0055525,85
anon_0055548,85
anon_0055586,85
anon_0055479,100
anon_0055519,90
anon_0055561,95
anon_0055580,85
anon_0055586,90
anon_0055580,100
anon_0055525,100
anon_0055548,0
anon_0055548,85
anon_0055566,85
anon_0055548,100
anon_0055548,95
anon_0055538,85
anon_0055548,0
anon_0055548,85
anon_0055479,0
anon_0055519,85
anon_0055525,100
anon_0055548,85
anon_0055519,85
anon_0055525,0
anon_0055548,70
anon_0055580,70
anon_0055519,75
anon_0055525,85
anon_0055548,70
anon_0055525,85
anon_0055586,90
anon_0055586,85
anon_0055525,90
anon_0055561,100
anon_0055548,80
anon_0055580,90
anon_0055580,70
anon_0055540,100
anon_0055604,100
anon_0055573,95
anon_0055538,95
anon_0055580,100
anon_0055604,100
anon_0055579,90
anon_0055540,100
anon_0055580,100
anon_0055580,95
anon_0055577,100
anon_0055540,90
anon_0055540,85
anon_0055579,0
anon_0055604,90
anon_0055580,100
anon_0055579,100
anon_0055580,90
anon_0055586,100
anon_0055538,100
anon_0055600,100
anon_0055561,50
anon_0055586,90
anon_0055538,100
anon_0055573,0
anon_0055586,0
anon_0055580,95
anon_0055611,85
anon_0055573,0
anon_0055586,100
anon_0055580,100
anon_0055604,100
anon_0055579,85
anon_0055573,100
anon_0055586,90
anon_0055604,100
anon_0055573,100
anon_0055600,0
anon_0055586,90
anon_0055586,75
anon_0055579,85
anon_0055604,100
anon_0055586,100
anon_0055579,85
anon_0055580,75
anon_0055579,100
anon_0055586,85
anon_0055573,90
anon_0055604,100
anon_0055577,85
anon_0055586,95
anon_0055540,90
anon_0055580,100
anon_0055580,90
anon_0055604,90
anon_0055580,85
anon_0055580,85
anon_0055580,100
anon_0055604,90
anon_0055577,100
anon_0055600,75
anon_0055580,90
anon_0055586,85
anon_0055611,NA
anon_0055579,100
anon_0055586,100
anon_0055586,85
anon_0055611,0
anon_0055600,85
anon_0055573,90
anon_0055580,NA
anon_0055580,85
anon_0055580,100
anon_0055538,100
anon_0055580,100
anon_0055586,85
anon_0055586,0
anon_0055573,85
anon_0055580,85
anon_0055573,100
anon_0055561,90
anon_0055611,90
anon_0055586,100
anon_0055600,90
anon_0055580,85
anon_0055580,85
anon_0055586,0
anon_0055600,85
anon_0055561,95
anon_0055604,85
anon_0055538,90
anon_0055600,90
anon_0055580,85
anon_0055611,85
anon_0055586,100
anon_0055600,85
anon_0055604,0
anon_0055604,100
anon_0055573,100
anon_0055611,90
anon_0055604,100
anon_0055586,100
anon_0055580,85
anon_0055586,90
anon_0055604,100
anon_0055573,90
anon_0055604,100
anon_0055604,100
anon_0055600,85
anon_0055586,85
anon_0055573,75
anon_0055586,85
anon_0055561,85
anon_0055586,75
anon_0055611,100
anon_0055573,50
anon_0055604,70
anon_0055611,85
anon_0055611,90
anon_0055604,95
anon_0055561,90
anon_0055573,85
anon_0055566,100
anon_0055604,90
anon_0055566,90
anon_0055573,90
anon_0055566,100
anon_0055548,0
anon_0055573,50
anon_0055566,80
anon_0055566,100
anon_0055548,70
anon_0055566,100
anon_0055604,95
anon_0055566,95
anon_0055566,100
anon_0055548,85
anon_0055561,50
anon_0055561,90
anon_0055561,100
anon_0055566,100
anon_0055580,60
anon_0055604,100
anon_0055586,90
anon_0055573,90
anon_0055573,100
anon_0055566,75
anon_0055566,100
anon_0055566,100
anon_0055639,0
anon_0055566,0
anon_0055566,90
anon_0055566,95
anon_0055604,90
anon_0055639,85
anon_0055586,100
anon_0055573,95
anon_0055548,85
anon_0055566,100
anon_0055604,90
anon_0055561,100
anon_0055561,75
anon_0055639,85
anon_0055566,75
anon_0055548,85
anon_0055586,100
anon_0055573,85
anon_0055548,85
anon_0055645,100
anon_0055639,100
anon_0055651,100
anon_0055678,100
anon_0055662,95
anon_0055639,90
anon_0055645,95
anon_0055611,100
anon_0055645,100
anon_0055678,100
anon_0055542,85
anon_0055542,100
anon_0055670,100
anon_0055604,100
anon_0055611,90
anon_0055678,0
anon_0055639,90
anon_0055639,85
anon_0055651,100
anon_0055684,85
anon_0055645,100
anon_0055645,85
anon_0055645,90
anon_0055542,80
anon_0055573,85
anon_0055639,70
anon_0055639,85
anon_0055663,85
anon_0055678,100
anon_0055604,90
anon_0055573,100
anon_0055678,88
anon_0055639,0
anon_0055542,100
anon_0055632,100
anon_0055639,0
anon_0055639,85
anon_0055645,100
anon_0055639,100
anon_0055542,100
anon_0055542,90
anon_0055645,100
anon_0055662,85
anon_0055678,95
anon_0055573,100
anon_0055542,100
anon_0055639,90
anon_0055639,85
anon_0055604,100
anon_0055653,95
anon_0055573,85
anon_0055684,0
anon_0055573,90
anon_0055604,90
anon_0055662,85
anon_0055604,100
anon_0055663,85
anon_0055645,90
anon_0055651,90
anon_0055653,100
anon_0055639,0
anon_0055566,90
anon_0055663,20
anon_0055632,90
anon_0055668,85
anon_0055542,85
anon_0055542,85
anon_0055653,90
anon_0055639,85
anon_0055542,90
anon_0055639,85
anon_0055651,80
anon_0055684,0
anon_0055639,100
anon_0055653,95
anon_0055663,30
anon_0055639,0
anon_0055639,70
anon_0055632,85
anon_0055632,100
anon_0055639,50
anon_0055611,0
anon_0055639,85
anon_0055639,100
anon_0055645,85
anon_0055639,100
anon_0055671,100
anon_0055639,90
anon_0055632,95
anon_0055645,95
anon_0055632,90
anon_0055645,85
anon_0055670,85
anon_0055542,85
anon_0055600,0
anon_0055632,50
anon_0055671,90
anon_0055573,100
anon_0055566,90
anon_0055566,90
anon_0055639,85
anon_0055542,85
anon_0055668,0
anon_0055573,90
anon_0055600,50
anon_0055632,90
anon_0055573,90
anon_0055671,100
anon_0055645,85
anon_0055671,100
anon_0055639,100
anon_0055671,0
anon_0055573,100
anon_0055651,95
anon_0055600,95
anon_0055573,100
anon_0055639,100
anon_0055671,100
anon_0055671,100
anon_0055671,86
anon_0055573,0
anon_0055542,100
anon_0055651,100
anon_0055639,80
anon_0055542,90
anon_0055651,100
anon_0055632,90
anon_0055645,100
anon_0055645,85
anon_0055645,70
anon_0055573,85
anon_0055645,85
anon_0055600,60
anon_0055639,85
anon_0055573,90
anon_0055639,90
anon_0055632,50
anon_0055632,100
anon_0055573,90
anon_0055671,100
anon_0055632,100
anon_0055639,100
anon_0055540,90
anon_0055671,100
anon_0055632,100
anon_0055639,85
anon_0055645,90
anon_0055632,100
anon_0055573,100
anon_0055540,85
anon_0055566,90
anon_0055573,50
anon_0055632,0
anon_0055573,50
anon_0055540,85
anon_0055632,100
anon_0055639,85
anon_0055639,90
anon_0055639,85
anon_0055639,90
anon_0055645,100
anon_0055542,50
anon_0055639,100
anon_0055671,85
anon_0055573,85
anon_0055540,90
anon_0055645,75
anon_0055639,85
anon_0055645,20
anon_0055632,85
anon_0055573,85
anon_0055540,85
anon_0055540,70
anon_0055573,50
anon_0055639,85
anon_0055645,85
anon_0055600,90
anon_0055653,100
anon_0055651,100
anon_0055708,0
anon_0055662,100
anon_0055653,85
anon_0055670,85
anon_0055708,100
anon_0055678,100
anon_0055662,100
anon_0055670,95
anon_0055671,100
anon_0055678,100
anon_0055684,0
anon_0055645,95
anon_0055662,85
anon_0055713,50
anon_0055670,50
anon_0055678,100
anon_0055671,100
anon_0055653,100
anon_0055653,0
anon_0055663,100
anon_0055670,100
anon_0055653,90
anon_0055662,100
anon_0055671,0
anon_0055632,85
anon_0055663,100
anon_0055671,95
anon_0055663,95
anon_0055671,95
anon_0055678,100
anon_0055632,100
anon_0055653,100
anon_0055678,85
anon_0055653,100
anon_0055678,50
anon_0055670,50
anon_0055653,85
anon_0055653,50
anon_0055705,85
anon_0055662,90
anon_0055632,85
anon_0055662,95
anon_0055653,90
anon_0055670,20
anon_0055671,85
anon_0055663,60
anon_0055668,0
anon_0055684,100
anon_0055678,0
anon_0055662,70
anon_0055678,100
anon_0055651,90
anon_0055708,0
anon_0055542,100
anon_0055542,100
anon_0055668,0
anon_0055671,0
anon_0055670,50
anon_0055671,0
anon_0055670,85
anon_0055645,90
anon_0055653,95
anon_0055645,85
anon_0055671,95
anon_0055542,100
anon_0055639,90
anon_0055662,90
anon_0055670,90
anon_0055671,100
anon_0055662,85
anon_0055678,50
anon_0055705,90
anon_0055663,85
anon_0055663,85
anon_0055639,85
anon_0055708,100
anon_0055662,85
anon_0055684,50
anon_0055632,50
anon_0055668,85
anon_0055663,85
anon_0055639,100
anon_0055668,85
anon_0055668,100
anon_0055670,100
anon_0055645,70
anon_0055542,85
anon_0055663,50
anon_0055678,85
anon_0055678,85
anon_0055678,85
anon_0055632,85
anon_0055663,85
anon_0055678,50
anon_0055632,85
anon_0055668,100
anon_0055668,100
anon_0055542,90
anon_0055663,90
anon_0055705,85
anon_0055668,100
anon_0055669,90
anon_0055668,100
anon_0055663,95
anon_0055668,100
anon_0055653,100
anon_0055713,50
anon_0055669,85
anon_0055542,100
anon_0055653,100
anon_0055611,50
anon_0055632,90
anon_0055653,90
anon_0055632,95
anon_0055653,0
anon_0055542,100
anon_0055542,100
anon_0055542,100
anon_0055668,0
anon_0055542,98
anon_0055678,90
anon_0055542,100
anon_0055670,100
anon_0055632,90
anon_0055668,100
anon_0055671,100
anon_0055705,0
anon_0055653,100
anon_0055653,85
anon_0055670,85
anon_0055611,100
anon_0055542,95
anon_0055632,85
anon_0055653,95
anon_0055542,85
anon_0055632,100
anon_0055632,85
anon_0055632,70
anon_0055671,85
anon_0055542,100
anon_0055542,85
anon_0055668,90
anon_0055669,90
anon_0055653,100
anon_0055671,90
anon_0055542,100
anon_0055542,95
anon_0055669,75
anon_0055611,100
anon_0055653,85
anon_0055670,85
anon_0055670,90
anon_0055671,100
anon_0055671,0
anon_0055671,90
anon_0055653,90
anon_0055671,100
anon_0055670,90
anon_0055542,0
anon_0055671,100
anon_0055632,85
anon_0055632,85
anon_0055669,75
anon_0055669,50
anon_0055663,50
anon_0055671,100
anon_0055611,85
anon_0055653,95
anon_0055663,75
anon_0055671,85
anon_0055671,90
anon_0055670,100
anon_0055663,85
anon_0055670,85
anon_0055708,100
anon_0055703,85
anon_0055722,50
anon_0055662,100
anon_0055632,100
anon_0055708,90
anon_0055653,0
anon_0055653,0
anon_0055705,100
anon_0055708,85
anon_0055662,85
anon_0055684,85
anon_0055723,100
anon_0055731,100
anon_0055708,100
anon_0055713,100
anon_0055708,0
anon_0055671,100
anon_0055713,100
anon_0055713,85
anon_0055708,85
anon_0055722,100
anon_0055708,100
anon_0055662,95
anon_0055653,50
anon_0055731,95
anon_0055703,0
anon_0055708,100
anon_0055651,85
anon_0055632,90
anon_0055703,85
anon_0055663,90
anon_0055731,100
anon_0055705,95
anon_0055713,100
anon_0055708,85
anon_0055723,90
anon_0055653,100
anon_0055708,95
anon_0055669,95
anon_0055653,50
anon_0055713,0
anon_0055705,95
anon_0055708,90
anon_0055731,100
anon_0055671,85
anon_0055653,90
anon_0055722,0
anon_0055708,30
anon_0055708,100
anon_0055722,30
anon_0055723,90
anon_0055662,90
anon_0055632,90
anon_0055703,95
anon_0055653,85
anon_0055653,100
anon_0055708,85
anon_0055653,90
anon_0055722,100
anon_0055713,50
anon_0055723,100
anon_0055671,100
anon_0055671,0
anon_0055703,90
anon_0055723,0
anon_0055708,90
anon_0055708,85
anon_0055713,90
anon_0055653,85
anon_0055708,100
anon_0055713,100
anon_0055708,85
anon_0055671,90
anon_0055662,85
anon_0055651,90
anon_0055708,60
anon_0055662,85
anon_0055708,100
anon_0055713,75
anon_0055671,100
anon_0055703,85
anon_0055722,85
anon_0055653,85
anon_0055722,100
anon_0055705,100
anon_0055705,100
anon_0055705,90
anon_0055671,85
anon_0055684,50
anon_0055708,90
anon_0055708,90
anon_0055723,95
anon_0055723,85
anon_0055662,60
anon_0055708,90
anon_0055663,60
anon_0055671,90
anon_0055708,100
anon_0055705,90
anon_0055663,85
anon_0055663,20
anon_0055713,100
anon_0055663,85
anon_0055653,100
anon_0055713,100
anon_0055713,100
anon_0055653,90
anon_0055663,75
anon_0055670,80
anon_0055663,100
anon_0055705,90
anon_0055653,90
anon_0055663,60
anon_0055663,90
anon_0055670,85
anon_0055708,30
anon_0055670,85
anon_0055632,100
anon_0055653,90
anon_0055708,90
anon_0055670,85
anon_0055653,85
anon_0055708,85
anon_0055713,100
anon_0055632,90
anon_0055663,85
anon_0055632,85
anon_0055632,100
anon_0055663,60
anon_0055670,95
anon_0055632,85
anon_0055632,100
anon_0055670,85
anon_0055632,70
anon_0055663,90
anon_0055708,100
anon_0055670,95
anon_0055708,80
anon_0055632,90
anon_0055670,85
anon_0055663,85
anon_0055670,50
anon_0055663,85
anon_0055632,50
anon_0055663,85
anon_0055653,85
anon_0055670,90
anon_0055713,85
anon_0055670,85
anon_0055670,90
anon_0055632,85
anon_0055713,0
anon_0055671,75
anon_0055722,0
anon_0055722,100
anon_0055749,100
anon_0055722,100
anon_0055722,0
anon_0055669,95
anon_0055609,100
anon_0055749,85
anon_0055669,95
anon_0055722,0
anon_0055749,90
anon_0055722,100
anon_0055749,100
anon_0055749,90
anon_0055723,0
anon_0055669,50
anon_0055742,100
anon_0055749,85
anon_0055723,0
anon_0055670,90
anon_0055723,95
anon_0055742,100
anon_0055708,100
anon_0055651,0
anon_0055662,100
anon_0055722,0
anon_0055722,100
anon_0055742,100
anon_0055749,100
anon_0055722,100
anon_0055722,100
anon_0055651,50
anon_0055749,90
anon_0055708,50
anon_0055669,95
anon_0055708,100
anon_0055609,0
anon_0055742,100
anon_0055722,50
anon_0055653,95
anon_0055742,90
anon_0055670,90
anon_0055653,85
anon_0055722,100
anon_0055742,85
anon_0055749,100
anon_0055742,85
anon_0055722,100
anon_0055742,95
anon_0055651,95
anon_0055723,85
anon_0055708,100
anon_0055670,NA
anon_0055742,100
anon_0055670,75
anon_0055749,90
anon_0055742,50
anon_0055742,100
anon_0055742,95
anon_0055762,85
anon_0055749,85
anon_0055609,100
anon_0055723,85
anon_0055670,85
anon_0055762,85
anon_0055762,85
anon_0055722,100
anon_0055670,100
anon_0055609,90
anon_0055609,89
anon_0055749,90
anon_0055609,90
anon_0055742,100
anon_0055662,85
anon_0055723,100
anon_0055742,50
anon_0055653,90
anon_0055670,85
anon_0055723,95
anon_0055722,90
anon_0055708,90
anon_0055742,85
anon_0055762,85
anon_0055723,90
anon_0055742,100
anon_0055723,85
anon_0055742,50
anon_0055742,85
anon_0055762,85
anon_0055723,85
anon_0055762,85
anon_0055723,85
anon_0055749,95
anon_0055722,100
anon_0055723,90
anon_0055653,85
anon_0055723,85
anon_0055722,100
anon_0055705,95
anon_0055723,85
anon_0055705,100
anon_0055705,95
anon_0055653,85
anon_0055742,100
anon_0055609,85
anon_0055742,100
anon_0055609,100
anon_0055705,100
anon_0055705,95
anon_0055632,100
anon_0055705,90
anon_0055722,85
anon_0055632,85
anon_0055705,100
anon_0055609,85
anon_0055632,90
anon_0055670,0
anon_0055742,90
anon_0055703,50
anon_0055609,100
anon_0055705,100
anon_0055632,85
anon_0055632,85
anon_0055762,85
anon_0055703,60
anon_0055742,85
anon_0055609,90
anon_0055703,50
anon_0055703,90
anon_0055762,90
anon_0055609,90
anon_0055762,0
anon_0055632,85
anon_0055703,85
anon_0055762,50
anon_0055703,100
anon_0055632,100
anon_0055609,85
anon_0055705,80
anon_0055762,90
anon_0055703,100
anon_0055703,50
anon_0055609,100
anon_0055632,90
anon_0055703,85
anon_0055632,85
anon_0055609,100
anon_0055632,70
anon_0055703,85
anon_0055632,85
anon_0055609,85
anon_0055670,85
anon_0055632,100
anon_0055762,85
anon_0055632,85
anon_0055670,90
anon_0055632,85
anon_0055762,85
anon_0055632,90
anon_0055703,85
anon_0055632,50
anon_0055632,50
anon_0055749,85
anon_0055762,90
anon_0055632,90
anon_0055762,95
anon_0055632,85
anon_0055749,0
anon_0055812,90
anon_0055812,0
anon_0055833,100
anon_0055762,50
anon_0055762,90
anon_0055821,100
anon_0055762,90
anon_0055800,0
anon_0055821,50
anon_0055800,50
anon_0055812,90
anon_0055796,95
anon_0055800,80
anon_0055808,100
anon_0055800,100
anon_0055812,100
anon_0055808,100
anon_0055781,100
anon_0055781,90
anon_0055833,100
anon_0055796,100
anon_0055808,90
anon_0055800,70
anon_0055762,75
anon_0055812,0
anon_0055812,100
anon_0055808,85
anon_0055833,100
anon_0055812,100
anon_0055833,100
anon_0055808,85
anon_0055841,85
anon_0055821,90
anon_0055762,95
anon_0055825,85
anon_0055742,100
anon_0055800,100
anon_0055800,100
anon_0055833,100
anon_0055821,85
anon_0055742,100
anon_0055812,100
anon_0055825,90
anon_0055742,100
anon_0055781,90
anon_0055781,90
anon_0055762,100
anon_0055812,85
anon_0055800,0
anon_0055781,85
anon_0055800,85
anon_0055800,100
anon_0055762,30
anon_0055781,90
anon_0055796,85
anon_0055821,90
anon_0055800,0
anon_0055800,85
anon_0055800,100
anon_0055762,85
anon_0055749,100
anon_0055808,0
anon_0055808,95
anon_0055833,100
anon_0055742,0
anon_0055742,50
anon_0055808,85
anon_0055742,100
anon_0055808,100
anon_0055781,85
anon_0055781,80
anon_0055841,90
anon_0055812,60
anon_0055781,85
anon_0055800,100
anon_0055825,90
anon_0055833,100
anon_0055781,85
anon_0055821,95
anon_0055800,100
anon_0055812,85
anon_0055749,90
anon_0055742,100
anon_0055781,90
anon_0055812,90
anon_0055833,0
anon_0055833,50
anon_0055762,70
anon_0055742,95
anon_0055742,0
anon_0055749,95
anon_0055742,100
anon_0055749,100
anon_0055742,85
anon_0055742,100
anon_0055749,90
anon_0055742,85
anon_0055742,20
anon_0055742,85
anon_0055800,70
anon_0055762,50
anon_0055800,0
anon_0055827,100
anon_0055742,100
anon_0055781,0
anon_0055827,95
anon_0055781,90
anon_0055742,85
anon_0055742,85
anon_0055827,100
anon_0055749,85
anon_0055781,0
anon_0055812,85
anon_0055827,85
anon_0055800,0
anon_0055742,60
anon_0055781,95
anon_0055781,100
anon_0055781,85
anon_0055800,70
anon_0055742,0
anon_0055742,50
anon_0055781,85
anon_0055781,100
anon_0055827,85
anon_0055800,85
anon_0055781,100
anon_0055800,100
anon_0055781,100
anon_0055800,100
anon_0055762,50
anon_0055781,70
anon_0055781,90
anon_0055749,70
anon_0055781,85
anon_0055742,80
anon_0055742,85
anon_0055781,95
anon_0055781,90
anon_0055800,90
anon_0055781,85
anon_0055800,90
anon_0055781,0
anon_0055781,95
anon_0055812,100
anon_0055762,85
anon_0055812,100
anon_0055812,95
anon_0055812,100
anon_0055781,85
anon_0055742,85
anon_0055800,85
anon_0055742,85
anon_0055781,90
anon_0055781,80
anon_0055781,85
anon_0055800,90
anon_0055781,85
anon_0055781,100
anon_0055812,100
anon_0055781,100
anon_0055742,90
anon_0055762,100
anon_0055762,90
anon_0055781,85
anon_0055781,85
anon_0055781,75
anon_0055781,85
anon_0055742,85
anon_0055841,100
anon_0055848,100
anon_0055827,0
anon_0055800,100
anon_0055841,50
anon_0055839,0
anon_0055852,100
anon_0055827,100
anon_0055834,0
anon_0055827,100
anon_0055841,100
anon_0055821,0
anon_0055800,85
anon_0055821,50
anon_0055839,0
anon_0055854,100
anon_0055870,100
anon_0055854,100
anon_0055854,100
anon_0055848,95
anon_0055854,100
anon_0055796,90
anon_0055867,100
anon_0055825,100
anon_0055825,0
anon_0055821,95
anon_0055854,100
anon_0055827,0
anon_0055854,100
anon_0055827,100
anon_0055834,100
anon_0055839,70
anon_0055872,85
anon_0055839,100
anon_0055867,95
anon_0055825,100
anon_0055841,0
anon_0055841,90
anon_0055821,85
anon_0055852,90
anon_0055796,85
anon_0055854,100
anon_0055796,50
anon_0055872,100
anon_0055834,95
anon_0055870,90
anon_0055800,90
anon_0055865,100
anon_0055870,85
anon_0055848,90
anon_0055825,90
anon_0055796,100
anon_0055854,85
anon_0055865,100
anon_0055852,40
anon_0055800,75
anon_0055800,50
anon_0055841,90
anon_0055821,100
anon_0055821,100
anon_0055825,50
anon_0055852,100
anon_0055870,75
anon_0055854,0
anon_0055872,90
anon_0055825,0
anon_0055854,85
anon_0055854,85
anon_0055800,85
anon_0055796,85
anon_0055872,100
anon_0055821,85
anon_0055854,85
anon_0055854,90
anon_0055865,85
anon_0055852,50
anon_0055870,85
anon_0055827,100
anon_0055839,85
anon_0055854,95
anon_0055781,85
anon_0055800,70
anon_0055867,95
anon_0055834,95
anon_0055781,85
anon_0055796,85
anon_0055796,90
anon_0055854,100
anon_0055839,100
anon_0055841,85
anon_0055825,85
anon_0055834,100
anon_0055827,85
anon_0055841,100
anon_0055821,90
anon_0055854,85
anon_0055827,100
anon_0055872,100
anon_0055825,85
anon_0055854,100
anon_0055879,100
anon_0055825,85
anon_0055781,75
anon_0055834,100
anon_0055781,100
anon_0055841,100
anon_0055872,95
anon_0055781,70
anon_0055781,50
anon_0055781,85
anon_0055825,95
anon_0055841,95
anon_0055825,85
anon_0055834,100
anon_0055879,85
anon_0055781,100
anon_0055834,100
anon_0055796,0
anon_0055870,95
anon_0055872,75
anon_0055841,85
anon_0055800,0
anon_0055781,85
anon_0055827,85
anon_0055827,100
anon_0055796,100
anon_0055841,100
anon_0055827,50
anon_0055781,90
anon_0055834,100
anon_0055870,100
anon_0055827,90
anon_0055800,50
anon_0055796,90
anon_0055781,90
anon_0055796,85
anon_0055834,100
anon_0055841,30
anon_0055879,90
anon_0055841,85
anon_0055879,90
anon_0055834,100
anon_0055800,100
anon_0055821,85
anon_0055800,85
anon_0055841,85
anon_0055781,85
anon_0055800,90
anon_0055872,90
anon_0055872,100
anon_0055800,100
anon_0055872,90
anon_0055834,85
anon_0055821,90
anon_0055800,85
anon_0055800,85
anon_0055781,85
anon_0055821,85
anon_0055800,NA
anon_0055800,100
anon_0055870,85
anon_0055800,79
anon_0055800,100
anon_0055821,95
anon_0055854,75
anon_0055870,100
anon_0055879,100
anon_0055902,100
anon_0055839,100
anon_0055878,100
anon_0055839,95
anon_0055852,85
anon_0055870,85
anon_0055879,100
anon_0055879,100
anon_0055879,100
anon_0055800,85
anon_0055870,90
anon_0055879,100
anon_0055892,100
anon_0055878,85
anon_0055839,100
anon_0055902,100
anon_0055878,0
anon_0055902,95
anon_0055841,100
anon_0055796,100
anon_0055879,100
anon_0055901,100
anon_0055879,85
anon_0055800,95
anon_0055800,100
anon_0055879,100
anon_0055839,100
anon_0055870,70
anon_0055879,100
anon_0055870,95
anon_0055870,85
anon_0055892,0
anon_0055879,95
anon_0055872,95
anon_0055892,100
anon_0055870,20
anon_0055878,85
anon_0055872,100
anon_0055834,85
anon_0055870,95
anon_0055879,80
anon_0055901,70
anon_0055892,100
anon_0055841,70
anon_0055870,60
anon_0055852,90
anon_0055879,85
anon_0055870,90
anon_0055872,90
anon_0055867,90
anon_0055879,90
anon_0055800,90
anon_0055841,0
anon_0055867,85
anon_0055902,85
anon_0055879,90
anon_0055878,100
anon_0055852,85
anon_0055892,90
anon_0055870,70
anon_0055902,100
anon_0055870,100
anon_0055867,0
anon_0055841,100
anon_0055841,100
anon_0055879,90
anon_0055800,0
anon_0055796,0
anon_0055852,95
anon_0055870,75
anon_0055870,50
anon_0055852,0
anon_0055852,30
anon_0055879,100
anon_0055902,100
anon_0055892,100
anon_0055852,85
anon_0055879,90
anon_0055852,0
anon_0055879,70
anon_0055870,90
anon_0055879,95
anon_0055800,80
anon_0055841,75
anon_0055800,100
anon_0055841,100
anon_0055870,95
anon_0055902,50
anon_0055834,85
anon_0055865,100
anon_0055796,100
anon_0055852,0
anon_0055839,100
anon_0055879,85
anon_0055870,90
anon_0055839,90
anon_0055796,100
anon_0055839,100
anon_0055865,50
anon_0055865,100
anon_0055839,95
anon_0055879,100
anon_0055879,95
anon_0055902,70
anon_0055865,100
anon_0055852,0
anon_0055870,100
anon_0055848,100
anon_0055796,100
anon_0055902,85
anon_0055870,60
anon_0055834,85
anon_0055870,100
anon_0055867,85
anon_0055870,85
anon_0055852,100
anon_0055834,90
anon_0055879,100
anon_0055879,100
anon_0055834,95
anon_0055865,85
anon_0055865,90
anon_0055848,80
anon_0055852,95
anon_0055848,100
anon_0055848,0
anon_0055848,0
anon_0055852,100
anon_0055879,100
anon_0055870,0
anon_0055865,50
anon_0055834,90
anon_0055865,50
anon_0055879,100
anon_0055834,100
anon_0055852,100
anon_0055867,0
anon_0055870,70
anon_0055834,95
anon_0055834,95
anon_0055852,100
anon_0055870,85
anon_0055865,90
anon_0055852,90
anon_0055867,75
anon_0055852,85
anon_0055796,0
anon_0055867,100
anon_0055865,85
anon_0055852,100
anon_0055796,0
anon_0055867,100
anon_0055872,85
anon_0055834,90
anon_0055848,85
anon_0055852,50
anon_0055834,85
anon_0055852,90
anon_0055872,90
anon_0055796,90
anon_0055872,90
anon_0055848,0
anon_0055879,90
anon_0055872,85
anon_0055870,85
anon_0055870,75
anon_0055796,100
anon_0055852,85
anon_0055852,85
anon_0055872,85
anon_0055852,85
anon_0055879,95
anon_0055796,50
anon_0055834,90
anon_0055872,90
anon_0055906,100
anon_0055879,100
anon_0055906,100
anon_0055865,100
anon_0055796,100
anon_0055865,100
anon_0055878,100
anon_0055879,50
anon_0055834,100
anon_0055892,100
anon_0055865,85
anon_0055901,100
anon_0055848,100
anon_0055865,90
anon_0055910,100
anon_0055892,100
anon_0055865,100
anon_0055796,85
anon_0055906,90
anon_0055901,85
anon_0055848,90
anon_0055852,85
anon_0055848,100
anon_0055910,85
anon_0055906,90
anon_0055834,100
anon_0055906,0
anon_0055906,0
anon_0055848,85
anon_0055906,0
anon_0055848,100
anon_0055867,85
anon_0055852,85
anon_0055867,85
anon_0055879,90
anon_0055901,50
anon_0055901,90
anon_0055878,85
anon_0055796,50
anon_0055878,100
anon_0055901,85
anon_0055867,85
anon_0055908,100
anon_0055910,0
anon_0055910,100
anon_0055910,20
anon_0055906,85
anon_0055852,0
anon_0055908,0
anon_0055906,50
anon_0055865,90
anon_0055848,90
anon_0055910,90
anon_0055834,0
anon_0055906,95
anon_0055906,0
anon_0055867,95
anon_0055865,85
anon_0055867,95
anon_0055879,100
anon_0055796,100
anon_0055910,90
anon_0055910,85
anon_0055852,0
anon_0055910,90
anon_0055867,95
anon_0055879,95
anon_0055906,85
anon_0055906,85
anon_0055901,85
anon_0055906,95
anon_0055796,75
anon_0055852,90
anon_0055865,95
anon_0055878,100
anon_0055906,90
anon_0055892,100
anon_0055878,100
anon_0055867,95
anon_0055901,50
anon_0055910,85
anon_0055867,85
anon_0055867,90
anon_0055834,90
anon_0055865,90
anon_0055865,90
anon_0055852,50
anon_0055906,100
anon_0055906,100
anon_0055865,67
anon_0055848,0
anon_0055910,100
anon_0055906,90
anon_0055865,100
anon_0055906,0
anon_0055865,85
anon_0055906,100
anon_0055906,85
anon_0055879,95
anon_0055910,90
anon_0055865,100
anon_0055865,95
anon_0055906,90
anon_0055910,85
anon_0055902,85
anon_0055910,0
anon_0055906,85
anon_0055892,0
anon_0055902,20
anon_0055902,30
anon_0055834,85
anon_0055902,85
anon_0055834,50
anon_0055892,80
anon_0055906,100
anon_0055902,80
anon_0055892,90
anon_0055879,90
anon_0055892,95
anon_0055892,50
anon_0055892,100
anon_0055878,100
anon_0055902,95
anon_0055879,0
anon_0055867,95
anon_0055902,95
anon_0055892,0
anon_0055892,0
anon_0055902,90
anon_0055841,85
anon_0055902,85
anon_0055841,85
anon_0055878,0
anon_0055867,50
anon_0055902,90
anon_0055902,95
anon_0055892,0
anon_0055867,85
anon_0055841,50
anon_0055910,100
anon_0055902,90
anon_0055878,90
anon_0055834,90
anon_0055878,100
anon_0055892,90
anon_0055841,85
anon_0055841,75
anon_0055892,100
anon_0055865,90
anon_0055892,0
anon_0055878,100
anon_0055892,80
anon_0055902,85
anon_0055902,85
anon_0055841,85
anon_0055878,0
anon_0055879,100
anon_0055865,90
anon_0055892,90
anon_0055908,90
anon_0055892,50
anon_0055906,100
anon_0055878,100
anon_0055892,90
anon_0055892,90
anon_0055908,60
anon_0055892,100
anon_0055879,0
anon_0055834,85
anon_0055878,85
anon_0055879,100
anon_0055892,100
anon_0055908,85
anon_0055892,100
anon_0055878,85
anon_0055834,85
anon_0055892,100
anon_0055892,100
anon_0055834,100
anon_0055834,85
anon_0055908,95
anon_0055892,90
anon_0055906,90
anon_0055892,90
anon_0055908,85
anon_0055878,0
anon_0055878,85
anon_0055902,85
anon_0055878,100
anon_0055908,85
anon_0055879,85
anon_0055878,85
anon_0055910,90
anon_0055906,85
anon_0055878,85
anon_0055878,60
anon_0055902,85
anon_0055834,85
anon_0055867,100
anon_0055941,100
anon_0055944,100
anon_0055848,90
anon_0055906,100
anon_0055901,100
anon_0055941,100
anon_0055981,100
anon_0055901,100
anon_0055968,95
anon_0055906,90
anon_0055978,100
anon_0055901,100
anon_0055941,100
anon_0055906,95
anon_0055968,100
anon_0055944,0
anon_0055978,85
anon_0055944,NA
anon_0055941,100
anon_0055944,95
anon_0055978,90
anon_0055941,100
anon_0055944,95
anon_0055941,0
anon_0055973,90
anon_0055878,0
anon_0055968,100
anon_0055944,100
anon_0055908,100
anon_0055867,95
anon_0055901,50
anon_0055968,100
anon_0055978,95
anon_0055941,100
anon_0055968,90
anon_0055944,100
anon_0055867,100
anon_0055981,100
anon_0055867,0
anon_0055867,90
anon_0055944,95
anon_0055901,60
anon_0055867,85
anon_0055878,50
anon_0055901,85
anon_0055944,50
anon_0055944,0
anon_0055944,85
anon_0055940,85
anon_0055978,0
anon_0055968,100
anon_0055906,100
anon_0055944,85
anon_0055968,90
anon_0055944,100
anon_0055906,100
anon_0055944,100
anon_0055944,100
anon_0055867,100
anon_0055968,0
anon_0055981,95
anon_0055940,95
anon_0055901,85
anon_0055968,90
anon_0055901,85
anon_0055867,85
anon_0055901,85
anon_0055848,90
anon_0055944,0
anon_0055901,50
anon_0055848,75
anon_0055944,95
anon_0055941,67
anon_0055978,0
anon_0055973,100
anon_0055901,85
anon_0055848,90
anon_0055867,90
anon_0055908,85
anon_0055848,85
anon_0055941,90
anon_0055941,NA
anon_0055848,50
anon_0055940,0
anon_0055944,100
anon_0055940,0
anon_0055944,80
anon_0055944,100
anon_0055944,50
anon_0055867,85
anon_0055901,90
anon_0055978,90
anon_0055973,90
anon_0055981,100
anon_0055968,95
anon_0055901,30
anon_0055968,85
anon_0055906,80
anon_0055906,75
anon_0055901,85
anon_0055968,0
anon_0055901,85
anon_0055901,85
anon_0055981,100
anon_0055867,100
anon_0055906,0
anon_0055901,0
anon_0055901,0
anon_0055981,100
anon_0055941,100
anon_0055901,70
anon_0055981,100
anon_0055901,100
anon_0055940,85
anon_0055941,100
anon_0055968,85
anon_0055941,100
anon_0055848,95
anon_0055901,85
anon_0055941,100
anon_0055867,90
anon_0055944,85
anon_0055867,90
anon_0055867,85
anon_0055941,100
anon_0055941,95
anon_0055906,85
anon_0055901,100
anon_0055981,85
anon_0055848,95
anon_0055906,85
anon_0055848,95
anon_0055968,100
anon_0055867,0
anon_0055848,95
anon_0055906,50
anon_0055848,90
anon_0055968,90
anon_0055941,100
anon_0055940,90
anon_0055968,100
anon_0055848,50
anon_0055848,100
anon_0055968,85
anon_0055940,85
anon_0055981,90
anon_0055901,85
anon_0055848,60
anon_0055848,50
anon_0055848,95
anon_0055848,0
anon_0055941,85
anon_0055848,90
anon_0055848,0
anon_0055848,90
anon_0055848,85
anon_0055901,85
anon_0055944,100
anon_0055968,95
anon_0055968,0
anon_0056007,100
anon_0055968,95
anon_0055999,85
anon_0055943,95
anon_0055999,0
anon_0055999,50
anon_0056068,0
anon_0056068,100
anon_0055978,100
anon_0056007,100
anon_0055968,100
anon_0055981,100
anon_0055978,100
anon_0055941,100
anon_0055901,100
anon_0055973,100
anon_0055943,100
anon_0055943,85
anon_0055943,85
anon_0055973,100
anon_0055973,100
anon_0056011,100
anon_0056007,90
anon_0055984,85
anon_0055981,50
anon_0055973,90
anon_0055978,100
anon_0055981,100
anon_0055941,100
anon_0055984,85
anon_0055973,100
anon_0055973,100
anon_0055999,80
anon_0056041,100
anon_0055941,100
anon_0056011,85
anon_0055978,90
anon_0055973,100
anon_0055901,100
anon_0055941,100
anon_0055901,100
anon_0055978,90
anon_0055973,100
anon_0055941,100
anon_0055999,90
anon_0055978,100
anon_0056007,100
anon_0055984,0
anon_0055867,100
anon_0056041,100
anon_0055984,100
anon_0055968,100
anon_0056007,100
anon_0055999,85
anon_0055981,70
anon_0055984,90
anon_0056007,100
anon_0055981,85
anon_0055978,100
anon_0055941,50
anon_0055981,85
anon_0055867,100
anon_0055943,90
anon_0056068,100
anon_0055943,90
anon_0055943,90
anon_0055943,90
anon_0055981,85
anon_0056011,95
anon_0055968,50
anon_0055973,50
anon_0055968,85
anon_0055978,100
anon_0055968,85
anon_0055867,90
anon_0055943,85
anon_0055941,85
anon_0055943,85
anon_0055981,85
anon_0056068,100
anon_0055999,85
anon_0056068,50
anon_0055999,100
anon_0055943,50
anon_0055943,90
anon_0055943,75
anon_0055867,100
anon_0055999,85
anon_0055999,95
anon_0055943,90
anon_0055968,100
anon_0055984,80
anon_0055943,85
anon_0055867,0
anon_0055999,100
anon_0055978,85
anon_0055984,100
anon_0055943,95
anon_0055999,0
anon_0055978,100
anon_0055943,100
anon_0055999,90
anon_0055984,100
anon_0055943,90
anon_0055943,90
anon_0055999,100
anon_0055943,95
anon_0055941,80
anon_0055978,85
anon_0055999,100
anon_0055943,90
anon_0055984,100
anon_0055978,85
anon_0055943,90
anon_0055968,100
anon_0055943,100
anon_0055984,100
anon_0055999,75
anon_0055999,85
anon_0055943,90
anon_0055943,85
anon_0055999,85
anon_0055984,0
anon_0055943,100
anon_0055978,85
anon_0055943,85
anon_0055943,85
anon_0055968,90
anon_0055943,85
anon_0055968,90
anon_0055943,50
anon_0055943,40
anon_0055943,90
anon_0055943,85
anon_0055943,85
anon_0055943,100
anon_0055943,100
anon_0055984,100
anon_0055943,75
anon_0055943,85
anon_0055943,90
anon_0055943,90
anon_0055943,85
anon_0055941,100
anon_0055943,85
anon_0055943,85
anon_0055943,90
anon_0055943,85
anon_0055943,90
anon_0055943,100
anon_0055943,85
anon_0055943,95
anon_0055978,60
anon_0055943,60
anon_0055943,95
anon_0056055,100
anon_0056123,100
anon_0056064,100
anon_0056011,0
anon_0056068,100
anon_0056123,100
anon_0056127,50
anon_0056008,95
anon_0056109,100
anon_0056041,100
anon_0056059,100
anon_0056096,100
anon_0056127,100
anon_0056055,100
anon_0056064,90
anon_0056109,85
anon_0056055,100
anon_0056008,100
anon_0056109,100
anon_0056008,50
anon_0056110,100
anon_0056096,100
anon_0056127,90
anon_0056064,90
anon_0056123,100
anon_0056011,0
anon_0056096,86
anon_0056008,90
anon_0056095,0
anon_0056096,100
anon_0056059,75
anon_0056027,90
anon_0056008,80
anon_0056064,0
anon_0056027,50
anon_0056008,85
anon_0056068,100
anon_0056123,95
anon_0056109,90
anon_0056064,100
anon_0056096,100
anon_0056102,90
anon_0056095,0
anon_0056123,75
anon_0056059,90
anon_0056123,90
anon_0056041,90
anon_0056095,0
anon_0056095,100
anon_0056102,100
anon_0056096,100
anon_0056064,100
anon_0056059,50
anon_0056011,50
anon_0056007,100
anon_0056068,100
anon_0056041,90
anon_0056055,100
anon_0056011,85
anon_0056037,50
anon_0056064,85
anon_0056109,95
anon_0056041,85
anon_0056123,85
anon_0056008,0
anon_0056055,100
anon_0056064,80
anon_0056008,95
anon_0056041,85
anon_0056110,100
anon_0056041,95
anon_0056064,100
anon_0056007,90
anon_0056007,90
anon_0056055,100
anon_0056109,85
anon_0056008,50
anon_0056041,85
anon_0056109,95
anon_0056123,95
anon_0056064,85
anon_0056011,50
anon_0056123,85
anon_0056127,50
anon_0056041,85
anon_0056110,90
anon_0056027,85
anon_0056041,85
anon_0056027,95
anon_0056102,100
anon_0056109,90
anon_0056064,90
anon_0056068,0
anon_0056041,85
anon_0056059,70
anon_0056055,0
anon_0056007,90
anon_0056059,70
anon_0056095,100
anon_0056110,95
anon_0056123,100
anon_0056068,85
anon_0056123,80
anon_0056007,100
anon_0056123,100
anon_0056068,85
anon_0056123,50
anon_0056041,50
anon_0056068,50
anon_0056055,90
anon_0056041,85
anon_0056123,100
anon_0056055,0
anon_0056068,85
anon_0056095,100
anon_0056055,0
anon_0056041,100
anon_0056102,80
anon_0056055,100
anon_0056123,85
anon_0056110,85
anon_0056095,100
anon_0056095,85
anon_0056041,90
anon_0056064,50
anon_0056064,100
anon_0056007,100
anon_0056095,100
anon_0056007,100
anon_0056102,100
anon_0056095,100
anon_0056109,90
anon_0056109,0
anon_0056095,100
anon_0056068,100
anon_0056095,100
anon_0056055,0
anon_0056102,100
anon_0056109,100
anon_0056068,0
anon_0056007,100
anon_0056095,100
anon_0056095,100
anon_0056007,100
anon_0056064,85
anon_0056064,100
anon_0056102,0
anon_0056102,90
anon_0056064,75
anon_0056041,85
anon_0056068,100
anon_0056064,90
anon_0056011,85
anon_0056011,85
anon_0056095,100
anon_0056095,90
anon_0056064,0
anon_0056011,90
anon_0056068,85
anon_0056095,100
anon_0056068,100
anon_0056064,85
anon_0056068,85
anon_0056095,100
anon_0056095,0
anon_0056011,90
anon_0056064,100
anon_0056095,100
anon_0056095,95
anon_0056102,100
anon_0056068,0
anon_0056055,75
anon_0056055,100
anon_0056064,90
anon_0056064,100
anon_0056109,90
anon_0056068,100
anon_0056095,0
anon_0056064,0
anon_0056011,85
anon_0056068,0
anon_0056068,100
anon_0056055,100
anon_0056109,100
anon_0056055,80
anon_0056109,100
anon_0056095,100
anon_0056095,100
anon_0056064,100
anon_0056109,85
anon_0056096,90
anon_0056011,95
anon_0056064,90
anon_0056064,0
anon_0056096,95
anon_0056011,90
anon_0056055,85
anon_0056068,100
anon_0056068,75
anon_0056096,90
anon_0056068,90
anon_0056059,90
anon_0056055,100
anon_0056059,85
anon_0056059,95
anon_0056109,85
anon_0056095,90
anon_0056055,100
anon_0056011,85
anon_0056055,100
anon_0056055,90
anon_0056095,90
anon_0056011,30
anon_0056096,85
anon_0056096,85
anon_0056068,100
anon_0056055,50
anon_0056059,85
anon_0056068,95
anon_0056068,95
anon_0056059,85
anon_0056068,50
anon_0056011,0
anon_0056059,70
anon_0056068,100
anon_0056068,75
anon_0056011,80
anon_0056011,70
anon_0056011,85
anon_0056055,85
anon_0056068,85
anon_0056068,90
anon_0056064,85
anon_0056059,50
anon_0056059,85
anon_0056068,0
anon_0056123,100
anon_0056037,100
anon_0056124,0
anon_0056127,100
anon_0056064,0
anon_0056068,0
anon_0056168,100
anon_0056037,50
anon_0056068,100
anon_0056041,20
anon_0056064,70
anon_0056127,90
anon_0056041,95
anon_0056123,100
anon_0056068,85
anon_0056068,85
anon_0056127,100
anon_0056095,100
anon_0056037,100
anon_0056011,85
anon_0056068,100
anon_0056127,20
anon_0056124,0
anon_0056041,0
anon_0056109,90
anon_0056068,90
anon_0056140,100
anon_0056123,100
anon_0056037,100
anon_0056064,85
anon_0056068,95
anon_0056037,85
anon_0056140,100
anon_0056095,90
anon_0056123,0
anon_0056068,100
anon_0056109,70
anon_0056064,70
anon_0056068,85
anon_0056068,100
anon_0056064,80
anon_0056109,20
anon_0056124,95
anon_0056008,90
anon_0056168,85
anon_0056157,100
anon_0056064,40
anon_0056135,100
anon_0056152,85
anon_0056041,100
anon_0056123,100
anon_0056095,85
anon_0056168,90
anon_0056123,0
anon_0056135,100
anon_0056068,85
anon_0056095,50
anon_0056008,75
anon_0056041,85
anon_0056127,85
anon_0056008,85
anon_0056008,90
anon_0056068,90
anon_0056095,85
anon_0056127,85
anon_0056124,85
anon_0056135,100
anon_0056157,90
anon_0056127,85
anon_0056123,100
anon_0056141,85
anon_0056041,50
anon_0056127,50
anon_0056127,0
anon_0056095,85
anon_0056068,50
anon_0056123,90
anon_0056140,90
anon_0056135,100
anon_0056095,0
anon_0056123,90
anon_0056096,90
anon_0056141,100
anon_0056127,80
anon_0056123,90
anon_0056141,100
anon_0056140,90
anon_0056095,0
anon_0056127,0
anon_0056124,50
anon_0056124,95
anon_0056095,85
anon_0056124,0
anon_0056041,85
anon_0056011,85
anon_0056162,100
anon_0056008,95
anon_0056041,100
anon_0056123,90
anon_0056068,70
anon_0056157,95
anon_0056162,100
anon_0056139,100
anon_0056141,90
anon_0056162,100
anon_0056123,85
anon_0056041,85
anon_0056110,100
anon_0056141,100
anon_0056011,85
anon_0056008,85
anon_0056124,85
anon_0056095,90
anon_0056068,100
anon_0056135,100
anon_0056109,NA
anon_0056141,100
anon_0056096,95
anon_0056135,95
anon_0056041,85
anon_0056139,100
anon_0056135,100
anon_0056095,100
anon_0056096,85
anon_0056141,100
anon_0056135,85
anon_0056110,90
anon_0056095,90
anon_0056124,100
anon_0056124,50
anon_0056141,85
anon_0056139,95
anon_0056124,90
anon_0056110,85
anon_0056110,100
anon_0056124,90
anon_0056139,90
anon_0056162,95
anon_0056059,85
anon_0056059,85
anon_0056109,100
anon_0056109,85
anon_0056109,90
anon_0056095,90
anon_0056124,95
anon_0056135,85
anon_0056110,85
anon_0056110,100
anon_0056059,85
anon_0056141,0
anon_0056059,50
anon_0056095,90
anon_0056109,85
anon_0056109,75
anon_0056135,80
anon_0056110,0
anon_0056124,85
anon_0056124,100
anon_0056110,85
anon_0056041,95
anon_0056110,85
anon_0056059,20
anon_0056124,85
anon_0056095,50
anon_0056068,85
anon_0056102,100
anon_0056139,0
anon_0056139,0
anon_0056139,100
anon_0056139,100
anon_0056109,100
anon_0056068,85
anon_0056068,90
anon_0056109,90
anon_0056102,100
anon_0056102,100
anon_0056102,90
anon_0056139,100
anon_0056139,100
anon_0056109,85
anon_0056109,100
anon_0056102,85
anon_0056102,85
anon_0056068,50
anon_0056068,85
anon_0056109,85
anon_0056068,85
anon_0056109,85
anon_0056068,95
anon_0056109,50
anon_0056109,95
anon_0056109,30
anon_0056157,100
anon_0056157,50
anon_0056176,100
anon_0056096,100
anon_0056135,100
anon_0056135,100
anon_0056176,100
anon_0056157,100
anon_0056176,100
anon_0056176,100
anon_0056157,100
anon_0056162,100
anon_0056176,100
anon_0056127,100
anon_0056176,100
anon_0056124,90
anon_0056096,100
anon_0056176,100
anon_0056157,0
anon_0056037,100
anon_0056140,100
anon_0056008,0
anon_0056157,95
anon_0056176,100
anon_0056176,100
anon_0056096,100
anon_0056181,90
anon_0056037,0
anon_0056140,85
anon_0056157,90
anon_0056197,85
anon_0056181,100
anon_0056127,100
anon_0056176,100
anon_0056181,90
anon_0056037,100
anon_0056168,100
anon_0056176,50
anon_0056157,90
anon_0056110,100
anon_0056037,85
anon_0056197,90
anon_0056096,100
anon_0056124,95
anon_0056096,90
anon_0056162,0
anon_0056124,70
anon_0056162,95
anon_0056127,85
anon_0056127,85
anon_0056124,50
anon_0056197,85
anon_0056157,95
anon_0056135,85
anon_0056157,85
anon_0056176,85
anon_0056127,85
anon_0056176,85
anon_0056096,85
anon_0056037,90
anon_0056096,85
anon_0056096,90
anon_0056197,100
anon_0056059,50
anon_0056157,85
anon_0056168,50
anon_0056197,70
anon_0056162,95
anon_0056157,90
anon_0056197,85
anon_0056168,85
anon_0056008,85
anon_0056124,80
anon_0056168,85
anon_0056110,90
anon_0056096,85
anon_0056127,100
anon_0056008,80
anon_0056124,100
anon_0056127,85
anon_0056168,50
anon_0056127,90
anon_0056110,85
anon_0056168,0
anon_0056110,50
anon_0056162,85
anon_0056059,85
anon_0056140,95
anon_0056127,0
anon_0056139,85
anon_0056176,85
anon_0056037,85
anon_0056008,50
anon_0056162,100
anon_0056140,85
anon_0056140,100
anon_0056124,30
anon_0056059,85
anon_0056162,90
anon_0056127,100
anon_0056127,100
anon_0056135,85
anon_0056139,0
anon_0056176,100
anon_0056176,100
anon_0056109,100
anon_0056162,85
anon_0056176,100
anon_0056139,95
anon_0056140,100
anon_0056157,90
anon_0056008,90
anon_0056168,85
anon_0056109,90
anon_0056176,100
anon_0056157,90
anon_0056127,100
anon_0056139,100
anon_0056157,85
anon_0056157,95
anon_0056127,75
anon_0056140,90
anon_0056139,100
anon_0056162,100
anon_0056109,NA
anon_0056109,100
anon_0056139,0
anon_0056109,95
anon_0056157,100
anon_0056162,50
anon_0056176,100
anon_0056127,80
anon_0056110,50
anon_0056176,100
anon_0056109,100
anon_0056109,100
anon_0056162,50
anon_0056139,90
anon_0056109,85
anon_0056127,0
anon_0056162,95
anon_0056139,0
anon_0056176,90
anon_0056140,95
anon_0056109,95
anon_0056008,100
anon_0056008,85
anon_0056008,95
anon_0056176,85
anon_0056008,85
anon_0056109,50
anon_0056139,85
anon_0056109,85
anon_0056008,50
anon_0056197,50
anon_0056109,50
anon_0056162,90
anon_0056139,50
anon_0056109,85
anon_0056162,90
anon_0056181,100
anon_0056278,64
anon_0056037,100
anon_0056278,100
anon_0056181,100
anon_0056240,100
anon_0056135,95
anon_0056197,75
anon_0056176,90
anon_0056278,90
anon_0056162,50
anon_0056278,100
anon_0056162,90
anon_0056162,100
anon_0056252,100
anon_0056152,100
anon_0056176,0
anon_0056168,0
anon_0056257,90
anon_0056176,95
anon_0056168,90
anon_0056181,0
anon_0056176,50
anon_0056162,0
anon_0056168,90
anon_0056162,100
anon_0056037,85
anon_0056176,100
anon_0056278,100
anon_0056096,100
anon_0056127,100
anon_0056127,100
anon_0056176,90
anon_0056176,90
anon_0056176,85
anon_0056181,100
anon_0056127,90
anon_0056152,0
anon_0056135,85
anon_0056176,100
anon_0056152,90
anon_0056252,100
anon_0056245,85
anon_0056197,100
anon_0056243,85
anon_0056278,95
anon_0056278,0
anon_0056168,100
anon_0056127,90
anon_0056176,90
anon_0056168,100
anon_0056181,100
anon_0056135,95
anon_0056162,90
anon_0056252,100
anon_0056168,100
anon_0056278,85
anon_0056168,100
anon_0056181,100
anon_0056181,100
anon_0056181,85
anon_0056176,90
anon_0056162,90
anon_0056240,90
anon_0056176,100
anon_0056037,90
anon_0056096,85
anon_0056135,100
anon_0056278,95
anon_0056135,90
anon_0056252,100
anon_0056135,90
anon_0056162,100
anon_0056181,85
anon_0056243,85
anon_0056168,85
anon_0056168,0
anon_0056181,100
anon_0056243,90
anon_0056162,100
anon_0056037,95
anon_0056168,0
anon_0056243,85
anon_0056168,100
anon_0056245,85
anon_0056096,85
anon_0056176,85
anon_0056176,85
anon_0056162,95
anon_0056176,0
anon_0056162,90
anon_0056168,90
anon_0056181,100
anon_0056162,85
anon_0056176,0
anon_0056197,40
anon_0056162,100
anon_0056181,0
anon_0056243,100
anon_0056176,100
anon_0056197,60
anon_0056197,100
anon_0056176,100
anon_0056266,95
anon_0056176,0
anon_0056140,90
anon_0056176,70
anon_0056181,100
anon_0056162,100
anon_0056140,90
anon_0056162,100
anon_0056140,100
anon_0056197,100
anon_0056266,100
anon_0056176,100
anon_0056096,90
anon_0056157,0
anon_0056096,85
anon_0056197,85
anon_0056176,100
anon_0056176,0
anon_0056140,100
anon_0056197,100
anon_0056266,85
anon_0056140,90
anon_0056197,85
anon_0056157,50
anon_0056140,100
anon_0056266,100
anon_0056157,90
anon_0056243,90
anon_0056139,100
anon_0056197,85
anon_0056139,100
anon_0056152,95
anon_0056110,90
anon_0056266,90
anon_0056139,100
anon_0056152,100
anon_0056176,85
anon_0056243,85
anon_0056139,100
anon_0056139,100
anon_0056152,100
anon_0056176,100
anon_0056139,90
anon_0056243,85
anon_0056152,100
anon_0056152,85
anon_0056176,95
anon_0056140,85
anon_0056152,0
anon_0056110,70
anon_0056176,85
anon_0056176,0
anon_0056176,90
anon_0056152,85
anon_0056157,85
anon_0056176,100
anon_0056140,85
anon_0056176,0
anon_0056176,100
anon_0056176,85
anon_0056139,100
anon_0056176,75
anon_0056176,60
anon_0056140,100
anon_0056110,85
anon_0056110,85
anon_0056176,50
anon_0056197,90
anon_0056176,90
anon_0056139,90
anon_0056139,85
anon_0056162,85
anon_0056168,0
anon_0056162,95
anon_0056162,100
anon_0056245,0
anon_0056301,100
anon_0056266,100
anon_0056240,85
anon_0056037,90
anon_0056266,100
anon_0056290,0
anon_0056291,100
anon_0056276,100
anon_0056295,100
anon_0056308,50
anon_0056291,100
anon_0056291,100
anon_0056245,0
anon_0056291,100
anon_0056334,100
anon_0056139,50
anon_0056295,100
anon_0056295,100
anon_0056301,100
anon_0056162,0
anon_0056301,0
anon_0056278,95
anon_0056135,100
anon_0056253,0
anon_0056266,95
anon_0056253,95
anon_0056284,85
anon_0056240,100
anon_0056308,100
anon_0056278,90
anon_0056295,90
anon_0056307,90
anon_0056243,85
anon_0056240,90
anon_0056291,85
anon_0056240,50
anon_0056301,90
anon_0056253,85
anon_0056276,90
anon_0056037,75
anon_0056295,95
anon_0056266,85
anon_0056240,85
anon_0056139,100
anon_0056307,0
anon_0056243,100
anon_0056301,85
anon_0056253,85
anon_0056284,100
anon_0056295,100
anon_0056240,75
anon_0056240,75
anon_0056276,100
anon_0056252,100
anon_0056245,0
anon_0056310,95
anon_0056252,90
anon_0056291,85
anon_0056310,100
anon_0056240,95
anon_0056240,100
anon_0056310,90
anon_0056266,85
anon_0056243,100
anon_0056301,95
anon_0056243,90
anon_0056301,95
anon_0056291,85
anon_0056295,90
anon_0056257,0
anon_0056310,95
anon_0056310,95
anon_0056334,95
anon_0056037,0
anon_0056291,100
anon_0056243,100
anon_0056310,90
anon_0056307,85
anon_0056334,100
anon_0056243,90
anon_0056295,90
anon_0056252,85
anon_0056334,85
anon_0056291,100
anon_0056240,95
anon_0056266,0
anon_0056308,100
anon_0056278,90
anon_0056240,90
anon_0056334,90
anon_0056301,100
anon_0056278,85
anon_0056245,50
anon_0056276,85
anon_0056245,100
anon_0056278,100
anon_0056301,85
anon_0056245,90
anon_0056245,100
anon_0056257,90
anon_0056301,85
anon_0056276,50
anon_0056307,100
anon_0056291,85
anon_0056301,100
anon_0056301,90
anon_0056301,100
anon_0056135,50
anon_0056245,50
anon_0056301,90
anon_0056252,85
anon_0056278,0
anon_0056301,95
anon_0056266,100
anon_0056257,100
anon_0056135,50
anon_0056245,0
anon_0056301,100
anon_0056301,85
anon_0056278,100
anon_0056266,100
anon_0056266,100
anon_0056301,100
anon_0056252,100
anon_0056278,100
anon_0056135,90
anon_0056252,100
anon_0056243,50
anon_0056266,100
anon_0056307,90
anon_0056307,100
anon_0056152,100
anon_0056266,100
anon_0056257,90
anon_0056257,100
anon_0056276,NA
anon_0056266,50
anon_0056135,90
anon_0056266,100
anon_0056307,100
anon_0056266,100
anon_0056240,80
anon_0056243,90
anon_0056252,100
anon_0056243,75
anon_0056278,100
anon_0056278,100
anon_0056152,100
anon_0056266,100
anon_0056252,100
anon_0056243,80
anon_0056278,100
anon_0056278,100
anon_0056257,20
anon_0056266,85
anon_0056135,90
anon_0056152,90
anon_0056276,50
anon_0056135,90
anon_0056257,50
anon_0056301,100
anon_0056266,85
anon_0056266,100
anon_0056278,100
anon_0056307,85
anon_0056243,90
anon_0056278,85
anon_0056307,90
anon_0056252,95
anon_0056252,70
anon_0056243,100
anon_0056257,90
anon_0056152,90
anon_0056152,100
anon_0056252,85
anon_0056278,90
anon_0056257,0
anon_0056295,100
anon_0056276,90
anon_0056284,100
anon_0056334,100
anon_0056290,0
anon_0056323,85
anon_0056307,95
anon_0056243,100
anon_0056295,90
anon_0056334,90
anon_0056278,100
anon_0056253,0
anon_0056295,100
anon_0056257,90
anon_0056240,90
anon_0056323,100
anon_0056278,100
anon_0056310,85
anon_0056307,100
anon_0056276,85
anon_0056307,0
anon_0056310,85
anon_0056290,85
anon_0056257,0
anon_0056334,90
anon_0056310,100
anon_0056323,0
anon_0056307,100
anon_0056295,85
anon_0056152,100
anon_0056295,100
anon_0056310,100
anon_0056334,50
anon_0056324,85
anon_0056323,0
anon_0056243,95
anon_0056334,85
anon_0056310,100
anon_0056295,100
anon_0056323,90
anon_0056295,90
anon_0056310,85
anon_0056323,95
anon_0056324,85
anon_0056266,90
anon_0056295,100
anon_0056152,100
anon_0056324,85
anon_0056243,85
anon_0056257,0
anon_0056276,100
anon_0056240,85
anon_0056257,100
anon_0056284,85
anon_0056307,90
anon_0056284,90
anon_0056307,0
anon_0056310,0
anon_0056257,100
anon_0056323,90
anon_0056307,50
anon_0056240,85
anon_0056295,85
anon_0056135,90
anon_0056266,30
anon_0056276,85
anon_0056257,80
anon_0056257,50
anon_0056307,0
anon_0056284,90
anon_0056253,95
anon_0056240,95
anon_0056276,85
anon_0056276,85
anon_0056295,100
anon_0056310,85
anon_0056307,50
anon_0056324,20
anon_0056278,50
anon_0056240,85
anon_0056310,60
anon_0056323,100
anon_0056323,85
anon_0056135,85
anon_0056310,85
anon_0056307,90
anon_0056243,100
anon_0056310,85
anon_0056284,85
anon_0056240,90
anon_0056307,85
anon_0056152,0
anon_0056324,85
anon_0056253,90
anon_0056253,50
anon_0056240,85
anon_0056310,90
anon_0056240,90
anon_0056252,100
anon_0056037,85
anon_0056252,80
anon_0056240,85
anon_0056037,85
anon_0056252,100
anon_0056324,85
anon_0056295,85
anon_0056295,85
anon_0056152,85
anon_0056252,100
anon_0056252,0
anon_0056252,85
anon_0056284,90
anon_0056037,50
anon_0056334,85
anon_0056284,85
anon_0056243,100
anon_0056291,100
anon_0056295,50
anon_0056240,70
anon_0056291,100
anon_0056278,85
anon_0056152,50
anon_0056152,85
anon_0056253,100
anon_0056291,100
anon_0056334,90
anon_0056037,90
anon_0056152,100
anon_0056278,50
anon_0056243,20
anon_0056278,85
anon_0056291,85
anon_0056037,85
anon_0056240,100
anon_0056324,85
anon_0056240,100
anon_0056135,100
anon_0056135,85
anon_0056278,90
anon_0056334,75
anon_0056295,85
anon_0056243,85
anon_0056243,85
anon_0056291,90
anon_0056135,85
anon_0056240,100
anon_0056291,90
anon_0056253,85
anon_0056291,85
anon_0056243,75
anon_0056284,90
anon_0056240,85
anon_0056135,100
anon_0056240,85
anon_0056135,90
anon_0056278,90
anon_0056240,85
anon_0056152,85
anon_0056310,85
anon_0056240,50
anon_0056240,100
anon_0056240,100
anon_0056240,85
anon_0056240,75
anon_0056152,100
anon_0056253,85
anon_0056334,85
anon_0056334,90
anon_0056243,90
anon_0056240,85
anon_0056291,50
anon_0056240,85
anon_0056252,85
anon_0056252,90
anon_0056243,90
anon_0056334,100
anon_0056240,40
anon_0056310,85
anon_0056240,50
anon_0056240,100
anon_0056310,85
anon_0056240,90
anon_0056240,75
anon_0056240,50
anon_0056252,100
anon_0056240,60
anon_0056310,85
anon_0056334,90
anon_0056310,75
anon_0056240,30
anon_0056253,85
anon_0056240,50
anon_0056240,85
anon_0056243,100
anon_0056278,90
anon_0056135,85
anon_0056310,85
anon_0056253,100
anon_0056334,100
anon_0056396,90
anon_0056253,50
anon_0056396,100
anon_0056278,100
anon_0056307,100
anon_0056253,90
anon_0056419,50
anon_0056428,100
anon_0056394,100
anon_0056392,85
anon_0056334,100
anon_0056411,0
anon_0056360,90
anon_0056360,100
anon_0056257,50
anon_0056396,100
anon_0056152,100
anon_0056396,100
anon_0056243,90
anon_0056394,100
anon_0056152,100
anon_0056253,85
anon_0056295,100
anon_0056253,85
anon_0056392,100
anon_0056419,95
anon_0056394,85
anon_0056243,85
anon_0056295,85
anon_0056278,100
anon_0056419,95
anon_0056411,100
anon_0056396,85
anon_0056243,85
anon_0056394,90
anon_0056295,100
anon_0056334,85
anon_0056394,95
anon_0056253,100
anon_0056394,95
anon_0056408,85
anon_0056152,90
anon_0056394,50
anon_0056243,90
anon_0056419,90
anon_0056307,100
anon_0056253,85
anon_0056152,0
anon_0056307,95
anon_0056243,90
anon_0056428,85
anon_0056295,100
anon_0056334,85
anon_0056253,30
anon_0056257,0
anon_0056152,95
anon_0056394,85
anon_0056295,90
anon_0056257,50
anon_0056360,95
anon_0056243,70
anon_0056310,50
anon_0056253,85
anon_0056394,50
anon_0056310,70
anon_0056394,50
anon_0056253,90
anon_0056152,85
anon_0056310,85
anon_0056394,85
anon_0056253,85
anon_0056253,85
anon_0056310,60
anon_0056152,0
anon_0056243,90
anon_0056243,90
anon_0056419,75
anon_0056396,85
anon_0056253,95
anon_0056307,95
anon_0056419,75
anon_0056419,85
anon_0056307,85
anon_0056307,90
anon_0056419,85
anon_0056395,NA
anon_0056152,95
anon_0056243,0
anon_0056243,0
anon_0056428,90
anon_0056253,85
anon_0056253,100
anon_0056307,100
anon_0056394,95
anon_0056253,90
anon_0056284,100
anon_0056152,100
anon_0056152,0
anon_0056334,95
anon_0056408,95
anon_0056284,100
anon_0056307,50
anon_0056152,100
anon_0056310,85
anon_0056310,50
anon_0056253,100
anon_0056253,0
anon_0056334,90
anon_0056243,50
anon_0056334,100
anon_0056392,0
anon_0056243,85
anon_0056253,0
anon_0056307,0
anon_0056395,90
anon_0056310,85
anon_0056334,100
anon_0056307,90
anon_0056307,90
anon_0056334,85
anon_0056334,60
anon_0056152,100
anon_0056152,0
anon_0056253,85
anon_0056307,70
anon_0056324,90
anon_0056310,100
anon_0056408,85
anon_0056252,100
anon_0056307,100
anon_0056324,60
anon_0056307,90
anon_0056324,85
anon_0056284,85
anon_0056152,90
anon_0056284,100
anon_0056395,50
anon_0056307,90
anon_0056310,0
anon_0056395,90
anon_0056252,90
anon_0056408,85
anon_0056324,85
anon_0056257,85
anon_0056324,85
anon_0056310,85
anon_0056252,100
anon_0056307,85
anon_0056257,85
anon_0056307,100
anon_0056253,50
anon_0056324,85
anon_0056324,85
anon_0056395,90
anon_0056257,90
anon_0056252,85
anon_0056253,85
anon_0056408,90
anon_0056408,85
anon_0056324,85
anon_0056252,100
anon_0056408,85
anon_0056310,85
anon_0056395,90
anon_0056310,95
anon_0056310,85
anon_0056395,70
anon_0056257,100
anon_0056307,85
anon_0056253,85
anon_0056257,100
anon_0056310,85
anon_0056252,90
anon_0056257,85
anon_0056310,85
anon_0056252,90
anon_0056450,90
anon_0056470,90
anon_0056307,90
anon_0056152,0
anon_0056253,90
anon_0056253,100
anon_0056411,0
anon_0056307,90
anon_0056411,100
anon_0056253,85
anon_0056253,100
anon_0056450,85
anon_0056307,50
anon_0056470,50
anon_0056451,100
anon_0056152,100
anon_0056396,85
anon_0056447,100
anon_0056428,80
anon_0056253,100
anon_0056307,50
anon_0056396,85
anon_0056152,60
anon_0056307,95
anon_0056307,90
anon_0056392,0
anon_0056451,100
anon_0056396,100
anon_0056451,100
anon_0056419,85
anon_0056307,85
anon_0056396,90
anon_0056419,85
anon_0056152,85
anon_0056394,90
anon_0056427,90
anon_0056396,90
anon_0056307,85
anon_0056307,85
anon_0056450,85
anon_0056427,90
anon_0056152,85
anon_0056411,100
anon_0056419,50
anon_0056419,85
anon_0056447,100
anon_0056396,90
anon_0056396,85
anon_0056395,0
anon_0056470,85
anon_0056408,85
anon_0056427,85
anon_0056396,85
anon_0056408,90
anon_0056395,85
anon_0056419,80
anon_0056411,100
anon_0056394,75
anon_0056307,50
anon_0056411,100
anon_0056447,100
anon_0056451,100
anon_0056408,100
anon_0056395,85
anon_0056447,90
anon_0056447,100
anon_0056360,0
anon_0056470,85
anon_0056450,0
anon_0056419,90
anon_0056408,85
anon_0056419,95
anon_0056428,85
anon_0056396,85
anon_0056396,90
anon_0056253,85
anon_0056360,50
anon_0056447,90
anon_0056360,85
anon_0056447,85
anon_0056419,40
anon_0056395,95
anon_0056419,90
anon_0056428,50
anon_0056396,85
anon_0056395,85
anon_0056307,85
anon_0056396,95
anon_0056396,85
anon_0056395,85
anon_0056411,85
anon_0056408,70
anon_0056480,90
anon_0056396,85
anon_0056477,90
anon_0056411,85
anon_0056396,85
anon_0056253,85
anon_0056419,85
anon_0056411,0
anon_0056470,100
anon_0056396,85
anon_0056395,100
anon_0056395,85
anon_0056482,85
anon_0056396,85
anon_0056395,85
anon_0056408,100
anon_0056392,85
anon_0056408,75
anon_0056480,100
anon_0056482,90
anon_0056419,50
anon_0056470,90
anon_0056447,95
anon_0056396,85
anon_0056482,90
anon_0056411,85
anon_0056477,90
anon_0056408,100
anon_0056396,50
anon_0056428,100
anon_0056396,100
anon_0056394,0
anon_0056392,100
anon_0056477,85
anon_0056451,90
anon_0056469,95
anon_0056482,90
anon_0056324,85
anon_0056451,85
anon_0056408,85
anon_0056469,85
anon_0056394,0
anon_0056396,70
anon_0056447,90
anon_0056396,100
anon_0056451,100
anon_0056395,95
anon_0056395,85
anon_0056396,90
anon_0056324,85
anon_0056395,75
anon_0056428,95
anon_0056394,90
anon_0056395,85
anon_0056477,85
anon_0056469,95
anon_0056408,85
anon_0056451,85
anon_0056428,80
anon_0056470,100
anon_0056477,85
anon_0056470,85
anon_0056396,90
anon_0056447,90
anon_0056469,50
anon_0056469,95
anon_0056447,95
anon_0056428,85
anon_0056324,85
anon_0056324,85
anon_0056324,100
anon_0056428,85
anon_0056396,90
anon_0056395,85
anon_0056480,0
anon_0056396,90
anon_0056469,90
anon_0056469,90
anon_0056428,90
anon_0056324,0
anon_0056395,85
anon_0056469,100
anon_0056324,85
anon_0056451,50
anon_0056469,70
anon_0056396,95
anon_0056324,85
anon_0056392,0
anon_0056469,85
anon_0056480,85
anon_0056470,0
anon_0056493,95
anon_0056394,100
anon_0056395,100
anon_0056470,100
anon_0056427,100
anon_0056360,100
anon_0056418,100
anon_0056470,100
anon_0056411,85
anon_0056493,100
anon_0056493,0
anon_0056360,100
anon_0056451,0
anon_0056360,90
anon_0056427,100
anon_0056395,50
anon_0056470,50
anon_0056480,0
anon_0056480,100
anon_0056480,90
anon_0056451,100
anon_0056480,95
anon_0056493,0
anon_0056411,85
anon_0056411,50
anon_0056360,85
anon_0056507,85
anon_0056395,85
anon_0056408,100
anon_0056470,85
anon_0056470,85
anon_0056360,90
anon_0056408,90
anon_0056451,100
anon_0056450,90
anon_0056360,100
anon_0056395,90
anon_0056470,90
anon_0056480,100
anon_0056493,90
anon_0056450,85
anon_0056395,85
anon_0056470,95
anon_0056395,75
anon_0056427,85
anon_0056470,100
anon_0056447,95
anon_0056447,85
anon_0056447,50
anon_0056451,0
anon_0056395,20
anon_0056408,85
anon_0056470,100
anon_0056408,85
anon_0056395,85
anon_0056450,90
anon_0056395,50
anon_0056447,100
anon_0056477,100
anon_0056394,50
anon_0056427,85
anon_0056477,90
anon_0056447,90
anon_0056477,100
anon_0056507,30
anon_0056395,50
anon_0056392,85
anon_0056408,70
anon_0056477,100
anon_0056427,85
anon_0056394,85
anon_0056450,85
anon_0056480,0
anon_0056480,85
anon_0056360,95
anon_0056477,90
anon_0056418,90
anon_0056395,75
anon_0056392,100
anon_0056450,90
anon_0056395,0
anon_0056477,90
anon_0056447,85
anon_0056392,100
anon_0056395,85
anon_0056395,70
anon_0056507,85
anon_0056470,0
anon_0056507,80
anon_0056470,85
anon_0056477,90
anon_0056470,85
anon_0056395,75
anon_0056480,0
anon_0056477,100
anon_0056477,100
anon_0056477,80
anon_0056469,100
anon_0056394,100
anon_0056324,100
anon_0056469,100
anon_0056395,85
anon_0056451,100
anon_0056469,90
anon_0056411,100
anon_0056469,0
anon_0056451,100
anon_0056395,85
anon_0056395,85
anon_0056428,60
anon_0056411,0
anon_0056324,90
anon_0056395,85
anon_0056469,100
anon_0056395,85
anon_0056324,85
anon_0056411,100
anon_0056447,85
anon_0056394,85
anon_0056470,50
anon_0056469,90
anon_0056428,70
anon_0056428,70
anon_0056428,85
anon_0056447,100
anon_0056470,100
anon_0056469,100
anon_0056470,0
anon_0056324,90
anon_0056428,90
anon_0056469,100
anon_0056447,100
anon_0056411,90
anon_0056394,90
anon_0056395,90
anon_0056451,85
anon_0056470,0
anon_0056482,90
anon_0056470,50
anon_0056469,90
anon_0056469,85
anon_0056482,85
anon_0056447,100
anon_0056482,85
anon_0056394,100
anon_0056482,85
anon_0056469,100
anon_0056470,100
anon_0056395,85
anon_0056428,85
anon_0056395,85
anon_0056392,0
anon_0056451,100
anon_0056392,100
anon_0056482,NA
anon_0056469,85
anon_0056451,100
anon_0056470,85
anon_0056470,20
anon_0056482,85
anon_0056469,70
anon_0056470,50
anon_0056469,50
anon_0056482,100
anon_0056482,85
anon_0056392,75
anon_0056392,90
anon_0056469,90
anon_0056395,85
anon_0056469,85
anon_0056392,90
anon_0056482,85
anon_0056482,90
anon_0056482,50
anon_0056411,85
anon_0056470,85
anon_0056395,40
anon_0056395,85
anon_0056477,100
anon_0056477,95
anon_0056427,100
anon_0056527,100
anon_0056480,100
anon_0056360,100
anon_0056480,100
anon_0056392,0
anon_0056527,100
anon_0056392,85
anon_0056392,90
anon_0056480,85
anon_0056450,100
anon_0056495,100
anon_0056527,90
anon_0056451,95
anon_0056527,90
anon_0056537,100
anon_0056451,50
anon_0056537,100
anon_0056427,85
anon_0056480,100
anon_0056450,100
anon_0056495,90
anon_0056537,100
anon_0056450,50
anon_0056537,100
anon_0056360,85
anon_0056360,100
anon_0056537,100
anon_0056480,100
anon_0056495,100
anon_0056537,85
anon_0056450,100
anon_0056527,85
anon_0056418,100
anon_0056418,0
anon_0056527,100
anon_0056537,90
anon_0056360,90
anon_0056495,100
anon_0056527,0
anon_0056480,85
anon_0056495,0
anon_0056360,100
anon_0056527,85
anon_0056480,0
anon_0056480,100
anon_0056427,85
anon_0056418,85
anon_0056418,85
anon_0056527,90
anon_0056480,30
anon_0056540,100
anon_0056360,90
anon_0056537,100
anon_0056394,90
anon_0056450,100
anon_0056477,50
anon_0056480,100
anon_0056392,85
anon_0056495,95
anon_0056392,90
anon_0056392,100
anon_0056392,85
anon_0056451,95
anon_0056450,100
anon_0056394,85
anon_0056493,90
anon_0056480,0
anon_0056395,50
anon_0056527,100
anon_0056495,100
anon_0056537,100
anon_0056537,0
anon_0056537,0
anon_0056418,85
anon_0056394,85
anon_0056418,90
anon_0056392,100
anon_0056537,90
anon_0056527,85
anon_0056537,85
anon_0056395,30
anon_0056360,90
anon_0056427,90
anon_0056480,85
anon_0056395,85
anon_0056540,100
anon_0056477,100
anon_0056495,95
anon_0056392,50
anon_0056477,85
anon_0056392,0
anon_0056360,100
anon_0056480,0
anon_0056360,85
anon_0056392,85
anon_0056537,85
anon_0056534,100
anon_0056480,90
anon_0056395,85
anon_0056408,95
anon_0056480,0
anon_0056480,95
anon_0056534,100
anon_0056477,100
anon_0056537,85
anon_0056392,85
anon_0056360,100
anon_0056408,85
anon_0056477,85
anon_0056392,100
anon_0056480,85
anon_0056534,80
anon_0056392,80
anon_0056534,100
anon_0056477,100
anon_0056324,0
anon_0056392,100
anon_0056408,85
anon_0056534,0
anon_0056540,60
anon_0056408,85
anon_0056392,80
anon_0056394,85
anon_0056392,90
anon_0056392,70
anon_0056408,85
anon_0056394,85
anon_0056408,85
anon_0056482,100
anon_0056392,100
anon_0056493,0
anon_0056534,100
anon_0056392,85
anon_0056394,100
anon_0056507,100
anon_0056507,85
anon_0056477,100
anon_0056482,100
anon_0056394,50
anon_0056408,85
anon_0056394,100
anon_0056507,60
anon_0056493,90
anon_0056493,50
anon_0056482,85
anon_0056507,95
anon_0056507,85
anon_0056392,100
anon_0056408,75
anon_0056408,90
anon_0056392,85
anon_0056507,85
anon_0056408,40
anon_0056482,85
anon_0056482,85
anon_0056493,85
anon_0056507,85
anon_0056324,95
anon_0056507,90
anon_0056507,85
anon_0056392,85
anon_0056507,90
anon_0056324,85
anon_0056324,85
anon_0056480,50
anon_0056493,50
anon_0056493,0
anon_0056507,70
anon_0056480,85
anon_0056324,85
anon_0056408,85
anon_0056482,85
anon_0056507,90
anon_0056507,95
anon_0056507,85
anon_0056324,85
anon_0056392,85
anon_0056324,90
anon_0056392,85
anon_0056507,95
anon_0056408,85
anon_0056507,50
anon_0056324,75
anon_0056578,100
anon_0056590,100
anon_0056418,100
anon_0056554,95
anon_0056570,100
anon_0056392,100
anon_0056546,100
anon_0056392,100
anon_0056427,85
anon_0056546,100
anon_0056576,95
anon_0056576,90
anon_0056392,100
anon_0056495,100
anon_0056495,100
anon_0056540,60
anon_0056477,90
anon_0056534,100
anon_0056554,100
anon_0056418,0
anon_0056360,95
anon_0056534,100
anon_0056418,100
anon_0056418,100
anon_0056578,85
anon_0056534,100
anon_0056578,100
anon_0056418,100
anon_0056493,100
anon_0056450,20
anon_0056418,0
anon_0056495,100
anon_0056418,90
anon_0056554,85
anon_0056546,100
anon_0056546,100
anon_0056580,100
anon_0056495,100
anon_0056590,90
anon_0056570,100
anon_0056576,100
anon_0056477,90
anon_0056495,90
anon_0056477,90
anon_0056477,95
anon_0056450,0
anon_0056570,100
anon_0056493,100
anon_0056392,100
anon_0056418,85
anon_0056554,100
anon_0056540,100
anon_0056570,100
anon_0056477,100
anon_0056546,100
anon_0056392,50
anon_0056495,90
anon_0056477,100
anon_0056450,90
anon_0056554,100
anon_0056570,100
anon_0056495,100
anon_0056578,100
anon_0056360,100
anon_0056580,95
anon_0056418,50
anon_0056418,0
anon_0056427,85
anon_0056477,100
anon_0056418,85
anon_0056590,100
anon_0056570,0
anon_0056493,50
anon_0056560,0
anon_0056427,85
anon_0056554,70
anon_0056554,100
anon_0056527,100
anon_0056427,85
anon_0056450,40
anon_0056482,0
anon_0056590,85
anon_0056418,85
anon_0056482,100
anon_0056477,90
anon_0056554,100
anon_0056493,85
anon_0056418,100
anon_0056482,100
anon_0056554,90
anon_0056507,100
anon_0056418,100
anon_0056360,85
anon_0056580,85
anon_0056482,85
anon_0056477,85
anon_0056527,80
anon_0056418,90
anon_0056527,50
anon_0056418,85
anon_0056495,100
anon_0056392,0
anon_0056554,100
anon_0056554,0
anon_0056554,100
anon_0056482,85
anon_0056570,90
anon_0056546,100
anon_0056527,90
anon_0056534,100
anon_0056495,100
anon_0056578,90
anon_0056570,85
anon_0056493,100
anon_0056546,100
anon_0056570,95
anon_0056495,100
anon_0056527,100
anon_0056495,90
anon_0056507,85
anon_0056493,90
anon_0056534,75
anon_0056477,90
anon_0056590,90
anon_0056477,90
anon_0056527,100
anon_0056546,90
anon_0056534,90
anon_0056495,100
anon_0056534,85
anon_0056534,85
anon_0056534,50
anon_0056324,50
anon_0056546,100
anon_0056324,95
anon_0056546,90
anon_0056534,100
anon_0056493,85
anon_0056534,50
anon_0056507,85
anon_0056324,85
anon_0056527,100
anon_0056570,50
anon_0056507,85
anon_0056493,100
anon_0056534,90
anon_0056570,85
anon_0056493,85
anon_0056527,100
anon_0056477,90
anon_0056534,90
anon_0056546,85
anon_0056493,60
anon_0056570,85
anon_0056507,85
anon_0056570,50
anon_0056534,90
anon_0056534,100
anon_0056507,85
anon_0056493,40
anon_0056324,90
anon_0056493,100
anon_0056324,90
anon_0056477,100
anon_0056507,85
anon_0056324,0
anon_0056493,85
anon_0056507,50
anon_0056324,70
anon_0056527,85
anon_0056507,90
anon_0056324,85
anon_0056570,85
anon_0056507,85
anon_0056527,100
anon_0056507,85
anon_0056507,100
anon_0056324,85
anon_0056324,85
anon_0056493,70
anon_0056507,85
anon_0056324,50
anon_0056507,85
anon_0056507,80
anon_0056324,85
anon_0056507,0
anon_0056507,85
anon_0056324,75
anon_0056507,85
anon_0056324,85
anon_0056507,85
anon_0056507,85
anon_0056507,85
anon_0056507,75
anon_0056570,100
anon_0056507,50
anon_0056507,85
anon_0056324,85
anon_0056619,100
anon_0056418,100
anon_0056495,100
anon_0056619,100
anon_0056624,100
anon_0056576,85
anon_0056540,100
anon_0056619,90
anon_0056477,50
anon_0056495,100
anon_0056603,0
anon_0056560,0
anon_0056418,100
anon_0056418,100
anon_0056477,100
anon_0056540,100
anon_0056642,0
anon_0056418,100
anon_0056324,100
anon_0056495,90
anon_0056540,100
anon_0056560,90
anon_0056642,0
anon_0056495,100
anon_0056560,95
anon_0056560,50
anon_0056477,75
anon_0056540,90
anon_0056324,90
anon_0056580,100
anon_0056590,85
anon_0056527,85
anon_0056477,100
anon_0056546,95
anon_0056554,50
anon_0056418,85
anon_0056324,100
anon_0056477,100
anon_0056580,0
anon_0056603,85
anon_0056418,100
anon_0056324,90
anon_0056580,85
anon_0056603,0
anon_0056624,100
anon_0056554,85
anon_0056624,85
anon_0056418,90
anon_0056624,90
anon_0056560,100
anon_0056580,100
anon_0056590,85
anon_0056495,85
anon_0056418,85
anon_0056554,20
anon_0056580,90
anon_0056546,90
anon_0056603,90
anon_0056540,90
anon_0056576,100
anon_0056554,85
anon_0056477,100
anon_0056495,85
anon_0056477,90
anon_0056590,50
anon_0056546,100
anon_0056477,100
anon_0056495,100
anon_0056580,85
anon_0056554,100
anon_0056540,90
anon_0056603,100
anon_0056560,100
anon_0056638,85
anon_0056638,0
anon_0056560,95
anon_0056590,85
anon_0056624,85
anon_0056576,85
anon_0056418,85
anon_0056603,85
anon_0056495,0
anon_0056580,90
anon_0056624,100
anon_0056624,95
anon_0056580,95
anon_0056495,0
anon_0056418,0
anon_0056418,90
anon_0056637,100
anon_0056527,85
anon_0056580,85
anon_0056639,100
anon_0056624,90
anon_0056590,90
anon_0056637,100
anon_0056495,0
anon_0056639,95
anon_0056637,85
anon_0056637,100
anon_0056554,85
anon_0056534,100
anon_0056590,100
anon_0056637,100
anon_0056534,80
anon_0056624,100
anon_0056624,100
anon_0056495,100
anon_0056418,100
anon_0056590,50
anon_0056418,95
anon_0056576,100
anon_0056639,90
anon_0056619,90
anon_0056418,90
anon_0056534,85
anon_0056637,100
anon_0056576,85
anon_0056534,95
anon_0056546,85
anon_0056576,85
anon_0056360,85
anon_0056554,70
anon_0056534,90
anon_0056418,50
anon_0056360,100
anon_0056534,100
anon_0056418,100
anon_0056534,100
anon_0056495,50
anon_0056554,100
anon_0056495,100
anon_0056534,100
anon_0056624,90
anon_0056534,100
anon_0056495,100
anon_0056576,95
anon_0056360,0
anon_0056360,50
anon_0056534,100
anon_0056576,85
anon_0056360,85
anon_0056534,80
anon_0056639,85
anon_0056534,50
anon_0056534,100
anon_0056576,90
anon_0056590,90
anon_0056534,90
anon_0056619,95
anon_0056576,90
anon_0056527,100
anon_0056576,95
anon_0056495,100
anon_0056639,80
anon_0056639,85
anon_0056590,85
anon_0056534,85
anon_0056590,50
anon_0056527,100
anon_0056619,85
anon_0056527,0
anon_0056590,75
anon_0056619,75
anon_0056576,70
anon_0056527,100
anon_0056619,90
anon_0056590,85
anon_0056495,100
anon_0056590,90
anon_0056534,100
anon_0056590,85
anon_0056534,100
anon_0056590,85
anon_0056590,85
anon_0056619,85
anon_0056590,85
anon_0056534,100
anon_0056639,85
anon_0056534,95
anon_0056590,70
anon_0056590,85
anon_0056637,100
anon_0056495,85
anon_0056665,100
anon_0056560,100
anon_0056691,100
anon_0056580,0
anon_0056665,85
anon_0056637,100
anon_0056638,90
anon_0056576,100
anon_0056560,85
anon_0056619,50
anon_0056642,95
anon_0056642,50
anon_0056665,100
anon_0056665,100
anon_0056665,90
anon_0056665,100
anon_0056546,90
anon_0056576,0
anon_0056580,100
anon_0056665,100
anon_0056688,100
anon_0056580,50
anon_0056637,100
anon_0056638,100
anon_0056546,90
anon_0056665,95
anon_0056637,0
anon_0056638,0
anon_0056688,90
anon_0056619,30
anon_0056642,85
anon_0056637,50
anon_0056665,90
anon_0056619,90
anon_0056637,50
anon_0056546,100
anon_0056619,85
anon_0056619,75
anon_0056638,0
anon_0056619,50
anon_0056619,100
anon_0056580,100
anon_0056637,90
anon_0056619,70
anon_0056619,85
anon_0056688,100
anon_0056637,90
anon_0056637,85
anon_0056665,85
anon_0056580,85
anon_0056642,100
anon_0056576,90
anon_0056665,95
anon_0056637,100
anon_0056638,90
anon_0056665,100
anon_0056688,100
anon_0056665,85
anon_0056637,85
anon_0056665,100
anon_0056637,90
anon_0056642,85
anon_0056619,90
anon_0056637,100
anon_0056619,85
anon_0056642,85
anon_0056576,95
anon_0056546,80
anon_0056576,85
anon_0056665,85
anon_0056688,95
anon_0056603,85
anon_0056619,0
anon_0056546,90
anon_0056638,85
anon_0056637,100
anon_0056665,0
anon_0056603,0
anon_0056580,50
anon_0056580,85
anon_0056619,90
anon_0056603,90
anon_0056688,80
anon_0056665,85
anon_0056637,90
anon_0056642,85
anon_0056619,90
anon_0056688,100
anon_0056642,85
anon_0056688,100
anon_0056688,85
anon_0056637,90
anon_0056665,90
anon_0056665,95
anon_0056580,60
anon_0056619,70
anon_0056638,85
anon_0056580,85
anon_0056637,0
anon_0056619,70
anon_0056665,95
anon_0056624,80
anon_0056624,100
anon_0056624,100
anon_0056624,0
anon_0056642,50
anon_0056642,100
anon_0056642,85
anon_0056639,90
anon_0056642,85
anon_0056639,100
anon_0056560,100
anon_0056642,50
anon_0056619,85
anon_0056560,95
anon_0056624,90
anon_0056639,95
anon_0056624,100
anon_0056638,85
anon_0056682,100
anon_0056639,85
anon_0056639,85
anon_0056560,100
anon_0056665,90
anon_0056639,85
anon_0056639,100
anon_0056665,100
anon_0056639,95
anon_0056665,90
anon_0056624,90
anon_0056580,85
anon_0056638,100
anon_0056639,50
anon_0056624,85
anon_0056665,50
anon_0056639,100
anon_0056639,90
anon_0056639,95
anon_0056682,85
anon_0056682,100
anon_0056624,75
anon_0056682,90
anon_0056639,90
anon_0056639,95
anon_0056624,90
anon_0056682,70
anon_0056639,75
anon_0056682,85
anon_0056624,70
anon_0056665,75
anon_0056638,85
anon_0056638,85
anon_0056639,90
anon_0056714,100
anon_0056624,100
anon_0056576,100
anon_0056576,50
anon_0056736,90
anon_0056714,85
anon_0056637,100
anon_0056576,80
anon_0056741,0
anon_0056688,100
anon_0056624,70
anon_0056637,100
anon_0056688,100
anon_0056718,100
anon_0056707,0
anon_0056711,90
anon_0056718,100
anon_0056741,85
anon_0056736,100
anon_0056691,0
anon_0056761,85
anon_0056718,100
anon_0056711,95
anon_0056711,100
anon_0056691,0
anon_0056682,50
anon_0056637,90
anon_0056682,100
anon_0056718,100
anon_0056741,90
anon_0056637,100
anon_0056718,100
anon_0056691,50
anon_0056711,85
anon_0056741,95
anon_0056741,0
anon_0056718,100
anon_0056691,50
anon_0056714,50
anon_0056691,100
anon_0056711,90
anon_0056638,90
anon_0056741,85
anon_0056707,0
anon_0056691,0
anon_0056741,90
anon_0056691,85
anon_0056637,90
anon_0056624,0
anon_0056718,85
anon_0056741,85
anon_0056682,85
anon_0056711,60
anon_0056691,85
anon_0056688,50
anon_0056714,85
anon_0056741,85
anon_0056638,100
anon_0056741,85
anon_0056638,100
anon_0056637,100
anon_0056637,100
anon_0056741,100
anon_0056737,100
anon_0056718,0
anon_0056638,50
anon_0056637,90
anon_0056638,100
anon_0056691,85
anon_0056711,90
anon_0056691,50
anon_0056737,100
anon_0056682,85
anon_0056718,90
anon_0056718,85
anon_0056781,50
anon_0056624,50
anon_0056741,100
anon_0056741,85
anon_0056741,85
anon_0056761,0
anon_0056691,85
anon_0056638,85
anon_0056741,85
anon_0056624,90
anon_0056707,90
anon_0056624,85
anon_0056737,100
anon_0056637,100
anon_0056691,85
anon_0056741,90
anon_0056707,50
anon_0056638,80
anon_0056638,85
anon_0056741,70
anon_0056707,100
anon_0056707,85
anon_0056741,85
anon_0056624,80
anon_0056781,95
anon_0056741,90
anon_0056737,100
anon_0056707,90
anon_0056741,100
anon_0056737,100
anon_0056691,100
anon_0056637,80
anon_0056707,90
anon_0056624,50
anon_0056603,85
anon_0056781,85
anon_0056691,50
anon_0056707,100
anon_0056603,85
anon_0056741,90
anon_0056707,85
anon_0056736,100
anon_0056718,100
anon_0056624,100
anon_0056736,100
anon_0056603,100
anon_0056707,95
anon_0056718,90
anon_0056603,100
anon_0056737,100
anon_0056718,95
anon_0056707,100
anon_0056718,100
anon_0056718,85
anon_0056691,90
anon_0056741,85
anon_0056736,80
anon_0056637,95
anon_0056761,95
anon_0056707,90
anon_0056737,95
anon_0056741,85
anon_0056637,100
anon_0056682,60
anon_0056736,85
anon_0056761,100
anon_0056741,85
anon_0056682,85
anon_0056688,0
anon_0056761,85
anon_0056761,100
anon_0056737,85
anon_0056736,85
anon_0056736,70
anon_0056637,100
anon_0056637,100
anon_0056682,85
anon_0056637,90
anon_0056761,95
anon_0056761,85
anon_0056761,85
anon_0056761,100
anon_0056688,85
anon_0056637,100
anon_0056682,85
anon_0056637,85
anon_0056688,90
anon_0056637,85
anon_0056637,85
anon_0056682,85
anon_0056707,90
anon_0056761,85
anon_0056761,95
anon_0056682,80
anon_0056707,70
anon_0056688,90
anon_0056718,85
anon_0056682,85
anon_0056637,50
anon_0056736,75
anon_0056637,30
anon_0056761,60
anon_0056688,85
anon_0056707,90
anon_0056638,85
anon_0056637,85
anon_0056775,100
anon_0056718,100
anon_0056810,90
anon_0056804,100
anon_0056761,100
anon_0056808,100
anon_0056804,95
anon_0056789,100
anon_0056741,85
anon_0056804,100
anon_0056804,95
anon_0056804,0
anon_0056761,100
anon_0056781,95
anon_0056761,100
anon_0056804,95
anon_0056775,95
anon_0056736,0
anon_0056761,90
anon_0056795,100
anon_0056775,95
anon_0056795,100
anon_0056781,100
anon_0056775,100
anon_0056781,85
anon_0056808,85
anon_0056718,85
anon_0056795,100
anon_0056761,100
anon_0056795,80
anon_0056707,100
anon_0056736,95
anon_0056804,0
anon_0056761,100
anon_0056775,100
anon_0056778,85
anon_0056789,100
anon_0056761,100
anon_0056810,95
anon_0056795,100
anon_0056795,100
anon_0056804,95
anon_0056741,95
anon_0056804,0
anon_0056804,85
anon_0056761,100
anon_0056804,95
anon_0056711,85
anon_0056775,90
anon_0056793,85
anon_0056775,100
anon_0056781,90
anon_0056795,100
anon_0056778,95
anon_0056775,100
anon_0056789,100
anon_0056761,90
anon_0056795,100
anon_0056778,90
anon_0056682,95
anon_0056795,85
anon_0056781,100
anon_0056761,95
anon_0056795,100
anon_0056718,100
anon_0056789,85
anon_0056761,100
anon_0056795,90
anon_0056789,95
anon_0056741,85
anon_0056795,95
anon_0056789,85
anon_0056781,90
anon_0056761,0
anon_0056778,85
anon_0056711,85
anon_0056789,100
anon_0056741,0
anon_0056741,60
anon_0056761,80
anon_0056761,95
anon_0056795,50
anon_0056789,85
anon_0056789,50
anon_0056789,95
anon_0056682,90
anon_0056793,85
anon_0056778,95
anon_0056682,70
anon_0056778,95
anon_0056810,85
anon_0056761,100
anon_0056793,60
anon_0056786,85
anon_0056789,85
anon_0056786,0
anon_0056718,100
anon_0056718,95
anon_0056711,85
anon_0056711,85
anon_0056741,100
anon_0056789,90
anon_0056775,100
anon_0056789,50
anon_0056682,85
anon_0056718,90
anon_0056789,100
anon_0056786,100
anon_0056718,90
anon_0056795,100
anon_0056718,80
anon_0056786,0
anon_0056781,100
anon_0056718,100
anon_0056781,100
anon_0056789,100
anon_0056795,90
anon_0056718,100
anon_0056781,85
anon_0056741,85
anon_0056795,100
anon_0056736,95
anon_0056718,100
anon_0056741,90
anon_0056711,75
anon_0056741,90
anon_0056718,100
anon_0056786,100
anon_0056795,95
anon_0056795,100
anon_0056789,85
anon_0056781,85
anon_0056795,100
anon_0056741,50
anon_0056795,85
anon_0056781,50
anon_0056775,100
anon_0056775,100
anon_0056795,95
anon_0056737,85
anon_0056795,90
anon_0056737,75
anon_0056795,100
anon_0056795,100
anon_0056718,90
anon_0056737,90
anon_0056741,0
anon_0056781,90
anon_0056741,85
anon_0056682,85
anon_0056718,100
anon_0056795,95
anon_0056736,90
anon_0056737,50
anon_0056775,0
anon_0056781,85
anon_0056789,0
anon_0056736,90
anon_0056795,85
anon_0056795,100
anon_0056736,100
anon_0056718,100
anon_0056781,90
anon_0056786,90
anon_0056781,90
anon_0056789,85
anon_0056795,95
anon_0056741,85
anon_0056781,60
anon_0056781,75
anon_0056795,100
anon_0056682,75
anon_0056789,85
anon_0056741,50
anon_0056789,100
anon_0056795,50
anon_0056795,100
anon_0056786,85
anon_0056789,75
anon_0056795,85
anon_0056789,50
anon_0056781,85
anon_0056789,85
anon_0056795,100
anon_0056781,75
anon_0056789,85
anon_0056775,0
anon_0056775,50
anon_0056804,90
anon_0056737,100
anon_0056844,0
anon_0056778,85
anon_0056793,0
anon_0056786,100
anon_0056821,100
anon_0056810,90
anon_0056828,100
anon_0056810,90
anon_0056793,0
anon_0056789,100
anon_0056711,90
anon_0056824,100
anon_0056844,95
anon_0056808,100
anon_0056789,0
anon_0056778,85
anon_0056775,0
anon_0056812,100
anon_0056810,100
anon_0056711,85
anon_0056824,100
anon_0056821,100
anon_0056828,95
anon_0056826,90
anon_0056824,100
anon_0056819,100
anon_0056826,95
anon_0056824,90
anon_0056786,100
anon_0056786,100
anon_0056808,100
anon_0056714,100
anon_0056804,85
anon_0056828,95
anon_0056714,100
anon_0056812,100
anon_0056711,100
anon_0056737,100
anon_0056786,100
anon_0056786,50
anon_0056812,95
anon_0056714,95
anon_0056789,85
anon_0056778,85
anon_0056838,0
anon_0056808,90
anon_0056821,90
anon_0056810,100
anon_0056810,90
anon_0056804,100
anon_0056737,30
anon_0056821,95
anon_0056737,95
anon_0056819,85
anon_0056808,100
anon_0056819,85
anon_0056808,90
anon_0056810,90
anon_0056775,85
anon_0056826,85
anon_0056775,85
anon_0056789,85
anon_0056711,90
anon_0056711,80
anon_0056711,90
anon_0056714,100
anon_0056778,85
anon_0056821,50
anon_0056789,85
anon_0056804,90
anon_0056789,90
anon_0056736,100
anon_0056789,85
anon_0056789,85
anon_0056789,85
anon_0056736,85
anon_0056736,100
anon_0056775,85
anon_0056819,85
anon_0056736,95
anon_0056824,85
anon_0056808,85
anon_0056810,95
anon_0056789,85
anon_0056789,85
anon_0056793,0
anon_0056810,100
anon_0056808,90
anon_0056808,90
anon_0056810,100
anon_0056789,85
anon_0056810,90
anon_0056810,85
anon_0056810,100
anon_0056789,85
anon_0056826,100
anon_0056826,100
anon_0056793,90
anon_0056826,100
anon_0056778,100
anon_0056778,100
anon_0056786,85
anon_0056778,100
anon_0056778,100
anon_0056741,90
anon_0056789,85
anon_0056810,100
anon_0056826,100
anon_0056826,100
anon_0056789,95
anon_0056819,85
anon_0056789,90
anon_0056810,85
anon_0056789,90
anon_0056789,90
anon_0056736,85
anon_0056808,85
anon_0056793,100
anon_0056820,90
anon_0056741,100
anon_0056804,100
anon_0056812,100
anon_0056789,100
anon_0056736,90
anon_0056808,95
anon_0056714,90
anon_0056793,90
anon_0056804,85
anon_0056812,100
anon_0056789,85
anon_0056778,100
anon_0056789,90
anon_0056826,85
anon_0056820,95
anon_0056820,90
anon_0056810,0
anon_0056812,85
anon_0056718,85
anon_0056808,100
anon_0056736,90
anon_0056714,90
anon_0056741,50
anon_0056810,50
anon_0056820,90
anon_0056718,85
anon_0056804,100
anon_0056793,90
anon_0056820,85
anon_0056804,100
anon_0056820,95
anon_0056820,85
anon_0056812,90
anon_0056820,95
anon_0056820,85
anon_0056714,85
anon_0056714,95
anon_0056741,95
anon_0056741,85
anon_0056718,85
anon_0056810,90
anon_0056812,100
anon_0056812,100
anon_0056741,85
anon_0056812,100
anon_0056741,85
anon_0056718,70
anon_0056820,90
anon_0056810,85
anon_0056812,95
anon_0056812,90
anon_0056718,85
anon_0056826,100
anon_0056826,100
anon_0056824,100
anon_0056826,100
anon_0056826,100
anon_0056826,100
anon_0056820,85
anon_0056775,100
anon_0056808,100
anon_0056821,100
anon_0056845,100
anon_0056775,100
anon_0056828,0
anon_0056838,100
anon_0056775,100
anon_0056845,100
anon_0056775,100
anon_0056845,0
anon_0056844,0
anon_0056808,100
anon_0056870,100
anon_0056838,100
anon_0056828,95
anon_0056863,90
anon_0056838,0
anon_0056808,0
anon_0056812,100
anon_0056863,100
anon_0056870,100
anon_0056821,100
anon_0056821,100
anon_0056808,50
anon_0056821,100
anon_0056826,90
anon_0056863,50
anon_0056824,0
anon_0056775,0
anon_0056808,100
anon_0056821,0
anon_0056821,100
anon_0056714,90
anon_0056819,90
anon_0056821,100
anon_0056826,100
anon_0056775,100
anon_0056812,85
anon_0056821,0
anon_0056826,80
anon_0056821,0
anon_0056852,100
anon_0056828,0
anon_0056821,90
anon_0056808,100
anon_0056845,100
anon_0056821,90
anon_0056852,100
anon_0056821,95
anon_0056838,95
anon_0056828,85
anon_0056821,100
anon_0056819,50
anon_0056812,85
anon_0056828,85
anon_0056826,50
anon_0056828,90
anon_0056824,100
anon_0056821,0
anon_0056845,0
anon_0056826,50
anon_0056810,85
anon_0056852,85
anon_0056852,0
anon_0056821,100
anon_0056810,85
anon_0056775,100
anon_0056808,0
anon_0056844,50
anon_0056852,100
anon_0056838,100
anon_0056852,85
anon_0056821,0
anon_0056808,100
anon_0056819,85
anon_0056714,0
anon_0056824,100
anon_0056812,90
anon_0056810,90
anon_0056819,90
anon_0056812,85
anon_0056819,85
anon_0056821,85
anon_0056821,85
anon_0056852,0
anon_0056819,85
anon_0056824,100
anon_0056821,80
anon_0056824,100
anon_0056824,95
anon_0056775,90
anon_0056821,90
anon_0056826,85
anon_0056826,100
anon_0056838,100
anon_0056812,100
anon_0056821,100
anon_0056845,0
anon_0056718,90
anon_0056718,85
anon_0056838,100
anon_0056718,90
anon_0056812,50
anon_0056838,60
anon_0056808,100
anon_0056821,0
anon_0056810,100
anon_0056820,100
anon_0056826,0
anon_0056852,95
anon_0056852,95
anon_0056838,100
anon_0056718,85
anon_0056808,85
anon_0056810,100
anon_0056820,85
anon_0056845,100
anon_0056844,100
anon_0056810,100
anon_0056718,0
anon_0056838,100
anon_0056820,95
anon_0056852,90
anon_0056718,85
anon_0056844,100
anon_0056838,90
anon_0056826,90
anon_0056810,90
anon_0056821,85
anon_0056852,100
anon_0056826,100
anon_0056808,85
anon_0056810,100
anon_0056844,100
anon_0056810,90
anon_0056808,85
anon_0056820,95
anon_0056808,85
anon_0056810,100
anon_0056810,85
anon_0056820,85
anon_0056844,100
anon_0056718,100
anon_0056808,100
anon_0056718,95
anon_0056810,0
anon_0056820,90
anon_0056718,85
anon_0056820,85
anon_0056718,85
anon_0056820,85
anon_0056808,100
anon_0056810,50
anon_0056718,90
anon_0056820,85
anon_0056810,85
anon_0056820,90
anon_0056820,90
anon_0056844,85
anon_0056808,85
anon_0056828,50
anon_0056718,100
anon_0056718,85
anon_0056810,100
anon_0056821,0
anon_0056870,100
anon_0056820,90
anon_0056863,95
anon_0056845,90
anon_0056870,100
anon_0056838,100
anon_0056880,95
anon_0056828,95
anon_0056828,95
anon_0056870,90
anon_0056718,95
anon_0056870,85
anon_0056852,100
anon_0056891,100
anon_0056828,0
anon_0056870,85
anon_0056821,0
anon_0056826,95
anon_0056820,95
anon_0056838,0
anon_0056828,50
anon_0056852,100
anon_0056863,86
anon_0056718,90
anon_0056826,85
anon_0056838,90
anon_0056870,100
anon_0056808,0
anon_0056838,100
anon_0056838,50
anon_0056852,90
anon_0056863,85
anon_0056901,75
anon_0056891,90
anon_0056863,95
anon_0056863,90
anon_0056870,85
anon_0056838,0
anon_0056824,95
anon_0056870,100
anon_0056821,0
anon_0056820,90
anon_0056880,100
anon_0056845,85
anon_0056870,100
anon_0056828,85
anon_0056838,100
anon_0056778,30
anon_0056909,85
anon_0056909,85
anon_0056863,0
anon_0056826,90
anon_0056901,0
anon_0056821,100
anon_0056870,75
anon_0056824,90
anon_0056880,95
anon_0056845,100
anon_0056778,85
anon_0056821,80
anon_0056718,85
anon_0056852,0
anon_0056808,90
anon_0056852,100
anon_0056808,90
anon_0056909,30
anon_0056808,100
anon_0056838,0
anon_0056820,85
anon_0056821,50
anon_0056852,85
anon_0056821,0
anon_0056821,85
anon_0056778,90
anon_0056824,90
anon_0056821,100
anon_0056778,90
anon_0056838,0
anon_0056812,100
anon_0056870,90
anon_0056824,95
anon_0056820,100
anon_0056852,100
anon_0056870,85
anon_0056820,85
anon_0056820,NA
anon_0056870,100
anon_0056838,85
anon_0056778,40
anon_0056838,0
anon_0056838,90
anon_0056863,85
anon_0056901,85
anon_0056821,85
anon_0056901,95
anon_0056824,100
anon_0056821,0
anon_0056824,90
anon_0056821,100
anon_0056821,30
anon_0056852,75
anon_0056778,100
anon_0056891,80
anon_0056778,100
anon_0056891,95
anon_0056778,85
anon_0056852,90
anon_0056901,100
anon_0056821,0
anon_0056828,80
anon_0056852,85
anon_0056828,70
anon_0056901,85
anon_0056852,100
anon_0056828,0
anon_0056852,100
anon_0056820,50
anon_0056824,0
anon_0056891,100
anon_0056852,100
anon_0056821,100
anon_0056891,90
anon_0056820,90
anon_0056820,85
anon_0056778,75
anon_0056901,95
anon_0056901,0
anon_0056891,20
anon_0056891,90
anon_0056824,100
anon_0056824,90
anon_0056852,50
anon_0056891,100
anon_0056820,90
anon_0056891,85
anon_0056824,100
anon_0056891,100
anon_0056891,75
anon_0056852,85
anon_0056821,85
anon_0056820,85
anon_0056820,100
anon_0056891,95
anon_0056891,50
anon_0056820,90
anon_0056891,85
anon_0056852,100
anon_0056909,90
anon_0056891,100
anon_0056828,85
anon_0056852,95
anon_0056828,100
anon_0056891,85
anon_0056778,85
anon_0056778,50
anon_0056880,85
anon_0056926,90
anon_0056880,100
anon_0056926,100
anon_0056930,100
anon_0056820,95
anon_0056926,100
anon_0056870,90
anon_0056926,100
anon_0056945,90
anon_0056926,100
anon_0056880,100
anon_0056870,100
anon_0056926,100
anon_0056932,50
anon_0056870,100
anon_0056880,100
anon_0056838,100
anon_0056901,95
anon_0056932,90
anon_0056820,100
anon_0056953,90
anon_0056945,95
anon_0056926,50
anon_0056926,100
anon_0056932,50
anon_0056880,0
anon_0056945,85
anon_0056838,50
anon_0056919,100
anon_0056820,95
anon_0056933,0
anon_0056932,100
anon_0056954,100
anon_0056933,90
anon_0056845,95
anon_0056880,100
anon_0056962,100
anon_0056820,100
anon_0056930,80
anon_0056940,100
anon_0056954,85
anon_0056919,85
anon_0056933,100
anon_0056932,95
anon_0056820,100
anon_0056933,100
anon_0056933,100
anon_0056933,100
anon_0056926,100
anon_0056962,100
anon_0056933,0
anon_0056933,0
anon_0056940,90
anon_0056941,85
anon_0056880,20
anon_0056926,100
anon_0056928,100
anon_0056930,80
anon_0056962,90
anon_0056845,90
anon_0056870,95
anon_0056880,100
anon_0056940,90
anon_0056933,100
anon_0056845,75
anon_0056880,0
anon_0056845,85
anon_0056870,100
anon_0056932,85
anon_0056933,100
anon_0056953,0
anon_0056933,95
anon_0056845,100
anon_0056932,85
anon_0056932,100
anon_0056870,85
anon_0056933,100
anon_0056941,90
anon_0056919,95
anon_0056845,100
anon_0056954,100
anon_0056880,90
anon_0056870,0
anon_0056932,85
anon_0056838,100
anon_0056932,95
anon_0056928,50
anon_0056919,95
anon_0056930,100
anon_0056933,75
anon_0056941,95
anon_0056870,100
anon_0056926,85
anon_0056919,100
anon_0056838,85
anon_0056845,100
anon_0056954,85
anon_0056909,100
anon_0056932,100
anon_0056954,85
anon_0056954,100
anon_0056928,70
anon_0056928,50
anon_0056919,100
anon_0056933,90
anon_0056932,90
anon_0056932,90
anon_0056845,100
anon_0056932,100
anon_0056930,100
anon_0056932,100
anon_0056932,95
anon_0056919,80
anon_0056932,85
anon_0056820,100
anon_0056845,85
anon_0056933,0
anon_0056880,100
anon_0056932,100
anon_0056932,95
anon_0056909,0
anon_0056880,95
anon_0056880,90
anon_0056909,90
anon_0056820,80
anon_0056863,85
anon_0056941,100
anon_0056838,85
anon_0056933,100
anon_0056863,95
anon_0056932,90
anon_0056838,100
anon_0056863,50
anon_0056870,100
anon_0056930,85
anon_0056930,40
anon_0056933,100
anon_0056863,50
anon_0056820,90
anon_0056954,85
anon_0056880,100
anon_0056880,95
anon_0056863,70
anon_0056909,85
anon_0056909,70
anon_0056926,95
anon_0056933,100
anon_0056926,95
anon_0056933,100
anon_0056820,85
anon_0056863,85
anon_0056820,50
anon_0056870,100
anon_0056870,100
anon_0056930,100
anon_0056933,75
anon_0056930,85
anon_0056909,0
anon_0056863,100
anon_0056863,95
anon_0056926,60
anon_0056909,85
anon_0056863,100
anon_0056909,50
anon_0056820,20
anon_0056933,85
anon_0056930,0
anon_0056863,85
anon_0056930,100
anon_0056930,85
anon_0056909,85
anon_0056930,100
anon_0056870,85
anon_0056863,50
anon_0056933,90
anon_0056926,85
anon_0056930,85
anon_0056926,90
anon_0056909,85
anon_0056930,85
anon_0056930,85
anon_0056870,90
anon_0056930,100
anon_0056930,85
anon_0056870,85
anon_0056820,85
anon_0056820,85
anon_0056933,100
anon_0056941,0
anon_0056982,100
anon_0056982,90
anon_0056975,85
anon_0056932,100
anon_0056982,0
anon_0056994,100
anon_0056975,100
anon_0056962,90
anon_0056953,100
anon_0056932,50
anon_0056933,0
anon_0056983,95
anon_0056930,0
anon_0056926,100
anon_0056954,100
anon_0056941,60
anon_0056983,100
anon_0056953,100
anon_0056941,100
anon_0056941,100
anon_0056932,90
anon_0056953,95
anon_0056932,90
anon_0056926,90
anon_0056982,0
anon_0056982,100
anon_0056978,85
anon_0056932,85
anon_0056964,90
anon_0056926,85
anon_0056982,100
anon_0056964,95
anon_0056975,50
anon_0056982,90
anon_0056982,90
anon_0056863,75
anon_0056964,100
anon_0056994,100
anon_0056975,0
anon_0056982,100
anon_0056930,50
anon_0056982,95
anon_0056926,30
anon_0056941,85
anon_0056932,90
anon_0056975,0
anon_0056926,90
anon_0056926,70
anon_0056919,100
anon_0056932,85
anon_0056919,100
anon_0056975,90
anon_0056932,60
anon_0056932,100
anon_0056962,100
anon_0056932,100
anon_0056926,80
anon_0056930,85
anon_0056975,85
anon_0056932,85
anon_0056941,100
anon_0056978,85
anon_0056919,40
anon_0056975,90
anon_0056964,85
anon_0056941,90
anon_0056978,85
anon_0056975,95
anon_0056863,NA
anon_0056926,85
anon_0056941,90
anon_0056964,85
anon_0056932,50
anon_0056932,85
anon_0056982,85
anon_0056975,90
anon_0056978,90
anon_0056926,50
anon_0056982,85
anon_0056982,90
anon_0056962,100
anon_0056941,90
anon_0056941,100
anon_0056941,85
anon_0056863,85
anon_0056932,85
anon_0056962,100
anon_0056928,100
anon_0056930,100
anon_0056978,85
anon_0056978,100
anon_0056962,100
anon_0056978,90
anon_0056983,0
anon_0056928,100
anon_0056863,90
anon_0056941,100
anon_0056928,100
anon_0056932,100
anon_0056962,100
anon_0056962,20
anon_0056909,95
anon_0056978,90
anon_0056962,100
anon_0056953,100
anon_0056930,100
anon_0056978,90
anon_0056909,100
anon_0056919,100
anon_0056940,50
anon_0056983,100
anon_0056930,95
anon_0056928,100
anon_0056953,90
anon_0056928,80
anon_0056928,90
anon_0056930,85
anon_0056930,100
anon_0056932,30
anon_0056983,85
anon_0056930,90
anon_0056962,90
anon_0056953,20
anon_0056930,20
anon_0056919,100
anon_0056930,0
anon_0056909,100
anon_0056962,0
anon_0056953,90
anon_0056953,0
anon_0056962,100
anon_0056953,100
anon_0056940,0
anon_0056953,100
anon_0056909,90
anon_0056962,75
anon_0056940,90
anon_0056953,80
anon_0056919,90
anon_0056932,90
anon_0056919,90
anon_0056919,95
anon_0056953,0
anon_0056940,85
anon_0056953,80
anon_0056953,50
anon_0056940,85
anon_0056954,90
anon_0056909,100
anon_0056919,50
anon_0056954,90
anon_0056909,90
anon_0056940,85
anon_0056928,100
anon_0056932,85
anon_0056964,90
anon_0056962,100
anon_0056940,90
anon_0056940,100
anon_0056932,75
anon_0056919,90
anon_0056932,90
anon_0056962,70
anon_0056932,0
anon_0056919,50
anon_0056954,85
anon_0056954,85
anon_0056962,85
anon_0056940,85
anon_0056932,85
anon_0056932,50
anon_0056928,90
anon_0056928,85
anon_0056909,85
anon_0056928,90
anon_0056932,0
anon_0056932,85
anon_0056962,100
anon_0056978,85
anon_0056940,100
anon_0056954,0
anon_0057013,100
anon_0056994,100
anon_0056983,0
anon_0056994,100
anon_0056953,100
anon_0057004,85
anon_0056983,100
anon_0056962,90
anon_0056827,100
anon_0057019,95
anon_0057024,90
anon_0056928,100
anon_0056994,100
anon_0056994,85
anon_0056978,100
anon_0056975,100
anon_0056978,0
anon_0056827,95
anon_0056994,100
anon_0057013,0
anon_0057019,100
anon_0057019,100
anon_0056940,100
anon_0056994,90
anon_0056994,100
anon_0056982,100
anon_0056994,100
anon_0057019,100
anon_0056827,95
anon_0056975,100
anon_0056975,100
anon_0057004,85
anon_0056994,50
anon_0056994,100
anon_0057019,100
anon_0057004,80
anon_0056928,100
anon_0056994,90
anon_0056953,90
anon_0056994,85
anon_0056982,85
anon_0056827,85
anon_0056940,90
anon_0056962,85
anon_0057004,80
anon_0056994,95
anon_0056827,90
anon_0056983,100
anon_0057024,85
anon_0056953,90
anon_0056983,100
anon_0057004,50
anon_0056994,85
anon_0057013,85
anon_0056975,85
anon_0056975,100
anon_0056994,75
anon_0057019,85
anon_0056827,0
anon_0056994,60
anon_0056928,100
anon_0056978,85
anon_0056975,0
anon_0056940,95
anon_0056964,85
anon_0056928,70
anon_0057004,100
anon_0056994,100
anon_0056982,90
anon_0056978,0
anon_0056940,100
anon_0056964,85
anon_0056994,85
anon_0056982,100
anon_0057004,90
anon_0056994,85
anon_0057004,85
anon_0056994,85
anon_0056978,85
anon_0056940,0
anon_0056994,85
anon_0056994,90
anon_0056928,90
anon_0056964,90
anon_0056982,50
anon_0056994,100
anon_0056940,90
anon_0056928,100
anon_0056994,100
anon_0056928,70
anon_0056994,95
anon_0056940,50
anon_0056982,100
anon_0056982,NA
anon_0056978,85
anon_0056975,90
anon_0056983,100
anon_0056928,95
anon_0056983,95
anon_0056940,85
anon_0056928,85
anon_0056982,90
anon_0056941,100
anon_0056940,0
anon_0056940,85
anon_0056994,90
anon_0057019,95
anon_0056982,100
anon_0056953,100
anon_0056983,90
anon_0056983,100
anon_0056964,85
anon_0056940,85
anon_0056930,100
anon_0056953,90
anon_0056953,85
anon_0056953,100
anon_0056930,90
anon_0056982,100
anon_0056941,85
anon_0056964,100
anon_0056978,85
anon_0056982,90
anon_0056962,90
anon_0056940,85
anon_0056941,75
anon_0056930,0
anon_0056928,100
anon_0056930,90
anon_0056928,50
anon_0056941,75
anon_0056919,100
anon_0056930,95
anon_0056982,100
anon_0056928,80
anon_0056941,100
anon_0056928,100
anon_0056964,50
anon_0056919,0
anon_0056982,85
anon_0056962,90
anon_0056941,100
anon_0056919,0
anon_0056928,100
anon_0056962,85
anon_0056919,85
anon_0056941,85
anon_0056930,50
anon_0056941,100
anon_0056953,100
anon_0056982,90
anon_0056962,90
anon_0056941,75
anon_0056962,70
anon_0056941,85
anon_0056919,0
anon_0056975,90
anon_0056975,100
anon_0056919,85
anon_0056930,85
anon_0056975,85
anon_0056919,85
anon_0056983,100
anon_0056975,85
anon_0056827,100
anon_0057019,100
anon_0057024,0
anon_0057019,85
anon_0057013,100
anon_0057019,100
anon_0057025,100
anon_0057038,0
anon_0057019,100
anon_0057019,100
anon_0057030,100
anon_0057019,100
anon_0057038,100
anon_0057038,85
anon_0057046,100
anon_0057019,100
anon_0056827,100
anon_0057019,100
anon_0057060,100
anon_0057024,100
anon_0056827,100
anon_0057019,100
anon_0056928,100
anon_0057004,0
anon_0057019,100
anon_0057046,100
anon_0057025,90
anon_0056827,100
anon_0057046,100
anon_0057060,95
anon_0057038,0
anon_0056827,90
anon_0056827,100
anon_0056827,100
anon_0056964,100
anon_0057030,85
anon_0057038,100
anon_0057046,100
anon_0057024,50
anon_0057030,85
anon_0057038,95
anon_0057004,100
anon_0057060,100
anon_0057038,30
anon_0057004,100
anon_0056827,100
anon_0057004,50
anon_0057024,70
anon_0057038,100
anon_0057013,95
anon_0057013,100
anon_0057019,90
anon_0057019,90
anon_0056827,90
anon_0056827,100
anon_0057024,90
anon_0056827,100
anon_0057019,85
anon_0056928,0
anon_0057004,85
anon_0057046,100
anon_0056827,85
anon_0057019,100
anon_0057025,85
anon_0057030,85
anon_0056827,90
anon_0056827,0
anon_0056928,100
anon_0057013,100
anon_0057019,85
anon_0057025,100
anon_0057030,85
anon_0057030,90
anon_0057024,90
anon_0057019,90
anon_0057024,85
anon_0057019,90
anon_0057038,90
anon_0056827,85
anon_0057025,85
anon_0057019,100
anon_0057025,100
anon_0057025,100
anon_0056827,90
anon_0057030,85
anon_0057025,100
anon_0057024,85
anon_0057024,95
anon_0057025,100
anon_0057025,100
anon_0057046,100
anon_0057046,0
anon_0057019,80
anon_0057030,85
anon_0057019,100
anon_0057046,100
anon_0057025,100
anon_0057013,100
anon_0057024,85
anon_0057019,80
anon_0057030,85
anon_0057030,85
anon_0057046,100
anon_0057046,100
anon_0057013,100
anon_0057046,50
anon_0057030,90
anon_0056827,100
anon_0056964,85
anon_0057046,100
anon_0057025,100
anon_0057019,75
anon_0057024,100
anon_0057004,90
anon_0057038,0
anon_0057046,100
anon_0057004,80
anon_0057013,80
anon_0057019,100
anon_0057046,85
anon_0056928,85
anon_0057019,85
anon_0056827,90
anon_0056827,100
anon_0057013,100
anon_0057038,85
anon_0056928,100
anon_0056827,85
anon_0057030,95
anon_0057030,85
anon_0057025,100
anon_0057024,90
anon_0057019,85
anon_0057004,20
anon_0057013,85
anon_0057025,100
anon_0057025,90
anon_0056928,100
anon_0057013,100
anon_0057046,90
anon_0057024,90
anon_0057030,95
anon_0057030,85
anon_0057004,85
anon_0057013,85
anon_0057025,100
anon_0057030,100
anon_0057038,85
anon_0057038,50
anon_0057030,95
anon_0057024,70
anon_0057030,90
anon_0057025,70
anon_0056928,100
anon_0056827,90
anon_0057019,75
anon_0056964,100
anon_0057046,100
anon_0057013,100
anon_0057030,85
anon_0057046,100
anon_0057030,70
anon_0057025,90
anon_0057046,100
anon_0057004,85
anon_0057024,100
anon_0057030,85
anon_0057038,90
anon_0057013,100
anon_0057046,80
anon_0056827,90
anon_0057046,100
anon_0057046,0
anon_0056827,100
anon_0057013,100
anon_0057025,90
anon_0056964,100
anon_0056964,85
anon_0057046,85
anon_0057030,75
anon_0057030,90
anon_0057030,0
anon_0057030,85
anon_0057030,90
anon_0056964,100
anon_0057025,75
anon_0057025,85
anon_0056964,85
anon_0056827,85
anon_0057030,95
anon_0056827,90
anon_0057046,50
anon_0056827,70
anon_0057046,100
anon_0056827,90
anon_0056964,85
anon_0057019,85
anon_0057004,90
anon_0057019,90
anon_0057046,100
anon_0057024,90
anon_0057052,95
anon_0057060,100
anon_0057030,85
anon_0057038,100
anon_0057121,95
anon_0057046,95
anon_0057013,85
anon_0057046,50
anon_0057092,95
anon_0057046,100
anon_0057046,100
anon_0057096,90
anon_0057096,85
anon_0057096,100
anon_0057060,100
anon_0057092,85
anon_0057024,0
anon_0057004,70
anon_0057114,85
anon_0057030,90
anon_0057060,100
anon_0057114,100
anon_0057030,85
anon_0057038,80
anon_0057013,85
anon_0057046,0
anon_0057060,100
anon_0057096,85
anon_0057024,90
anon_0057024,90
anon_0057116,0
anon_0057096,95
anon_0057121,90
anon_0057096,0
anon_0057046,100
anon_0057046,50
anon_0057046,85
anon_0057038,85
anon_0057030,95
anon_0057024,100
anon_0057046,90
anon_0057030,85
anon_0057024,85
anon_0057024,85
anon_0057038,100
anon_0057060,85
anon_0057046,85
anon_0057046,100
anon_0057096,100
anon_0057046,50
anon_0057046,100
anon_0057030,90
anon_0057060,100
anon_0057114,85
anon_0057052,85
anon_0057024,100
anon_0057046,85
anon_0056964,100
anon_0057052,100
anon_0057121,100
anon_0057024,100
anon_0057004,85
anon_0057046,100
anon_0057030,85
anon_0057024,100
anon_0057060,50
anon_0057013,90
anon_0057013,95
anon_0057096,95
anon_0057046,85
anon_0057096,85
anon_0057046,100
anon_0057038,80
anon_0057013,70
anon_0056964,100
anon_0057030,90
anon_0057004,85
anon_0057046,100
anon_0057024,70
anon_0057096,85
anon_0056964,90
anon_0057004,85
anon_0057046,50
anon_0057046,85
anon_0056964,95
anon_0057114,85
anon_0057019,0
anon_0057030,75
anon_0057114,80
anon_0057030,50
anon_0057030,90
anon_0057092,85
anon_0057046,100
anon_0057030,85
anon_0057019,95
anon_0056964,100
anon_0057030,90
anon_0057030,85
anon_0057052,85
anon_0057092,100
anon_0057046,100
anon_0057096,85
anon_0057038,0
anon_0057092,100
anon_0057004,100
anon_0057013,85
anon_0056964,100
anon_0057052,70
anon_0057038,85
anon_0056964,85
anon_0057030,90
anon_0057004,90
anon_0056964,0
anon_0057004,85
anon_0057046,100
anon_0057092,50
anon_0057004,100
anon_0057030,90
anon_0057004,100
anon_0057004,100
anon_0057004,100
anon_0057030,50
anon_0057092,85
anon_0057013,100
anon_0057046,100
anon_0057030,85
anon_0057030,50
anon_0057052,85
anon_0057038,90
anon_0057092,50
anon_0057019,90
anon_0057004,100
anon_0057004,95
anon_0056964,100
anon_0057030,85
anon_0056964,95
anon_0057004,100
anon_0057030,60
anon_0057030,85
anon_0057092,0
anon_0057046,85
anon_0057013,90
anon_0057004,85
anon_0057092,75
anon_0056964,100
anon_0057004,85
anon_0057013,85
anon_0057030,50
anon_0057046,100
anon_0057030,85
anon_0057013,100
anon_0057038,85
anon_0057038,90
anon_0057013,85
anon_0057019,95
anon_0057046,90
anon_0057030,85
anon_0057046,100
anon_0057030,50
anon_0057030,50
anon_0057046,85
anon_0057030,85
anon_0057013,85
anon_0057092,85
anon_0057013,90
anon_0057030,85
anon_0057046,85
anon_0057030,85
anon_0057030,70
anon_0057046,60
anon_0057030,70
anon_0057030,85
anon_0057013,85
anon_0057046,75
anon_0057030,85
anon_0057030,85
anon_0057030,50
anon_0057046,90
anon_0057046,50
anon_0057004,100
anon_0057004,90
anon_0057155,95
anon_0057155,100
anon_0057155,100
anon_0057158,100
anon_0057146,100
anon_0057158,0
anon_0057155,100
anon_0057158,100
anon_0057155,0
anon_0057096,100
anon_0057164,0
anon_0057158,75
anon_0057060,100
anon_0057146,100
anon_0057158,100
anon_0057121,90
anon_0057167,100
anon_0057060,90
anon_0057167,100
anon_0057060,95
anon_0057114,90
anon_0057155,100
anon_0057155,0
anon_0057158,20
anon_0057149,50
anon_0057158,85
anon_0057158,100
anon_0057121,100
anon_0057158,0
anon_0057167,90
anon_0057167,100
anon_0057155,85
anon_0057158,0
anon_0057060,100
anon_0057167,100
anon_0057096,100
anon_0057167,85
anon_0057149,85
anon_0057164,0
anon_0057146,100
anon_0057155,90
anon_0057155,90
anon_0057060,0
anon_0057167,95
anon_0057052,85
anon_0057149,100
anon_0057060,50
anon_0057164,100
anon_0057158,100
anon_0057116,85
anon_0057155,100
anon_0057114,90
anon_0057158,90
anon_0057121,90
anon_0057167,100
anon_0057155,90
anon_0057167,100
anon_0057167,90
anon_0057155,100
anon_0057060,50
anon_0057060,50
anon_0057114,100
anon_0057121,90
anon_0057121,90
anon_0057155,90
anon_0057158,95
anon_0057149,100
anon_0057121,95
anon_0057164,0
anon_0057158,85
anon_0057121,90
anon_0057116,100
anon_0057155,0
anon_0057146,0
anon_0057167,85
anon_0057155,100
anon_0057096,50
anon_0057155,85
anon_0057167,95
anon_0057052,85
anon_0057116,0
anon_0057096,50
anon_0057146,80
anon_0057114,90
anon_0057167,90
anon_0057116,100
anon_0057114,85
anon_0057158,0
anon_0057158,50
anon_0057167,0
anon_0057116,85
anon_0057116,100
anon_0057114,90
anon_0057114,85
anon_0057158,0
anon_0057164,0
anon_0057146,95
anon_0057149,100
anon_0057060,100
anon_0057052,0
anon_0057167,90
anon_0057052,0
anon_0057116,85
anon_0057116,85
anon_0057158,100
anon_0057052,100
anon_0057052,95
anon_0057052,0
anon_0057116,100
anon_0057116,90
anon_0057116,90
anon_0057149,50
anon_0057052,70
anon_0057116,85
anon_0057149,100
anon_0057052,70
anon_0057121,85
anon_0057167,50
anon_0057116,90
anon_0057158,60
anon_0057116,85
anon_0057167,50
anon_0057149,100
anon_0057052,0
anon_0057149,50
anon_0057052,0
anon_0057167,85
anon_0057158,85
anon_0057060,100
anon_0057052,85
anon_0057158,100
anon_0057158,80
anon_0057149,80
anon_0057060,100
anon_0057149,0
anon_0057052,0
anon_0057158,100
anon_0057167,50
anon_0057060,100
anon_0057158,100
anon_0057167,85
anon_0057158,85
anon_0057052,50
anon_0057052,85
anon_0057164,85
anon_0057149,100
anon_0057155,50
anon_0057149,100
anon_0057149,100
anon_0057149,100
anon_0057149,100
anon_0057155,85
anon_0057121,100
anon_0057149,0
anon_0057149,0
anon_0057121,100
anon_0057164,100
anon_0057121,85
anon_0057114,0
anon_0057114,75
anon_0057114,100
anon_0057114,90
anon_0057121,85
anon_0057121,90
anon_0057149,100
anon_0057155,80
anon_0057114,50
anon_0057121,95
anon_0057149,100
anon_0057114,70
anon_0057114,85
anon_0057149,90
anon_0057121,50
anon_0057114,85
anon_0057121,85
anon_0057114,100
anon_0057114,90
anon_0057114,85
anon_0057121,50
anon_0057155,85
anon_0057114,85
anon_0057121,95
anon_0057114,75
anon_0057114,85
anon_0057114,80
anon_0057114,85
anon_0057114,90
anon_0057114,85
anon_0057114,100
anon_0057114,100
anon_0057121,100
anon_0057114,90
anon_0057121,100
anon_0057114,80
anon_0057164,85
anon_0057114,0
anon_0057114,90
anon_0057164,100
anon_0057114,50
anon_0057114,90
anon_0057149,85
anon_0057114,80
anon_0057121,95
anon_0057114,85
anon_0057121,85
anon_0057155,20
anon_0057121,90
anon_0057164,90
anon_0057164,20
anon_0057114,100
anon_0057114,70
anon_0057114,85
anon_0057121,0
anon_0057114,85
anon_0057164,90
anon_0057114,85
anon_0057114,85
anon_0057114,100
anon_0057114,50
anon_0057114,85
anon_0057114,85
anon_0057114,85
anon_0057114,90
anon_0057114,50
anon_0057114,90
anon_0057121,85
anon_0057164,75
anon_0057114,85
anon_0057121,0
anon_0057149,100
anon_0057114,85
